suburb,postcode,lat,lon,sal_code
Aarons Pass,2850,-32.87885,149.80223,10001
Abbotsbury,2176,-33.87053,150.85903,10002
Abbotsford,2046,-33.85084,151.12866,10003
Abercrombie,2795,-33.39067,149.55669,10004
Abercrombie River,2795,-33.91008,149.34638,10005
Aberdare,2325,-32.8405,151.38187,10006
Aberdeen,2336,-32.17369,150.89036,10007
Aberfoyle,2350,-30.23641,151.97853,10008
Aberglasslyn,2320,-32.69452,151.5347,10009
Abermain,2326,-32.81938,151.43719,10010
Abernethy,2325,-32.88693,151.40185,10011
Abington,2350,-30.31855,151.23716,10012
Acacia Creek,2476,-28.37703,152.31958,10013
Acacia Gardens,2763,-33.73379,150.91231,10014
Adaminaby,2629,-36.01163,148.78503,10015
Adamstown,2289,-32.93768,151.72362,10016
Adamstown Heights,2289,-32.94879,151.71097,10017
Adelong,2729,-35.30644,148.06971,10018
Adjungbilly,2727,-35.04167,148.44039,10019
Afterlee,2474,-28.5733,152.82333,10020
Agnes Banks,2753,-33.62125,150.70497,10021
Airds,2560,-34.08658,150.83259,10022
Akolele,2546,-36.34783,150.07641,10023
Albert,2873,-32.38498,147.47641,10024
Albion Park,2527,-34.58168,150.7773,10025
Albion Park Rail,2527,-34.56239,150.79589,10026
Albury,2640,-36.0747,146.91446,10027
Aldavilla,2440,-31.07319,152.76314,10028
Alectown,2870,-32.91428,148.26873,10029
Alexandria,2015,-33.91018,151.19184,10030
Alfords Point,2234,-33.98759,151.02331,10031
Alfredtown,2650,-35.15362,147.54167,10032
Alice,2469,-29.05267,152.59106,10033
Alison (Central Coast - NSW),2259,-33.26826,151.39875,10034
Alison (Dungog - NSW),2420,-32.42689,151.77432,10035
Allambie Heights,2100,-33.7699,151.24925,10036
Allandale,2320,-32.72734,151.41328,10037
Allawah,2218,-33.97147,151.1149,10038
Alleena,2671,-34.09413,147.13332,10039
Allgomera,2441,-30.81795,152.79514,10040
Allworth,2425,-32.54143,151.94436,10041
Allynbrook,2311,-32.35201,151.54945,10042
Alma Park,2659,-35.60114,146.8006,10043
Alpine,2575,-34.40989,150.53599,10044
Alstonvale,2477,-28.79417,153.44347,10045
Alstonville,2477,-28.84054,153.45055,10046
Alumy Creek,2460,-29.64334,152.95633,10047
Amaroo,2866,-33.16569,148.91948,10048
Ambarvale,2560,-34.08974,150.79687,10049
Amosfield,,-28.62345,152.06638,10050
Anabranch North,2648,-33.29609,141.80164,10051
Anabranch South,2648,-33.71388,141.68944,10052
Anambah,2320,-32.67861,151.49524,10053
Ando,2631,-36.73314,149.29533,10054
Anembo,2621,-35.77545,149.44869,10055
Angledale,2550,-36.63395,149.87532,10056
Angledool,2834,-29.12178,147.92855,10057
Anglers Reach,2629,-36.01053,148.68301,10058
Angourie,2464,-29.4517,153.353,10059
Angus,2765,-33.68231,150.83427,10060
Anna Bay,2316,-32.76599,152.0754,10061
Annandale,2038,-33.88227,151.16973,10062
Annangrove,2156,-33.65853,150.94784,10063
Appin,2560,-34.2082,150.80888,10064
Apple Tree Flat,2850,-32.68091,149.70673,10065
Appleby,2340,-30.96215,150.82214,10066
Appletree Flat,2330,-32.51284,150.85336,10067
Apsley,2820,-32.61377,148.95873,10068
Arable,2630,-36.38287,148.9808,10069
Arakoon,2431,-30.9224,153.06312,10070
Araluen,2622,-35.64008,149.8157,10071
Aratula,2714,-35.77331,145.28663,10072
Arcadia,2159,-33.61253,151.06667,10073
Arcadia Vale,2283,-33.0587,151.57597,10074
Ardglen,2338,-31.72691,150.78683,10075
Arding,2358,-30.57019,151.52081,10076
Ardlethan,2665,-34.34337,146.85459,10077
Argalong,2720,-35.29419,148.43694,10078
Argenton,2284,-32.93508,151.63241,10079
Argents Hill,2449,-30.61018,152.72742,10080
Argoon,2707,-34.91807,145.65698,10081
Ariah Park,2665,-34.31084,147.19698,10082
Arkell,2795,-33.73568,149.38526,10083
Arkstone,2795,-34.04043,149.65726,10084
Armatree,2828,-31.44808,148.4633,10085
Armidale,2350,-30.50317,151.66671,10086
Arncliffe,2205,-33.93927,151.14889,10087
Arndell Park,2148,-33.79084,150.88163,10088
Arrawarra,2456,-30.05312,153.19156,10089
Arrawarra Headland,2456,-30.06816,153.1955,10090
Artarmon,2064,-33.81208,151.18544,10091
Arthurville,2820,-32.55639,148.73846,10092
Arumpo,2715,-33.8536,142.9924,10093
Ashbury,2193,-33.90197,151.11953,10094
Ashby,2463,-29.44215,153.18332,10095
Ashby Heights,2463,-29.39708,153.17463,10096
Ashby Island,2463,-29.42341,153.20414,10097
Ashcroft,2168,-33.91667,150.89847,10098
Ashfield,2131,-33.88798,151.12748,10099
Ashford,2361,-29.31215,151.16711,10100
Ashley,2400,-29.25016,149.79728,10101
Ashmont,2650,-35.12445,147.33128,10102
Ashtonfield,2323,-32.78174,151.60032,10103
Asquith,2077,-33.68673,151.11593,10104
Atholwood,2361,-29.06834,151.04798,10105
Attunga,2345,-30.91124,150.81726,10106
Auburn,2144,-33.85581,151.02705,10107
Auburn Vale,2360,-29.83073,151.04038,10108
Austinmer,2515,-34.30233,150.92765,10109
Austral,2179,-33.92303,150.80758,10110
Austral Eden,2440,-31.02595,152.91896,10111
Avalon Beach,2107,-33.62888,151.32571,10112
Avisford,2850,-32.74782,149.47955,10113
Avoca,2577,-34.59132,150.47238,10114
Avoca Beach,2251,-33.46882,151.42645,10115
Avon,2574,-34.42607,150.66889,10116
Avondale,2530,-34.52472,150.74542,10117
Avonside,2628,-36.39936,148.72091,10118
Awaba,2283,-33.02299,151.54176,10119
Aylmerton,2575,-34.42302,150.49734,10120
Baan Baa,2390,-30.57228,149.92913,10121
Babinda,2825,-31.92572,146.50813,10122
Babyl Creek,2470,-28.72294,152.79431,10123
Back Creek (Bland - NSW),2671,-33.86484,147.4607,10124
Back Creek (Gwydir - NSW),2390,-30.11228,150.27529,10125
Back Creek (Mid-Coast - NSW),2422,-31.96247,152.05311,10126
Back Creek (Queanbeyan-Palerang Regional - NSW),2622,-35.34382,149.94307,10127
Back Creek (Tenterfield - NSW),2372,-28.96187,151.72987,10128
Back Creek (Tweed - NSW),2484,-28.40975,153.16992,10129
Back Forest,2535,-34.83871,150.67953,10130
Backmede,2470,-28.75746,153.02666,10131
Backwater,2365,-30.04737,151.91785,10132
Badgerys Creek,2555,-33.88226,150.74584,10133
Badja,2630,-36.05998,149.51591,10134
Baerami,2333,-32.40117,150.46032,10135
Baerami Creek,2333,-32.57355,150.49388,10136
Bagnoo,2446,-31.47163,152.53475,10137
Bago,2446,-31.51048,152.66895,10138
Bagotville,2477,-28.97767,153.4144,10139
Bakers Creek (Mid-Coast - NSW),2422,-31.9735,152.10108,10140
Bakers Creek (Nambucca Valley - NSW),2447,-30.82543,152.71458,10141
Bakers Creek (Uralla - NSW),2359,-30.32483,150.99559,10142
Bakers Swamp,2820,-32.77148,148.933,10143
Balaclava,2575,-34.44138,150.48182,10144
Balala,2358,-30.62004,151.29935,10145
Balcolyn,2264,-33.09643,151.55073,10146
Bald Blair,2365,-30.18132,151.81678,10147
Bald Hills,2549,-36.9104,149.8409,10148
Bald Nob,2370,-29.67899,151.98845,10149
Bald Ridge,2795,-33.93171,149.43407,10150
Baldersleigh,2350,-30.3017,151.4312,10151
Baldry,2867,-32.88879,148.46791,10152
Balfours Peak,2403,-29.4706,150.76476,10153
Balgowlah,2093,-33.79518,151.26227,10154
Balgowlah Heights,2093,-33.80778,151.26454,10155
Balgownie,2519,-34.38661,150.87106,10156
Balickera,2324,-32.65861,151.80435,10157
Balladoran,2822,-31.87676,148.59981,10158
Ballalaba,2622,-35.61826,149.64133,10159
Balldale,2646,-35.8156,146.51716,10160
Ballengarra,2441,-31.31756,152.70594,10161
Ballimore,2830,-32.17908,148.9013,10162
Ballina,2478,-28.84046,153.55874,10163
Ballyroe,2795,-34.04807,149.57082,10164
Balmain,2041,-33.85909,151.1802,10165
Balmain East,2041,-33.857,151.19253,10166
Balmoral (Lake Macquarie - NSW),2283,-33.04614,151.577,10167
Balmoral (Wingecarribee - NSW),2571,-34.30272,150.51553,10168
Balranald,2715,-34.33338,143.41727,10169
Bamarang,2540,-34.90337,150.51967,10170
Banda Banda,2446,-31.19429,152.45265,10171
Bandon Grove,2420,-32.27181,151.70216,10172
Bangadang,2729,-35.27374,147.98624,10173
Bangalee,2541,-34.84496,150.55276,10174
Bangalow,2479,-28.68457,153.52153,10175
Bangheet,2404,-29.83678,150.41745,10176
Bango,2582,-34.75639,148.96639,10177
Bangor,2234,-34.01522,151.0325,10178
Banksia,2216,-33.9475,151.14783,10179
Banksmeadow,2019,-33.95894,151.21299,10180
Bankstown,2200,-33.9202,151.03292,10181
Bankstown Aerodrome,2200,-33.92393,150.99031,10182
Bannaby,2580,-34.41018,149.99499,10183
Bannister,2580,-34.60622,149.49058,10184
Banoon,2347,-30.52636,150.40874,10185
Banora Point,2486,-28.2208,153.53706,10186
Banyabba,2460,-29.37248,152.93375,10187
Bar Beach,2300,-32.93937,151.76994,10188
Bar Point,2083,-33.49322,151.17509,10189
Bara,2850,-32.57305,149.82881,10190
Baradine,2396,-30.9289,149.05851,10191
Barangaroo,2000,-33.86143,151.20144,10192
Barcoongere,2460,-29.90071,153.20248,10193
Barden Ridge,2234,-34.03324,151.00315,10194
Bardia,2565,-33.97748,150.8615,10195
Bardwell Park,2207,-33.93737,151.12413,10196
Bardwell Valley,2207,-33.93837,151.13116,10197
Barellan,2665,-34.18247,146.59559,10198
Bargo,2574,-34.28305,150.58732,10199
Barham,2732,-35.59989,144.215,10200
Barigan,2850,-32.51852,149.98125,10201
Barkers Vale,2474,-28.53167,153.11973,10202
Barmedman,2668,-34.10762,147.41873,10203
Barneys Reef,2852,-32.17743,149.50355,10204
Barnsley,2278,-32.92873,151.5837,10205
Barooga,,-35.90081,145.70987,10206
Barraba,2347,-30.36047,150.54882,10207
Barrack Heights,2528,-34.56367,150.85411,10208
Barrack Point,2528,-34.56347,150.86997,10209
Barraganyatti,2441,-30.87732,152.92543,10210
Barragga Bay,2546,-36.5047,150.05083,10211
Barratta,2710,-35.18974,144.52998,10212
Barren Grounds,2577,-34.68944,150.72319,10213
Barrengarry,2577,-34.689,150.52906,10214
Barretts Creek,2460,-29.36357,152.7505,10215
Barringella,2540,-34.91126,150.46347,10216
Barrington,2422,-31.99458,151.89616,10217
Barrington Tops,2422,-31.95855,151.52684,10218
Barry (Blayney - NSW),2799,-33.64624,149.26653,10219
Barry (Tamworth Regional - NSW),2340,-31.59991,151.28355,10220
Barwang,2594,-34.44636,148.47831,10221
Baryulgil,2460,-29.21817,152.59843,10222
Basin View,2540,-35.09131,150.55521,10223
Bass Hill,2197,-33.89968,150.99748,10224
Bassendean,2365,-30.06111,151.18531,10225
Batar Creek,2439,-31.6703,152.67515,10226
Bateau Bay,2261,-33.38479,151.47252,10227
Batehaven,2536,-35.73782,150.19807,10228
Batemans Bay,2536,-35.70622,150.15705,10229
Bathampton,2795,-33.49305,149.41398,10230
Bathurst,2795,-33.41993,149.57724,10231
Batlow,2730,-35.54517,148.1466,10232
Baulkham Hills,2153,-33.75643,150.98126,10233
Baw Baw,2580,-34.71827,149.64052,10234
Bawley Point,2539,-35.50922,150.3797,10235
Baxters Ridge,2422,-31.70826,151.90507,10236
Bayview,2104,-33.66245,151.2909,10237
Beacon Hill,2100,-33.75239,151.25895,10238
Beaconsfield,,-33.91223,151.20007,10239
Bean Creek,2469,-28.5818,152.58764,10240
Bearbong,2827,-31.66678,148.89628,10241
Beaumont,2577,-34.78148,150.58088,10242
Beaumont Hills,2155,-33.69656,150.93968,10243
Beckom,2665,-34.30228,146.99475,10244
Bective,2340,-31.00441,150.71744,10245
Bectric,2665,-34.50264,147.27187,10246
Bedgerabong,2871,-33.33312,147.69948,10247
Beechwood,2446,-31.43925,152.67199,10248
Beecroft,2119,-33.75232,151.0601,10249
Beecroft Peninsula,2540,-35.04353,150.8067,10250
Beelbangera,2680,-34.2302,146.10491,10251
Beemunnel,2824,-31.6761,147.85517,10252
Bega,2550,-36.68797,149.84172,10253
Beggan Beggan,2587,-34.6556,148.28513,10254
Belanglo,2577,-34.51082,150.22171,10255
Belbora,2422,-31.98428,152.16876,10256
Belfield,2191,-33.90384,151.08477,10257
Belford,2335,-32.67006,151.28813,10258
Belfrayden,2650,-35.11666,147.05476,10259
Belgravia,2800,-33.11358,149.02369,10260
Belimbla Park,2570,-34.08435,150.53939,10261
Bell,2786,-33.49774,150.29481,10262
Bella Vista,2153,-33.73742,150.95301,10263
Bellambi,2518,-34.36873,150.91648,10264
Bellangry,2446,-31.32826,152.58104,10265
Bellata,2397,-29.93585,149.759,10266
Bellawongarah,2535,-34.75823,150.61965,10267
Bellbird,2325,-32.855,151.31682,10268
Bellbird Heights,2325,-32.84853,151.33107,10269
Bellbrook,2440,-30.7597,152.48427,10270
Bellevue Hill,2023,-33.88161,151.25622,10271
Bellimbopinni,2440,-31.00433,152.89955,10272
Bellingen,2454,-30.45216,152.88763,10273
Bellmount Forest,2581,-34.91387,149.26085,10274
Belltrees,2337,-31.96962,151.12157,10275
Belmont,2280,-33.03038,151.6738,10276
Belmont North,2280,-33.01772,151.6719,10277
Belmont South,2280,-33.05397,151.65862,10278
Belmore,2192,-33.91969,151.08967,10279
Belmore River,2440,-31.0921,152.96624,10280
Beloka,2628,-36.54828,148.71156,10281
Belowra,2545,-36.1017,149.68256,10282
Belrose,2085,-33.72219,151.21115,10283
Bemboka,2550,-36.60474,149.56284,10284
Ben Bullen,2790,-33.23017,150.03562,10285
Ben Lomond,2365,-30.009,151.65016,10286
Benandarah,2536,-35.62577,150.21848,10287
Bendalong,2539,-35.23016,150.50078,10288
Bendemeer,2355,-30.80312,151.17615,10289
Bendick Murrell,2803,-34.18179,148.44973,10290
Bendolba,2420,-32.34968,151.72981,10291
Bendoura,2622,-35.54094,149.67962,10292
Benerembah,2680,-34.43046,145.8455,10293
Bengalla,2333,-32.2867,150.82187,10294
Bennetts Green,2290,-32.99927,151.69063,10295
Benolong,2818,-32.50787,148.67021,10296
Bensville,2251,-33.50104,151.39148,10297
Bentley,2480,-28.75361,153.09841,10298
Berala,2141,-33.87566,151.03352,10299
Berambing,2758,-33.53441,150.4503,10300
Beresfield,2322,-32.80385,151.64052,10301
Bergalia,2537,-35.97907,150.09415,10302
Berkeley,2506,-34.47899,150.84335,10303
Berkeley Vale,,-33.3205,151.4141,10304
Berkshire Park,2765,-33.67205,150.7758,10305
Berlang,2622,-35.67928,149.68674,10306
Bermagui,2546,-36.43196,150.03924,10307
Berowra,2081,-33.62788,151.14912,10308
Berowra Heights,2082,-33.60262,151.13417,10309
Berowra Waters,2082,-33.6044,151.12,10310
Berrambool,2548,-36.88115,149.91042,10311
Berrara,2540,-35.20677,150.55047,10312
Berremangra,2582,-34.804,148.4863,10313
Berrico,2422,-32.08829,151.79824,10314
Berridale,2628,-36.38362,148.82023,10315
Berrigal,2390,-29.96048,150.11101,10316
Berrigan,2712,-35.64584,145.82759,10317
Berrilee,2159,-33.60838,151.10446,10318
Berrima,2577,-34.46766,150.33167,10319
Berringer Lake,2539,-35.25061,150.50406,10320
Berry,2535,-34.79357,150.72711,10321
Berry Jerry,2701,-34.70724,147.24642,10322
Berry Mountain,2535,-34.76613,150.64887,10323
Berry Park,2321,-32.74333,151.65755,10324
Berthong,2594,-34.38879,148.09563,10325
Beryl,2852,-32.31671,149.45012,10326
Bethungra,2590,-34.75745,147.84275,10327
Bevendale,2581,-34.5335,149.08732,10328
Beverley Park,2217,-33.9777,151.13083,10329
Beverly Hills,2209,-33.94806,151.07966,10330
Bewong,2540,-35.07933,150.5348,10331
Bexhill,2480,-28.75531,153.35328,10332
Bexley,2207,-33.95279,151.11964,10333
Bexley North,2207,-33.94193,151.1133,10334
Biala,2581,-34.59677,149.26121,10335
Bibbenluke,2632,-36.81397,149.31425,10336
Biddon,2827,-31.56016,148.78394,10337
Bidgeemia,2642,-35.39497,146.46176,10338
Bidwill,2770,-33.73042,150.82182,10339
Bielsdown Hills,2453,-30.36969,152.66956,10340
Big Hill,2579,-34.53252,150.00483,10341
Big Jacks Creek,2339,-31.76506,150.60915,10342
Big Ridge,2330,-32.57541,151.22543,10343
Big Springs,2650,-35.34672,147.41963,10344
Bigga,2583,-34.06265,149.13005,10345
Bilambil,2486,-28.22579,153.46647,10346
Bilambil Heights,2486,-28.20955,153.48416,10347
Bilbul,2680,-34.28237,146.15896,10348
Bilgola Beach,2107,-33.64193,151.32773,10349
Bilgola Plateau,2107,-33.64418,151.31508,10350
Billeroy,2829,-30.6298,148.45487,10351
Billilingra,2630,-36.01935,149.11529,10352
Billimari,2804,-33.67302,148.61736,10353
Billinudgel,2483,-28.50673,153.51339,10354
Billys Creek,2453,-30.16076,152.57655,10355
Billywillinga,2795,-33.28472,149.44028,10356
Bilpin,2758,-33.44913,150.54927,10357
Bimberi,2611,-35.57314,148.7085,10358
Bimbi,2810,-33.99538,147.94392,10359
Bimbimbie,2536,-35.84208,150.11764,10360
Binalong,2584,-34.67211,148.66091,10361
Binda,2583,-34.30973,149.3229,10362
Bindera,2422,-32.02681,151.81871,10363
Bingara,2404,-29.82556,150.58459,10364
Bingeebeebra Creek,2469,-28.80792,152.77913,10365
Bingie,2537,-36.01179,150.14355,10366
Bingleburra,2311,-32.37744,151.61814,10367
Biniguy,2399,-29.57703,150.13846,10368
Binjura,2630,-36.17861,149.10492,10369
Binna Burra,2479,-28.71098,153.49262,10370
Binnaway,2395,-31.54023,149.4571,10371
Binya,2665,-34.14268,146.33857,10372
Birchgrove,2041,-33.85122,151.18354,10373
Birdwood,2446,-31.35049,152.32521,10374
Birganbigil,2710,-35.51776,145.18512,10375
Birmingham Gardens,2287,-32.89388,151.69081,10376
Birriwa,2844,-32.12389,149.48054,10377
Birrong,2143,-33.89203,151.01893,10378
Bishops Bridge,2326,-32.74795,151.47139,10379
Bithramere,2340,-31.13611,150.78142,10380
Black Creek (Port Macquarie-Hastings - NSW),2439,-31.58539,152.63847,10381
Black Creek (Snowy Valleys - NSW),2729,-35.32827,148.03406,10382
Black Head,2430,-32.07185,152.53483,10383
Black Hill,2322,-32.82152,151.60665,10384
Black Hollow,2828,-31.12042,148.87142,10385
Black Mountain,2365,-30.33134,151.68132,10386
Black Range,2550,-36.7352,149.84537,10387
Black Springs,2787,-33.85771,149.71836,10388
Blackalls Park,2283,-32.99981,151.57971,10389
Blackbutt,2529,-34.5705,150.83802,10390
Blackett,2770,-33.7375,150.81713,10391
Blackheath,2785,-33.63931,150.27867,10392
Blackmans Flat,2790,-33.33781,150.06493,10393
Blackmans Point,2444,-31.39096,152.83148,10394
Blacksmiths,2281,-33.07583,151.65418,10395
Blacktown,2148,-33.77366,150.90409,10396
Blackville,2343,-31.62993,150.25242,10397
Blackwall,2256,-33.50523,151.33377,10398
Blair Athol,2560,-34.0615,150.8014,10399
Blairmount,2559,-34.05127,150.79227,10400
Blakebrook,2480,-28.76817,153.23213,10401
Blakehurst,2221,-33.99019,151.1089,10402
Blakney Creek,2581,-34.64259,149.04249,10403
Bland,2721,-34.01436,147.63412,10404
Blandford,2338,-31.75415,150.8971,10405
Blaxland,2774,-33.74404,150.61671,10406
Blaxlands Creek,2460,-29.8822,152.79779,10407
Blaxlands Ridge,2758,-33.47382,150.79658,10408
Blayney,2799,-33.54307,149.25709,10409
Bligh Park,2756,-33.63729,150.79788,10410
Blighty,2713,-35.59896,145.31142,10411
Blowering,2720,-35.50276,148.25813,10412
Blue Bay,2261,-33.35327,151.50103,10413
Blue Haven,2262,-33.21147,151.50301,10414
Blue Knob,2480,-28.54951,153.19384,10415
Blue Mountains National Park,2787,-33.98027,150.33822,10416
Blue Nobby,2408,-29.09116,150.64613,10417
Blue Vale,2380,-30.82603,150.22208,10418
Blueys Beach,2428,-32.34991,152.52901,10419
Boambee,2450,-30.33369,153.05592,10420
Boambee East,2452,-30.34776,153.07569,10421
Boambolo,2582,-34.97618,148.89392,10422
Boat Harbour (Lismore - NSW),2480,-28.78238,153.35518,10423
Boat Harbour (Port Stephens - NSW),2316,-32.78475,152.10938,10424
Bobadah,2877,-32.27225,146.68429,10425
Bobin,2429,-31.6977,152.28337,10426
Bobs Creek,2439,-31.59201,152.75416,10427
Bobs Farm,2316,-32.77835,152.00138,10428
Bobundara,2630,-36.46013,148.97768,10429
Boco,2631,-36.60735,149.15594,10430
Bocoble,2850,-32.80097,149.73054,10431
Bocobra,2865,-33.10055,148.5368,10432
Bodalla,2545,-36.09302,150.00901,10433
Bodangora,2820,-32.44206,149.03336,10434
Boeill Creek,2739,-34.15418,142.10477,10435
Bogan,2826,-32.02601,147.4916,10436
Bogan Gate,2876,-33.09526,147.77099,10437
Bogangar,2488,-28.33059,153.55827,10438
Bogee,2849,-32.99431,150.10061,10439
Boggabilla,2409,-28.70263,150.18464,10440
Boggabri,2382,-30.69176,150.0468,10441
Bogong Peaks Wilderness,2720,-35.52283,148.38413,10442
Bohena Creek,2390,-30.40767,149.63231,10443
Bohnock,2430,-31.94608,152.56413,10444
Bolaro,2629,-35.92255,148.84712,10445
Bolivia,2372,-29.28643,151.91046,10446
Bolong,2540,-34.8408,150.64532,10447
Bolton Point,2283,-32.9952,151.61223,10448
Bolwarra,2320,-32.71124,151.57355,10449
Bolwarra Heights,2320,-32.69288,151.58642,10450
Bom Bom,2460,-29.76566,152.96981,10451
Bomaderry,2541,-34.84652,150.60336,10452
Bombah Point,2423,-32.50352,152.27251,10453
Bombala,2632,-36.8859,149.24422,10454
Bombay,2622,-35.43432,149.65407,10455
Bombira,2850,-32.57066,149.60534,10456
Bombo,2533,-34.65482,150.85124,10457
Bombowlee,2720,-35.26317,148.2442,10458
Bombowlee Creek,2720,-35.27303,148.31557,10459
Bomen,2650,-35.06085,147.43354,10460
Bonalbo,2469,-28.71888,152.6253,10461
Bondi,2026,-33.89445,151.2638,10462
Bondi Beach,2026,-33.89041,151.27307,10463
Bondi Forest,2632,-37.15356,149.2136,10464
Bondi Junction,2022,-33.8932,151.25222,10465
Bonnells Bay,2264,-33.11003,151.52275,10466
Bonnet Bay,2226,-34.01173,151.0527,10467
Bonny Hills,2445,-31.58619,152.81982,10468
Bonnyrigg,2177,-33.89379,150.88882,10469
Bonnyrigg Heights,2177,-33.89141,150.86963,10470
Bonshaw,2361,-29.05011,151.22317,10471
Bonville,2450,-30.37449,153.01635,10472
Booerie Creek,2480,-28.77789,153.25508,10473
Book Book,2650,-35.33285,147.54462,10474
Booker Bay,2257,-33.51357,151.3454,10475
Bookham,2582,-34.84328,148.62482,10476
Bookookoorara,2372,-28.79291,152.05009,10477
Bookram,2460,-29.72186,153.22937,10478
Boolambayte,2423,-32.39369,152.27238,10479
Boolaroo,2284,-32.94834,151.62783,10480
Boolcarroll,2388,-30.04813,149.43071,10481
Booligal,2711,-33.7134,144.74512,10482
Boolijah,2540,-35.05793,150.3293,10483
Boomanoomana,2712,-35.89049,145.84291,10484
Boomerang Beach,2428,-32.33827,152.5362,10485
Boomey,2866,-32.98013,148.96378,10486
Boomi,2405,-28.70066,149.63048,10487
Boomi Creek,2476,-28.48428,152.59949,10488
Boona Mount,2877,-32.61741,147.26016,10489
Boonal,2409,-28.76016,150.55148,10490
Boonoo Boonoo,2372,-28.89162,152.09898,10491
Boorabee Park,2480,-28.68434,153.05697,10492
Booragul,2284,-32.97456,151.60905,10493
Booral,2425,-32.47191,151.97522,10494
Boorga,2652,-34.01966,146.00951,10495
Boorganna,2429,-31.62004,152.37482,10496
Boorolong,2350,-30.34607,151.45753,10497
Boorook,2372,-28.79907,152.27732,10498
Boorooma,2650,-35.07129,147.36618,10499
Booroorban,2710,-34.85963,144.79169,10500
Boorowa,2586,-34.39606,148.73464,10501
Bootawa,2430,-31.92384,152.35871,10502
Booti Booti,2428,-32.31566,152.52125,10503
Booyong,2480,-28.74777,153.44809,10504
Bora Ridge,2471,-29.0653,153.20339,10505
Borah Creek,2346,-30.60287,150.52077,10506
Borambola,2650,-35.15328,147.68599,10507
Border Ranges,2474,-28.39459,153.0692,10508
Boree,2800,-33.25092,148.84595,10509
Boree Creek,2652,-35.078,146.53742,10510
Borenore,2800,-33.2335,148.96075,10511
Boro,2622,-35.20115,149.69674,10512
Bossley Park,2176,-33.86144,150.88464,10513
Bostobrick,2453,-30.27942,152.60275,10514
Botany,2019,-33.94823,151.19973,10515
Botobolar,2850,-32.52357,149.80516,10516
Bottle Creek,2469,-28.78789,152.65113,10517
Bouddi,2257,-33.51726,151.40105,10518
Bourbah,2828,-31.23045,148.16549,10519
Bourke,2840,-30.20702,146.04244,10520
Bourkelands,2650,-35.15517,147.34636,10521
Bournda,2548,-36.81483,149.88259,10522
Bournewood,2868,-32.74981,148.76393,10523
Bow Bowing,2566,-34.01668,150.84006,10524
Bowan Park,2864,-33.31866,148.84103,10525
Bowen Mountain,2753,-33.57691,150.62101,10526
Bowenfels,2790,-33.48076,150.10762,10527
Bowling Alley Point,2340,-31.37764,151.14106,10528
Bowman,2422,-31.93083,151.81709,10529
Bowman Farm,2422,-31.91111,151.93335,10530
Bowmans Creek,2330,-32.25914,151.12781,10531
Bowna,2644,-35.97654,147.1492,10532
Bowning,2582,-34.74625,148.8002,10533
Bowral,2576,-34.48562,150.4269,10534
Bowraville,2449,-30.63415,152.86395,10535
Box Head,2257,-33.53486,151.34682,10536
Box Hill,2765,-33.65336,150.89706,10537
Boxers Creek,2580,-34.76984,149.83445,10538
Boydtown,2551,-37.10708,149.8746,10539
Bradbury,2560,-34.08507,150.81607,10540
Braefield,2339,-31.57431,150.70145,10541
Braemar,2575,-34.42833,150.48233,10542
Braemar Bay,2628,-36.09946,148.67294,10543
Braidwood,2622,-35.43499,149.80237,10544
Brandy Hill,2324,-32.69629,151.68961,10545
Branxton,2335,-32.63749,151.35842,10546
Braunstone,2460,-29.81374,152.95046,10547
Brawboy,2337,-31.9527,150.62549,10548
Bray Park,2484,-28.342,153.37597,10549
Brays Creek,2484,-28.41181,153.19731,10550
Brayton,2579,-34.62847,150.00189,10551
Breadalbane,2581,-34.79809,149.44714,10552
Breakfast Creek,2849,-32.67276,149.97967,10553
Breakfast Point,2137,-33.8442,151.10957,10554
Bream Beach,2540,-35.11067,150.66053,10555
Bredbo,2626,-35.95825,149.17217,10556
Breelong,2827,-31.81164,148.79444,10557
Breeza,2381,-31.26381,150.45036,10558
Bretti,2422,-31.78665,151.90374,10559
Brewarrina,2839,-29.99678,146.88974,10560
Brewongle,2795,-33.47502,149.69024,10561
Briarbrook,2365,-30.17792,151.36698,10562
Bribbaree,2594,-34.11416,147.89602,10563
Bridgman,2330,-32.46033,151.18605,10564
Brierfield,2454,-30.51474,152.91802,10565
Brighton-Le-Sands,2216,-33.95914,151.15306,10566
Brightwaters,2264,-33.11292,151.54647,10567
Bril Bril,2441,-31.27874,152.55762,10568
Brimbin,2430,-31.84951,152.47293,10569
Brindabella,2611,-35.35949,148.66438,10570
Brinerville,2454,-30.46829,152.49575,10571
Bringelly,2556,-33.94431,150.72456,10572
Bringenbrong,,-36.13372,148.04974,10573
Brisbane Grove,2580,-34.79429,149.71893,10574
Broadmeadow,2292,-32.92438,151.73226,10575
Broadwater (Bega Valley - NSW),2549,-36.97374,149.89359,10576
Broadwater (Richmond Valley - NSW),2472,-29.03708,153.42659,10577
Broadway,2581,-34.7093,149.08242,10578
Brobenah,2705,-34.37671,146.44379,10579
Brocklehurst,2830,-32.1361,148.6085,10580
Brocklesby,2642,-35.81245,146.66447,10581
Brockley,2365,-30.26277,151.85668,10582
Brodies Plains,2360,-29.81027,151.19848,10583
Brogans Creek,2848,-32.99216,149.9777,10584
Brogers Creek,2535,-34.70193,150.69079,10585
Brogo,2550,-36.47679,149.6947,10586
Broke,2330,-32.7756,151.09374,10587
Broken Head,2481,-28.72956,153.59137,10588
Broken Hill,2880,-32.3214,141.55146,10589
Brombin,2446,-31.45812,152.63356,10590
Bronte,2024,-33.90427,151.26483,10591
Brookdale,2656,-35.12088,147.0129,10592
Brookfield,2420,-32.51793,151.75934,10593
Brooklana,2450,-30.29372,152.89285,10594
Brooklet,2479,-28.74459,153.50658,10595
Brooklyn,2083,-33.58412,151.20445,10596
Brookong,2656,-35.3024,146.58481,10597
Brookvale,2100,-33.76328,151.27043,10598
Brooman,2538,-35.48952,150.26347,10599
Brooms Head,2463,-29.61935,153.29202,10600
Broughams Gate,2880,-30.88855,141.25063,10601
Broughton,2535,-34.75659,150.73042,10602
Broughton Vale,2535,-34.73701,150.70989,10603
Broughton Village,2534,-34.74224,150.75042,10604
Broulee,2537,-35.85219,150.1537,10605
Brownlow Hill,2570,-34.04741,150.6517,10606
Browns Creek,2799,-33.53922,149.14912,10607
Browns Mountain,2540,-34.79203,150.52294,10608
Brownsville,2530,-34.48292,150.81146,10609
Brucedale,2650,-35.00927,147.42918,10610
Bruie Plains,2875,-32.82108,147.87779,10611
Bruinbun,2795,-33.11016,149.48691,10612
Brumby Plains,2476,-28.46254,152.65452,10613
Brundee,2540,-34.89217,150.65769,10614
Brungle,2722,-35.15265,148.22882,10615
Brungle Creek,2722,-35.15567,148.29146,10616
Brunkerville,2323,-32.95375,151.48656,10617
Brunswick Heads,2483,-28.55652,153.54411,10618
Brushgrove,2460,-29.56113,153.0896,10619
Brushy Creek,2365,-30.17815,151.4856,10620
Buangla,2540,-34.86601,150.39711,10621
Bucca,2450,-30.15781,153.09506,10622
Bucca Wauka,2429,-32.10348,152.15044,10623
Buccarumbi,2460,-29.82392,152.59483,10624
Buchanan,2323,-32.82547,151.5319,10625
Buckajo,2550,-36.69347,149.76213,10626
Buckaroo,2850,-32.5668,149.66353,10627
Buckenbowra,2536,-35.67069,149.9871,10628
Buckenderra,2630,-36.16152,148.71952,10629
Buckendoon,2472,-29.03456,153.34503,10630
Bucketty,2250,-33.11325,151.14949,10631
Buckra Bendinni,2449,-30.64545,152.68933,10632
Budawang,2622,-35.39998,150.04951,10633
Buddabadah,2825,-31.95119,147.16251,10634
Budden,2849,-32.51391,150.06331,10635
Budderoo,2535,-34.67338,150.66598,10636
Buddong,2720,-35.65893,148.23304,10637
Budgee Budgee,2850,-32.5172,149.66418,10638
Budgewoi,2262,-33.24243,151.56453,10639
Budgewoi Peninsula,2262,-33.21757,151.58607,10640
Budgong,2577,-34.80588,150.46321,10641
Buff Point,2262,-33.22865,151.53581,10642
Bugaldie,2357,-31.16047,149.13464,10643
Bukalong,2632,-36.80185,149.21116,10644
Bukkulla,2360,-29.51197,151.11264,10645
Bulahdelah,2423,-32.38512,152.17924,10646
Bulee,2622,-35.00892,150.13122,10647
Bulga,2330,-32.63804,150.98309,10648
Bulga Forest,2429,-31.5838,152.18774,10649
Bulgary,2650,-35.01721,146.95319,10650
Bulla,2835,-32.0086,144.47317,10651
Bulla Creek,2594,-34.11639,148.26255,10652
Bullaburra,2784,-33.72794,150.41555,10653
Bullagreen,2824,-31.33334,148.03287,10654
Bullarah,2400,-29.41466,149.13571,10655
Bullatale,2710,-35.73872,145.08107,10656
Bullawa Creek,2390,-30.25967,150.03259,10657
Bulldog,2469,-29.03571,152.49716,10658
Bulli,2516,-34.32963,150.90153,10659
Bulliac,2422,-31.91951,152.01551,10660
Bullio,2575,-34.32856,150.14426,10661
Bulyeroi,2387,-29.79419,149.18816,10662
Bumbaldry,2794,-33.87814,148.41464,10663
Bumbalong,2626,-35.83291,149.11076,10664
Bundabah,2324,-32.67128,152.06291,10665
Bundagen,2454,-30.4139,153.0586,10666
Bundanoon,2578,-34.66536,150.28314,10667
Bundarra,2359,-30.12411,150.9989,10668
Bundeena,2230,-34.08641,151.15224,10669
Bundella,2343,-31.63296,149.98295,10670
Bundemar,2823,-31.78693,148.14904,10671
Bundewallah,2535,-34.75057,150.66525,10672
Bundook,2422,-31.89139,152.09276,10673
Bundure,2716,-35.14195,145.89417,10674
Bungaba,2852,-32.16018,149.67923,10675
Bungabbee,2480,-28.76894,153.13611,10676
Bungalora,2486,-28.2478,153.47326,10677
Bungarby,2630,-36.68947,149.02652,10678
Bungarribee,2767,-33.7803,150.8675,10679
Bungawalbin,2469,-29.10772,153.19921,10680
Bungendore,2621,-35.29401,149.48055,10681
Bungonia,2580,-34.87988,149.95493,10682
Bungowannah,2640,-36.00307,146.77377,10683
Bungwahl,2423,-32.37102,152.41844,10684
Bunnaloo,2731,-35.80273,144.5554,10685
Bunnan,2337,-32.06083,150.57991,10686
Bunyah,2429,-32.18781,152.19896,10687
Bunyan,2630,-36.15007,149.16773,10688
Burcher,2671,-33.48932,147.23666,10689
Bureen,2328,-32.4689,150.73327,10690
Burnt Bridge,2440,-31.1094,152.80404,10691
Burnt Yards,2792,-33.59069,149.02534,10692
Buronga,2739,-34.15761,142.19073,10693
Burra (Queanbeyan-Palerang Regional - NSW),2620,-35.55893,149.22325,10694
Burra (Snowy Valleys - NSW),2653,-35.82828,148.09052,10695
Burra Creek,2722,-34.89759,148.00467,10696
Burraboi,2732,-35.34159,144.32874,10697
Burradoo,2576,-34.50698,150.40796,10698
Burraga,2795,-33.91065,149.53665,10699
Burragate,2550,-37.00375,149.64529,10700
Burrandana,2650,-35.40943,147.35282,10701
Burraneer,2230,-34.0562,151.1383,10702
Burrangong,2594,-34.29072,148.2475,10703
Burrapine,2447,-30.72713,152.6382,10704
Burrawang,2577,-34.58385,150.51488,10705
Burrell Creek,2429,-31.94783,152.30001,10706
Burren Junction,2386,-30.05176,148.86439,10707
Burrier,2540,-34.87616,150.43752,10708
Burrill Lake,2538,-35.3783,150.4341,10709
Burringbar,2483,-28.42303,153.46337,10710
Burrinjuck,2582,-34.95629,148.61115,10711
Burroway,2821,-32.0581,148.32656,10712
Burrumbuttock,2642,-35.82984,146.79427,10713
Burrundulla,2850,-32.63216,149.63582,10714
Burrungubugge,2624,-36.3147,148.45697,10715
Burwood,2134,-33.87811,151.10364,10716
Burwood Heights,2136,-33.88993,151.10447,10717
Busby,2168,-33.91084,150.88027,10718
Busbys Flat,2469,-29.06321,152.77252,10719
Bushells Ridge,2259,-33.20311,151.47222,10720
Buttaba,2283,-33.04943,151.57627,10721
Buttai,2323,-32.8319,151.56011,10722
Butterwick,2321,-32.65002,151.64497,10723
Buxton,2571,-34.25706,150.53372,10724
Byabarra,2446,-31.52928,152.54796,10725
Byadbo Wilderness,2628,-36.83049,148.58258,10726
Byangum,2484,-28.35798,153.3623,10727
Bylong,2849,-32.40478,150.12114,10728
Byng,2800,-33.34785,149.24397,10729
Byrock,2831,-30.56977,146.41258,10730
Byron Bay,2481,-28.6459,153.5729,10731
Byrrill Creek,2484,-28.43721,153.24116,10732
Bywong,2621,-35.1719,149.32912,10733
Cabarita,2137,-33.84738,151.11597,10734
Cabarita Beach,,-28.33882,153.57441,10735
Cabbage Tree Island (Ballina - NSW),2477,-28.9804,153.45723,10736
Cabbage Tree Island (Mid-Coast - NSW),2430,-31.94784,152.58932,10737
Cabramatta,2166,-33.89769,150.93237,10738
Cabramatta West,2166,-33.89148,150.9135,10739
Cabramurra,2629,-35.94821,148.43968,10740
Caddens,2747,-33.77309,150.73136,10741
Cadgee,2545,-36.1578,149.90693,10742
Cadia,2800,-33.4429,149.00884,10743
Caerleon,2850,-32.57823,149.55347,10744
Caffreys Flat,2424,-31.78661,152.05895,10745
Cairncross,2446,-31.34516,152.68312,10746
Calala,2340,-31.16427,150.9754,10747
Calamia,2460,-29.83797,153.11677,10748
Calderwood,2527,-34.55816,150.73073,10749
Caldwell,2710,-35.59495,144.51227,10750
Calga,2250,-33.41506,151.2228,10751
Califat,2729,-35.24688,148.09918,10752
Calimo,2710,-35.42499,144.56457,10753
Callaghan,2308,-32.89153,151.7068,10754
Callaghans Creek,2422,-31.85758,152.00633,10755
Callala Bay,2540,-34.99066,150.71994,10756
Callala Beach,2540,-35.00248,150.69867,10757
Calliope,2462,-29.61686,153.07788,10758
Caloola,2795,-33.63934,149.4425,10759
Cambalong,2632,-36.89592,149.11464,10760
Camberwell,2330,-32.48991,151.0864,10761
Cambewarra,2540,-34.81566,150.56204,10762
Cambewarra Village,2540,-34.82297,150.55921,10763
Camboon,2849,-32.70274,149.95514,10764
Cambra,2420,-32.45139,151.86411,10765
Cambridge Gardens,2747,-33.73973,150.72063,10766
Cambridge Park,2747,-33.74869,150.72672,10767
Cambridge Plateau,2469,-28.80408,152.73276,10768
Camden,2570,-34.05803,150.69373,10769
Camden Head,2443,-31.64193,152.83337,10770
Camden Park,2570,-34.09416,150.71919,10771
Camden South,2570,-34.08343,150.69961,10772
Camellia,2142,-33.81853,151.03083,10773
Cameron Park,2285,-32.90331,151.61126,10774
Camerons Creek,2359,-30.33729,151.09843,10775
Camira,2469,-29.21585,152.94069,10776
Cammeray,2062,-33.82217,151.215,10777
Camp Creek,,-28.79341,150.91308,10778
Campbelltown,2560,-34.06832,150.80962,10779
Camperdown,2050,-33.88791,151.18083,10780
Campsie,2194,-33.91155,151.10258,10781
Campvale,2318,-32.77551,151.85444,10782
Cams Wharf,2281,-33.12603,151.616,10783
Canada Bay,2046,-33.86613,151.11403,10784
Canadian Lead,2850,-32.40398,149.58545,10785
Canbelego,2835,-31.51038,146.26567,10786
Candelo,2550,-36.78805,149.66569,10787
Cangai,2460,-29.48726,152.44184,10788
Caniaba,2480,-28.83303,153.21031,10789
Canley Heights,2166,-33.8822,150.92077,10790
Canley Vale,2166,-33.8857,150.94667,10791
Canobolas,2800,-33.35662,149.00221,10792
Canoelands,2157,-33.50072,151.08168,10793
Canonba,2825,-31.32507,147.43591,10794
Canowindra,2804,-33.53414,148.63753,10795
Canterbury,2193,-33.91187,151.11697,10796
Canton Beach,2263,-33.27618,151.54501,10797
Canyonleigh,2577,-34.50457,150.14072,10798
Caparra,2429,-31.7214,152.23362,10799
Capeen Creek,2469,-28.54872,152.6509,10800
Capertee,2846,-33.12845,150.01021,10801
Capoompeta,2371,-29.38942,152.05206,10802
Captains Flat,2623,-35.57994,149.42823,10803
Carabost,2650,-35.61254,147.71739,10804
Caragabal,2810,-33.83414,147.67751,10805
Carcalgong,2850,-32.85589,149.71045,10806
Carcoar,2791,-33.617,149.13629,10807
Cardiff,2285,-32.94091,151.65928,10808
Cardiff Heights,2285,-32.93248,151.67182,10809
Cardiff South,2285,-32.95377,151.66273,10810
Carey Bay,2283,-33.02713,151.60427,10811
Cargo,2800,-33.44069,148.82389,10812
Carinda,2831,-30.38438,147.57246,10813
Caringbah,2229,-34.03483,151.12402,10814
Caringbah South,2229,-34.05361,151.12082,10815
Carlaminda,2630,-36.28501,149.30906,10816
Carlingford,2118,-33.77611,151.04679,10817
Carlton,2218,-33.96971,151.12213,10818
Carnes Hill,2171,-33.93776,150.84797,10819
Carnham,2460,-29.3454,152.58695,10820
Carool,2486,-28.22579,153.4267,10821
Caroona,2343,-31.38651,150.40578,10822
Carrabolla,2311,-32.19011,151.3855,10823
Carrai,2440,-30.83312,152.23344,10824
Carramar,2163,-33.88445,150.96391,10825
Carrathool,2711,-34.42975,145.41912,10826
Carrick,2580,-34.70568,149.90609,10827
Carrington (Mid-Coast - NSW),2324,-32.66111,152.01721,10828
Carrington (Newcastle - NSW),2294,-32.91018,151.76613,10829
Carrington Falls,2577,-34.64891,150.64241,10830
Carroll,2340,-31.01193,150.46043,10831
Carrowbrook,2330,-32.29244,151.29619,10832
Carrs Creek,2460,-29.65583,152.9227,10833
Carrs Island,2460,-29.67193,152.91204,10834
Carrs Peninsula,2460,-29.65428,152.90483,10835
Carss Park,2221,-33.98707,151.11573,10836
Cartwright,2170,-33.92607,150.88827,10837
Cartwrights Hill,2650,-35.07604,147.39218,10838
Carwell,2849,-32.83996,149.90279,10839
Carwoola,2620,-35.37887,149.32164,10840
Cascade,2453,-30.22829,152.78336,10841
Casino,2470,-28.84661,153.0306,10842
Cassilis,2329,-31.96877,150.03626,10843
Castle Cove,2069,-33.78532,151.21086,10844
Castle Doyle,2350,-30.63425,151.78057,10845
Castle Hill,2154,-33.72791,150.99849,10846
Castle Rock,2333,-32.23927,150.75763,10847
Castlecrag,2068,-33.79997,151.21967,10848
Castlereagh,2749,-33.68681,150.67837,10849
Casuarina,2487,-28.30159,153.56924,10850
Casula,2170,-33.9534,150.89998,10851
Catalina,2536,-35.72964,150.18524,10852
Cataract,2560,-34.29311,150.82488,10853
Cathcart,2632,-36.85767,149.43005,10854
Catherine Field,2557,-33.99214,150.76422,10855
Catherine Hill Bay,2281,-33.14759,151.62391,10856
Cathundral,2823,-31.96151,147.75817,10857
Cattai,2756,-33.54461,150.91426,10858
Cattle Creek,2339,-31.76996,150.26699,10859
Cavan,2582,-35.0279,148.83262,10860
Caves Beach,2281,-33.10682,151.64475,10861
Cawdor,2570,-34.09662,150.66935,10862
Cawongla,2474,-28.6028,153.09046,10863
Cecil Hills,2171,-33.8864,150.84376,10864
Cecil Park,,-33.8632,150.8537,10865
Cedar Brush Creek,2259,-33.16065,151.25,10866
Cedar Creek (Cessnock - NSW),2325,-32.83774,151.1718,10867
Cedar Creek (Tweed - NSW),2484,-28.41843,153.26295,10868
Cedar Party,2429,-31.81216,152.39159,10869
Cedar Point,2474,-28.69129,153.00245,10870
Cells River,2424,-31.58053,152.0626,10871
Centennial Park,2021,-33.89761,151.23368,10872
Central Colo,2756,-33.42413,150.7747,10873
Central Macdonald,2775,-33.33439,150.97207,10874
Central Mangrove,2250,-33.28956,151.24799,10875
Central Tilba,2546,-36.30339,150.07639,10876
Cessnock,2325,-32.8349,151.36214,10877
Chaelundi,2460,-29.97403,152.42894,10878
Chain Valley Bay,2259,-33.16559,151.57539,10879
Chakola,2630,-36.07398,149.21188,10880
Chambigne,2460,-29.76212,152.74422,10881
Charbon,2848,-32.88628,149.96946,10882
Charles Sturt University,2678,-35.06134,147.35894,10883
Charlestown,2290,-32.96599,151.69378,10884
Charleys Forest,2622,-35.35986,150.00241,10885
Charlotte Bay,2428,-32.35255,152.50941,10886
Charlton,2795,-33.67083,149.63771,10887
Charmhaven,2263,-33.22658,151.49445,10888
Chatham Valley,2787,-33.84965,149.87873,10889
Chatsbury,2580,-34.53863,149.80661,10890
Chatswood,2067,-33.79697,151.18126,10891
Chatswood West,2067,-33.7956,151.1593,10892
Chatsworth,2469,-29.386,153.24691,10893
Cheero Point,2083,-33.51063,151.19343,10894
Cheltenham,2119,-33.75791,151.07936,10895
Cherry Tree Hill,2360,-29.56107,151.00788,10896
Cherrybrook,2126,-33.72267,151.04452,10897
Chester Hill,2162,-33.87877,150.99869,10898
Chichester,2420,-32.16548,151.62264,10899
Chifley,2036,-33.97013,151.2402,10900
Chilcotts Creek,2339,-31.66872,150.83414,10901
Chilcotts Grass,2480,-28.83299,153.34414,10902
Chillingham,2484,-28.31189,153.28356,10903
Chinderah,2487,-28.25458,153.53684,10904
Chinnock,2550,-36.69795,149.93379,10905
Chippendale,,-33.88593,151.1995,10906
Chipping Norton,2170,-33.91886,150.96012,10907
Chisholm,2322,-32.75524,151.63514,10908
Chiswick,2046,-33.8502,151.138,10909
Chittaway Bay,2261,-33.32757,151.4432,10910
Chittaway Point,2261,-33.32226,151.44541,10911
Chowan Creek,2484,-28.45417,153.37455,10912
Chullora,2190,-33.89074,151.04776,10913
Church Point,2105,-33.6509,151.28023,10914
Clandulla,2848,-32.92809,149.95948,10915
Clare,2711,-33.50509,143.96804,10916
Claremont Meadows,2747,-33.77634,150.75346,10917
Clarence,2790,-33.47233,150.22173,10918
Clarence Town,2321,-32.58771,151.78259,10919
Clarendon,2756,-33.61343,150.78963,10920
Clarenza,2460,-29.7044,152.9999,10921
Clareville,2107,-33.6363,151.30893,10922
Claymore,2559,-34.04656,150.81171,10923
Clear Creek,2795,-33.33008,149.71624,10924
Clear Range,2620,-35.70016,149.11578,10925
Clearfield,2469,-29.15358,152.91516,10926
Clemton Park,2206,-33.92633,151.10467,10927
Clergate,2800,-33.18305,149.11601,10928
Cleveland,2530,-34.50302,150.76974,10929
Clifden,2460,-29.51392,152.94221,10930
Cliftleigh,2321,-32.78769,151.51826,10931
Clifton,2515,-34.25883,150.9712,10932
Clifton Grove,2800,-33.24611,149.17984,10933
Clontarf,,-33.80763,151.25547,10934
Clothiers Creek,2484,-28.33181,153.49436,10935
Clouds Creek,2453,-30.07734,152.64715,10936
Clovelly,2031,-33.91,151.26236,10937
Clunes,2480,-28.72656,153.40766,10938
Clybucca,2440,-30.93615,152.94498,10939
Clyde,2142,-33.83312,151.02363,10940
Clydesdale,2330,-32.56935,151.21164,10941
Coal Point,2283,-33.03803,151.60963,10942
Coalcliff,2508,-34.24651,150.97273,10943
Coaldale,2460,-29.39849,152.80974,10944
Coasters Retreat,2084,-33.60487,151.29857,10945
Cobaki,2486,-28.20413,153.45607,10946
Cobaki Lakes,2486,-28.17372,153.47839,10947
Cobar,2835,-31.48305,145.79279,10948
Cobar Park,2790,-33.46497,150.1575,10949
Cobargo,2550,-36.38943,149.87792,10950
Cobark,2422,-31.91612,151.69745,10951
Cobbadah,2347,-30.19597,150.5726,10952
Cobbitty,2570,-33.99029,150.68103,10953
Cobbora,2844,-32.05429,149.25747,10954
Cobramunga,2732,-35.44125,143.88781,10955
Cockwhy,2539,-35.55402,150.31893,10956
Codrington,2471,-28.95861,153.23873,10957
Coffee Camp,2480,-28.64823,153.21764,10958
Coffs Harbour,2450,-30.30011,153.10785,10959
Coggan,2849,-32.37207,150.08768,10960
Cogra Bay,2083,-33.52317,151.22427,10961
Coila,2537,-36.01062,150.09542,10962
Coldstream,2462,-29.60094,153.10968,10963
Coleambally,2707,-34.79231,145.85792,10964
Colebee,2761,-33.7243,150.85747,10965
Coledale,2515,-34.28822,150.94147,10966
Colinroobie,2700,-34.45784,146.57379,10967
Colinton,2626,-35.86071,149.19057,10968
Collarenebri,2833,-29.38349,148.55478,10969
Collaroy,2097,-33.73797,151.30116,10970
Collaroy Plateau,2097,-33.72986,151.28926,10971
Collector,2581,-34.93392,149.42152,10972
Collendina,2646,-35.97407,146.22362,10973
Collerina,2839,-29.51151,146.6909,10974
Collie,2827,-31.6813,148.30169,10975
Collingullie,2650,-35.09146,147.10368,10976
Collingwood,2850,-32.60207,149.45017,10977
Collins Creek,2474,-28.47896,153.0342,10978
Collombatti,2440,-30.95936,152.80853,10979
Collum Collum,2460,-29.2542,152.47896,10980
Colly Blue,2343,-31.45402,150.14627,10981
Colo (Bathurst Regional - NSW),2795,-33.77845,149.26523,10982
Colo (Hawkesbury - NSW),2756,-33.41683,150.80751,10983
Colo Heights,2756,-33.29685,150.69311,10984
Colo Vale,2575,-34.38311,150.45391,10985
Colongra,2262,-33.20643,151.54349,10986
Colyton,2760,-33.78301,150.79594,10987
Comara,2440,-30.72947,152.37861,10988
Combaning,2666,-34.50873,147.65373,10989
Combara,2829,-31.14928,148.31061,10990
Comberton,2540,-34.96828,150.64811,10991
Comboyne,2429,-31.59909,152.46704,10992
Come By Chance,2832,-30.3566,148.45488,10993
Comerong Island,2540,-34.88505,150.73569,10994
Commissioners Creek,2484,-28.49872,153.33283,10995
Como,2226,-34.00266,151.06511,10996
Comobella,2820,-32.37085,148.97125,10997
Conargo,2710,-35.24277,145.17199,10998
Concord,2137,-33.85707,151.10491,10999
Concord West,2138,-33.84262,151.09037,11000
Condell Park,2200,-33.92452,151.01122,11001
Condobolin,2877,-32.89999,147.008,11002
Condong,2484,-28.3106,153.44027,11003
Coneac,2422,-31.85536,151.81541,11004
Congarinni,2447,-30.75481,152.87286,11005
Congarinni North,2447,-30.68212,152.88441,11006
Congewai,2325,-32.9259,151.251,11007
Congo,2537,-35.95644,150.13539,11008
Conimbia,2829,-30.67716,147.99448,11009
Coniston,2500,-34.43843,150.88142,11010
Conjola,2539,-35.22525,150.44076,11011
Conjola Park,2539,-35.26444,150.44015,11012
Connells Point,2221,-33.98457,151.0946,11013
Constitution Hill,2145,-33.7943,150.97457,11014
Coogee,2034,-33.92093,151.25582,11015
Cookamidgera,2870,-33.24171,148.29734,11016
Cookardinia,2650,-35.55388,147.24676,11017
Cooks Gap,2850,-32.35562,149.71189,11018
Cooks Hill,2300,-32.93363,151.7683,11019
Cooks Myalls,2870,-33.0192,147.97729,11020
Coolabah,2831,-30.98333,146.68601,11021
Coolac,2727,-34.9102,148.21211,11022
Coolagolite,2550,-36.43304,149.97226,11023
Coolah,2843,-31.79233,149.75981,11024
Coolamon,2701,-34.81482,147.19295,11025
Coolangatta,2535,-34.85243,150.71457,11026
Coolangubra,2550,-36.99952,149.46043,11027
Coolatai,2402,-29.23153,150.74235,11028
Cooleman,2611,-35.65435,148.70284,11029
Cooleys Creek,2729,-35.34112,148.08982,11030
Coolgardie,2478,-28.91561,153.46201,11031
Coolongolook,2423,-32.2229,152.32314,11032
Coolringdon,2630,-36.25944,148.97858,11033
Coolumbooka,2632,-36.91879,149.33941,11034
Coolumburra,2622,-35.04918,150.105,11035
Cooma,2630,-36.25008,149.1218,11036
Coomba Bay,2428,-32.26854,152.43971,11037
Coomba Park,2428,-32.23907,152.4554,11038
Coombadjha,2460,-29.38917,152.48533,11039
Coombell,2470,-29.01994,152.95416,11040
Coomealla,2717,-34.08861,142.09829,11041
Coomoo Coomoo,2343,-31.56942,150.10873,11042
Coonabarabran,2357,-31.31616,149.27038,11043
Coonamble,2829,-30.91956,148.34485,11044
Coongbar,2469,-29.10171,152.69241,11045
Cooperabung,2441,-31.27415,152.79219,11046
Coopernook,2426,-31.82817,152.6168,11047
Coopers Gully,2550,-36.64773,149.79726,11048
Coopers Shoot,2479,-28.69178,153.56972,11049
Cooplacurripa,2424,-31.5848,151.91463,11050
Coorabell,2479,-28.6315,153.48998,11051
Cooranbong,2265,-33.0489,151.4637,11052
Cootamundra,2590,-34.65183,148.02278,11053
Cootralantra,2628,-36.28777,148.85649,11054
Cooyal,2850,-32.44477,149.77474,11055
Copacabana,2251,-33.4869,151.43644,11056
Cope,2852,-32.27289,149.64644,11057
Copeland,2422,-31.97867,151.82614,11058
Copeton,2360,-29.8854,150.93311,11059
Copmanhurst,2460,-29.57373,152.79773,11060
Coppabella,2644,-35.74711,147.7501,11061
Copperhannia,2795,-33.87626,149.22165,11062
Coraki,2471,-28.99094,153.2725,11063
Coralville,2443,-31.78821,152.6949,11064
Coramba,2450,-30.19382,153.03361,11065
Corang,2622,-35.21093,150.12833,11066
Corangula,2440,-30.99951,152.67757,11067
Corbie Hill,2705,-34.54358,146.50277,11068
Cordeaux,2526,-34.38323,150.77463,11069
Cordeaux Heights,2526,-34.44521,150.82439,11070
Coree,2710,-35.31206,145.49734,11071
Coreen,2646,-35.74137,146.32418,11072
Corindi Beach,2456,-30.01574,153.17985,11073
Corinella,2871,-33.52696,147.53089,11074
Corlette,2315,-32.72388,152.11376,11075
Corndale,2480,-28.707,153.36292,11076
Corney Town,2790,-33.4759,150.17673,11077
Cornwallis,2756,-33.5852,150.799,11078
Corobimilla,2700,-34.8619,146.4098,11079
Corowa,2646,-35.99403,146.35929,11080
Corrabare,2325,-32.95044,151.21843,11081
Corrimal,2518,-34.36851,150.89069,11082
Corrong,2711,-34.03029,144.45923,11083
Corrowong,2633,-36.90218,148.77028,11084
Corunna,2546,-36.28192,150.10667,11085
Cottage Point,2084,-33.6203,151.20423,11086
Cottonvale,,-28.52406,151.97135,11087
Cougal,2474,-28.35708,152.98209,11088
Countegany,2630,-36.182,149.48639,11089
Courabyra,2653,-35.70239,147.98957,11090
Couradda,2390,-30.0397,149.98033,11091
Couragago,2720,-35.10652,148.49086,11092
Couridjah,2571,-34.23739,150.55463,11093
Coutts Crossing,2460,-29.85847,152.89563,11094
Cow Flat,2795,-33.58057,149.51344,11095
Cowabbie,2652,-34.58486,146.9542,11096
Cowan,2081,-33.56793,151.16908,11097
Cowper,2460,-29.5782,153.08697,11098
Cowra,2794,-33.82949,148.64519,11099
Coxs Creek,2849,-32.73213,150.12275,11100
Coxs Crown,2849,-32.7245,150.05799,11101
Crabbes Creek,2483,-28.46127,153.48641,11102
Crackenback,2627,-36.43931,148.51103,11103
Craigie,2632,-37.09274,149.05967,11104
Cranebrook,2749,-33.7054,150.70869,11105
Crangan Bay,2259,-33.17049,151.59581,11106
Craven,2422,-32.14237,151.89691,11107
Craven Plateau,2422,-31.87161,151.76915,11108
Crawford River,2423,-32.391,152.10784,11109
Crawney,2338,-31.58405,151.06864,11110
Creel Bay,2627,-36.34575,148.53143,11111
Creewah,2631,-36.75322,149.37923,11112
Cremorne,2090,-33.82734,151.22598,11113
Cremorne Point,2090,-33.84153,151.22833,11114
Crescent Head,2440,-31.21499,152.92496,11115
Crestwood,2620,-35.3476,149.21847,11116
Cringila,2502,-34.47141,150.86701,11117
Croki,2430,-31.8722,152.5923,11118
Cromer,2099,-33.72856,151.26721,11119
Cronulla,2230,-34.05337,151.153,11120
Crooble,2400,-29.29926,150.2798,11121
Croobyar,2539,-35.32022,150.39376,11122
Crooked Corner,2583,-34.20811,149.24819,11123
Crookwell,2583,-34.4533,149.45729,11124
Croom,2527,-34.59476,150.80638,11125
Croppa Creek,2411,-29.10765,150.31173,11126
Cross Roads,2850,-32.50557,149.70527,11127
Crosslands,2446,-31.44114,152.71537,11128
Croudace Bay,2280,-33.00453,151.65113,11129
Crowdy Bay,2443,-31.78725,152.73237,11130
Crowdy Head,2427,-31.84306,152.7264,11131
Crows Nest,2065,-33.82603,151.20213,11132
Crowther,2803,-34.11771,148.55727,11133
Crowther Island,2460,-29.62707,152.92007,11134
Croydon,2132,-33.88113,151.11668,11135
Croydon Park,2133,-33.89713,151.10271,11136
Crudine,2795,-32.9836,149.67215,11137
Cryon,2832,-30.00034,148.62202,11138
Crystal Creek,2484,-28.31635,153.31509,11139
Cubba,2835,-31.43837,145.25963,11140
Cudal,2864,-33.31697,148.73891,11141
Cudgegong,2850,-32.75932,149.78909,11142
Cudgel,2700,-34.68195,146.44815,11143
Cudgen,2487,-28.27173,153.5515,11144
Cudgera Creek,2484,-28.38898,153.51498,11145
Cudmirrah,2540,-35.19763,150.5578,11146
Culburra Beach,2540,-34.92696,150.75233,11147
Culcairn,2660,-35.67457,147.01526,11148
Cullen Bullen,2790,-33.28088,150.01141,11149
Cullenbone,2850,-32.49356,149.50812,11150
Cullendore,2372,-28.48492,152.14171,11151
Cullerin,2581,-34.7816,149.35543,11152
Cullivel,2645,-35.25201,146.46548,11153
Culmaran Creek,2469,-28.86596,152.67294,11154
Cumbalum,2478,-28.81841,153.53418,11155
Cumbandry,2852,-32.36348,149.60748,11156
Cumberland Reach,2756,-33.46392,150.89455,11157
Cumbo,2850,-32.40005,149.88657,11158
Cumborah,2832,-29.64491,147.61536,11159
Cumnock,2867,-32.93896,148.69653,11160
Cundle Flat,2424,-31.80926,151.98874,11161
Cundletown,2430,-31.88133,152.51928,11162
Cundumbul,2866,-32.85729,148.91422,11163
Cunjurong Point,2539,-35.26121,150.5056,11164
Cunningar,2587,-34.56968,148.4196,11165
Cunninyeuk,2734,-35.24606,143.90601,11166
Curban,2827,-31.52772,148.57848,11167
Curl Curl,2096,-33.76935,151.28963,11168
Curlew Waters,2672,-33.25848,146.43732,11169
Curlewis,2381,-31.17895,150.26434,11170
Curlwaa,2648,-34.0982,141.98543,11171
Curra Creek,2820,-32.67288,148.83906,11172
Currabubula,2342,-31.23908,150.67558,11173
Curragh,2795,-33.9295,149.1549,11174
Curramore,2533,-34.6222,150.76425,11175
Currans Hill,2567,-34.04666,150.77424,11176
Currarong,2540,-35.01603,150.8216,11177
Currawang,2580,-34.96893,149.53072,11178
Currawarna,2650,-34.96252,147.08114,11179
Curraweela,2580,-34.24327,149.78719,11180
Curricabark,2422,-31.7261,151.66579,11181
Currowan,2536,-35.57055,150.09179,11182
Cuttabri,2388,-30.41407,149.15926,11183
Cuttagee,2546,-36.48164,150.03939,11184
Dabee,2849,-32.84778,150.05417,11185
Daceyville,2032,-33.92777,151.22533,11186
Dairy Arm,2325,-33.05069,151.18186,11187
Dairy Flat,2474,-28.37613,152.70926,11188
Dairymans Plains,2630,-36.21341,149.05739,11189
Daleys Point,2257,-33.50442,151.35609,11190
Dalgety,2628,-36.51667,148.82669,11191
Dalmeny,2546,-36.16562,150.11368,11192
Dalmorton,2460,-29.80118,152.45909,11193
Dalswinton,2328,-32.42301,150.70686,11194
Dalton,2581,-34.72307,149.19458,11195
Dalwood (Ballina - NSW),2477,-28.89391,153.41342,11196
Dalwood (Singleton - NSW),2335,-32.62696,151.41371,11197
Dandaloo,2823,-32.21753,147.67103,11198
Dandry,2357,-31.00612,149.4024,11199
Dangar Island,2083,-33.53933,151.23953,11200
Dangarsleigh,2350,-30.62934,151.68471,11201
Dangelong,2630,-36.32679,149.26746,11202
Dapto,2530,-34.50278,150.79377,11203
Darawank,2428,-32.10315,152.49668,11204
Darbalara,2722,-35.0584,148.23672,11205
Darbys Falls,2793,-33.90482,148.8547,11206
Dareton,2717,-34.0975,142.0342,11207
Dargan,2786,-33.49128,150.25014,11208
Dark Corner,2795,-33.30082,149.89576,11209
Darkes Forest,2508,-34.21546,150.9087,11210
Darkwood,2454,-30.42979,152.63746,11211
Darling Point,2027,-33.87277,151.2359,11212
Darlinghurst,2010,-33.87767,151.2203,11213
Darlington (Singleton - NSW),2330,-32.55773,151.1596,11214
Darlington (Sydney - NSW),2008,-33.89047,151.19257,11215
Darlington Point,2706,-34.59589,145.86677,11216
Darlow,2729,-35.34339,147.9642,11217
Daroobalgie,2870,-33.31235,148.14109,11218
Dartbrook,2336,-32.15232,150.82048,11219
Daruka,2340,-31.03716,150.97098,11220
Davidson,2085,-33.73973,151.19031,11221
Davis Creek,2336,-32.17561,151.19972,11222
Davistown,2251,-33.48559,151.36077,11223
Dawes Point,2000,-33.85683,151.2072,11224
Daysdale,2646,-35.62091,146.33813,11225
Dean Park,2761,-33.73514,150.86089,11226
Deauville,2443,-31.67077,152.78923,11227
Debenham,2446,-31.47404,152.2478,11228
Dee Why,2099,-33.75215,151.28935,11229
Deep Creek (Clarence Valley - NSW),2460,-29.15388,152.64978,11230
Deep Creek (Kempsey - NSW),2440,-30.96705,152.70742,11231
Deep Creek (Kyogle - NSW),2469,-28.96933,152.68369,11232
Deepwater,2371,-29.43779,151.93309,11233
Deer Vale,2453,-30.35059,152.53612,11234
Delegate,2633,-37.02612,148.92159,11235
Delungra,2403,-29.63187,150.77995,11236
Denham Court,2565,-33.98035,150.8331,11237
Denhams Beach,2536,-35.75,150.21117,11238
Deniliquin,2710,-35.55421,144.85123,11239
Denistone,2114,-33.79857,151.08808,11240
Denistone East,2112,-33.7957,151.09553,11241
Denistone West,2114,-33.79993,151.07637,11242
Denman,2328,-32.37249,150.69839,11243
Depot Beach,2536,-35.62694,150.32028,11244
Derriwong,2877,-33.10152,147.35282,11245
Deua,2537,-35.92782,149.79768,11246
Deua River Valley,2537,-35.79064,149.92796,11247
Devils Hole,2550,-36.87556,149.64885,11248
Dewitt,2422,-31.78546,151.76008,11249
Dharruk,2770,-33.7492,150.81607,11250
Dhulura,2650,-35.01309,147.30946,11251
Dhuragoon,2733,-35.20929,144.10716,11252
Diamond Beach,2430,-32.02841,152.53695,11253
Diamond Head,2443,-31.70155,152.77087,11254
Diehard,2370,-29.70596,152.08687,11255
Diggers Camp,2462,-29.81428,153.27561,11256
Dignams Creek,2546,-36.31834,149.97005,11257
Dilkoon,2460,-29.49675,152.97835,11258
Dilpurra,2734,-35.18623,143.70183,11259
Dingo Forest,2429,-31.69795,152.14213,11260
Dinoga,2404,-30.0111,150.58017,11261
Dirnaseer,2666,-34.60842,147.74617,11262
Dirty Creek,2456,-29.9926,153.14512,11263
Dobies Bight,2470,-28.80164,152.93758,11264
Doctor George Mountain,2550,-36.66387,149.89792,11265
Doctors Gap,2790,-33.49202,150.17763,11266
Dog Rocks,2795,-33.75861,149.6176,11267
Dolans Bay,2229,-34.06457,151.12603,11268
Dolls Point,2219,-33.99353,151.14417,11269
Dollys Flat,2429,-31.86656,152.29791,11270
Dolphin Point,2539,-35.40164,150.44343,11271
Dombarton,2530,-34.45473,150.76524,11272
Donald Creek,2350,-30.42601,151.76154,11273
Dondingalong,2440,-31.1389,152.74201,11274
Doon Doon,2484,-28.49635,153.30645,11275
Doonbah,2473,-29.08666,153.37594,11276
Doonside,2767,-33.76064,150.87095,11277
Dooralong,2259,-33.17659,151.36662,11278
Dora Creek,2264,-33.07585,151.49552,11279
Dorrigo,2453,-30.32587,152.69406,11280
Dorrigo Mountain,2453,-30.37574,152.73228,11281
Dorroughby,2480,-28.65914,153.35958,11282
Double Bay,2028,-33.8788,151.24357,11283
Doubtful Creek,2470,-28.71226,152.87809,11284
Douglas Park,2569,-34.18863,150.71206,11285
Dover Heights,2030,-33.87394,151.28116,11286
Downside,2650,-34.98443,147.35365,11287
Doyalson,2262,-33.19741,151.51141,11288
Doyalson North,2262,-33.18503,151.54684,11289
Doyles Creek,2330,-32.62389,150.78112,11290
Doyles River,2446,-31.4521,152.12303,11291
Drake,2469,-28.91625,152.40885,11292
Drake Village,2469,-28.9327,152.39127,11293
Drildool,2386,-30.20292,149.01359,11294
Dripstone,2820,-32.63771,149.02188,11295
Drummoyne,2047,-33.85119,151.15372,11296
Dry Creek,2337,-31.8909,150.81738,11297
Dry Plain,2630,-36.0906,148.9323,11298
Dubbo,2830,-32.28026,148.60121,11299
Duck Creek,2469,-28.61648,152.66215,11300
Duckenfield,2321,-32.73969,151.68246,11301
Duckmaloi,2787,-33.68427,149.9568,11302
Dudley,2290,-32.99125,151.72169,11303
Duffys Forest,2084,-33.67476,151.18868,11304
Dulguigan,2484,-28.28006,153.41809,11305
Dulwich Hill,2203,-33.90478,151.13855,11306
Dum Dum,2484,-28.38848,153.3562,11307
Dumaresq,2350,-30.42287,151.54071,11308
Dumaresq Island,2430,-31.90997,152.51109,11309
Dumaresq Valley,2372,-29.1716,151.48486,11310
Dumbudgery,2460,-29.30012,152.52362,11311
Dunbible,2484,-28.37789,153.39253,11312
Dunbogan,2443,-31.65979,152.81203,11313
Duncans Creek,2340,-31.38671,151.20299,11314
Dundas,2117,-33.80317,151.04507,11315
Dundas Valley,2117,-33.79373,151.05398,11316
Dundee,2370,-29.57675,151.90938,11317
Dundurrabin,2453,-30.13823,152.519,11318
Dunedoo,2844,-32.03149,149.30266,11319
Dungarubba,2480,-28.99162,153.37436,11320
Dungay,2484,-28.27358,153.35975,11321
Dungeree,2849,-32.76651,149.85542,11322
Dungog,2420,-32.4053,151.75198,11323
Dungowan,2340,-31.22786,151.16141,11324
Dunkeld,2795,-33.41219,149.47529,11325
Dunmore,2529,-34.62,150.82113,11326
Dunolly,2330,-32.5546,151.1683,11327
Dunoon,2480,-28.66929,153.3256,11328
Duns Creek,2321,-32.61433,151.65116,11329
Dunville Loop,2849,-32.915,150.14244,11330
Dural (Hornsby - NSW),2158,-33.68362,151.04135,11331
Dural (Singleton - NSW),2330,-32.5796,150.86161,11332
Duramana,2795,-33.25443,149.55123,11333
Duranbah,2487,-28.30471,153.52866,11334
Duri,2344,-31.23189,150.81859,11335
Duroby,2486,-28.24096,153.45995,11336
Durran Durra,2622,-35.3391,149.87144,11337
Durras North,2536,-35.62756,150.2963,11338
Durren Durren,2259,-33.18239,151.39633,11339
Duval,2350,-30.41517,151.6376,11340
Dyers Crossing,2429,-32.08252,152.30691,11341
Dyraaba,2470,-28.77088,152.84856,11342
Dyrring,2330,-32.49744,151.23701,11343
Eagle Vale,2558,-34.03756,150.81204,11344
Eagleton,2324,-32.69566,151.77729,11345
Earlwood,2206,-33.92457,151.12581,11346
East Albury,2640,-36.08925,146.94097,11347
East Ballina,2478,-28.85644,153.5878,11348
East Branxton,2335,-32.6556,151.3656,11349
East Coraki,2471,-29.00962,153.3133,11350
East Corrimal,2518,-34.37759,150.91293,11351
East Gosford,2250,-33.43558,151.35509,11352
East Gresford,2311,-32.40662,151.56059,11353
East Hills,2213,-33.96145,150.98838,11354
East Jindabyne,2627,-36.40848,148.66398,11355
East Kangaloon,2576,-34.52667,150.60281,11356
East Kempsey,2440,-31.0823,152.85312,11357
East Killara,2071,-33.75659,151.18192,11358
East Kurrajong,2758,-33.5056,150.79536,11359
East Lindfield,2070,-33.76695,151.18915,11360
East Lismore,2480,-28.82319,153.288,11361
East Lynne,2536,-35.58798,150.28019,11362
East Maitland,2323,-32.7617,151.58563,11363
East Ryde,2113,-33.81028,151.13452,11364
East Seaham,2324,-32.63796,151.76497,11365
East Tamworth,2340,-31.09541,150.95359,11366
East Wagga Wagga,2650,-35.12977,147.40141,11367
East Wardell,2477,-28.96456,153.48125,11368
Eastern Creek,2766,-33.80542,150.8458,11369
Eastgardens,2036,-33.94603,151.22564,11370
Eastlakes,2018,-33.9306,151.21322,11371
Eastwood,2122,-33.78846,151.08402,11372
Eatonsville,2460,-29.64369,152.83094,11373
Ebenezer,2756,-33.51917,150.88651,11374
Ebor,2453,-30.41302,152.31564,11375
Eccleston,2311,-32.25622,151.48508,11376
Edderton,2333,-32.35923,150.8357,11377
Eden,2551,-37.02285,149.89321,11378
Eden Creek,2474,-28.58456,152.90734,11379
Edensor Park,2176,-33.87973,150.8772,11380
Edenville,2474,-28.69098,152.95386,11381
Edgecliff,,-33.88013,151.23797,11382
Edgeroi,2390,-30.0871,149.77477,11383
Edgeworth,2285,-32.92225,151.61951,11384
Edith,2787,-33.77857,149.93729,11385
Edmondson Park,2174,-33.96197,150.85569,11386
Edrom,2551,-37.13664,149.95526,11387
Eenaweena,2824,-31.60086,147.60676,11388
Eglinton,2795,-33.36404,149.55185,11389
Eighteen Mile,2460,-29.27824,152.58922,11390
Elands,2429,-31.59208,152.28215,11391
Elanora Heights,2101,-33.70101,151.27314,11392
Elcombe,2404,-29.86622,150.33295,11393
Elderslie (Camden - NSW),2570,-34.05646,150.71515,11394
Elderslie (Singleton - NSW),2335,-32.58253,151.35042,11395
Eleebana,2282,-32.99316,151.64917,11396
Elermore Vale,2287,-32.91632,151.65791,11397
Elizabeth Bay,2011,-33.87093,151.22897,11398
Elizabeth Beach,2428,-32.33126,152.53755,11399
Elizabeth Hills,2171,-33.90086,150.84762,11400
Ellalong,2325,-32.93052,151.31644,11401
Elland,2460,-29.77447,152.89734,11402
Ellangowan,2470,-29.03132,153.0897,11403
Ellenborough,2446,-31.4817,152.41897,11404
Ellerslie (Snowy Valleys - NSW),2729,-35.30913,147.90768,11405
Ellerslie (Wentworth - NSW),2648,-33.82485,142.02781,11406
Ellerston,2337,-31.77953,151.32923,11407
Ellis Lane,2570,-34.03392,150.67821,11408
Elong Elong,2831,-32.14942,149.08099,11409
Elrington,2325,-32.86579,151.43116,11410
Elsmore,2360,-29.82559,151.29352,11411
Eltham,2480,-28.76078,153.41154,11412
Elvina Bay,2105,-33.6416,151.27647,11413
Emerald Beach,2456,-30.1649,153.15902,11414
Emerald Hill,2380,-30.86693,150.06411,11415
Emerton,2770,-33.74273,150.80707,11416
Emmaville,2371,-29.38569,151.55475,11417
Empire Bay,2257,-33.50479,151.36941,11418
Empire Vale,2478,-28.92216,153.52109,11419
Emu Heights,2750,-33.73286,150.64973,11420
Emu Plains,2750,-33.74706,150.66323,11421
Emu Swamp,2800,-33.30229,149.19644,11422
Endrick,2622,-35.24005,150.2482,11423
Enfield,2136,-33.89123,151.09543,11424
Engadine,2233,-34.05562,151.01453,11425
Englorie Park,2560,-34.0809,150.7952,11426
Enmore (Armidale Regional - NSW),2350,-30.73155,151.83307,11427
Enmore (Inner West - NSW),2042,-33.9006,151.1702,11428
Enngonia,2840,-29.25353,145.94134,11429
Environa,2620,-35.40884,149.18253,11430
Epping,2121,-33.77272,151.07571,11431
Eraring,2264,-33.06465,151.52898,11432
Eremerang,2877,-32.62473,146.39741,11433
Erigolia,2669,-33.9317,146.38763,11434
Erin Vale,2663,-34.681,147.53331,11435
Erina,2250,-33.43767,151.3954,11436
Erina Heights,2260,-33.42689,151.40951,11437
Ermington,2115,-33.81161,151.05997,11438
Erowal Bay,2540,-35.1018,150.66437,11439
Errowanbang,2791,-33.53258,149.0387,11440
Erskine Park,2759,-33.81205,150.79642,11441
Erskineville,2043,-33.90267,151.1847,11442
Erudgere,2850,-32.57372,149.49906,11443
Eschol Park,2558,-34.03248,150.80064,11444
Esk,2472,-29.24844,153.33211,11445
Essington,2787,-33.74088,149.71415,11446
Estella,2650,-35.07512,147.34999,11447
Ettalong Beach,2257,-33.514,151.33368,11448
Ettamogah,2640,-36.00247,146.9575,11449
Ettrema,2540,-34.89062,150.29485,11450
Ettrick,2474,-28.65001,152.91161,11451
Euabalong,2877,-33.01736,146.36373,11452
Euabalong West,2877,-33.05683,146.3942,11453
Euberta,2650,-35.04888,147.21039,11454
Euchareena,2866,-32.94336,149.11749,11455
Eucumbene,2628,-36.13676,148.62644,11456
Eugowra,2806,-33.41127,148.35368,11457
Eulah Creek,2390,-30.35947,150.02158,11458
Eumungerie,2822,-31.96772,148.67227,11459
Eunanoreenya,2650,-35.0843,147.46627,11460
Eungai Creek,2441,-30.82435,152.87917,11461
Eungai Rail,2441,-30.85872,152.88718,11462
Eungella,2484,-28.34866,153.30461,11463
Eureka,2480,-28.68985,153.43644,11464
Eurimbla,2867,-32.83948,148.82816,11465
Eurobodalla,2545,-36.16947,149.95881,11466
Euroka,2440,-31.07874,152.80018,11467
Euroley,2700,-34.71015,146.3029,11468
Eurongilly,2663,-34.93149,147.79966,11469
Eurunderee,2850,-32.51644,149.60962,11470
Euston,2737,-34.35579,142.87756,11471
Evans Head,2473,-29.11416,153.42415,11472
Evans Plains,2795,-33.46126,149.48278,11473
Eveleigh,2015,-33.8964,151.1924,11474
Eviron,2484,-28.30569,153.4824,11475
Ewingar,2469,-29.08995,152.50774,11476
Ewingsdale,2481,-28.63411,153.54892,11477
Exeter,2579,-34.61488,150.28751,11478
Failford,2430,-32.09025,152.44081,11479
Fairfield,2165,-33.87177,150.95282,11480
Fairfield East,2165,-33.8741,150.9725,11481
Fairfield Heights,2165,-33.86611,150.93943,11482
Fairfield West,2165,-33.86909,150.92467,11483
Fairholme,2871,-33.29868,147.37554,11484
Fairlight,2094,-33.79389,151.27382,11485
Fairy Hill,2470,-28.76439,152.9899,11486
Fairy Meadow,2519,-34.394,150.89222,11487
Falbrook,2330,-32.41894,151.13181,11488
Falconer,2365,-30.17017,151.73314,11489
Falls Creek,2540,-34.99855,150.59269,11490
Far Meadow,2535,-34.82707,150.70344,11491
Fargunyah,2656,-35.12353,146.74469,11492
Farley,2320,-32.73568,151.50221,11493
Farmborough Heights,2526,-34.45537,150.81533,11494
Farnham,2820,-32.84563,149.11749,11495
Farrants Hill,2484,-28.3178,153.48537,11496
Farringdon,2622,-35.52381,149.59876,11497
Fassifern,2283,-32.98251,151.57847,11498
Faulconbridge,2776,-33.68537,150.55074,11499
Faulkland,2422,-32.07093,151.89106,11500
Fawcetts Plain,2474,-28.56586,153.01213,11501
Federal,2480,-28.65474,153.4547,11502
Fennell Bay,2283,-32.98373,151.59707,11503
Fern Bay,2295,-32.86414,151.81331,11504
Fern Gully,2330,-32.54902,151.19735,11505
Fernances,2775,-33.19184,151.01127,11506
Fernances Crossing,2325,-33.0662,151.11663,11507
Fernbank Creek,2444,-31.4217,152.84176,11508
Fernbrook,2453,-30.34481,152.6167,11509
Fernhill,2519,-34.38477,150.8909,11510
Fernleigh,2479,-28.76712,153.4909,11511
Fernmount,2454,-30.47563,152.94589,11512
Fernside,2480,-28.79688,153.16991,11513
Fernvale,2484,-28.36502,153.41956,11514
Ferodale,2318,-32.70966,151.84124,11515
Fiddletown,2159,-33.55929,151.08327,11516
Fifield,2875,-32.84118,147.45822,11517
Figtree,2525,-34.43083,150.84827,11518
Findon Creek,2474,-28.35564,152.87305,11519
Fine Flower,2460,-29.38438,152.65567,11520
Fingal Bay,2315,-32.75045,152.15978,11521
Fingal Head,2487,-28.205,153.5652,11522
Finley,2713,-35.60627,145.58528,11523
Firefly,2429,-32.08722,152.22715,11524
Fishermans Bay,2316,-32.78453,152.09556,11525
Fishermans Paradise,2539,-35.23045,150.44482,11526
Fishermans Reach,2441,-30.86928,152.99922,11527
Fishers Hill,2421,-32.49182,151.53928,11528
Fishing Point,2283,-33.05287,151.59643,11529
Fitzgeralds Mount,2799,-33.49238,149.37582,11530
Fitzgeralds Valley,2795,-33.525,149.39346,11531
Fitzroy Falls,2577,-34.64907,150.44668,11532
Five Dock,2046,-33.86782,151.13102,11533
Five Ways,2873,-32.16556,146.98169,11534
Flat Tops,2420,-32.44947,151.81402,11535
Fletcher,2287,-32.87192,151.64211,11536
Flinders,2529,-34.58044,150.84436,11537
Floraville,2280,-33.01295,151.66202,11538
Forbes,2871,-33.39321,147.97976,11539
Forbes Creek,2621,-35.42319,149.50587,11540
Forbes River,2446,-31.24297,152.33744,11541
Forbesdale,2422,-32.07658,151.95943,11542
Fords Bridge,2840,-29.70203,145.2951,11543
Fordwich,2330,-32.70899,151.05616,11544
Forest Glen,2157,-33.54373,151.02616,11545
Forest Grove,2795,-33.38849,149.66134,11546
Forest Hill,2651,-35.14516,147.4628,11547
Forest Land,2372,-29.26048,152.13581,11548
Forest Lodge,2037,-33.88122,151.17981,11549
Forest Reefs,2798,-33.46432,149.07783,11550
Forestville,2087,-33.76038,151.20924,11551
Forresters Beach,2260,-33.4067,151.46646,11552
Forster,2428,-32.22337,152.53249,11553
Fortis Creek,2460,-29.4742,152.87239,11554
Fosters Valley,2795,-33.62369,149.54775,11555
Fosterton,2420,-32.34784,151.76221,11556
Fountaindale,2258,-33.34865,151.4015,11557
Four Corners,2716,-34.82015,145.43615,11558
Four Mile Creek,2800,-33.42871,148.93993,11559
Fowlers Gap,2880,-31.36466,141.67868,11560
Foxground,2534,-34.71413,150.76092,11561
Frazer Park,2259,-33.18377,151.61876,11562
Frazers Creek,2446,-31.399,152.61693,11563
Frederickton,2440,-31.02657,152.86023,11564
Freeburn Island,2464,-29.40336,153.33318,11565
Freemans,2259,-33.197,151.59209,11566
Freemans Reach,2756,-33.56134,150.79851,11567
Freemans Waterhole,2323,-32.98772,151.49329,11568
Freemantle,2795,-33.27645,149.36138,11569
French Park,2655,-35.25829,146.92734,11570
Frenchs Forest,2086,-33.74732,151.22549,11571
Freshwater,2096,-33.77711,151.28306,11572
Frog Rock,2850,-32.46854,149.68211,11573
Frogmore,2586,-34.24685,148.867,11574
Frogs Hollow,2550,-36.76664,149.81503,11575
Frying Pan,2630,-36.14617,148.80661,11576
Fullerton,2583,-34.16104,149.55168,11577
Fullerton Cove,2318,-32.83947,151.84066,11578
Furracabad,2370,-29.81584,151.65012,11579
Gables,2765,-33.62772,150.90691,11580
Gadara,2720,-35.31128,148.1282,11581
Gala Vale,2716,-34.96947,145.74995,11582
Galambine,2850,-32.4414,149.51816,11583
Galong,2585,-34.60884,148.56003,11584
Galore,2650,-34.986,146.8275,11585
Galston,2159,-33.64687,151.06833,11586
Ganbenang,2790,-33.71022,150.13204,11587
Gangat,2422,-32.01902,152.07418,11588
Ganmain,2702,-34.80702,147.01874,11589
Garah,2405,-29.00247,149.61953,11590
Garden Suburb,2289,-32.94544,151.67879,11591
Garema,2871,-33.5853,147.93423,11592
Garland,2797,-33.75671,149.03783,11593
Garland Valley,2330,-32.92472,150.74224,11594
Garoo,2340,-31.42154,150.96141,11595
Garra,2866,-33.11996,148.75534,11596
Garthowen,2345,-30.86808,150.90166,11597
Gateshead,2290,-32.99191,151.69576,11598
Gearys Flat,2441,-31.17087,152.57667,11599
Geehi,2642,-36.34488,148.24832,11600
Gelston Park,2650,-35.2436,147.34627,11601
Gemalla,2795,-33.4993,149.84127,11602
Geneva,2474,-28.61774,152.97782,11603
Georges Creek,2365,-30.14413,151.20318,11604
Georges Hall,2198,-33.90996,150.98663,11605
Georges Plains,2795,-33.52684,149.48908,11606
Georgetown,2298,-32.90934,151.73085,11607
Georgica,2480,-28.64491,153.16025,11608
Gerogery,2642,-35.84262,147.00099,11609
Gerringong,2534,-34.73868,150.82473,11610
Gerroa,2534,-34.77259,150.79994,11611
Geurie,2818,-32.3743,148.8534,11612
Ghinni Ghi,2474,-28.62073,152.77423,11613
Ghinni Ghinni,2430,-31.88252,152.54832,11614
Ghoolendaadi,2380,-30.95144,149.91137,11615
Giants Creek,2328,-32.22556,150.54139,11616
Gibberagee,2469,-29.28114,153.09966,11617
Gibraltar Range,2370,-29.54395,152.28886,11618
Gidginbung,2666,-34.30836,147.44196,11619
Gidley,2340,-30.99678,150.83608,11620
Gilead,2560,-34.13659,150.77791,11621
Gilgai,2360,-29.882,151.12404,11622
Gilgandra,2827,-31.71517,148.60304,11623
Gilgooma,2829,-30.70327,148.57888,11624
Gilgunnia,2877,-32.44226,146.0723,11625
Gillenbah,2700,-34.80634,146.51567,11626
Gilletts Ridge,2462,-29.63472,153.10716,11627
Gillieston Heights,2321,-32.76377,151.51774,11628
Gilmandyke,2795,-33.784,149.54526,11629
Gilmore,2720,-35.40624,148.18094,11630
Gin Gin,2823,-31.90106,148.09156,11631
Gineroi,2404,-29.73359,150.49826,11632
Ginghi,2849,-32.59098,150.04965,11633
Gingkin,2787,-33.88799,149.95798,11634
Girards Hill,2480,-28.81853,153.27957,11635
Girilambone,2831,-31.23473,146.86109,11636
Giro,2422,-31.67728,151.73285,11637
Girral,2669,-33.6649,147.14576,11638
Girralong,2449,-30.56259,152.64377,11639
Girraween,2145,-33.80192,150.94503,11640
Girvan,2425,-32.47369,152.06615,11641
Gladesville,2111,-33.82917,151.1275,11642
Gladstone,2440,-31.01764,152.96024,11643
Glanmire,2795,-33.42112,149.70602,11644
Glebe,2037,-33.8784,151.1871,11645
Gledswood Hills,2557,-34.01142,150.78088,11646
Glen Alice,2849,-33.06315,150.15551,11647
Glen Allen,2631,-36.68811,149.38786,11648
Glen Alpine,2563,-34.08925,150.77613,11649
Glen Davis,2846,-33.14919,150.24608,11650
Glen Elgin,2370,-29.57117,152.11569,11651
Glen Fergus,2630,-36.21477,149.24773,11652
Glen Innes,2370,-29.72295,151.68864,11653
Glen Martin,2321,-32.53171,151.84727,11654
Glen Nevis,2365,-29.91646,152.22894,11655
Glen Oak,2320,-32.60553,151.70745,11656
Glen Ward,2422,-31.8226,151.6565,11657
Glen William,2321,-32.5375,151.7912,11658
Glenbawn,2337,-32.07291,151.01671,11659
Glenbrook,2773,-33.76358,150.62627,11660
Glencoe,2365,-29.9283,151.71426,11661
Glendale,2285,-32.92703,151.64949,11662
Glendenning,2761,-33.74908,150.85427,11663
Glendon,2330,-32.58631,151.28671,11664
Glendon Brook,2330,-32.48898,151.40857,11665
Glenelg,2810,-33.73954,148.09608,11666
Glenellen,2642,-35.88489,146.90388,11667
Glenfield,2167,-33.97069,150.8937,11668
Glenfield Park,2650,-35.13611,147.33381,11669
Glengarrie,2486,-28.23363,153.39968,11670
Glenhaven,2156,-33.70183,150.9982,11671
Gleniffer,2454,-30.3812,152.88593,11672
Glenmore,2570,-34.07398,150.60405,11673
Glenmore Park,2745,-33.79115,150.68161,11674
Glennies Creek,2330,-32.45541,151.10891,11675
Glenning Valley,2261,-33.35219,151.42234,11676
Glenorie,2157,-33.57115,150.99152,11677
Glenquarry,2576,-34.5298,150.48474,11678
Glenreagh,2450,-30.08216,152.95423,11679
Glenridding,2330,-32.5874,151.16023,11680
Glenrock,2337,-31.65909,151.41005,11681
Glenroy (Albury - NSW),2640,-36.05227,146.90038,11682
Glenroy (Snowy Valleys - NSW),2653,-35.74835,147.88283,11683
Glenthorne,2430,-31.92833,152.47905,11684
Glenugie,2460,-29.8009,153.03876,11685
Glenwood,2768,-33.73808,150.93636,11686
Glenworth Valley,2250,-33.40643,151.18371,11687
Glossodia,2756,-33.53188,150.78454,11688
Gloucester,2422,-32.01673,151.96106,11689
Gloucester Tops,2422,-32.06577,151.61964,11690
Goat Island,2477,-28.9892,153.45797,11691
Gobarralong,2722,-34.9521,148.35504,11692
Gobbagombalin,2650,-35.06303,147.31012,11693
Gocup,2720,-35.24564,148.18614,11694
Godfreys Creek,2586,-34.17727,148.70252,11695
Gogeldrie,2705,-34.58536,146.28188,11696
Gol Gol,2738,-34.16741,142.22504,11697
Gollan,2820,-32.25353,149.04674,11698
Golspie,2580,-34.2567,149.67339,11699
Gongolgon,2839,-30.45349,146.8711,11700
Gonn,2732,-35.47521,143.99765,11701
Gooandra,2629,-35.82985,148.62947,11702
Goobarragandra,2720,-35.44198,148.50423,11703
Good Forest,2790,-33.59385,150.09788,11704
Good Hope,2582,-34.90253,148.82217,11705
Goodmans Ford,2575,-34.3269,150.08488,11706
Goodnight,2736,-34.92192,143.37763,11707
Goodooga,2838,-29.24875,147.41589,11708
Goodwood Island,2469,-29.38256,153.31129,11709
Googong,2620,-35.44529,149.22618,11710
Goolgowi,2652,-33.94727,145.73647,11711
Goolhi,2379,-31.01311,149.73025,11712
Goolma,2852,-32.33381,149.2313,11713
Goolmangar,2480,-28.72762,153.2442,11714
Gooloogong,2805,-33.66352,148.42822,11715
Goombargana,2646,-35.74093,146.56858,11716
Goonellabah,2480,-28.82156,153.33152,11717
Goonengerry,2482,-28.60442,153.4315,11718
Goonoo Forest,2830,-32.01479,148.87809,11719
Goonoo Goonoo,2340,-31.291,150.91238,11720
Goonumbla,2870,-32.93753,148.06003,11721
Goorangoola,2330,-32.28826,151.19776,11722
Goorianawa,2396,-31.14765,148.99402,11723
Gordon,2072,-33.75546,151.153,11724
Gorge Creek,2469,-28.73312,152.71644,11725
Gormans Hill,2795,-33.47219,149.59458,11726
Gorokan,2263,-33.25484,151.50745,11727
Gosford,2250,-33.4225,151.34084,11728
Gosforth,2320,-32.6542,151.4905,11729
Gostwyck,2358,-30.70016,151.60662,11730
Goulburn,2580,-34.74769,149.7283,11731
Gouldsville,2330,-32.57871,151.0896,11732
Gowan,2795,-33.15334,149.34726,11733
Gowang,2357,-31.42559,149.07419,11734
Gowrie (Singleton - NSW),2330,-32.56421,151.14736,11735
Gowrie (Tamworth Regional - NSW),2340,-31.34434,150.82484,11736
Grabben Gullen,2583,-34.53102,149.38414,11737
Gradys Creek,2474,-28.40143,152.94101,11738
Grafton,2460,-29.68008,152.93363,11739
Gragin,2403,-29.54975,150.80501,11740
Grahamstown,2729,-35.25381,148.02654,11741
Graman,2360,-29.43735,150.91469,11742
Grantham Farm,2765,-33.66236,150.87377,11743
Grants Beach,2445,-31.61762,152.82,11744
Granville,2142,-33.83627,151.00955,11745
Grasmere,2570,-34.05865,150.67175,11746
Grassy Head,2441,-30.78336,152.98802,11747
Grattai,2850,-32.66737,149.4944,11748
Gravesend,2401,-29.63108,150.3233,11749
Grays Point,2232,-34.0586,151.07933,11750
Great Mackerel Beach,2084,-33.5913,151.2993,11751
Great Marlow,2460,-29.65152,152.9725,11752
Green Cape,2551,-37.21106,149.99338,11753
Green Creek,2338,-31.78928,151.0343,11754
Green Forest,2471,-28.97023,153.36187,11755
Green Gully,2850,-32.7917,149.68046,11756
Green Hills (Armidale Regional - NSW),2365,-30.26722,151.78655,11757
Green Hills (Snowy Valleys - NSW),2730,-35.54657,148.02933,11758
Green Pigeon,2474,-28.48721,153.07107,11759
Green Point (Central Coast - NSW),2251,-33.4533,151.3784,11760
Green Point (Mid-Coast - NSW),2428,-32.25083,152.5211,11761
Green Valley,2168,-33.90245,150.86565,11762
Greenacre,2190,-33.9028,151.0581,11763
Greendale (Bega Valley - NSW),2550,-36.58462,149.86272,11764
Greendale (Liverpool - NSW),2745,-33.92773,150.66258,11765
Greenethorpe,2809,-34.02974,148.38851,11766
Greenfield Park,2176,-33.87396,150.89167,11767
Greengrove,2250,-33.37835,151.1576,11768
Greenhill,2440,-31.04878,152.80419,11769
Greenhills Beach,2230,-34.03693,151.16167,11770
Greenlands (Singleton - NSW),2330,-32.36234,151.166,11771
Greenlands (Snowy Monaro Regional - NSW),2631,-36.51809,149.44399,11772
Greenleigh,2620,-35.36626,149.25361,11773
Greenridge,2471,-28.89995,153.11719,11774
Greenwell Point,2540,-34.91156,150.72981,11775
Greenwich,2065,-33.8309,151.18577,11776
Greenwich Park,2580,-34.60117,149.91077,11777
Greg Greg,2642,-36.06299,148.07058,11778
Gregadoo,2650,-35.23879,147.43131,11779
Gregory Hills,2557,-34.0309,150.77822,11780
Greigs Flat,2549,-36.97552,149.85003,11781
Grenfell,2810,-33.92824,148.18599,11782
Gresford,2311,-32.41239,151.49981,11783
Greta,2334,-32.68826,151.38658,11784
Greta Main,2325,-32.88815,151.28492,11785
Grevillia,2474,-28.4469,152.82064,11786
Greystanes,2145,-33.82309,150.94303,11787
Griffith,2680,-34.27916,146.04577,11788
Grogan,2666,-34.31858,147.73257,11789
Grong Grong,2652,-34.68903,146.7851,11790
Grose Vale,2753,-33.58349,150.65664,11791
Grose Wold,2753,-33.60175,150.67609,11792
Grosses Plain,2627,-36.56353,148.46089,11793
Growee,2849,-32.64305,150.08266,11794
Guerilla Bay,2536,-35.83123,150.22137,11795
Guildford,2161,-33.85607,150.99063,11796
Guildford West,2161,-33.85057,150.96488,11797
Gulargambone,2828,-31.28542,148.48293,11798
Gulf Creek,2347,-30.17519,150.73371,11799
Gulgong,2852,-32.3679,149.52383,11800
Gulmarrad,2463,-29.50014,153.22565,11801
Gum Flat,2360,-29.79357,150.92542,11802
Gum Scrub,2441,-31.25824,152.72826,11803
Gumbalie,2840,-30.11454,145.20806,11804
Gumble,2865,-33.08337,148.65199,11805
Gumly Gumly,2652,-35.13154,147.43126,11806
Gumma,2447,-30.7181,152.9666,11807
Gunbar,2711,-33.93649,145.29693,11808
Gundagai,2722,-35.04355,148.1033,11809
Gundamulda,2347,-30.24908,150.71877,11810
Gundaroo,2620,-35.03913,149.28626,11811
Gundary,2580,-34.8395,149.79447,11812
Gunderbooka,2840,-30.60812,145.7202,11813
Gunderman,2775,-33.38911,151.06053,11814
Gundy,2337,-31.99671,150.98303,11815
Gungal,2333,-32.26544,150.47489,11816
Gungalman,2829,-30.50707,147.99042,11817
Gunnedah,2380,-30.99554,150.20955,11818
Gunning,2581,-34.78819,149.26614,11819
Gunning Gap,2876,-33.25347,147.74153,11820
Gunningbland,2876,-33.12552,147.91114,11821
Gunningrah,2632,-36.74106,149.15015,11822
Guntawang,2852,-32.40952,149.41925,11823
Gurley,2398,-29.73252,149.82011,11824
Gurnang,2787,-34.04543,149.84772,11825
Gurranang,2460,-29.4437,152.98221,11826
Gurrundah,2581,-34.66912,149.40682,11827
Guyong,2798,-33.39742,149.26708,11828
Guyra,2365,-30.22367,151.62474,11829
Gwabegar,2356,-30.566,148.97661,11830
Gwandalan,2259,-33.14036,151.58248,11831
Gwynneville,2500,-34.41515,150.88301,11832
Gymea,2227,-34.03585,151.08265,11833
Gymea Bay,2227,-34.04924,151.0873,11834
Haberfield,2045,-33.87859,151.14093,11835
Hacks Ferry,2441,-31.3313,152.82531,11836
Halekulani,2262,-33.2212,151.55233,11837
Halfway Creek,2460,-29.93623,153.10169,11838
Hallidays Point,2430,-32.06694,152.49862,11839
Halloran,2259,-33.2291,151.44023,11840
Halls Creek,2346,-30.76689,150.9261,11841
Hallsville,2340,-31.01176,150.87365,11842
Halton,2311,-32.29949,151.53741,11843
Hambledon Hill,2330,-32.59917,151.12563,11844
Hamilton,2303,-32.9203,151.7436,11845
Hamilton East,2303,-32.92823,151.75377,11846
Hamilton North,2292,-32.91423,151.73819,11847
Hamilton South,2291,-32.93334,151.74769,11848
Hamilton Valley,2641,-36.02728,146.8921,11849
Hamlyn Terrace,2259,-33.25412,151.46972,11850
Hammondville,2170,-33.95107,150.95827,11851
Hampden Hall,2440,-31.07099,152.86113,11852
Hampton,2790,-33.66606,150.02647,11853
Hanging Rock,2340,-31.5031,151.24763,11854
Hanleys Creek,2420,-32.41822,151.68368,11855
Hannam Vale,2443,-31.71507,152.58516,11856
Hanwood,2680,-34.35333,146.0263,11857
Harden,2587,-34.54645,148.37065,11858
Hardys Bay,2257,-33.52737,151.35347,11859
Harefield,2650,-34.97756,147.55311,11860
Hargraves,2850,-32.81605,149.38985,11861
Harolds Cross,2622,-35.57895,149.55951,11862
Harparary,2390,-30.5488,150.05424,11863
Harpers Hill,2321,-32.69999,151.4088,11864
Harrington,2427,-31.86242,152.66649,11865
Harrington Park,2567,-34.02473,150.73687,11866
Harris Park,2150,-33.82231,151.01119,11867
Hartley,2790,-33.54106,150.16328,11868
Hartley Vale,2790,-33.53274,150.23262,11869
Hartwood,2710,-35.34387,145.34795,11870
Hartys Plains,2446,-31.47713,152.62628,11871
Harwood,2465,-29.41481,153.24617,11872
Hassall Grove,2761,-33.73177,150.83913,11873
Hassans Walls,2790,-33.50863,150.15505,11874
Hastings Point,2489,-28.36367,153.5722,11875
Hat Head,2440,-31.05747,153.02923,11876
Hatfield,2715,-33.74708,143.68509,11877
Havilah,2850,-32.63094,149.76319,11878
Hawkesbury Heights,2777,-33.66803,150.64177,11879
Hawks Nest,2324,-32.6279,152.21556,11880
Hay,2711,-34.38403,144.84321,11881
Hay South,2711,-34.65464,144.81233,11882
Hayes Gap,2850,-32.56341,149.7347,11883
Haymarket,2000,-33.8811,151.2042,11884
Haystack,2469,-28.66012,152.54279,11885
Hayters Hill,2481,-28.67565,153.58209,11886
Haywards Bay,2530,-34.54474,150.79258,11887
Hazelbrook,2779,-33.72868,150.4549,11888
Hazelgrove,2787,-33.65589,149.89874,11889
Heathcote,2233,-34.08346,150.99358,11890
Heatherbrae,2324,-32.78927,151.73401,11891
Hebden,2330,-32.33959,151.06577,11892
Hebersham,2770,-33.74674,150.82376,11893
Heckenberg,2168,-33.90777,150.89137,11894
Heddon Greta,2321,-32.80777,151.50741,11895
Heifer Station,2460,-29.45744,152.58452,11896
Helensburgh,2508,-34.18369,150.98153,11897
Henley,2111,-33.84247,151.1356,11898
Henty,2658,-35.5303,147.04405,11899
Hereford Hall,2622,-35.77437,149.54569,11900
Hermidale,2831,-31.61127,146.62929,11901
Hermitage Flat,2790,-33.4765,150.14767,11902
Hernani,2453,-30.30921,152.41333,11903
Herons Creek,2439,-31.55994,152.71883,11904
Hexham,2322,-32.85086,151.67463,11905
Hickeys Creek,2440,-30.87949,152.60169,11906
High Range,2575,-34.32518,150.2974,11907
Higher Macdonald,2775,-33.17327,150.90084,11908
Highfields,2289,-32.95637,151.7148,11909
Hill End,2850,-33.02507,149.44823,11910
Hill Top (Snowy Monaro Regional - NSW),2628,-36.33237,148.69327,11911
Hill Top (Wingecarribee - NSW),2575,-34.34706,150.48598,11912
Hilldale,2420,-32.49803,151.63599,11913
Hillgrove (Armidale Regional - NSW),2350,-30.6115,151.96782,11914
Hillgrove (Wagga Wagga - NSW),2650,-35.04305,147.3554,11915
Hillsborough (Lake Macquarie - NSW),2290,-32.96083,151.67421,11916
Hillsborough (Maitland - NSW),2320,-32.63276,151.47739,11917
Hillsdale,2036,-33.95293,151.22613,11918
Hillston,2675,-33.43904,145.43698,11919
Hillville,2430,-31.98048,152.34002,11920
Hillvue,2340,-31.12868,150.91126,11921
Hinchinbrook,2168,-33.91835,150.86354,11922
Hinton,2321,-32.72196,151.6656,11923
Hobartville,2753,-33.60312,150.74374,11924
Hobbys Yards,2795,-33.68929,149.32814,11925
Hogarth Range,2469,-28.90516,152.8258,11926
Holbrook,2644,-35.69802,147.31338,11927
Holgate,2250,-33.40502,151.40569,11928
Hollisdale,2446,-31.38785,152.54415,11929
Hollydeen,2328,-32.3248,150.62236,11930
Holmesville,2286,-32.91669,151.58165,11931
Holroyd,2142,-33.82907,150.99823,11932
Holsworthy,2173,-34.06964,150.91398,11933
Holts Flat,2631,-36.61248,149.27195,11934
Home Rule,2850,-32.42509,149.62864,11935
Homebush,2140,-33.86219,151.08047,11936
Homebush West,2140,-33.86241,151.06885,11937
Homeleigh,2474,-28.5694,153.06141,11938
Honeybugle,2825,-31.8354,146.87966,11939
Hopefield,2646,-35.9168,146.46304,11940
Hopkins Creek,2484,-28.28672,153.23488,11941
Horningsea Park,2171,-33.94732,150.8448,11942
Hornsby,2077,-33.69748,151.09467,11943
Hornsby Heights,2077,-33.6566,151.10126,11944
Horse Station Creek,2474,-28.61474,152.95239,11945
Horseshoe Bend,2320,-32.73544,151.56768,11946
Horseshoe Creek,2474,-28.53577,153.03738,11947
Horsfield Bay,2256,-33.49093,151.30117,11948
Horsley,2530,-34.48914,150.77475,11949
Horsley Park,2175,-33.83992,150.84858,11950
Hoskinstown,2621,-35.40316,149.4301,11951
Hovells Creek,2794,-34.06672,148.85839,11952
Howards Grass,2480,-28.79181,153.30318,11953
Howell,2360,-29.93411,151.04328,11954
Howes Valley,2330,-32.8109,150.83431,11955
Howick,2330,-32.43136,150.93338,11956
Howlong,2643,-35.95572,146.62449,11957
Hoxton Park,2171,-33.9295,150.85758,11958
Humula,2652,-35.48094,147.75175,11959
Hungerford,2840,-29.1706,144.61548,11960
Hunters Hill,2110,-33.82779,151.1422,11961
Hunterview,2330,-32.5393,151.1736,11962
Huntingdon,2446,-31.47045,152.65368,11963
Huntingwood,2148,-33.79787,150.8815,11964
Huntley (Orange - NSW),2800,-33.36941,149.12506,11965
Huntley (Wollongong - NSW),2530,-34.49671,150.73831,11966
Huntleys Cove,2111,-33.83777,151.13983,11967
Huntleys Point,2111,-33.83957,151.14417,11968
Huonbrook,2482,-28.53699,153.3622,11969
Hurlstone Park,2193,-33.90959,151.12844,11970
Hurstville,2220,-33.96167,151.09991,11971
Hurstville Grove,2220,-33.97737,151.09376,11972
Huskisson,2540,-35.03746,150.64957,11973
Hyams Beach,2540,-35.10943,150.68658,11974
Hydes Creek,2454,-30.41516,152.92599,11975
Hyland Park,2448,-30.6135,152.9901,11976
Hyndmans Creek,2446,-31.47492,152.60025,11977
Ilarwill,2463,-29.48321,153.17567,11978
Ilford,2850,-32.95455,149.83475,11979
Illabo,2590,-34.828,147.7517,11980
Illaroo,2540,-34.85873,150.47037,11981
Illawong,2234,-33.99872,151.03699,11982
Iluka,2466,-29.39533,153.35668,11983
Indi,2642,-36.26901,148.05555,11984
Ingebirah,2627,-36.63335,148.52828,11985
Ingeegoodbee,2627,-36.74406,148.35141,11986
Ingleburn,2565,-34.00407,150.86353,11987
Ingleside,2101,-33.69156,151.25815,11988
Innes View,2429,-31.59181,152.39605,11989
Inverell,2360,-29.7622,151.11036,11990
Invergordon,2422,-32.05047,151.72191,11991
Invergowrie,2350,-30.51147,151.50726,11992
Iron Pot Creek,2474,-28.63621,152.86125,11993
Ironbark,2347,-30.29282,150.80106,11994
Ironmungy,2630,-36.62612,148.91302,11995
Irvington,2470,-28.86266,153.10469,11996
Irymple,2835,-32.52222,145.45493,11997
Isabella,2795,-33.95051,149.65874,11998
Islington,2296,-32.91353,151.74583,11999
Ivanhoe,2878,-32.69974,144.14148,12000
Jackadgery,2460,-29.60589,152.55495,12001
Jacks Creek,2390,-30.49772,149.73956,12002
Jacksons Flat,2469,-28.83089,152.56277,12003
Jacky Bulbin Flat,2463,-29.28043,153.18804,12004
Jagumba,2642,-36.04287,148.23556,12005
Jagungal Wilderness,2642,-36.14963,148.34187,12006
Jamberoo,2533,-34.65531,150.76504,12007
James Creek,2463,-29.45371,153.24246,12008
Jamisontown,2750,-33.76749,150.67699,12009
Jannali,2226,-34.01601,151.06305,12010
Jaspers Brush,2535,-34.7998,150.65339,12011
Jaunter,2787,-33.98643,149.91501,12012
Jeir,2582,-35.05632,148.97169,12013
Jellat Jellat,2550,-36.7233,149.88091,12014
Jemalong,2871,-33.44721,147.71668,12015
Jembaicumbene,2622,-35.52124,149.76514,12016
Jennings,,-28.94007,151.97037,12017
Jenolan,2790,-33.80908,150.06709,12018
Jeogla,2350,-30.66917,152.13566,12019
Jerangle,2630,-35.89641,149.36603,12020
Jeremadra,2536,-35.81324,150.13845,12021
Jeremy,2795,-33.9854,149.53162,12022
Jerilderie,2716,-35.27761,145.75373,12023
Jerrabattgulla,2622,-35.68226,149.58342,12024
Jerrabomberra,2619,-35.38307,149.2011,12025
Jerrara,2533,-34.67664,150.81749,12026
Jerrawa,2582,-34.78044,149.07557,12027
Jerrawangala,2540,-35.07396,150.44219,12028
Jerrong,2580,-34.16027,149.84431,12029
Jerrys Plains,2330,-32.46927,150.85254,12030
Jerseyville,2440,-30.9219,153.02757,12031
Jesmond,2299,-32.90093,151.6928,12032
Jewells,2280,-33.00737,151.68541,12033
Jews Lagoon,2397,-29.87316,149.46554,12034
Jiggi,2480,-28.70182,153.18448,12035
Jilliby,2259,-33.21845,151.36201,12036
Jimenbuen,2628,-36.7421,148.84366,12037
Jincumbilly,2631,-36.7075,149.22895,12038
Jindabyne,2627,-36.44441,148.63342,12039
Jinden,2622,-35.87543,149.59811,12040
Jindera,2642,-35.95344,146.87731,12041
Jingellic,2642,-35.90538,147.69415,12042
Jingera,2622,-35.67269,149.44522,12043
Joadja,2575,-34.43095,150.22571,12044
Joes Box,2469,-28.6783,152.59407,12045
Johns River,2443,-31.72807,152.69957,12046
Jolly Nose,2445,-31.59165,152.78449,12047
Jones Bridge,2720,-35.37536,148.25517,12048
Jones Island,2430,-31.8602,152.59361,12049
Jordan Springs,2747,-33.72679,150.7433,12050
Judds Creek,2795,-33.84934,149.53668,12051
Jugiong,2726,-34.79398,148.33627,12052
Junction Hill,2460,-29.6362,152.92988,12053
Junee,2663,-34.86421,147.57993,12054
Junee Reefs,2666,-34.71545,147.66745,12055
Kahibah,2290,-32.96169,151.71123,12056
Kains Flat,2850,-32.47295,149.8512,12057
Kalang,2454,-30.49884,152.73234,12058
Kalaru,2550,-36.72985,149.93005,12059
Kalkite,2627,-36.33316,148.64352,12060
Kamarah,2665,-34.35593,146.76187,12061
Kameruka,2550,-36.72096,149.70396,12062
Kanahooka,2530,-34.49369,150.81849,12063
Kanangra,2787,-33.98858,150.08919,12064
Kandos,2848,-32.85953,149.97109,12065
Kangaloon,2576,-34.54652,150.54212,12066
Kangaroo Creek,2460,-29.97132,152.85738,12067
Kangaroo Point,2224,-34.00247,151.0951,12068
Kangaroo Valley,2577,-34.73427,150.47769,12069
Kangaroobie,2800,-33.16791,149.05419,12070
Kangiara,2582,-34.60352,148.79193,12071
Kangy Angy,2258,-33.31985,151.39428,12072
Kanimbla,2790,-33.63216,150.21304,12073
Kanoona,2550,-36.74585,149.77423,12074
Kanwal,2259,-33.26303,151.4848,12075
Kapooka,2661,-35.15263,147.27744,12076
Kaputar,2390,-30.30495,150.13342,12077
Karaak Flat,2429,-31.91715,152.29019,12078
Karabar,2620,-35.37643,149.23233,12079
Karangi,2450,-30.24019,153.05512,12080
Kareela,2232,-34.01833,151.08334,12081
Kariong,2250,-33.45328,151.27446,12082
Kars Springs,2337,-31.91983,150.54056,12083
Karuah,2324,-32.63225,151.95679,12084
Katoomba,2780,-33.70531,150.30091,12085
Kayuga,2333,-32.20816,150.83201,12086
Kearns,2558,-34.02077,150.80198,12087
Kearsley,2325,-32.84752,151.40236,12088
Keepit,2340,-30.84737,150.51133,12089
Keera,2404,-30.0433,150.76241,12090
Keerrong,2480,-28.71734,153.26981,12091
Keinbah,2320,-32.75422,151.4076,12092
Keiraville,2500,-34.40841,150.87306,12093
Keith Hall,2478,-28.89424,153.54319,12094
Kellys Plains,2350,-30.58251,151.63177,12095
Kellyville,2155,-33.71059,150.95845,12096
Kellyville Ridge,2155,-33.70441,150.91951,12097
Kelso,2795,-33.41897,149.62232,12098
Kelvin,2380,-30.82672,150.38751,12099
Kembla Grange,2526,-34.46806,150.80027,12100
Kembla Heights,2526,-34.42767,150.8068,12101
Kemps Creek,2178,-33.86843,150.78799,12102
Kempsey,2440,-31.06122,152.84846,12103
Kendall,2439,-31.63771,152.69125,12104
Kenebri,2396,-30.71616,148.94729,12105
Kennaicle Creek,2449,-30.52934,152.81789,12106
Kensington,2033,-33.91292,151.21996,12107
Kenthurst,2156,-33.64264,150.97173,12108
Kentlyn,2560,-34.0601,150.86482,12109
Kentucky,2354,-30.75031,151.37546,12110
Kentucky South,2354,-30.80446,151.4607,12111
Kerewong,2439,-31.63058,152.54302,12112
Keri Keri,2711,-34.77404,143.98352,12113
Kerrabee,2328,-32.46894,150.30234,12114
Kerrigundi,2835,-31.00892,145.2787,12115
Kerrs Creek,2800,-33.05517,149.11552,12116
Kew,2439,-31.64533,152.73752,12117
Keybarbin,2460,-29.10138,152.61971,12118
Khancoban,2642,-36.25155,148.14556,12119
Khatambuhl,2429,-31.75791,151.99292,12120
Kia Ora,2422,-31.95802,151.97332,12121
Kiacatoo,2877,-33.05075,146.77259,12122
Kiah,2551,-37.1609,149.84651,12123
Kiama,2533,-34.67421,150.8441,12124
Kiama Downs,2533,-34.64112,150.84814,12125
Kiama Heights,2533,-34.70125,150.84175,12126
Kianga,2546,-36.18377,150.07468,12127
Kiar,2259,-33.20864,151.44223,12128
Kickabil,2830,-31.90098,148.41079,12129
Kielvale,2484,-28.33785,153.44781,12130
Kikiamah,2594,-34.09781,148.12949,12131
Kikoira,2669,-33.65768,146.66026,12132
Kilaben Bay,2283,-33.02435,151.59158,12133
Kilgin,2472,-29.02917,153.37352,12134
Kilgra,2474,-28.55591,152.98135,12135
Killabakh,2429,-31.71963,152.40301,12136
Killara,2071,-33.76772,151.15829,12137
Killarney Heights,2087,-33.77274,151.22145,12138
Killarney Vale,2261,-33.36743,151.46137,12139
Killawarra,2429,-31.89598,152.29113,12140
Killcare,2257,-33.52243,151.36337,12141
Killcare Heights,2257,-33.52263,151.37453,12142
Killiekrankie,2449,-30.5676,152.56108,12143
Killimicat,2720,-35.20513,148.24338,12144
Killingworth,2278,-32.93179,151.54187,12145
Killongbutta,2795,-33.18831,149.42552,12146
Kimbriki,2429,-31.92531,152.2112,12147
Kinchela,2440,-30.99904,153.00529,12148
Kincumber,2251,-33.47395,151.40205,12149
Kincumber South,2251,-33.48402,151.38189,12150
Kindee,2446,-31.39186,152.43302,12151
Kindervale,2622,-35.64368,149.55508,12152
King Creek,2446,-31.49165,152.75685,12153
Kingfisher Shores,2259,-33.17157,151.5563,12154
Kinghorne,2540,-34.98055,150.77052,12155
Kings Forest,2487,-28.29979,153.54985,12156
Kings Langley,2147,-33.74876,150.9322,12157
Kings Park,2148,-33.74351,150.90742,12158
Kings Plains (Blayney - NSW),2799,-33.48962,149.32659,12159
Kings Plains (Inverell - NSW),2360,-29.60218,151.41399,12160
Kings Point,2539,-35.37189,150.44422,12161
Kingscliff,2487,-28.26387,153.5742,12162
Kingsdale,2580,-34.66958,149.68685,12163
Kingsford,2032,-33.92398,151.22849,12164
Kingsgate,2370,-29.80054,152.08974,12165
Kingsgrove,2208,-33.94011,151.09987,12166
Kingsland,2370,-29.70392,151.46949,12167
Kingstown,2358,-30.50174,151.12503,12168
Kingsvale,2587,-34.44935,148.33624,12169
Kingswood (Bega Valley - NSW),2550,-36.7419,149.82194,12170
Kingswood (Penrith - NSW),2747,-33.76398,150.7264,12171
Kingswood (Tamworth Regional - NSW),2340,-31.16103,150.92821,12172
Kinvara,2478,-28.78925,153.54291,12173
Kioloa,2539,-35.54789,150.37383,12174
Kiora,2537,-35.90284,150.0169,12175
Kippara,2441,-31.23479,152.52204,12176
Kippaxs,2429,-31.65195,152.32335,12177
Kippenduff,2469,-29.1609,152.7986,12178
Kirkconnell,2795,-33.42246,149.85054,12179
Kirkham,2570,-34.03593,150.7109,12180
Kirrawee,2232,-34.03281,151.07172,12181
Kirribilli,2061,-33.84793,151.217,12182
Kitchener,2325,-32.88106,151.36527,12183
Kiwarrak,2430,-32.0042,152.4138,12184
Klori,2346,-30.81597,150.75593,12185
Knights Hill,2577,-34.61915,150.69307,12186
Knockrow,2479,-28.76021,153.54097,12187
Knorrit Flat,2424,-31.8358,152.10989,12188
Knorrit Forest,2424,-31.78987,152.13205,12189
Kogarah,2217,-33.96678,151.13611,12190
Kogarah Bay,2217,-33.98195,151.12435,12191
Kooba,2680,-34.42498,146.10338,12192
Kookabookra,2370,-30.02606,152.05246,12193
Koolewong,2256,-33.46767,151.3163,12194
Koolkhan,2460,-29.61767,152.9297,12195
Koonawarra,2530,-34.50914,150.80988,12196
Koonorigan,2480,-28.69793,153.22739,12197
Koonyum Range,2482,-28.54003,153.40936,12198
Kooragang,2304,-32.86319,151.74119,12199
Koorainghat,2430,-31.98707,152.50302,12200
Koorawatha,2807,-34.02099,148.58318,12201
Kooringal,2650,-35.14018,147.37677,12202
Kootingal,2352,-31.05948,151.05825,12203
Koraleigh,2735,-35.12842,143.43997,12204
Koreelah,2476,-28.37025,152.44804,12205
Korora,2450,-30.25013,153.11643,12206
Kosciuszko,2627,-36.48972,148.20361,12207
Kotara,2289,-32.94326,151.69642,12208
Kotara South,2289,-32.9503,151.68923,12209
Krambach,2429,-32.03826,152.26327,12210
Krawarree,2622,-35.76102,149.61456,12211
Kremnos,2460,-29.98139,152.94344,12212
Ku-ring-gai Chase,2084,-33.63863,151.23381,12213
Kulnura,2250,-33.20042,151.17167,12214
Kulwin,2835,-32.33205,144.91573,12215
Kunama,2730,-35.54647,148.08839,12216
Kundabung,2441,-31.20555,152.82172,12217
Kundibakh,2429,-31.98787,152.26084,12218
Kundle Kundle,2430,-31.85244,152.52954,12219
Kungala,2460,-29.95567,153.03248,12220
Kunghur,2484,-28.46353,153.23466,12221
Kunghur Creek,2484,-28.50171,153.23884,12222
Kurmond,2757,-33.54979,150.70039,12223
Kurnell,2231,-34.0221,151.19368,12224
Kurraba Point,2089,-33.84087,151.22257,12225
Kurrajong,2758,-33.50555,150.70117,12226
Kurrajong Heights,2758,-33.5175,150.61671,12227
Kurrajong Hills,2758,-33.52303,150.65527,12228
Kurri Kurri,2327,-32.81571,151.47985,12229
Kyalite,2715,-34.89341,143.52401,12230
Kyarran,2460,-29.58916,152.97425,12231
Kybeyan,2631,-36.38199,149.42657,12232
Kyeamba,2650,-35.4593,147.5732,12233
Kyeemagh,2216,-33.9489,151.16123,12234
Kyle Bay,2221,-33.989,151.1006,12235
Kynnumboon,2484,-28.30785,153.37382,12236
Kyogle,2474,-28.64077,153.01573,12237
La Perouse,2036,-33.99201,151.24038,12238
Lacmalac,2720,-35.31115,148.31935,12239
Lade Vale,2581,-34.8504,149.15709,12240
Ladysmith,2652,-35.21278,147.54351,12241
Laffing Waters,2795,-33.37051,149.62143,12242
Laggan,2583,-34.34882,149.56292,12243
Lagoon Grass,2480,-28.79308,153.32183,12244
Laguna,2325,-33.04582,151.03673,12245
Lake Albert,2650,-35.16882,147.39391,12246
Lake Bathurst,2580,-35.01811,149.67834,12247
Lake Brewster,2675,-33.45211,145.99556,12248
Lake Burrendong,2820,-32.7176,149.1304,12249
Lake Cargelligo,2672,-33.37857,146.32875,12250
Lake Cathie,2445,-31.54769,152.83549,12251
Lake Conjola,2539,-35.27198,150.46977,12252
Lake Cowal,2671,-33.65769,147.375,12253
Lake George,2581,-35.12451,149.42054,12254
Lake Haven,2263,-33.24436,151.50277,12255
Lake Heights,2502,-34.48522,150.86746,12256
Lake Hiawatha,2462,-29.80498,153.2609,12257
Lake Hume Village,,-36.09284,147.03434,12258
Lake Illawarra,2528,-34.54385,150.86332,12259
Lake Innes,2446,-31.5036,152.82765,12260
Lake Macquarie,2259,-33.09303,151.5917,12261
Lake Munmorah,2259,-33.18949,151.57273,12262
Lake Tabourie,2538,-35.42864,150.41283,12263
Lake Wyangan,2680,-34.2306,146.02098,12264
Lakelands,2282,-32.96181,151.64952,12265
Lakemba,2195,-33.91899,151.07581,12266
Lakesland,2572,-34.18535,150.49615,12267
Lakewood,2443,-31.6361,152.7678,12268
Lalalty,,-35.80928,145.72154,12269
Lalor Park,2147,-33.76211,150.9304,12270
Lambs Valley (Glen Innes Severn - NSW),2370,-29.81367,151.7953,12271
Lambs Valley (Singleton - NSW),2335,-32.5726,151.46247,12272
Lambton,2299,-32.91371,151.70288,12273
Landervale,2652,-34.53764,146.70858,12274
Lane Cove,2066,-33.81805,151.16579,12275
Lane Cove North,2066,-33.80513,151.16209,12276
Lane Cove West,2066,-33.81197,151.15158,12277
Langley Vale,2426,-31.78298,152.56831,12278
Lanitza,2460,-29.87888,152.9792,12279
Lankeys Creek,2644,-35.83209,147.63233,12280
Lansdowne (Canterbury-Bankstown - NSW),2163,-33.89793,150.97657,12281
Lansdowne (Mid-Coast - NSW),2430,-31.76225,152.51523,12282
Lansdowne Forest,2430,-31.74734,152.57596,12283
Lansvale,2166,-33.90118,150.96486,12284
Lapstone,2773,-33.77423,150.63587,12285
Larbert,2622,-35.32197,149.76789,12286
Largs,2320,-32.70484,151.60676,12287
Larnook,2480,-28.66379,153.10987,12288
Larras Lee,2866,-32.96323,148.8765,12289
Laughtondale,2775,-33.43769,151.02898,12290
Laurel Hill,2649,-35.60257,148.0957,12291
Laurieton,2443,-31.64273,152.79432,12292
Lavadia,2462,-29.71353,153.06892,12293
Lavender Bay,2060,-33.84487,151.20827,12294
Laverstock,2582,-34.65137,148.87441,12295
Lavington,2641,-36.03538,146.93682,12296
Lawrence,2460,-29.45101,153.07678,12297
Lawson,2783,-33.72023,150.43317,12298
Leadville,2844,-32.03824,149.58833,12299
Leconfield,2335,-32.64901,151.39545,12300
Lee Creek,2849,-32.53941,150.13522,12301
Leeton,2705,-34.4988,146.38895,12302
Leets Vale,2775,-33.42496,150.94799,12303
Leeville,2470,-28.96671,152.99861,12304
Legume,2476,-28.46757,152.28606,12305
Leichhardt,2040,-33.88213,151.15507,12306
Lemington,2330,-32.48155,150.95612,12307
Lemon Tree,2259,-33.13313,151.37277,12308
Lemon Tree Passage,2319,-32.7331,152.0262,12309
Len Waters Estate,2171,-33.9114,150.85316,12310
Lenaghan,2322,-32.84865,151.63119,12311
Lennox Head,2478,-28.7895,153.58314,12312
Leonay,2750,-33.76699,150.64728,12313
Leppington,2179,-33.96934,150.7957,12314
Lerida,2581,-34.88488,149.33251,12315
Lethbridge Park,2770,-33.73762,150.80023,12316
Leumeah,2560,-34.05313,150.83768,12317
Leura,2780,-33.70677,150.3368,12318
Levenstrath,2460,-29.82427,152.93329,12319
Lewinsbrook,2311,-32.43659,151.59878,12320
Lewis Ponds,2800,-33.28233,149.28223,12321
Lewisham,2049,-33.8954,151.14543,12322
Leycester,2480,-28.77372,153.17935,12323
Liberty Grove,2138,-33.84067,151.08377,12324
Lidcombe,2141,-33.86053,151.0483,12325
Liddell,2333,-32.42778,151.0032,12326
Lidsdale,2790,-33.3602,150.11905,12327
Lidster,2800,-33.32161,148.92351,12328
Lightning Ridge,2834,-29.31726,148.00674,12329
Lilli Pilli (Eurobodalla - NSW),2536,-35.77409,150.22123,12330
Lilli Pilli (Sutherland Shire - NSW),2229,-34.06883,151.11553,12331
Lillian Rock,2480,-28.53577,153.15882,12332
Lilydale,2460,-29.54972,152.65778,12333
Lilyfield,2040,-33.87106,151.16197,12334
Lilyvale,2508,-34.17747,151.02228,12335
Limbri,2352,-31.04713,151.20657,12336
Limeburners Creek (Mid-Coast - NSW),2324,-32.57919,151.91316,12337
Limeburners Creek (Port Macquarie-Hastings - NSW),2444,-31.33288,152.89216,12338
Limekilns,2795,-33.24674,149.74556,12339
Limerick,2583,-34.21253,149.47442,12340
Limestone,2361,-29.21313,151.05017,12341
Limpinwood,2484,-28.29914,153.1979,12342
Linburn,2850,-32.42348,149.70151,12343
Linden,2778,-33.7175,150.50931,12344
Lindendale,2480,-28.82954,153.37542,12345
Lindesay,2347,-30.34233,150.29208,12346
Lindesay Creek,2476,-28.3338,152.63642,12347
Lindfield,2070,-33.78138,151.16206,12348
Lindifferon,2710,-35.40908,145.18541,12349
Linley Point,,-33.82707,151.14907,12350
Lionsville,2460,-29.18227,152.50247,12351
Lisarow,2250,-33.38487,151.38078,12352
Lismore,2480,-28.8078,153.2858,12353
Lismore Heights,2480,-28.80376,153.30152,12354
Liston,2372,-28.635,152.12031,12355
Lithgow,2790,-33.48329,150.15689,12356
Little Back Creek,2474,-28.6138,153.04584,12357
Little Bay,2036,-33.98278,151.24584,12358
Little Billabong,2644,-35.62078,147.51224,12359
Little Forest,2538,-35.29377,150.37267,12360
Little Hartley,2790,-33.58496,150.19865,12361
Little Jacks Creek,2339,-31.79099,150.54155,12362
Little Jilliby,2259,-33.23576,151.36286,12363
Little Pelican,2281,-33.08007,151.64183,12364
Little Plain,2360,-29.73628,150.93123,12365
Little River,2720,-35.33858,148.31867,12366
Little Topar,2880,-31.73826,142.39904,12367
Little Wobby,2256,-33.53746,151.25485,12368
Littleton,2790,-33.49717,150.13977,12369
Liverpool,2170,-33.92327,150.91544,12370
Llanarth,2795,-33.39726,149.55032,12371
Llandilo,2747,-33.70163,150.749,12372
Llangothlin,2365,-30.10361,151.68515,12373
Lloyd,2650,-35.14919,147.32423,12374
Loadstone,2474,-28.38973,152.98866,12375
Lochiel,2549,-36.94699,149.78313,12376
Lochinvar,2321,-32.71162,151.45275,12377
Lockhart,2656,-35.17963,146.76752,12378
Locksley,2795,-33.51416,149.80001,12379
Loftus,2232,-34.04272,151.04511,12380
Loftville,2480,-28.83682,153.25972,12381
Logans Crossing,2439,-31.60998,152.70272,12382
Logie Brae,2713,-35.46404,145.50633,12383
Londonderry,2753,-33.65345,150.73579,12384
Long Beach,2536,-35.6937,150.22693,12385
Long Flat,2446,-31.43787,152.48895,12386
Long Jetty,2261,-33.35852,151.48706,12387
Long Plain (Inverell - NSW),2360,-29.76573,151.23602,12388
Long Plain (Snowy Monaro Regional - NSW),2629,-35.6621,148.58102,12389
Long Point (Campbelltown - NSW),2564,-34.01044,150.89716,12390
Long Point (Singleton - NSW),2330,-32.56614,151.12119,12391
Longarm,2347,-30.49162,150.55065,12392
Longreach,2540,-34.87238,150.5297,12393
Longueville,2066,-33.83,151.16893,12394
Loomberah,2340,-31.28243,151.01982,12395
Lord Howe Island,2898,-31.55314,159.07751,12396
Lords Hill,2632,-36.96552,149.1745,12397
Lorn,2320,-32.7286,151.57388,12398
Lorne,2439,-31.66241,152.60538,12399
Lost River,2583,-34.43554,149.31745,12400
Lostock,2311,-32.32217,151.43497,12401
Louisa Creek,2469,-29.01586,152.61987,12402
Louth,2840,-30.54582,144.86634,12403
Louth Park,2320,-32.77156,151.54718,12404
Lovedale,2325,-32.74911,151.3618,12405
Lovett Bay,2105,-33.63037,151.27923,12406
Lowanna,2450,-30.17802,152.89743,12407
Lower Acacia Creek,2476,-28.4793,152.19921,12408
Lower Bago,2730,-35.56052,147.95575,12409
Lower Belford,2335,-32.62125,151.29975,12410
Lower Boro,2580,-35.13944,149.78715,12411
Lower Bottle Creek,2469,-28.81866,152.60357,12412
Lower Creek,2440,-30.68162,152.2904,12413
Lower Duck Creek,2469,-28.73612,152.53071,12414
Lower Dyraaba,2470,-28.80428,152.88434,12415
Lower Lewis Ponds,2800,-33.21055,149.23872,12416
Lower Macdonald,2775,-33.35854,150.96866,12417
Lower Mangrove,2250,-33.39905,151.13613,12418
Lower Pappinbarra,2446,-31.41621,152.58974,12419
Lower Peacock,2469,-28.77593,152.58056,12420
Lower Portland,2756,-33.43906,150.88583,12421
Lower Southgate,2460,-29.53533,153.05306,12422
Lowesdale,2646,-35.84319,146.3369,12423
Lowther,2790,-33.61566,150.12983,12424
Loxford,2326,-32.79488,151.48608,12425
Lucas Heights,2234,-34.04016,150.97935,12426
Lucknow,2800,-33.35012,149.16132,12427
Luddenham,2745,-33.86579,150.70953,12428
Lue,2850,-32.64202,149.84231,12429
Lugarno,2210,-33.9828,151.04559,12430
Lurnea,2170,-33.93622,150.89586,12431
Luskintyre,2321,-32.66178,151.43156,12432
Lynchs Creek,2474,-28.45728,152.99217,12433
Lyndhurst (Armidale Regional - NSW),2350,-30.35707,152.04363,12434
Lyndhurst (Blayney - NSW),2797,-33.68323,148.99442,12435
Lynwood,2477,-28.87162,153.44209,12436
Mabins Well,2716,-34.90743,145.52536,12437
Macdonalds Creek,2339,-31.80742,150.44212,12438
Macksville,2447,-30.72111,152.91906,12439
Maclean,2463,-29.44851,153.21577,12440
Macmasters Beach,2251,-33.4945,151.41018,12441
Macquarie Fields,2564,-33.99133,150.89411,12442
Macquarie Hills,2285,-32.95083,151.64373,12443
Macquarie Links,2565,-33.98196,150.87162,12444
Macquarie Marshes,2831,-30.69453,147.63089,12445
Macquarie Park,2113,-33.77788,151.12554,12446
Macquarie Pass,2577,-34.56154,150.66101,12447
Maddens Plains,2508,-34.2593,150.94488,12448
Maffra,2630,-36.54158,148.97242,12449
Magenta,2261,-33.29965,151.53569,12450
Magometon,2829,-31.02218,148.64696,12451
Maianbar,,-34.08107,151.12847,12452
Maimuru,2594,-34.23345,148.18258,12453
Main Arm,2482,-28.51363,153.43717,12454
Main Creek,2420,-32.30828,151.79611,12455
Mairjimmy,2716,-35.48208,145.74454,12456
Maison Dieu,2330,-32.53756,151.09096,12457
Maitland,2320,-32.7384,151.55073,12458
Maitland Bar,2850,-32.73506,149.43065,12459
Maitland Vale,2320,-32.67562,151.55384,12460
Majors Creek,2622,-35.582,149.73094,12461
Malabar,2036,-33.96316,151.25486,12462
Malabugilmah,2460,-29.21995,152.62596,12463
Maldon,2571,-34.19849,150.63612,12464
Mallabula,2319,-32.73398,152.01328,12465
Mallan,2734,-35.10452,143.76197,12466
Mallanganee,2469,-28.90697,152.72061,12467
Mallee,2738,-34.23522,142.53351,12468
Mallowa,2400,-29.63995,149.37351,12469
Maloneys Beach,2536,-35.70083,150.25388,12470
Malua Bay,2536,-35.7905,150.21008,12471
Manar,2622,-35.26945,149.67784,12472
Manchester Square,2577,-34.60009,150.3957,12473
Mandagery,2870,-33.25693,148.44864,12474
Mandalong,2264,-33.1292,151.42221,12475
Mandemar,2575,-34.43876,150.2794,12476
Mandurama,2792,-33.65105,148.97297,12477
Mangerton,2500,-34.43245,150.87141,12478
Mangoola,2333,-32.31843,150.72957,12479
Mangoplah,2652,-35.4012,147.251,12480
Mangrove Creek,2250,-33.35109,151.12581,12481
Mangrove Mountain,2250,-33.32103,151.18437,12482
Manildra,2865,-33.21221,148.64853,12483
Manilla,2346,-30.7343,150.73507,12484
Manly,2095,-33.80546,151.29069,12485
Manly Vale,2093,-33.78246,151.26628,12486
Mannering Park,2259,-33.16592,151.53929,12487
Manning Point,2430,-31.89079,152.66848,12488
Mannus,2653,-35.83751,147.9459,12489
Manobalai,2333,-32.18043,150.63405,12490
Manton,2582,-34.84919,149.01455,12491
Manyana,2539,-35.25387,150.51717,12492
Maragle,2653,-35.91399,148.19217,12493
Maraylya,2765,-33.59015,150.91978,12494
Marayong,2148,-33.74878,150.89221,12495
March,2800,-33.21178,149.07886,12496
Marchmont,2582,-34.90321,148.93663,12497
Mardi,2259,-33.29487,151.40143,12498
Marengo,2453,-30.14044,152.41694,12499
Mares Run,2422,-31.6411,151.80026,12500
Marinna,2663,-34.81024,147.62469,12501
Marks Point,2280,-33.05874,151.64916,12502
Markwell,2423,-32.30722,152.17527,12503
Marlee,2429,-31.77092,152.31686,12504
Marlo Merrican,2441,-31.18952,152.68003,12505
Marlow,2775,-33.4695,151.1721,12506
Marlowe,2622,-35.27076,149.87947,12507
Marmong Point,2284,-32.98083,151.61507,12508
Marom Creek,2480,-28.9158,153.36358,12509
Maroota,2756,-33.46106,150.98144,12510
Maroubra,2035,-33.94376,151.24506,12511
Marrangaroo,2790,-33.42651,150.14251,12512
Marrar,2652,-34.83283,147.34343,12513
Marrickville,2204,-33.91271,151.15568,12514
Marsden Park,2765,-33.70837,150.82957,12515
Marsfield,2122,-33.77789,151.10428,12516
Marshall Mount,2530,-34.54384,150.72972,12517
Marshdale,2420,-32.42493,151.80352,12518
Marthaguy,2824,-31.24852,147.86066,12519
Martindale,2328,-32.5959,150.64747,12520
Martins Creek,2420,-32.55512,151.64398,12521
Martinsville,2265,-33.05101,151.39182,12522
Marulan,2579,-34.72927,150.0007,12523
Maryland (Newcastle - NSW),2287,-32.88038,151.6641,12524
Maryland (Tenterfield - NSW),,-28.53892,152.0459,12525
Marys Mount,2380,-30.9787,150.01644,12526
Maryvale,2820,-32.45838,148.90046,12527
Maryville,2293,-32.91223,151.755,12528
Mascot,2020,-33.93984,151.18067,12529
Matcham,2250,-33.40643,151.42802,12530
Matheson,2370,-29.75634,151.57188,12531
Mathoura,2710,-35.80951,144.86294,12532
Matong,2652,-34.76351,146.91206,12533
Matraville,2036,-33.96375,151.2327,12534
Maude,2711,-34.48966,144.18984,12535
Maules Creek,2382,-30.48567,150.23147,12536
Maxwell,2650,-35.28527,147.29595,12537
Maybole,2365,-29.90351,151.57517,12538
Mayers Flat,2423,-32.4378,152.3296,12539
Mayfield (Newcastle - NSW),2304,-32.89771,151.73802,12540
Mayfield (Oberon - NSW),2787,-33.66574,149.77253,12541
Mayfield (Queanbeyan-Palerang Regional - NSW),2580,-35.2367,149.78158,12542
Mayfield (Shoalhaven - NSW),2540,-34.91954,150.66351,12543
Mayfield East,2304,-32.9,151.75017,12544
Mayfield North,2304,-32.89027,151.74997,12545
Mayfield West,2304,-32.88678,151.72547,12546
Mayrung,2710,-35.47301,145.32617,12547
Mays Hill,,-33.8212,150.9886,12548
Mayvale,2347,-30.40999,150.41046,12549
McCullys Gap,2333,-32.20701,151.00033,12550
McDougalls Hill,2330,-32.5461,151.14736,12551
McGraths Hill,2756,-33.61253,150.84159,12552
McKees Hill,2480,-28.87827,153.18405,12553
McKellars Park,2790,-33.4714,150.15227,12554
McLeans Ridges,2480,-28.78736,153.38783,12555
McLeods Shoot,2479,-28.65909,153.55498,12556
McMahons Point,2060,-33.84513,151.20287,12557
McMahons Reef,2587,-34.70134,148.41347,12558
Meadow Flat,2795,-33.43802,149.91812,12559
Meadowbank,2114,-33.81682,151.08832,12560
Mebbin,2484,-28.44986,153.16136,12561
Mebul,2852,-32.33497,149.35836,12562
Medlow Bath,2780,-33.67827,150.28799,12563
Medowie,2318,-32.74015,151.87991,12564
Medway,2577,-34.49118,150.2855,12565
Meerschaum Vale,2477,-28.9265,153.4143,12566
Megalong Valley,2785,-33.72217,150.22141,12567
Megan,2453,-30.30122,152.7731,12568
Melbergen,2669,-33.74468,146.01112,12569
Melinga,2430,-31.81309,152.4996,12570
Mellong,2756,-33.11071,150.74075,12571
Mellool,2734,-35.32338,143.77251,12572
Melonba,2765,-33.69223,150.80187,12573
Melrose Park,2114,-33.81511,151.07175,12574
Melville,2320,-32.67616,151.52069,12575
Memagong,2594,-34.29429,148.128,12576
Menah,2850,-32.53446,149.54463,12577
Menai,2234,-34.00527,151.00452,12578
Menangle,2568,-34.13787,150.72094,12579
Menangle Park,2563,-34.10178,150.7528,12580
Mendooran,2842,-31.82057,149.06751,12581
Menindee,2879,-32.44172,142.71905,12582
Merah North,2388,-30.18359,149.20589,12583
Merewether,2291,-32.9471,151.74299,12584
Merewether Heights,2291,-32.9461,151.732,12585
Merimbula,2548,-36.89198,149.89831,12586
Meringo,2537,-35.98008,150.13745,12587
Mernot,2422,-31.68895,151.57239,12588
Meroo,2850,-32.75746,149.62272,12589
Meroo Meadow,2540,-34.81323,150.60536,12590
Merotherie,2852,-32.15963,149.56932,12591
Merriangaah,2632,-36.8467,149.01972,12592
Merricumbene,2622,-35.73105,149.87288,12593
Merrigal,2827,-31.5033,148.26184,12594
Merrill,2581,-34.68499,149.25633,12595
Merriwa,2329,-32.10648,150.29637,12596
Merriwagga,2652,-33.7886,145.66241,12597
Merrygoen,2831,-31.80673,149.28494,12598
Merrylands,2160,-33.83623,150.98657,12599
Merrylands West,2160,-33.83694,150.9665,12600
Merungle Hill,2705,-34.61547,146.46512,12601
Meryla,2577,-34.69385,150.35194,12602
Metford,2323,-32.76701,151.60926,12603
Methul,2701,-34.60204,147.11249,12604
Metz,2350,-30.57305,151.84307,12605
Miamley,2873,-32.40067,146.92826,12606
Miandetta,2825,-31.58665,146.92166,12607
Micalo Island,2464,-29.44953,153.31166,12608
Michelago,2620,-35.74289,149.20201,12609
Middle Arm,2580,-34.59837,149.73281,12610
Middle Brook,2336,-31.92463,150.79285,12611
Middle Brother,2443,-31.69049,152.71045,12612
Middle Cove,2068,-33.79287,151.21213,12613
Middle Dural,2158,-33.63777,151.01441,12614
Middle Falbrook,2330,-32.44171,151.1496,12615
Middle Flat,2630,-36.23645,149.19263,12616
Middle Pocket,2483,-28.48653,153.46815,12617
Middleton Grange,2171,-33.91363,150.84271,12618
Middlingbank,2630,-36.21481,148.81162,12619
Midginbil,2484,-28.49975,153.26525,12620
Mihi,2358,-30.71967,151.69259,12621
Mila,2632,-37.05044,149.15907,12622
Milbrodale,2330,-32.71615,150.95086,12623
Milbrulong,2656,-35.25172,146.8709,12624
Milkers Flat,2795,-33.27947,149.40102,12625
Millah Murrah,2795,-33.18099,149.61155,12626
Millbank,2440,-30.79203,152.6067,12627
Miller,2168,-33.92102,150.87856,12628
Millers Forest,2324,-32.76159,151.69963,12629
Millers Point,2000,-33.8599,151.20423,12630
Millfield,2325,-32.8861,151.24768,12631
Millie,2397,-29.75359,149.5,12632
Millingandi,2549,-36.88463,149.85647,12633
Millthorpe,2798,-33.45343,149.19163,12634
Milparinka,2880,-29.89409,141.57554,12635
Milperra,2214,-33.9397,150.98359,12636
Milroy (Gunnedah - NSW),2380,-31.14186,150.04715,12637
Milroy (Mid-Western Regional - NSW),2850,-32.5932,149.62044,12638
Milsons Passage,2083,-33.5184,151.17577,12639
Milsons Point,2061,-33.8476,151.21097,12640
Milton,2538,-35.3179,150.44109,12641
Milvale,2594,-34.33288,147.91545,12642
Mimosa,2666,-34.55767,147.39877,12643
Minchinbury,2770,-33.78736,150.82854,12644
Mindaribba,2320,-32.64809,151.56797,12645
Mingoola,,-29.00326,151.54748,12646
Minimbah,2312,-32.1619,152.37293,12647
Minjary,2720,-35.2181,148.14067,12648
Minmi,2287,-32.87883,151.6232,12649
Minnamurra,2529,-34.61953,150.8498,12650
Minnie Water,2462,-29.74764,153.26896,12651
Minore,2830,-32.27126,148.44789,12652
Minto,2566,-34.02969,150.84998,12653
Minto Heights,2566,-34.03443,150.8752,12654
Mirador,2548,-36.87829,149.92124,12655
Miranda,2228,-34.03296,151.10312,12656
Mirannie,2330,-32.37784,151.37191,12657
Mirrabooka,2264,-33.11203,151.55613,12658
Mirrool,2665,-34.23766,147.06457,12659
Missabotti,2449,-30.56548,152.7731,12660
Mitchell,2795,-33.42814,149.55665,12661
Mitchells Flat,2330,-32.55501,151.29596,12662
Mitchells Island,2430,-31.90346,152.61877,12663
Mittagong,2575,-34.46157,150.48846,12664
Moama,2731,-36.00687,144.75216,12665
Modanville,2480,-28.71776,153.29977,12666
Mogareeka,2550,-36.69415,149.9794,12667
Mogendoura,2537,-35.8591,150.03269,12668
Moggs Swamp,2370,-29.92295,152.08103,12669
Mogilla,2550,-36.70835,149.56513,12670
Mogo (Eurobodalla - NSW),2536,-35.79387,150.10162,12671
Mogo (Mid-Western Regional - NSW),2850,-32.26143,150.01926,12672
Mogo Creek,2775,-33.14644,151.06948,12673
Mogood,2538,-35.49164,150.19056,12674
Mograni,2422,-32.02778,152.03163,12675
Mogriguy,2830,-32.07081,148.66637,12676
Mole River,2372,-29.0781,151.70706,12677
Moleville Creek,2460,-29.57117,152.90444,12678
Mollyan,2842,-31.58491,149.20145,12679
Mollymook,2539,-35.34061,150.47067,12680
Mollymook Beach,2539,-35.32876,150.46939,12681
Molong,2866,-33.09958,148.86311,12682
Mona Vale,2103,-33.67761,151.30336,12683
Monak,2738,-34.28895,142.28662,12684
Monaltrie,2480,-28.85196,153.28986,12685
Mondayong,2540,-35.17931,150.50764,12686
Mondrook,2430,-31.91145,152.40826,12687
Monga,2622,-35.55524,149.90957,12688
Mongarlowe,2622,-35.41573,149.93285,12689
Mongogarie,2470,-28.95064,152.89708,12690
Monia Gap,2675,-33.60385,145.99254,12691
Monivae,2850,-32.69745,149.90445,12692
Monkerai,2415,-32.24969,151.8523,12693
Monteagle,2594,-34.1651,148.34436,12694
Montecollum,2482,-28.59225,153.46041,12695
Montefiores,2820,-32.53058,148.93903,12696
Monterey,2217,-33.97203,151.14769,12697
Mooball,2483,-28.43637,153.49827,12698
Moobi,2337,-32.07165,150.79655,12699
Moogem,2370,-29.45379,152.24747,12700
Mookerawa,2820,-32.79195,149.16585,12701
Mookima Wybra,2469,-29.00845,152.53486,12702
Moolarben,2850,-32.36526,149.7734,12703
Moollattoo,2540,-34.7866,150.37795,12704
Moolpa,2734,-34.92323,143.76132,12705
Moombooldool,2665,-34.34321,146.68308,12706
Moonan Brook,2337,-31.95224,151.35817,12707
Moonan Flat,2337,-31.88786,151.2127,12708
Moonbah,2627,-36.51061,148.55996,12709
Moonbi,2353,-30.94992,151.04867,12710
Moonbria,2710,-35.12315,145.44542,12711
Mooneba,2440,-31.03847,152.70654,12712
Moonee,2259,-33.17,151.6197,12713
Moonee Beach,2450,-30.19244,153.15065,12714
Mooney Mooney,2083,-33.52549,151.19808,12715
Mooney Mooney Creek,2250,-33.46299,151.22213,12716
Moonpar,2453,-30.2213,152.64171,12717
Mooral Creek,2429,-31.69533,152.35782,12718
Moorara,2648,-33.02888,142.65327,12719
Moorbel,2804,-33.56049,148.69958,12720
Moore Creek,2340,-30.98798,150.94352,12721
Moore Park,2021,-33.89446,151.22093,12722
Moorebank,2170,-33.9649,150.9132,12723
Moorilda,2795,-33.62774,149.32591,12724
Moorland,2443,-31.77672,152.64969,12725
Moorong,2650,-35.1115,147.31219,12726
Moorwatha,2640,-35.91903,146.72929,12727
Moparrabah,2440,-31.04428,152.45209,12728
Moppy,2422,-31.98288,151.61801,12729
Morago,2710,-35.34541,144.71995,12730
Morangarell,2666,-34.17632,147.71374,12731
Morans Crossing,2550,-36.66718,149.65244,12732
Moree,2405,-29.2394,149.4758,12733
Morisset,2264,-33.11736,151.49039,12734
Morisset Park,2264,-33.12123,151.53243,12735
Morning Bay,2105,-33.62723,151.28637,12736
Mororo,2469,-29.33713,153.20273,12737
Morpeth,2321,-32.73019,151.63327,12738
Mortdale,2223,-33.96862,151.06998,12739
Mortlake,2137,-33.8416,151.10563,12740
Morton,2538,-35.41305,150.3101,12741
Mortons Creek,2446,-31.39041,152.67114,12742
Morts Estate,2790,-33.46745,150.16736,12743
Morundah,2700,-35.009,146.22737,12744
Moruya,2537,-35.90749,150.09217,12745
Moruya Heads,2537,-35.926,150.141,12746
Morven (Glen Innes Severn - NSW),2370,-29.41017,152.16409,12747
Morven (Greater Hume Shire - NSW),2660,-35.65182,147.15428,12748
Mosman,2088,-33.82959,151.24426,12749
Moss Vale,2577,-34.54982,150.39404,12750
Mossgiel,2878,-33.3104,144.57663,12751
Mossy Point,2537,-35.83176,150.17757,12752
Moto,2426,-31.82802,152.5645,12753
Moulamein,2733,-34.99626,144.14085,12754
Mount Adrah,2722,-35.21827,147.90403,12755
Mount Annan,2567,-34.06547,150.76199,12756
Mount Aquila,2820,-32.83271,149.17541,12757
Mount Arthur,2820,-32.55012,148.89973,12758
Mount Austin,2650,-35.13778,147.35564,12759
Mount Burrell,2484,-28.50095,153.19448,12760
Mount Colah,2079,-33.6686,151.12633,12761
Mount Collins,2794,-34.03331,148.78667,12762
Mount Cooper,2631,-36.65245,149.20519,12763
Mount Darragh,2632,-36.84809,149.5772,12764
Mount David,2795,-33.84237,149.61024,12765
Mount Dee,2320,-32.74183,151.5404,12766
Mount Druitt,2770,-33.76776,150.81503,12767
Mount Elliot,2250,-33.4039,151.38513,12768
Mount Fairy,2580,-35.18756,149.607,12769
Mount Foster,2824,-31.19093,147.56789,12770
Mount Frome,2850,-32.62094,149.66402,12771
Mount George,2424,-31.86721,152.19998,12772
Mount Harris,2824,-31.28201,147.66571,12773
Mount Hope,2877,-32.76301,145.90873,12774
Mount Horeb,2729,-35.21543,148.03658,12775
Mount Hunter,2570,-34.09883,150.61275,12776
Mount Hutton,2290,-32.98039,151.6704,12777
Mount Irvine,2786,-33.48504,150.45824,12778
Mount Keira,2500,-34.40162,150.85228,12779
Mount Kembla,2526,-34.42733,150.82307,12780
Mount Kingiman,2539,-35.33908,150.34218,12781
Mount Knowles,2850,-32.62542,149.70823,12782
Mount Kuring-Gai,2080,-33.64811,151.13465,12783
Mount Lambie,2790,-33.46282,149.99302,12784
Mount Lewis,2190,-33.91537,151.0504,12785
Mount Lindsey,2575,-34.45307,150.56981,12786
Mount Marsden,2849,-32.93916,150.05264,12787
Mount Marsh,2469,-29.26901,152.86351,12788
Mount Mitchell,2365,-29.94404,151.84125,12789
Mount Murray,2577,-34.54806,150.63555,12790
Mount Olive (Oberon - NSW),2787,-33.60594,149.93425,12791
Mount Olive (Singleton - NSW),2330,-32.4076,151.22445,12792
Mount Ousley,2519,-34.4014,150.87827,12793
Mount Panorama,2795,-33.45236,149.55245,12794
Mount Pleasant,2519,-34.3944,150.8684,12795
Mount Pritchard,2170,-33.90329,150.90203,12796
Mount Rankin,2795,-33.29513,149.48307,12797
Mount Rivers,2311,-32.36538,151.47363,12798
Mount Riverview,2774,-33.72823,150.63768,12799
Mount Royal,2330,-32.21153,151.29247,12800
Mount Russell,2360,-29.65845,150.93858,12801
Mount Saint Thomas,2500,-34.43983,150.8723,12802
Mount Seaview,2446,-31.36588,152.19963,12803
Mount Tenandra,2828,-31.20831,148.80612,12804
Mount Thorley,2330,-32.64336,151.11606,12805
Mount Tomah,2758,-33.54251,150.42224,12806
Mount Vernon,2178,-33.85962,150.81029,12807
Mount Victoria,2786,-33.57698,150.24697,12808
Mount View,2325,-32.84841,151.26704,12809
Mount Vincent,2323,-32.92912,151.4765,12810
Mount Warning,2484,-28.38959,153.27587,12811
Mount Warrigal,2528,-34.54965,150.8424,12812
Mount Werong,2787,-34.0921,149.94594,12813
Mount White,2250,-33.44991,151.18833,12814
Mount Wilson,2786,-33.50482,150.38813,12815
Mountain Creek,2644,-35.77898,147.14409,12816
Mountain Lagoon,2758,-33.43765,150.62561,12817
Mountain Top,2480,-28.61709,153.17869,12818
Mountain View,2460,-29.58663,152.93424,12819
Mourquong,2739,-34.14208,142.16097,12820
Mowbray Park,2571,-34.15497,150.55034,12821
Mozart,2787,-33.82333,149.82955,12822
Mudgee,2850,-32.61457,149.57382,12823
Mulbring,2323,-32.89659,151.47697,12824
Mulgoa,2745,-33.82683,150.64332,12825
Mulgrave,2756,-33.6279,150.82983,12826
Mulguthrie,2877,-33.17808,147.37233,12827
Muli Muli,2476,-28.4176,152.58267,12828
Mulla,2825,-31.82105,147.33961,12829
Mulla Creek,2352,-31.14285,151.178,12830
Mullaley,2379,-31.14949,149.91117,12831
Mullamuddy,2850,-32.68757,149.66885,12832
Mullaway,2456,-30.08226,153.19586,12833
Mullengandra,2644,-35.89698,147.18132,12834
Mullengudgery,2825,-31.71185,147.48007,12835
Mullion,2582,-35.14432,148.8754,12836
Mullion Creek,2800,-33.08815,149.18328,12837
Mulloon,2622,-35.29781,149.60848,12838
Mullumbimby,2482,-28.54761,153.49566,12839
Mullumbimby Creek,2482,-28.55167,153.44365,12840
Mulwala,2647,-35.92358,146.04845,12841
Mulyandry,2871,-33.56682,148.1618,12842
Mumbil,2820,-32.718,149.0775,12843
Mumblebone Plain,2824,-31.4974,147.6492,12844
Mumbulla Mountain,2550,-36.53517,149.89062,12845
Mummel,2580,-34.66227,149.56585,12846
Mummulgum,2469,-28.86959,152.79088,12847
Mundamia,2540,-34.88803,150.56237,12848
Mundarlo,2729,-35.12737,147.82349,12849
Munderoo,2653,-35.84916,147.82718,12850
Mundongo,2720,-35.29047,148.28141,12851
Mungay Creek,2440,-30.90347,152.67593,12852
Munghorn,2850,-32.3657,149.8605,12853
Mungindi,2406,-29.0199,149.08147,12854
Mungo,2715,-33.76035,143.09661,12855
Mungo Brush,2423,-32.50421,152.3384,12856
Munni,2420,-32.31741,151.67057,12857
Munyabla,2658,-35.45782,146.91353,12858
Murga,2864,-33.35263,148.5317,12859
Murrah,2546,-36.51941,149.98361,12860
Murrami,2705,-34.40769,146.26063,12861
Murrawombie,2825,-31.181,147.22404,12862
Murray Downs,2734,-35.30845,143.64456,12863
Murray Gorge,2642,-36.44543,148.10858,12864
Murrays Beach,2281,-33.11413,151.62134,12865
Murrays Run,2325,-33.07842,151.16527,12866
Murrengenburg,2622,-35.53665,149.98642,12867
Murrin Bridge,2672,-33.20748,146.37155,12868
Murringo,2586,-34.28963,148.54812,12869
Murrulebale,2652,-34.70608,147.41215,12870
Murrumbateman,2582,-34.97295,149.02366,12871
Murrumbo,2849,-32.39058,150.24117,12872
Murrumbucca,2630,-36.10067,149.0537,12873
Murrumburrah,2587,-34.5417,148.32541,12874
Murrurundi,2338,-31.77595,150.82475,12875
Murulla,2337,-31.83549,150.86854,12876
Murwillumbah,2484,-28.33073,153.38329,12877
Muscle Creek,2333,-32.27684,151.00877,12878
Muswellbrook,2333,-32.31374,150.90803,12879
Mutawintji,2880,-31.12248,142.3862,12880
Muttama,2722,-34.8018,148.13433,12881
Myall Creek,2403,-29.78171,150.73663,12882
Myall Lake,2423,-32.42591,152.38591,12883
Myall Park,2681,-34.10687,146.1354,12884
Myalla,2630,-36.4479,149.1061,12885
Mylestom,2454,-30.4727,153.03867,12886
Mylneford,2460,-29.61654,152.84226,12887
Myocum,2481,-28.59622,153.50597,12888
Myola,2540,-35.02411,150.67503,12889
Myrtle Creek,2469,-29.15253,153.02093,12890
Myrtle Mountain,2550,-36.85043,149.68774,12891
Myrtle Park,2713,-35.54722,145.44349,12892
Myrtleville,2580,-34.46791,149.8262,12893
Mystery Bay,2546,-36.30903,150.12588,12894
Myuna Bay,2264,-33.06623,151.54397,12895
Nabiac,2312,-32.11978,152.39486,12896
Nadgee,2551,-37.36584,149.86048,12897
Nambucca Heads,2448,-30.64589,152.98657,12898
Namoi River,2346,-30.59022,150.81455,12899
Nana Glen,2450,-30.13153,153.0103,12900
Nangus,2722,-35.02152,147.92933,12901
Nanima,2582,-35.01169,149.12868,12902
Napoleon Reef,2795,-33.38946,149.75043,12903
Naradhan,2669,-33.65308,146.35445,12904
Narara,2250,-33.39573,151.3345,12905
Narellan,2567,-34.0425,150.73357,12906
Narellan Vale,2567,-34.0516,150.74503,12907
Naremburn,2065,-33.81618,151.20007,12908
Narooma,2546,-36.23758,150.05103,12909
Narrabarba,2551,-37.21876,149.77215,12910
Narrabeen,2101,-33.723,151.2756,12911
Narrabri,2390,-30.22009,149.77087,12912
Narraburra,2666,-34.32922,147.61774,12913
Narran Lake,2839,-29.83678,147.32038,12914
Narrandera,2700,-34.67743,146.59439,12915
Narrangullen,2582,-35.02191,148.72844,12916
Narrawa,2583,-34.41734,149.17262,12917
Narrawallee,2539,-35.31237,150.46476,12918
Narraweena,2099,-33.74923,151.2725,12919
Narromine,2821,-32.30156,148.0976,12920
Narwee,2209,-33.94695,151.06862,12921
Nashdale,2800,-33.3024,149.00877,12922
Nashua,2479,-28.72655,153.46467,12923
Nattai,2570,-34.05853,150.44396,12924
Naughtons Gap,2470,-28.80081,153.1072,12925
Neath,2326,-32.82158,151.41704,12926
Nebea,2829,-30.8914,148.56179,12927
Neilrex,2831,-31.73967,149.38726,12928
Nelligen,2536,-35.66711,150.10088,12929
Nelson (Bega Valley - NSW),2550,-36.66837,149.95753,12930
Nelson (The Hills Shire - NSW),2765,-33.64575,150.92156,12931
Nelson Bay,2315,-32.73556,152.13893,12932
Nelsons Plains,2324,-32.72449,151.72598,12933
Nelungaloo,2876,-33.17999,147.98077,12934
Nemingha,2340,-31.11753,151.00362,12935
Nericon,2680,-34.17832,146.03615,12936
Neringla,2622,-35.75587,149.77647,12937
Nerong,2423,-32.53205,152.17751,12938
Nerriga,2622,-35.0972,150.06952,12939
Nerrigundah,2545,-36.13196,149.84772,12940
Nethercote,2549,-37.02573,149.80152,12941
Neurea,2820,-32.68348,148.92653,12942
Neutral Bay,2089,-33.83453,151.21765,12943
Never Never,2453,-30.35615,152.81935,12944
Nevertire,2826,-31.86201,147.64371,12945
Neville,2799,-33.73723,149.19501,12946
New Berrima,2577,-34.5081,150.33281,12947
New Brighton,2483,-28.52453,153.55013,12948
New Buildings,2550,-36.96058,149.55919,12949
New Italy,2472,-29.13984,153.29983,12950
New Lambton,2305,-32.9266,151.71224,12951
New Lambton Heights,2305,-32.92894,151.68854,12952
New Mexico,2346,-30.73179,150.61453,12953
New Park,2474,-28.60147,152.99293,12954
New Valley,2365,-30.05568,151.33236,12955
Newbold,2460,-29.52011,152.69545,12956
Newbridge,2795,-33.58069,149.37407,12957
Newcastle,2300,-32.92817,151.77808,12958
Newcastle East,2300,-32.92428,151.7926,12959
Newcastle West,2302,-32.92873,151.7591,12960
Newee Creek,2447,-30.63131,152.92898,12961
Newington,2127,-33.83713,151.05528,12962
Newnes,2790,-33.18758,150.25458,12963
Newnes Plateau,2790,-33.32594,150.27291,12964
Newport,2106,-33.65694,151.3149,12965
Newrybar,2479,-28.72711,153.55002,12966
Newstead,2360,-29.8235,151.38529,12967
Newton Boyd,2370,-29.72984,152.32276,12968
Newtown,2042,-33.89944,151.17894,12969
Niagara Park,2250,-33.3769,151.34877,12970
Niangala,2354,-31.44324,151.45359,12971
Niemur,2733,-35.23732,144.3067,12972
Nightcap,2480,-28.55164,153.29408,12973
Nimbin,2480,-28.58056,153.23798,12974
Nimmitabel,2631,-36.50141,149.28336,12975
Nimmo,2628,-36.17894,148.62711,12976
Nirimba Fields,2763,-33.72046,150.87248,12977
Nobbys Creek,2484,-28.29321,153.33822,12978
Nombi,2379,-31.18742,149.76117,12979
Noona,2835,-31.59253,144.79459,12980
Noorong,2732,-35.35062,144.0223,12981
Nooroo,2415,-32.37717,151.88186,12982
Norah Head,2263,-33.28454,151.56301,12983
Noraville,2263,-33.27113,151.55459,12984
Nords Wharf,2281,-33.14434,151.60734,12985
Normanhurst,2076,-33.72219,151.09529,12986
North Albury,2640,-36.05969,146.93601,12987
North Arm,2484,-28.32971,153.34094,12988
North Arm Cove,2324,-32.61776,152.0503,12989
North Avoca,2260,-33.45557,151.43557,12990
North Balgowlah,2093,-33.78727,151.25147,12991
North Batemans Bay,2536,-35.68545,150.18803,12992
North Boambee Valley,2450,-30.311,153.06952,12993
North Bondi,2026,-33.88583,151.27827,12994
North Bourke,2840,-29.74459,146.07627,12995
North Brother,2443,-31.6565,152.77274,12996
North Casino,2470,-28.80208,153.06819,12997
North Curl Curl,2099,-33.764,151.29085,12998
North Dorrigo,2453,-30.26819,152.68099,12999
North Epping,2121,-33.75862,151.09284,13000
North Gosford,2250,-33.41897,151.35486,13001
North Haven,2443,-31.63409,152.81545,13002
North Kellyville,2155,-33.68197,150.94729,13003
North Lambton,2299,-32.90377,151.70343,13004
North Lismore,2480,-28.78657,153.28331,13005
North Macksville,2447,-30.68856,152.94658,13006
North Manly,2100,-33.7738,151.27237,13007
North Narooma,2546,-36.20954,150.10066,13008
North Narrabeen,2101,-33.70218,151.2932,13009
North Nowra,2541,-34.85896,150.5734,13010
North Parramatta,2151,-33.79338,151.0111,13011
North Richmond,2754,-33.56849,150.72138,13012
North Rocks,2151,-33.77224,151.01657,13013
North Rothbury,2335,-32.6891,151.34928,13014
North Ryde,2113,-33.79631,151.13056,13015
North Shore,2444,-31.38247,152.9092,13016
North St Marys,2760,-33.75657,150.78467,13017
North Star,2408,-28.91859,150.42534,13018
North Strathfield,2137,-33.8565,151.0903,13019
North Sydney,2060,-33.83718,151.20879,13020
North Tamworth,2340,-31.06412,150.92858,13021
North Tumbulgum,2490,-28.26127,153.47055,13022
North Turramurra,2074,-33.68902,151.15302,13023
North Wagga Wagga,2650,-35.09584,147.38714,13024
North Wahroonga,2076,-33.69789,151.13179,13025
North Willoughby,2068,-33.79647,151.20169,13026
North Wollongong,2500,-34.40665,150.89665,13027
North Woodburn,2471,-29.06134,153.34771,13028
North Yalgogrin,2671,-33.82999,146.84828,13029
North Yeoval,2868,-32.72335,148.67207,13030
Northangera,2622,-35.46941,149.91113,13031
Northbridge,2063,-33.8116,151.21961,13032
Northmead,2152,-33.78723,150.99418,13033
Northwood,,-33.829,151.1788,13034
Norway,2787,-33.77195,149.79539,13035
Norwest,2153,-33.73099,150.96398,13036
Nowendoc,2354,-31.45871,151.74353,13037
Nowley,2386,-29.98807,149.13911,13038
Nowra,2541,-34.88213,150.60499,13039
Nowra Hill,2540,-34.93023,150.56371,13040
Nubba,2587,-34.51045,148.24027,13041
Nulkaba,2325,-32.80218,151.35969,13042
Nullamanna,2360,-29.62399,151.23532,13043
Nullica,2551,-37.06651,149.76986,13044
Nullo Mountain,2849,-32.74526,150.23848,13045
Numbaa,2540,-34.87512,150.68288,13046
Number One,2424,-31.72136,152.05654,13047
Numbla Vale,2628,-36.61867,148.79512,13048
Numbugga,2550,-36.62781,149.7203,13049
Numeralla,2630,-36.18364,149.35478,13050
Numinbah,2484,-28.2627,153.26578,13051
Numulgi,2480,-28.7243,153.32908,13052
Nunderi,2484,-28.3218,153.45881,13053
Nundle,2340,-31.4594,151.11263,13054
Nungatta,2551,-37.20411,149.41865,13055
Nungatta South,2551,-37.28057,149.45352,13056
Nurenmerenmong,2649,-35.79656,148.29274,13057
Nymagee,2831,-32.1375,146.07432,13058
Nymboida,2460,-29.95195,152.68022,13059
Nyngan,2825,-31.54431,147.17301,13060
Nyora,2646,-35.53603,145.9765,13061
Nyrang Creek,2804,-33.53361,148.5403,13062
O'Connell,2795,-33.55522,149.73775,13063
Oak Flats,2529,-34.56262,150.82193,13064
Oakdale,2570,-34.07886,150.50655,13065
Oakey Park,2790,-33.46388,150.18388,13066
Oakhampton,2320,-32.7245,151.5556,13067
Oakhampton Heights,2320,-32.7092,151.55138,13068
Oakhurst,2761,-33.7389,150.83805,13069
Oaklands,2646,-35.51529,146.12293,13070
Oakville,2765,-33.62388,150.87274,13071
Oakwood,2360,-29.64076,151.05915,13072
Oallen,2580,-35.15771,149.94749,13073
Oatlands,2117,-33.79601,151.02669,13074
Oatley,2223,-33.98127,151.07492,13075
Oban,2365,-30.10279,151.86536,13076
Obanvale,2330,-32.51395,151.1594,13077
Oberne Creek,2650,-35.43498,147.84918,13078
Oberon,2787,-33.69247,149.84977,13079
Obley,2868,-32.69181,148.46462,13080
Ocean Shores,2483,-28.51072,153.53539,13081
Ogunbil,2340,-31.35271,151.29384,13082
Old Adaminaby,2629,-36.04001,148.69435,13083
Old Bar,2430,-31.96128,152.56142,13084
Old Bonalbo,2469,-28.64415,152.59357,13085
Old Erowal Bay,2540,-35.08814,150.64954,13086
Old Grevillia,2474,-28.44674,152.87851,13087
Old Guildford,2161,-33.86453,150.98563,13088
Old Junee,2652,-34.8147,147.49513,13089
Old Mill,2369,-29.89833,151.19913,13090
Old Station,2440,-31.0542,152.91476,13091
Old Toongabbie,2146,-33.78829,150.96976,13092
Olinda,2849,-32.82239,150.14212,13093
Olney,2325,-33.03307,151.31202,13094
Omadale,2337,-31.88167,151.31036,13095
One Mile,2316,-32.76499,152.1163,13096
One Tree,2711,-34.16579,144.84517,13097
Oolong,2581,-34.79215,149.17523,13098
Ooma,2871,-33.63728,148.04879,13099
Ootha,2875,-33.09008,147.46072,13100
Ophir,2800,-33.13703,149.24594,13101
Oran Park,2570,-33.99172,150.74133,13102
Orange,2800,-33.2529,149.07254,13103
Orange Grove,2380,-30.93465,150.41672,13104
Orangeville,2570,-34.03088,150.60154,13105
Orchard Hills,2748,-33.80844,150.73062,13106
Orient Point,2540,-34.91122,150.74653,13107
Orton Park,2795,-33.46782,149.57223,13108
Osborne,2656,-35.35608,146.73428,13109
Osterley,2324,-32.72225,151.69702,13110
Oswald,2321,-32.69628,151.42022,13111
Otford,2508,-34.20663,151.00256,13112
Oura,2650,-35.08229,147.59781,13113
Ourimbah,2258,-33.31342,151.33286,13114
Ournie,2640,-35.94345,147.84797,13115
Owens Gap,2337,-32.05549,150.70371,13116
Oxford Falls,2099,-33.73085,151.24267,13117
Oxley (Balranald - NSW),2711,-34.02969,144.05959,13118
Oxley (Warren - NSW),2824,-30.98174,147.62037,13119
Oxley Island,2430,-31.91687,152.5697,13120
Oxley Park,2760,-33.77033,150.79353,13121
Oxley Vale,2340,-31.0514,150.88433,13122
Oyster Bay,2225,-34.00593,151.0781,13123
Oyster Cove,2318,-32.74326,151.95373,13124
Packsaddle,2880,-30.44378,142.16992,13125
Paddington,2021,-33.88449,151.22887,13126
Paddys Flat (Kyogle - NSW),2469,-28.69462,152.42921,13127
Paddys Flat (Snowy Monaro Regional - NSW),2632,-37.03829,149.33512,13128
Paddys River (Snowy Valleys - NSW),2653,-35.76104,148.17193,13129
Paddys River (Wingecarribee - NSW),2577,-34.62475,150.11201,13130
Padstow,2211,-33.95059,151.033,13131
Padstow Heights,2211,-33.96948,151.03167,13132
Pagans Flat,2469,-28.94636,152.56945,13133
Pages Creek,2337,-31.71142,151.21442,13134
Pages River,2338,-31.80647,150.75493,13135
Pagewood,2035,-33.93768,151.21924,13136
Palarang,2632,-36.8287,149.11712,13137
Palerang,2622,-35.42892,149.56664,13138
Paling Yards (Bathurst Regional - NSW),2795,-33.18312,149.74305,13139
Paling Yards (Oberon - NSW),2580,-34.11562,149.73161,13140
Pallal,2404,-29.97535,150.44185,13141
Pallamallawa,2399,-29.39497,150.1736,13142
Palm Beach,2108,-33.59817,151.32592,13143
Palm Grove,2258,-33.31961,151.3037,13144
Palmdale,2258,-33.32874,151.36708,13145
Palmers Channel,2463,-29.47094,153.27412,13146
Palmers Island,2463,-29.42279,153.29433,13147
Palmers Oaky,2795,-33.19458,149.86218,13148
Palmvale,2484,-28.3726,153.48786,13149
Palmwoods,2482,-28.51382,153.40621,13150
Pambula,2549,-36.92905,149.87796,13151
Pambula Beach,2549,-36.9451,149.89762,13152
Pampoolah,2430,-31.93831,152.50969,13153
Pan Ban,2648,-33.04969,143.20813,13154
Panania,2213,-33.95302,150.9966,13155
Pangee,2825,-32.01135,146.76812,13156
Panuara,2800,-33.5161,148.93733,13157
Pappinbarra,2446,-31.35736,152.47836,13158
Para,2648,-33.65285,142.0923,13159
Paradise,2360,-29.88982,151.47065,13160
Paringi,2738,-34.29153,142.38966,13161
Parkes,2870,-33.10181,148.27252,13162
Parkesbourne,2580,-34.76173,149.5446,13163
Parklea,2768,-33.72458,150.91526,13164
Parkville,2337,-31.97077,150.88299,13165
Parma,2540,-34.96681,150.54604,13166
Parramatta,2150,-33.81469,151.00685,13167
Parraweena,2339,-31.72953,150.43459,13168
Patchs Beach,2478,-28.94778,153.51035,13169
Paterson,2421,-32.59087,151.6028,13170
Patonga,2256,-33.53958,151.27987,13171
Paupong,2628,-36.65043,148.67313,13172
Paxton,2325,-32.90412,151.28411,13173
Paynes Crossing,2325,-32.90275,151.03352,13174
Paytens Bridge,2871,-33.5642,148.30478,13175
Peacock Creek,2469,-28.67332,152.70032,13176
Peak Hill,2869,-32.7118,148.0514,13177
Peak View,2630,-36.03148,149.39976,13178
Peakhurst,2210,-33.95998,151.05598,13179
Peakhurst Heights,2210,-33.97353,151.05533,13180
Pearces Creek,2477,-28.77194,153.44677,13181
Pearl Beach,2256,-33.54204,151.30606,13182
Peats Ridge,2250,-33.34496,151.23173,13183
Pebbly Beach,2536,-35.60029,150.33204,13184
Peel,2795,-33.29596,149.64533,13185
Peelwood,2583,-34.11137,149.43083,13186
Pejar,2583,-34.5335,149.53597,13187
Pelaw Main,2327,-32.83675,151.48182,13188
Pelican,2281,-33.0686,151.64743,13189
Pelton,2325,-32.87957,151.31526,13190
Pembrooke,2446,-31.3745,152.75112,13191
Pemulwuy,2148,-33.81749,150.90294,13192
Pendle Hill,2145,-33.80366,150.95556,13193
Pennant Hills,2120,-33.73847,151.07394,13194
Penrith,2750,-33.74588,150.69326,13195
Penrose,2579,-34.66303,150.21346,13196
Penshurst,2222,-33.96611,151.08445,13197
Pericoe,2550,-37.06068,149.57869,13198
Perisher Valley,2624,-36.40629,148.40222,13199
Perrys Crossing,2775,-33.16325,150.97807,13200
Perthville,2795,-33.49542,149.55056,13201
Petersham,2049,-33.89364,151.15455,13202
Pheasants Nest,2574,-34.26887,150.63281,13203
Phegans Bay,2256,-33.48767,151.30907,13204
Phillip Bay,2036,-33.97928,151.23251,13205
Phoenix Park,2321,-32.71239,151.63101,13206
Piallamore,2340,-31.14598,151.06604,13207
Piallaway,2342,-31.1365,150.52794,13208
Piambong,2850,-32.49383,149.40634,13209
Picketts Valley,2251,-33.45762,151.40945,13210
Picnic Point,2213,-33.97283,151.00605,13211
Picton,2571,-34.1706,150.60246,13212
Pigeonbah,2824,-31.54045,148.08198,13213
Piggabeen,2486,-28.19764,153.43835,13214
Pikapene,2469,-29.04849,152.65522,13215
Pillar Valley,2462,-29.70195,153.1614,13216
Pilliga,2388,-30.38446,148.80124,13217
Pilot Wilderness,2627,-36.67796,148.20952,13218
Pimlico,2478,-28.89216,153.49889,13219
Pimlico Island,2478,-28.91697,153.4929,13220
Pinbeyan,2720,-35.7054,148.39731,13221
Pindaroi,2361,-29.46888,151.27583,13222
Pindimar,2324,-32.65645,152.09503,13223
Pine Camp,2648,-33.67067,141.22296,13224
Pine Clump,2824,-31.43471,148.15232,13225
Pine Grove,2829,-30.89077,148.6867,13226
Pine Lodge,2714,-35.66033,145.42823,13227
Pine Ridge,2343,-31.52534,150.39927,13228
Pine Valley,2630,-36.24949,149.06233,13229
Piney Range,2810,-33.86141,147.94182,13230
Pinkett,2370,-29.89357,151.96219,13231
Pinnacle,2810,-33.74041,147.94366,13232
Pinnacle Swamp,2849,-32.77376,149.91355,13233
Pinny Beach,2281,-33.12024,151.63755,13234
Piora,2470,-28.85906,152.88328,13235
Pipeclay,2446,-31.43838,152.55914,13236
Pitnacree,2323,-32.73385,151.58877,13237
Pitt Town,2756,-33.5827,150.87067,13238
Pitt Town Bottoms,2756,-33.58663,150.84552,13239
Pleasant Hills,2658,-35.47122,146.78561,13240
Pleasure Point,2172,-33.97084,150.98317,13241
Plumpton,2761,-33.75188,150.83703,13242
Point Clare,2250,-33.43893,151.31891,13243
Point Frederick,2250,-33.44323,151.34283,13244
Point Piper,2027,-33.86747,151.25103,13245
Point Wolstoncroft,2259,-33.12073,151.58458,13246
Pointer Mountain,2539,-35.22965,150.36343,13247
Pokolbin,2320,-32.76663,151.27973,13248
Pola Creek,2440,-31.05464,152.87464,13249
Polo Flat,2630,-36.23198,149.15113,13250
Pomeroy,2580,-34.68808,149.52669,13251
Pomona,2648,-34.02121,141.88898,13252
Ponto,2818,-32.4799,148.78486,13253
Pooncarie,2648,-33.42238,142.42002,13254
Port Botany,2036,-33.9752,151.21599,13255
Port Hacking,2229,-34.0667,151.1244,13256
Port Kembla,2505,-34.4722,150.8952,13257
Port Macquarie,2444,-31.45558,152.89374,13258
Port Stephens,2319,-32.73789,152.04972,13259
Porters Creek,2538,-35.25791,150.32508,13260
Porters Retreat,2787,-34.00443,149.77442,13261
Portland,2847,-33.35628,149.97305,13262
Possum Brush,2430,-32.03526,152.3926,13263
Possum Creek,2479,-28.67038,153.49283,13264
Potato Point,2545,-36.08728,150.12224,13265
Pottery Estate,2790,-33.48777,150.1558,13266
Potts Hill,2143,-33.89299,151.03274,13267
Potts Point,2011,-33.8673,151.2252,13268
Pottsville,2489,-28.38836,153.55683,13269
Prairiewood,2176,-33.86399,150.90475,13270
Premer,2381,-31.47414,149.92434,13271
Prestons,2170,-33.94185,150.8732,13272
Pretty Beach (Central Coast - NSW),,-33.52543,151.34873,13273
Pretty Beach (Shoalhaven - NSW),2539,-35.57815,150.35049,13274
Pretty Pine,2710,-35.38782,144.84507,13275
Primbee,2502,-34.50741,150.88191,13276
Primrose Valley,2621,-35.49029,149.3878,13277
Prospect,2148,-33.79829,150.91435,13278
Providence Portal,2629,-35.959,148.56204,13279
Pucawan,2666,-34.40107,147.38674,13280
Puddledock,2350,-30.38603,151.76029,13281
Pulganbar,2460,-29.45194,152.6809,13282
Pullabooka,2810,-33.75226,147.78143,13283
Pulletop,2650,-35.48112,147.38296,13284
Pumpenbil,2484,-28.37833,153.14848,13285
Punchbowl (Canterbury-Bankstown - NSW),2196,-33.92978,151.05072,13286
Punchbowl (Clarence Valley - NSW),2460,-29.46465,152.77367,13287
Purfleet,2430,-31.94427,152.46697,13288
Purlewaugh,2357,-31.35278,149.59573,13289
Putney,2112,-33.82732,151.10699,13290
Putta Bucca,2850,-32.57508,149.58345,13291
Putty,2330,-32.90032,150.65017,13292
Pyangle,2849,-32.60912,149.92785,13293
Pymble,2073,-33.74458,151.14006,13294
Pyramul,2850,-32.92846,149.61026,13295
Pyree,2540,-34.91822,150.69398,13296
Pyrmont,2009,-33.86937,151.19233,13297
Quaama,2550,-36.46653,149.88334,13298
Quakers Hill,2763,-33.72818,150.89085,13299
Quambone,2831,-30.88562,147.88159,13300
Quanda,2828,-31.10249,148.73941,13301
Quandary,2665,-34.3715,147.32375,13302
Quandialla,2721,-34.01633,147.7747,13303
Queanbeyan,2620,-35.3536,149.23178,13304
Queanbeyan East,2620,-35.34512,149.24585,13305
Queanbeyan West,2620,-35.35681,149.20877,13306
Queens Park,2022,-33.89923,151.24537,13307
Queens Pinch,2850,-32.74304,149.68856,13308
Queenscliff,2096,-33.7831,151.2859,13309
Quialigo,2580,-34.93687,149.77026,13310
Quidong,2632,-36.94454,149.04951,13311
Quiera,2622,-34.93255,150.19483,13312
Quipolly,2343,-31.41602,150.69523,13313
Quirindi,2343,-31.49624,150.63226,13314
Quorrobolong,2325,-32.93302,151.38424,13315
Raby,2566,-34.01849,150.8189,13316
Raglan,2795,-33.42204,149.65403,13317
Rainbow Flat,2430,-32.0314,152.48882,13318
Rainbow Reach,2440,-30.92833,153.00619,13319
Raleigh,2454,-30.4555,152.9966,13320
Ramornie,2460,-29.66262,152.70734,13321
Ramsgate,2217,-33.981,151.13997,13322
Ramsgate Beach,2217,-33.98147,151.14737,13323
Rand,2642,-35.57594,146.52842,13324
Randwick,2031,-33.91667,151.24102,13325
Rangari,2380,-30.6744,150.41595,13326
Rangers Valley,2370,-29.5416,151.76181,13327
Rankin Park,2287,-32.92562,151.68209,13328
Rankins Springs,2669,-33.82325,146.16355,13329
Rannock,2701,-34.61308,147.26864,13330
Rappville,2469,-29.06784,152.94703,13331
Rathmines,2283,-33.03883,151.5791,13332
Ravensdale,2259,-33.11349,151.30714,13333
Ravenswood,2824,-31.69623,147.83853,13334
Ravensworth,2330,-32.42999,151.05701,13335
Rawdon Island,2446,-31.42163,152.78438,13336
Rawdon Vale,2422,-31.99905,151.71712,13337
Raworth,2321,-32.72587,151.60802,13338
Rawsonville,2830,-32.15712,148.46627,13339
Raymond Terrace,2324,-32.75636,151.76678,13340
Razorback,2571,-34.15207,150.65219,13341
Red Head,2430,-32.05758,152.53547,13342
Red Hill (Snowy Valleys - NSW),2720,-35.15806,148.37281,13343
Red Hill (Tamworth Regional - NSW),2347,-30.49349,150.63459,13344
Red Hill (Warren - NSW),2824,-31.7353,147.79327,13345
Red Range,2370,-29.79105,151.9136,13346
Red Rock,2456,-30.00091,153.21072,13347
Red Rocks,2577,-34.77203,150.53006,13348
Redbank,2446,-31.42502,152.73915,13349
Redbournberry,2330,-32.56396,151.19087,13350
Reddestone,2370,-29.58182,151.66579,13351
Redfern,2016,-33.89367,151.20832,13352
Redhead,2290,-33.00801,151.71148,13353
Redlands,2646,-35.92494,146.33479,13354
Reedy Creek,2330,-32.46553,151.33568,13355
Reedy Swamp,2550,-36.70127,149.90451,13356
Reefton,2666,-34.22817,147.39556,13357
Regents Park,2143,-33.88336,151.0265,13358
Regentville,2745,-33.7723,150.6628,13359
Reids Flat,2586,-34.13472,148.9797,13360
Reidsdale,2622,-35.55298,149.839,13361
Rennie,2646,-35.81675,146.13129,13362
Reno,2722,-35.00442,148.04255,13363
Renwick,2575,-34.44913,150.47381,13364
Repentance Creek,2480,-28.63369,153.40371,13365
Repton,2454,-30.44152,153.03605,13366
Reserve Creek,2484,-28.35165,153.49371,13367
Retreat,2355,-30.61004,151.06614,13368
Revesby,2212,-33.94573,151.01255,13369
Revesby Heights,2212,-33.96932,151.01831,13370
Rhine Falls,2630,-36.17569,148.8977,13371
Rhodes,2138,-33.82933,151.08713,13372
Richards,2765,-33.66672,150.84224,13373
Richlands,2580,-34.33593,149.79474,13374
Richmond,2753,-33.6045,150.75623,13375
Richmond Hill,2480,-28.78957,153.34775,13376
Richmond Lowlands,2753,-33.57982,150.75327,13377
Richmond Vale,2323,-32.86545,151.49804,13378
Rileys Hill,2472,-29.03267,153.38961,13379
Ringwood,2646,-35.87513,146.23753,13380
Riverlea,2850,-32.68422,149.73735,13381
Riverside,2444,-31.39662,152.87035,13382
Riverstone,2765,-33.67805,150.86636,13383
Rivertree,2372,-28.657,152.26555,13384
Riverview,2066,-33.82413,151.15934,13385
Riverwood,2210,-33.94621,151.05314,13386
Rixs Creek,2330,-32.52062,151.13387,13387
Rob Roy,2360,-29.71828,151.00492,13388
Robertson,2577,-34.60735,150.60053,13389
Robin Hill,2795,-33.42412,149.53288,13390
Rock Flat,2630,-36.388,149.20947,13391
Rock Forest,2795,-33.35758,149.39151,13392
Rock Valley,2480,-28.72676,153.16173,13393
Rockdale,2216,-33.9533,151.14082,13394
Rockley,2795,-33.70005,149.54354,13395
Rockley Mount,2795,-33.55208,149.55472,13396
Rockton,2632,-37.16183,149.31136,13397
Rocky Creek (Gwydir - NSW),2390,-30.05112,150.19887,13398
Rocky Creek (Inverell - NSW),2371,-29.26734,151.35009,13399
Rocky Glen,2357,-31.08452,149.53396,13400
Rocky Hall,2550,-36.92327,149.51043,13401
Rocky Plain,2628,-36.24415,148.67122,13402
Rocky Point,,-33.293,151.4698,13403
Rocky River (Tenterfield - NSW),2372,-29.18556,152.30694,13404
Rocky River (Uralla - NSW),2358,-30.59781,151.45841,13405
Rodd Point,,-33.86557,151.1443,13406
Rollands Plains,2441,-31.28692,152.65684,13407
Rookhurst,2422,-31.88955,151.86844,13408
Rookwood,2141,-33.87524,151.05609,13409
Rooty Hill,2766,-33.77262,150.84297,13410
Ropes Crossing,2760,-33.72909,150.77739,13411
Rose Bay,2029,-33.87279,151.26806,13412
Rose Valley (Kiama - NSW),2534,-34.71826,150.80897,13413
Rose Valley (Snowy Monaro Regional - NSW),2630,-36.12412,149.25946,13414
Rosebank,2480,-28.66897,153.39584,13415
Roseberg,2793,-33.85627,149.04999,13416
Roseberry,2474,-28.49231,152.90328,13417
Roseberry Creek,2474,-28.47253,152.82574,13418
Rosebery,2018,-33.91869,151.2059,13419
Rosebrook,2320,-32.63706,151.51588,13420
Rosedale,2536,-35.81495,150.21262,13421
Rosehill,2142,-33.82541,151.03268,13422
Roselands,2196,-33.93301,151.07412,13423
Rosemeadow,2560,-34.1038,150.79341,13424
Rosemeath,2632,-36.96751,149.26596,13425
Roseville,2069,-33.7828,151.18425,13426
Roseville Chase,2069,-33.77653,151.19843,13427
Rosewood (Port Macquarie-Hastings - NSW),2446,-31.45753,152.68478,13428
Rosewood (Snowy Valleys - NSW),2652,-35.65184,147.85179,13429
Roslyn,2580,-34.49761,149.63721,13430
Rossglen,2439,-31.66708,152.73027,13431
Rossgole,2336,-32.14833,150.73269,13432
Rossi,2621,-35.48807,149.49585,13433
Rossmore,2557,-33.93665,150.77203,13434
Rothbury,2320,-32.72098,151.29757,13435
Roto,2675,-32.99198,145.35302,13436
Rouchel,2336,-32.14865,150.99433,13437
Rouchel Brook,2336,-32.19139,151.09952,13438
Roughit,2330,-32.57284,151.24699,13439
Round Mountain,2484,-28.35712,153.54368,13440
Round Swamp,2846,-33.07934,149.95142,13441
Rous,2477,-28.86399,153.40737,13442
Rous Mill,2477,-28.87994,153.38384,13443
Rouse Hill,2155,-33.67723,150.91199,13444
Rowan,2650,-35.20451,147.32998,13445
Rowena,2387,-29.74947,148.91476,13446
Rowlands Creek,2484,-28.46684,153.34609,13447
Royal National Park,2232,-34.11125,151.06785,13448
Royalla,2620,-35.49424,149.16854,13449
Rozelle,2039,-33.86454,151.17136,13450
Ruby Creek,,-28.62636,152.01771,13451
Rufus,2648,-33.99471,141.34088,13452
Rugby,2583,-34.38544,149.01193,13453
Rukenvale,2474,-28.4692,152.89388,13454
Run-o-Waters,2580,-34.76709,149.67002,13455
Running Stream,2850,-33.05699,149.85465,13456
Runnyford,2536,-35.72486,150.11001,13457
Ruse,2560,-34.06942,150.84073,13458
Rushcutters Bay,,-33.8754,151.2286,13459
Rushes Creek,2346,-30.84298,150.59995,13460
Rushforth,2460,-29.74284,152.85784,13461
Russell Lea,2046,-33.85977,151.13907,13462
Russell Vale,2517,-34.35657,150.8954,13463
Rutherford,2320,-32.71193,151.51223,13464
Ruthven,2480,-28.92782,153.27327,13465
Ryan,2658,-35.53483,146.88349,13466
Rydal,2790,-33.52425,150.04619,13467
Rydalmere,2116,-33.81201,151.04014,13468
Ryde,2112,-33.80985,151.11257,13469
Rye Park,2586,-34.5263,148.91468,13470
Ryhope,2283,-32.99141,151.52684,13471
Rylstone,2849,-32.7552,150.00007,13472
Sackville,2758,-33.5058,150.8623,13473
Sackville North,2756,-33.48388,150.9049,13474
Saddleback Mountain,2533,-34.69867,150.80331,13475
Sadleir,2168,-33.91755,150.8912,13476
Safety Beach,2456,-30.09296,153.19402,13477
Salamander Bay,2317,-32.73273,152.08725,13478
Salisbury,2420,-32.16867,151.53656,13479
Salisbury Plains,2358,-30.79474,151.59407,13480
Sallys Flat,2850,-33.02769,149.56984,13481
Salt Ash,2318,-32.79139,151.91826,13482
Saltwater,2430,-32.00586,152.54378,13483
San Isidore,2650,-35.12641,147.28951,13484
San Remo,2262,-33.21618,151.52032,13485
Sancrox,2446,-31.44456,152.79671,13486
Sanctuary Point,2540,-35.10281,150.62557,13487
Sandbar,2428,-32.37818,152.52328,13488
Sandgate,2304,-32.86837,151.70606,13489
Sandigo,2700,-34.90703,146.67963,13490
Sandilands,2469,-28.89694,152.66085,13491
Sandon,2463,-29.68884,153.31248,13492
Sandringham,2219,-33.9977,151.14297,13493
Sandy Beach,2456,-30.14478,153.17961,13494
Sandy Creek (Cobar - NSW),2835,-31.91971,145.43672,13495
Sandy Creek (Upper Hunter Shire - NSW),2338,-31.83123,150.98395,13496
Sandy Crossing,2460,-29.76678,153.09508,13497
Sandy Flat,2372,-29.23442,152.01896,13498
Sandy Gully,2729,-35.29392,148.03715,13499
Sandy Hill,2372,-28.95139,152.2654,13500
Sandy Hollow,2333,-32.34605,150.57129,13501
Sandy Point,2172,-33.975,150.9929,13502
Sanger,2646,-35.66828,146.13926,13503
Sans Souci,2219,-33.99307,151.13404,13504
Sapphire,2360,-29.677,151.34114,13505
Sapphire Beach,2450,-30.22518,153.13848,13506
Saratoga,2251,-33.475,151.35201,13507
Sassafras,2622,-35.11651,150.20377,13508
Saumarez,2350,-30.57573,151.58912,13509
Saumarez Ponds,2350,-30.5006,151.55686,13510
Savernake,2646,-35.74389,146.01779,13511
Sawpit Creek,2474,-28.37264,152.81551,13512
Sawtell,2452,-30.36959,153.09286,13513
Sawyers Gully,2326,-32.77724,151.44715,13514
Scarborough,2515,-34.26226,150.96071,13515
Scheyville,2756,-33.60138,150.88984,13516
Schofields,2762,-33.70311,150.86786,13517
Scone,2337,-32.05455,150.86113,13518
Scotia,2648,-33.1502,141.48867,13519
Scotland Island,2105,-33.63943,151.29087,13520
Scotts Creek,2338,-31.71356,150.95826,13521
Scotts Flat,2330,-32.60386,151.24561,13522
Scotts Head,,-30.70603,152.99182,13523
Seaforth,2092,-33.79147,151.24076,13524
Seaham,2324,-32.67049,151.70994,13525
Seahampton,2286,-32.88374,151.58182,13526
Seal Rocks,2423,-32.42366,152.50686,13527
Sebastopol,2666,-34.57471,147.5405,13528
Sedgefield,2330,-32.54459,151.23591,13529
Seelands,2460,-29.62136,152.89524,13530
Sefton,2162,-33.88709,151.01009,13531
Segenhoe,2337,-32.0724,150.92688,13532
Seven Hills,2147,-33.7764,150.93855,13533
Seven Oaks,2440,-30.9965,152.93005,13534
Sextonville,2470,-28.6737,152.78472,13535
Shadforth,2800,-33.39084,149.19725,13536
Shallow Bay,2428,-32.22545,152.41647,13537
Shalvey,2770,-33.72714,150.80605,13538
Shanes Park,2747,-33.7111,150.79093,13539
Shannon Brook,2470,-28.9057,152.96194,13540
Shannon Vale,2370,-29.69562,151.87033,13541
Shannondale,2460,-29.80106,152.83372,13542
Shannons Flat,2630,-35.96045,148.98136,13543
Shark Creek,2463,-29.57541,153.22105,13544
Sharps Creek,2729,-35.39206,148.03927,13545
Sheedys Gully,2790,-33.49512,150.15291,13546
Shell Cove,2529,-34.59987,150.86669,13547
Shellharbour,2529,-34.57709,150.86409,13548
Shellharbour City Centre,2529,-34.56556,150.83616,13549
Shelly Beach,2261,-33.37133,151.48403,13550
Sherwood (Clarence Valley - NSW),2450,-30.03018,153.04499,13551
Sherwood (Kempsey - NSW),2440,-31.06417,152.7142,13552
Sherwood (Kyogle - NSW),2474,-28.42934,152.77722,13553
Shoal Bay,2315,-32.72537,152.17431,13554
Shoalhaven Heads,2535,-34.8506,150.74129,13555
Shooters Hill,2787,-33.92616,149.83906,13556
Shortland,2307,-32.87815,151.69099,13557
Silent Grove,2372,-29.15756,151.6698,13558
Silverdale,2752,-33.92917,150.59238,13559
Silverton,2880,-31.76941,141.14946,13560
Silverwater (Lake Macquarie - NSW),2264,-33.10288,151.55755,13561
Silverwater (Parramatta - NSW),2128,-33.83402,151.0466,13562
Simpkins Creek,2469,-28.84135,152.76869,13563
Singleton,2330,-32.56652,151.17724,13564
Singleton Heights,2330,-32.53981,151.16178,13565
Singleton Military Area,2331,-32.69612,151.18317,13566
Singletons Mill,2775,-33.47115,151.06998,13567
Six Mile Swamp,2469,-29.18836,152.85775,13568
Skennars Head,2478,-28.83331,153.59065,13569
Skillion Flat,2440,-31.01113,152.73241,13570
Skinners Shoot,2481,-28.65902,153.58912,13571
Sleepy Hollow,2483,-28.41629,153.5217,13572
Smeaton Grange,2567,-34.03758,150.75763,13573
Smiggin Holes,2624,-36.39273,148.42663,13574
Smithfield,2164,-33.84835,150.93812,13575
Smiths Creek (Clarence Valley - NSW),2460,-29.50213,152.72934,13576
Smiths Creek (Kyogle - NSW),2474,-28.56391,152.85377,13577
Smiths Creek (Tweed - NSW),2484,-28.42801,153.37861,13578
Smiths Lake,2428,-32.38097,152.49448,13579
Smithtown,2440,-31.01202,152.94761,13580
Snakes Plain,2824,-31.77674,147.75679,13581
Snowball,2622,-35.94375,149.58496,13582
Snowy Plain,2628,-36.15157,148.52194,13583
Sodwalls,2790,-33.56208,149.9823,13584
Sofala,2795,-33.06242,149.69585,13585
Soldiers Point,2317,-32.70671,152.06535,13586
Somersby,2250,-33.37922,151.27801,13587
Somerton,2340,-30.93843,150.62738,13588
South Albury,2640,-36.097,146.91356,13589
South Arm (Clarence Valley - NSW),2460,-29.51766,153.17343,13590
South Arm (Nambucca Valley - NSW),2449,-30.68817,152.73985,13591
South Ballina,2478,-28.88448,153.56721,13592
South Bathurst,2795,-33.44294,149.57334,13593
South Bowenfels,2790,-33.51902,150.1088,13594
South Coogee,2034,-33.9326,151.25459,13595
South Durras,2536,-35.65305,150.28602,13596
South Golden Beach,2483,-28.501,153.54783,13597
South Grafton,2460,-29.7274,152.93931,13598
South Granville,2142,-33.85881,151.01017,13599
South Gundagai,2722,-35.12327,148.13053,13600
South Gundurimba,2480,-28.89176,153.24512,13601
South Guyra,2365,-30.23878,151.67287,13602
South Hurstville,2221,-33.9774,151.10455,13603
South Kempsey,2440,-31.12238,152.84544,13604
South Lismore,2480,-28.81457,153.25579,13605
South Littleton,2790,-33.5003,150.1356,13606
South Maitland,2320,-32.74691,151.56385,13607
South Maroota,2756,-33.512,150.95443,13608
South Murwillumbah,2484,-28.33892,153.41616,13609
South Nowra,2541,-34.90696,150.60019,13610
South Pambula,2549,-36.94909,149.85519,13611
South Penrith,2750,-33.77223,150.69806,13612
South Tamworth,2340,-31.11041,150.91422,13613
South Turramurra,2074,-33.75271,151.10781,13614
South Wentworthville,2145,-33.8212,150.9699,13615
South West Rocks,2431,-30.89611,153.03549,13616
South Windsor,2756,-33.63012,150.80415,13617
South Wolumla,2550,-36.86552,149.76249,13618
Southampton,2460,-29.71526,152.89876,13619
Southgate,2460,-29.60219,153.00495,13620
Speers Point,2284,-32.96205,151.62734,13621
Speewa,2735,-35.19098,143.55544,13622
Spencer,2775,-33.44256,151.12227,13623
Spicers Creek,2820,-32.39658,149.1377,13624
Spicketts Creek,2454,-30.54628,152.8723,13625
Splitters Creek,2640,-36.05292,146.8491,13626
Spring Creek,2800,-33.3437,149.09779,13627
Spring Farm,2570,-34.06937,150.72731,13628
Spring Flat,2850,-32.67077,149.60544,13629
Spring Grove,2470,-28.82932,153.13284,13630
Spring Hill (Orange - NSW),2800,-33.4041,149.14927,13631
Spring Hill (Wollongong - NSW),2500,-34.45168,150.87107,13632
Spring Mountain,2360,-29.83145,151.50174,13633
Spring Plains,2388,-29.92607,149.2866,13634
Spring Ridge,2343,-31.3874,150.21871,13635
Spring Terrace,2798,-33.40615,149.09109,13636
Springdale,2666,-34.45971,147.74337,13637
Springdale Heights,2641,-36.02607,146.95532,13638
Springfield (Central Coast - NSW),2250,-33.42899,151.3746,13639
Springfield (Snowy Monaro Regional - NSW),2630,-36.533,149.12429,13640
Springrange,2618,-35.08778,149.08661,13641
Springside,2800,-33.38571,149.03973,13642
Springvale,2650,-35.17123,147.3234,13643
Springwood,2777,-33.69322,150.57597,13644
St Albans,2775,-33.25128,151.00824,13645
St Andrews,2566,-34.0226,150.82977,13646
St Clair (Penrith - NSW),2759,-33.79688,150.78389,13647
St Clair (Singleton - NSW),2330,-32.35522,151.27173,13648
St Fillans,2850,-32.46376,149.63656,13649
St George,2622,-35.03112,150.22198,13650
St Georges Basin,2540,-35.11274,150.60657,13651
St Helens Park,2560,-34.10425,150.81415,13652
St Huberts Island,2257,-33.4972,151.34647,13653
St Ives,2075,-33.72597,151.1734,13654
St Ives Chase,2075,-33.70423,151.16533,13655
St Johns Park,2176,-33.88317,150.90173,13656
St Leonards,2065,-33.82203,151.1943,13657
St Marys,2760,-33.7607,150.77228,13658
St Peters,2044,-33.91642,151.17669,13659
Stanborough,2360,-29.98723,151.06903,13660
Stanbridge,2705,-34.50649,146.26572,13661
Stanford Merthyr,2327,-32.82523,151.49303,13662
Stanhope,2335,-32.58321,151.40783,13663
Stanhope Gardens,2768,-33.71667,150.92709,13664
Stanmore,2048,-33.89273,151.16583,13665
Stannifer,2369,-29.87788,151.24229,13666
Stannum,2371,-29.33303,151.79142,13667
Stanwell Park,2508,-34.22811,150.98072,13668
Stanwell Tops,2508,-34.22013,150.97108,13669
State Mine Gully,2790,-33.4474,150.20455,13670
Steam Plains,2710,-34.98295,145.28227,13671
Steeple Flat,2631,-36.57964,149.36847,13672
Stewarts Brook,2337,-32.0302,151.32253,13673
Stewarts River,2443,-31.71488,152.63465,13674
Stockinbingal,2725,-34.46609,147.864,13675
Stockrington,2322,-32.86296,151.57943,13676
Stockton,2295,-32.89427,151.79194,13677
Stockyard Creek,2460,-29.51551,152.80913,13678
Stokers Siding,2484,-28.40655,153.42109,13679
Stonehenge,2370,-29.83391,151.72408,13680
Stonequarry,2580,-34.37554,149.76265,13681
Stony Chute,2480,-28.58345,153.16266,13682
Stony Creek (Bega Valley - NSW),2550,-36.61816,149.80192,13683
Stony Creek (Mid-Western Regional - NSW),2850,-32.47534,149.72951,13684
Stony Crossing,2734,-35.08352,143.54488,13685
Stotts Creek,2487,-28.28228,153.50483,13686
Stratford,2422,-32.1144,151.95504,13687
Strathcedar,2429,-31.76881,152.36403,13688
Stratheden,2470,-28.751,152.94646,13689
Strathfield,2135,-33.87678,151.08153,13690
Strathfield South,2136,-33.89497,151.07923,13691
Stroud,2425,-32.35777,151.99748,13692
Stroud Hill,2420,-32.37994,151.81274,13693
Stroud Road,2415,-32.31723,151.93799,13694
Stuart Town,2820,-32.83182,149.04701,13695
Stuarts Point,2441,-30.82388,152.98553,13696
Stubbo,2852,-32.27616,149.57101,13697
Stud Park,2710,-35.37423,144.94992,13698
Suffolk Park,2481,-28.68799,153.6073,13699
Sugarloaf,2420,-32.38194,151.69048,13700
Summer Hill (Dungog - NSW),2421,-32.47818,151.49992,13701
Summer Hill (Inner West - NSW),2130,-33.89407,151.13713,13702
Summer Hill Creek,2800,-33.20712,149.15315,13703
Summer Island,2440,-30.98609,152.96569,13704
Summerland Point,2259,-33.14093,151.56399,13705
Sun Valley,2777,-33.7076,150.59498,13706
Sunny Corner,2795,-33.37717,149.87631,13707
Sunset Strip,2879,-32.27319,142.31829,13708
Sunshine,2264,-33.11197,151.56257,13709
Sunshine Bay,2536,-35.74543,150.20781,13710
Suntop,2820,-32.56695,148.82966,13711
Surf Beach,2536,-35.76392,150.20301,13712
Surfside,2536,-35.69599,150.19921,13713
Surry Hills,2010,-33.88703,151.21103,13714
Sussex Inlet,2540,-35.14228,150.56252,13715
Sutherland,2232,-34.0298,151.05674,13716
Sutton,2620,-35.15468,149.21715,13717
Sutton Forest,2577,-34.57419,150.26421,13718
Swan Bay (Port Stephens - NSW),2324,-32.69435,151.93605,13719
Swan Bay (Richmond Valley - NSW),2471,-29.07769,153.29208,13720
Swan Creek,2462,-29.66965,153.00154,13721
Swan Vale,2370,-29.7728,151.46657,13722
Swanbrook,2360,-29.71818,151.23743,13723
Swanhaven,2540,-35.18818,150.5719,13724
Swans Crossing,2439,-31.59286,152.58592,13725
Swansea,2281,-33.08962,151.63131,13726
Swansea Heads,2281,-33.09203,151.6605,13727
Sweetmans Creek,2325,-32.8882,151.18226,13728
Sydenham,2044,-33.91653,151.1694,13729
Sydney,2000,-33.86856,151.21007,13730
Sydney Olympic Park,2127,-33.83908,151.06866,13731
Sylvania,2224,-34.01366,151.09896,13732
Sylvania Waters,,-34.013,151.1172,13733
Tabbil Creek,2420,-32.42254,151.73143,13734
Tabbimoble,2472,-29.20143,153.25797,13735
Tabbita,2652,-34.10901,145.80463,13736
Table Top,2640,-35.94635,147.03522,13737
Tabulam,2469,-28.87117,152.5232,13738
Tacoma,2259,-33.28854,151.46059,13739
Tacoma South,2259,-33.29567,151.45566,13740
Tahlee,2324,-32.65937,151.99873,13741
Tahmoor,2573,-34.22889,150.59051,13742
Talarm,2447,-30.70322,152.84408,13743
Talawanta,2839,-29.60115,147.05983,13744
Talbingo,2720,-35.60024,148.31977,13745
Tallawang,2852,-32.22897,149.4429,13746
Tallawong,2762,-33.69113,150.88975,13747
Tallimba,2669,-34.04425,146.87603,13748
Tallong,2579,-34.75857,150.16207,13749
Tallowal,2540,-34.84227,150.22781,13750
Tallowwood Ridge,2453,-30.26155,152.72435,13751
Tallwood,2798,-33.50463,149.12002,13752
Tallwoods Village,2430,-32.05497,152.51089,13753
Talmalmo,2640,-35.94005,147.43925,13754
Talofa,2481,-28.67357,153.55475,13755
Taloumbi,2463,-29.549,153.27135,13756
Tamarama,2026,-33.89783,151.27133,13757
Tamban,2441,-30.88682,152.8172,13758
Tambar Springs,2381,-31.39869,149.86386,13759
Tambaroora,2850,-32.96362,149.41115,13760
Taminda,2340,-31.0829,150.90228,13761
Tamworth,2340,-31.09117,150.93267,13762
Tanglewood,2488,-28.33603,153.5348,13763
Tanilba Bay,2319,-32.7422,151.98644,13764
Tanja,2550,-36.62566,149.96046,13765
Tannas Mount,2795,-33.61701,149.64112,13766
Tantangara,2629,-35.71411,148.66542,13767
Tantawangalo,2550,-36.75046,149.54035,13768
Tantonan,2731,-35.70711,144.62849,13769
Tapitallee,2540,-34.82942,150.51458,13770
Tara,2665,-34.49365,147.16131,13771
Taradale,2653,-35.61381,147.93695,13772
Tarago,2580,-35.10751,149.55786,13773
Taralga,2580,-34.40048,149.78714,13774
Tarana,2787,-33.54468,149.88501,13775
Tarban,2372,-28.96768,151.87234,13776
Tarbuck Bay,2428,-32.3644,152.47767,13777
Tarcutta,2652,-35.28661,147.71194,13778
Taree,2430,-31.88864,152.44606,13779
Taree South,2430,-31.93532,152.45389,13780
Taren Point,2229,-34.01892,151.12429,13781
Tarlo,2580,-34.63203,149.8146,13782
Tarraganda,2550,-36.6721,149.86931,13783
Tarrawanna,2518,-34.37656,150.87819,13784
Tarriaro,2390,-30.43472,149.99683,13785
Tarro,2322,-32.80888,151.67832,13786
Tascott,2250,-33.45132,151.31404,13787
Tatham,2471,-28.93785,153.16572,13788
Tathra,2550,-36.73967,149.96763,13789
Tatton,2650,-35.16065,147.36031,13790
Taylors Arm,2447,-30.7385,152.6886,13791
Taylors Beach,2316,-32.74473,152.06947,13792
Taylors Flat,2586,-34.27645,149.01911,13793
Tea Gardens,2324,-32.61762,152.15644,13794
Telarah,2320,-32.7282,151.53353,13795
Telegraph Point,2441,-31.3283,152.78457,13796
Telopea,2117,-33.79394,151.04035,13797
Temagog,2440,-31.00379,152.61882,13798
Temora,2666,-34.448,147.51253,13799
Tempe,2044,-33.92492,151.16401,13800
Ten Mile Hollow,2250,-33.32438,151.08651,13801
Tenambit,2323,-32.74003,151.61445,13802
Tenandra,2824,-31.57716,147.88423,13803
Tennyson,2754,-33.5333,150.73718,13804
Tennyson Point,2111,-33.8325,151.1178,13805
Tenterden,2365,-30.1128,151.41619,13806
Tenterfield,2372,-29.08143,152.03527,13807
Teralba,2284,-32.95099,151.59992,13808
Terania Creek,2480,-28.61411,153.2957,13809
Terara,2540,-34.86844,150.62883,13810
Teridgerie,2829,-30.91251,148.79879,13811
Termeil,2539,-35.47659,150.35152,13812
Terrabella,2818,-32.43965,148.73365,13813
Terrace Creek,2474,-28.41101,152.83818,13814
Terragon,2484,-28.43933,153.28973,13815
Terramungamine,2830,-32.07864,148.49925,13816
Terranora,2486,-28.23913,153.5056,13817
Terreel,2422,-32.21933,152.04443,13818
Terrey Hills,2084,-33.68898,151.22021,13819
Terrigal,2260,-33.44225,151.42635,13820
Terry Hie Hie,2400,-29.78547,150.16107,13821
Teven,2478,-28.81471,153.49168,13822
Tewinga,2449,-30.64375,152.90314,13823
Texas,,-28.89167,151.08938,13824
Thalgarrah,2350,-30.40923,151.86977,13825
Tharbogang,2680,-34.26446,145.94684,13826
The Angle,2620,-35.6113,149.10146,13827
The Basin,2365,-30.17128,151.27543,13828
The Bight,2429,-31.88389,152.3864,13829
The Branch,2425,-32.55124,152.04346,13830
The Brothers,2630,-36.34133,149.07848,13831
The Channon,2480,-28.67574,153.27786,13832
The Devils Wilderness,2787,-33.5574,150.5339,13833
The Entrance,2261,-33.34463,151.49547,13834
The Entrance North,2261,-33.33132,151.50653,13835
The Freshwater,2469,-29.34283,153.33238,13836
The Gap (Richmond Valley - NSW),2472,-29.17377,153.39858,13837
The Gap (Wagga Wagga - NSW),2650,-34.95436,147.2137,13838
The Glen,2476,-28.40606,152.66099,13839
The Gulf,2365,-30.05506,152.25707,13840
The Hatch,2444,-31.36084,152.82295,13841
The Hill,2300,-32.93202,151.77636,13842
The Junction,2291,-32.93867,151.76014,13843
The Lagoon,2795,-33.54262,149.62293,13844
The Marra,2831,-30.81283,147.26614,13845
The Meadows,2787,-33.64655,149.939,13846
The Oaks,2570,-34.08752,150.56347,13847
The Pilliga,2388,-30.68156,149.4624,13848
The Pinnacles,2460,-29.54452,152.92315,13849
The Pocket,2483,-28.50633,153.47236,13850
The Ponds,2769,-33.70448,150.9045,13851
The Ridgeway,2620,-35.33853,149.2605,13852
The Risk,2474,-28.47024,152.93194,13853
The Rock,2655,-35.27067,147.11864,13854
The Rocks (Bathurst Regional - NSW),2795,-33.43054,149.42494,13855
The Rocks (Sydney - NSW),2000,-33.8603,151.20817,13856
The Sandon,2463,-29.66541,153.29473,13857
The Slopes,2754,-33.53283,150.70616,13858
The Whiteman,2460,-29.60029,152.86304,13859
Theresa Creek,2469,-28.78215,152.79324,13860
Theresa Park,2570,-33.99095,150.63498,13861
Thirldene,2347,-30.33222,150.90796,13862
Thirlmere,2572,-34.20521,150.55381,13863
Thirroul,2515,-34.31447,150.91442,13864
Thora,2454,-30.43397,152.77579,13865
Thornleigh,2120,-33.72338,151.08096,13866
Thornton,2322,-32.78143,151.63722,13867
Thredbo,2627,-36.52864,148.36184,13868
Thrumster,2444,-31.45841,152.83932,13869
Thuddungra,2594,-34.17313,148.12888,13870
Thule,2732,-35.68458,144.39126,13871
Thumb Creek,2447,-30.65565,152.5749,13872
Thurgoona,2640,-36.05552,146.9911,13873
Thyra,2731,-35.84562,144.74421,13874
Tianjara,2622,-35.14029,150.31476,13875
Tibbuc,2422,-31.83435,151.90365,13876
Tibooburra,2880,-29.36384,141.98488,13877
Tichborne,2870,-33.23195,148.07404,13878
Tichular,2850,-32.45022,149.93246,13879
Tighes Hill,2297,-32.90697,151.7516,13880
Tilba Tilba,2546,-36.33505,150.03895,13881
Tilbuster,2350,-30.41779,151.69991,13882
Tilligerry Creek,2319,-32.76254,151.98468,13883
Tilpa,2840,-31.01176,144.37056,13884
Timbarra,2372,-29.05678,152.23064,13885
Timbillica,2551,-37.30334,149.7204,13886
Timbumburi,2340,-31.2261,150.90603,13887
Timor,2338,-31.71066,151.08269,13888
Tindarey,2835,-31.05123,145.96733,13889
Tinderry,2620,-35.69374,149.30816,13890
Tingha,2369,-29.96955,151.22911,13891
Tingira Heights,2290,-32.9974,151.66736,13892
Tinonee,2430,-31.94649,152.40397,13893
Tinpot,2546,-36.23709,149.89793,13894
Tintenbar,2478,-28.79265,153.51088,13895
Tintinhull,2352,-31.07595,150.99731,13896
Tiona,2428,-32.2978,152.5217,13897
Tipperary,2429,-32.05852,152.15964,13898
Tiri,2424,-31.84996,152.08559,13899
Tirrannaville,2580,-34.87087,149.67663,13900
Titaatee Creek,2422,-32.03653,152.11482,13901
Tocal,2421,-32.61752,151.55949,13902
Tocumwal,2714,-35.77997,145.50762,13903
Tolbar,2629,-36.0919,148.62007,13904
Tolland,2650,-35.14558,147.35124,13905
Tolwong,2622,-34.83564,150.1028,13906
Tomago,2322,-32.8207,151.73797,13907
Tomakin,2537,-35.82448,150.18989,13908
Tomalla,2337,-31.82438,151.47968,13909
Tombong,2633,-36.90265,148.93148,13910
Tomboye,2622,-35.25329,149.96935,13911
Tomerong,2540,-35.0506,150.56823,13912
Tomewin,2484,-28.25502,153.37458,13913
Tomingley,2869,-32.55327,148.21571,13914
Tomki,2470,-28.86455,153.14146,13915
Toms Creek,2446,-31.54398,152.38551,13916
Tonderburine,2817,-31.33094,148.77592,13917
Tongarra,2527,-34.58188,150.69557,13918
Toogong,2864,-33.35164,148.65022,13919
Tooleybuc,2736,-35.03361,143.39076,13920
Toolijooa,2534,-34.75948,150.78116,13921
Tooloom,2475,-28.58976,152.45185,13922
Tooloon,2829,-30.99959,148.15801,13923
Tooma,2642,-35.94511,148.01616,13924
Toongabbie,2146,-33.78946,150.94771,13925
Toongi,2830,-32.48106,148.57706,13926
Toonumbar,2474,-28.53044,152.76109,13927
Tooranie,2734,-35.01913,143.66169,13928
Tooraweenah,2817,-31.50272,148.9583,13929
Toormina,2452,-30.35378,153.08872,13930
Toorooka,2440,-30.89895,152.54546,13931
Toothdale,2550,-36.78289,149.75263,13932
Tootool,2655,-35.24361,146.98552,13933
Toowoon Bay,2261,-33.36273,151.4987,13934
Topi Topi,2423,-32.35835,152.34005,13935
Toronto,2283,-33.01599,151.57804,13936
Torrington,2371,-29.27837,151.68028,13937
Torryburn (Dungog - NSW),2421,-32.47307,151.58209,13938
Torryburn (Uralla - NSW),2358,-30.4457,151.20361,13939
Totnes Valley,2850,-32.5108,149.91018,13940
Tottenham,2873,-32.26461,147.25032,13941
Touga,2622,-34.9267,150.10959,13942
Toukley,2263,-33.26046,151.54598,13943
Towallum,2460,-30.08343,152.8329,13944
Towamba,2550,-37.11459,149.70185,13945
Townsend,2463,-29.46587,153.22103,13946
Towradgi,2518,-34.38423,150.90503,13947
Towrang,2580,-34.69567,149.8272,13948
Tralee,2620,-35.42777,149.1629,13949
Trangie,2823,-32.06297,147.91206,13950
Tregeagle,2480,-28.86,153.3517,13951
Tregear,2770,-33.7452,150.79382,13952
Trenayr,2460,-29.61479,152.95836,13953
Trentham Cliffs,2738,-34.23069,142.2538,13954
Trewilga,2869,-32.78717,148.23106,13955
Triamble,2850,-32.9359,149.29945,13956
Triangle Flat,2795,-33.7908,149.45285,13957
Trundle,2875,-32.87101,147.71068,13958
Trungley Hall,2666,-34.26349,147.55718,13959
Trunkey Creek,2795,-33.80198,149.33705,13960
Tubbamurra,2365,-30.10196,151.78377,13961
Tubbul,2594,-34.23759,147.97528,13962
Tucabia,2462,-29.65498,153.12888,13963
Tucki Tucki,2480,-28.9209,153.31751,13964
Tuckombil,2477,-28.81364,153.46691,13965
Tuckurimba,2480,-28.95153,153.32818,13966
Tuena,2583,-34.043,149.31806,13967
Tuggerah,2259,-33.30825,151.42749,13968
Tuggerawong,2259,-33.28357,151.47385,13969
Tugrabakh,2422,-31.98665,152.02176,13970
Tullakool,2732,-35.3851,144.16292,13971
Tullamore,2874,-32.56304,147.60753,13972
Tullarwalla,2540,-35.12477,150.49415,13973
Tullera,2480,-28.75086,153.29216,13974
Tullibigeal,2669,-33.39366,146.71025,13975
Tullimbar,2527,-34.57863,150.7417,13976
Tulloona,2400,-28.90017,150.08425,13977
Tullymorgan,2463,-29.38671,153.11024,13978
Tumbarumba,2653,-35.73202,148.05528,13979
Tumbi Umbi,2261,-33.3749,151.4336,13980
Tumblong,2729,-35.14224,147.98346,13981
Tumbulgum,2490,-28.28338,153.47778,13982
Tumorrama,2720,-35.19373,148.48884,13983
Tumut,2720,-35.32031,148.23315,13984
Tumut Plains,2720,-35.34179,148.27199,13985
Tuncester,2480,-28.80261,153.22432,13986
Tuncurry,2428,-32.16044,152.4875,13987
Tunglebung,2469,-28.81877,152.68002,13988
Tuntable Creek,2480,-28.62892,153.26233,13989
Tuppal,2714,-35.68248,145.30751,13990
Tura Beach,2548,-36.85992,149.92381,13991
Turill,2850,-32.152,149.88895,13992
Turlinjah,2537,-36.0311,150.07436,13993
Turners Flat,2440,-31.03746,152.67449,13994
Turondale,2795,-33.11627,149.59346,13995
Tuross,2630,-36.27546,149.47365,13996
Tuross Head,2537,-36.03472,150.12146,13997
Turramurra,2074,-33.7332,151.12901,13998
Turrawan,2390,-30.45472,149.8874,13999
Turrella,2206,-33.9297,151.1405,14000
Turvey Park,2650,-35.12749,147.36305,14001
Tweed Heads,2485,-28.17845,153.53449,14002
Tweed Heads South,2486,-28.20148,153.5355,14003
Tweed Heads West,2485,-28.18284,153.50392,14004
Twelve Mile,2850,-32.5193,149.24655,14005
Twelve Mile Creek,2324,-32.63921,151.87289,14006
Twelve Mile Peg,2540,-35.15345,150.39801,14007
Twenty Forests,2795,-33.6798,149.7379,14008
Twin Rivers,2410,-28.7055,150.68834,14009
Two Mile Flat,2852,-32.39178,149.38414,14010
Tyagarah,2481,-28.59959,153.55558,14011
Tyalgum,2484,-28.36,153.23028,14012
Tyalgum Creek,2484,-28.33892,153.16198,14013
Tygalgah,2484,-28.29977,153.42454,14014
Tyndale,2460,-29.5683,153.16143,14015
Tyringham,2453,-30.24721,152.5133,14016
Uarbry,2329,-32.03859,149.73591,14017
Uki,2484,-28.41481,153.32914,14018
Ulamambri,2357,-31.26076,149.5062,14019
Ulan,2850,-32.25879,149.80299,14020
Ulladulla,2539,-35.35646,150.461,14021
Ulmarra,2462,-29.64439,153.05304,14022
Ulong,2450,-30.23825,152.88813,14023
Ultimo,2007,-33.88087,151.1995,14024
Umina Beach,2257,-33.51896,151.31113,14025
Unanderra,2526,-34.45693,150.84632,14026
Underbank,2420,-32.28386,151.6087,14027
Undercliffe,,-28.62283,152.18154,14028
Ungarie,2669,-33.5734,146.91629,14029
Unumgar,2474,-28.43151,152.71624,14030
Upper Allyn,2311,-32.14749,151.46089,14031
Upper Bingara,2404,-30.06978,150.66465,14032
Upper Burringbar,2483,-28.45297,153.42289,14033
Upper Bylong,2849,-32.49653,150.18334,14034
Upper Colo,2756,-33.41362,150.70472,14035
Upper Coopers Creek,2482,-28.60298,153.40268,14036
Upper Copmanhurst,2460,-29.56548,152.74867,14037
Upper Corindi,2456,-30.05162,153.11767,14038
Upper Crystal Creek,2484,-28.27146,153.30482,14039
Upper Dartbrook,2336,-31.91933,150.70614,14040
Upper Duck Creek,2469,-28.52062,152.69761,14041
Upper Duroby,2486,-28.25215,153.43538,14042
Upper Eden Creek,2474,-28.51529,152.85391,14043
Upper Fine Flower,2460,-29.27518,152.71824,14044
Upper Growee,2849,-32.64434,150.0115,14045
Upper Horseshoe Creek,2474,-28.49737,153.10771,14046
Upper Horton,2347,-30.18292,150.35898,14047
Upper Kangaroo River,2577,-34.69274,150.59235,14048
Upper Kangaroo Valley,2577,-34.64285,150.62064,14049
Upper Karuah River,2415,-32.16535,151.74419,14050
Upper Lansdowne,2430,-31.71058,152.46636,14051
Upper Macdonald,2775,-33.25119,150.91691,14052
Upper Main Arm,2482,-28.49096,153.3939,14053
Upper Mangrove,2250,-33.29105,151.12158,14054
Upper Manilla,2346,-30.60111,150.6614,14055
Upper Mongogarie,2470,-28.96627,152.80347,14056
Upper Myall,2423,-32.25217,152.15632,14057
Upper Nile,2849,-32.96195,150.25621,14058
Upper Orara,2450,-30.28615,152.98798,14059
Upper Pappinbarra,2446,-31.27819,152.44194,14060
Upper Rollands Plains,2441,-31.23128,152.61463,14061
Upper Rouchel,2336,-32.09787,151.19284,14062
Upper Taylors Arm,2447,-30.77699,152.67445,14063
Upper Tooloom,2475,-28.56285,152.37317,14064
Upper Turon,2795,-33.12969,149.77711,14065
Upper Wilsons Creek,2482,-28.52351,153.38226,14066
Upsalls Creek,2439,-31.63066,152.64648,14067
Uralba,2477,-28.87137,153.47679,14068
Uralla,2358,-30.65579,151.51308,14069
Urana,2645,-35.32238,146.2317,14070
Urangeline,2656,-35.43212,146.59115,14071
Urangeline East,2656,-35.49391,146.68768,14072
Uranquinty,2652,-35.20277,147.2209,14073
Urawilkie,2829,-30.69463,148.73054,14074
Urbenville,2475,-28.45927,152.50676,14075
Uriarra,2611,-35.25193,148.8214,14076
Urila,2620,-35.55931,149.28939,14077
Urliup,2484,-28.25778,153.40547,14078
Urunga,2455,-30.51467,152.99194,14079
Utungun,2447,-30.74476,152.82771,14080
Vacy,2421,-32.53506,151.5629,14081
Vale Of Clwydd,2790,-33.48394,150.18021,14082
Valentine,2280,-33.01421,151.64332,14083
Valery,2454,-30.39693,152.96458,14084
Valla,2448,-30.58051,152.95269,14085
Valla Beach,2448,-30.58949,153.00706,14086
Valley Heights,2777,-33.71059,150.58401,14087
Varroville,2566,-34.00255,150.81051,14088
Vaucluse,2030,-33.85573,151.27638,14089
Verges Creek,2440,-31.08697,152.8972,14090
Verona,2550,-36.44554,149.80989,14091
Villawood,2163,-33.88273,150.98307,14092
Vincentia,2540,-35.07376,150.67101,14093
Vineyard,2765,-33.64278,150.84927,14094
Violet Hill,2423,-32.4519,152.32141,14095
Vittoria,2799,-33.41726,149.34852,14096
Voyager Point,2172,-33.95922,150.97367,14097
Wadalba,2259,-33.27263,151.46355,14098
Wadbilliga,2546,-36.25439,149.60918,14099
Wadeville,2474,-28.56224,153.13415,14100
Wagga Wagga,2650,-35.10847,147.35911,14101
Wagstaffe,,-33.5229,151.34047,14102
Wahroonga,2076,-33.71984,151.11603,14103
Waitara,2077,-33.70897,151.10513,14104
Waitui,2443,-31.68498,152.54253,14105
Wakefield,2278,-32.96787,151.5559,14106
Wakeley,2176,-33.8743,150.90793,14107
Wakool,2710,-35.46519,144.35455,14108
Walang,2795,-33.45417,149.77,14109
Walbundrie,2642,-35.65235,146.70376,14110
Walcha,2354,-31.05078,151.73301,14111
Walcha Road,2354,-30.92692,151.42073,14112
Waldegrave,2800,-33.44065,149.04693,14113
Walgett,2832,-29.98011,148.05623,14114
Walla Walla,2659,-35.73596,146.87476,14115
Wallabadah,2343,-31.54913,150.8729,14116
Wallabi Point,2430,-31.99156,152.56199,14117
Wallacetown,2650,-34.97491,147.47227,14118
Wallacia,2745,-33.88314,150.64323,14119
Wallaga Lake,2546,-36.37106,150.06108,14120
Wallagoot,2550,-36.76714,149.91861,14121
Wallalong,2320,-32.69243,151.65448,14122
Wallamore,2340,-31.04021,150.82486,14123
Wallanbah,2422,-32.08019,152.08929,14124
Wallangra,2360,-29.2608,150.91137,14125
Wallanthery,2675,-33.24141,145.89261,14126
Wallarah,2259,-33.22537,151.46269,14127
Wallaringa,2420,-32.45429,151.67168,14128
Wallarobba,2420,-32.50386,151.69979,14129
Wallaroo,2618,-35.15293,148.99319,14130
Wallendbeen,2588,-34.51358,148.11869,14131
Wallerawang,2845,-33.41941,150.04985,14132
Walleroobie,2665,-34.48398,147.03054,14133
Wallingat,2428,-32.31077,152.43577,14134
Wallis Lake,2428,-32.25277,152.49049,14135
Wallsend,2287,-32.90145,151.66447,14136
Walmer,2820,-32.65168,148.74289,14137
Wamban,2537,-35.97555,149.97895,14138
Wambangalang,2830,-32.56164,148.50073,14139
Wamberal,2260,-33.41495,151.44502,14140
Wamboin,2620,-35.25163,149.33185,14141
Wambool,2795,-33.50355,149.76009,14142
Wambrook,2630,-36.18089,148.9765,14143
Wanaaring,2840,-29.58302,143.88535,14144
Wandandian,2540,-35.08145,150.50153,14145
Wandella,2550,-36.31653,149.86138,14146
Wandera,2360,-29.66973,151.14726,14147
Wandook,2710,-35.42336,145.0304,14148
Wandsworth,2365,-30.01532,151.47086,14149
Wang Wauk,2423,-32.14264,152.28131,14150
Wanganella,2710,-35.10228,144.76056,14151
Wanganui,,-28.5554,153.3615,14152
Wangi Wangi,2267,-33.07195,151.58831,14153
Wantabadgery,2650,-35.00635,147.72042,14154
Wantagong,2644,-35.80056,147.49613,14155
Wantiool,2663,-34.88366,147.67583,14156
Wapengo,2550,-36.57932,149.97245,14157
Warabrook,2304,-32.88489,151.71617,14158
Waratah,2298,-32.9051,151.72427,14159
Waratah West,2298,-32.90039,151.71265,14160
Warburn,2680,-34.17099,145.92165,14161
Wardell,2477,-28.95416,153.44948,14162
Wardrop Valley,2484,-28.36615,153.45429,14163
Wards Mistake,2350,-30.12981,152.03494,14164
Wards River,2422,-32.20782,151.93906,14165
Wareemba,2046,-33.8571,151.13283,14166
Warialda,2402,-29.40893,150.51924,14167
Warialda Rail,2402,-29.63804,150.53079,14168
Warilla,2528,-34.55357,150.85828,14169
Warkworth,2330,-32.5585,151.02013,14170
Warners Bay,2282,-32.97182,151.65089,14171
Warnervale,2259,-33.24833,151.43369,14172
Warrabah,2346,-30.5034,150.97166,14173
Warraderry,2810,-33.72005,148.24992,14174
Warragai Creek,2460,-29.56211,152.97594,14175
Warragamba,2752,-33.8899,150.59954,14176
Warragoon,2710,-35.60486,145.13756,14177
Warrah,2339,-31.6694,150.67204,14178
Warrah Creek,2339,-31.77289,150.68097,14179
Warrah Ridge,2343,-31.61415,150.55908,14180
Warral,2340,-31.15778,150.85855,14181
Warranulla,2423,-32.19117,152.12946,14182
Warrawee,2074,-33.72717,151.12097,14183
Warrawidgee,2680,-34.31543,145.74736,14184
Warrawong,2502,-34.48844,150.88149,14185
Warrazambil Creek,2474,-28.4452,153.03847,14186
Warregah Island,2469,-29.38394,153.22653,14187
Warrell Creek,2447,-30.77291,152.90622,14188
Warren,2824,-31.72948,147.85509,14189
Warri,2622,-35.32759,149.67809,14190
Warriewood,2102,-33.69005,151.29628,14191
Warrimoo,2774,-33.72247,150.61377,14192
Warroo,2871,-33.32985,147.54786,14193
Warrumbungle,2828,-31.30492,148.97458,14194
Warwick Farm,2170,-33.91144,150.9365,14195
Washpool (Clarence Valley - NSW),2460,-29.29413,152.38098,14196
Washpool (Mid-Coast - NSW),2425,-32.37037,151.92124,14197
Watagan,2325,-33.02377,151.23904,14198
Watanobbi,2259,-33.26815,151.42711,14199
Waterfall,2233,-34.12039,150.97404,14200
Waterloo,2017,-33.899,151.20667,14201
Watersleigh,2540,-34.85457,150.51639,14202
Waterview,2460,-29.68727,152.90322,14203
Waterview Heights,2460,-29.69294,152.85165,14204
Watsons Bay,2030,-33.84035,151.28142,14205
Watsons Creek,2355,-30.69741,151.00308,14206
Wattamolla,2535,-34.72556,150.6351,14207
Wattamondara,2794,-33.94284,148.59364,14208
Wattle Flat,2795,-33.1411,149.6848,14209
Wattle Grove,2173,-33.95428,150.94027,14210
Wattle Ponds,2330,-32.52162,151.19145,14211
Wattle Ridge,2575,-34.28438,150.42658,14212
Watton,2795,-33.3111,149.41788,14213
Wauchope,2446,-31.47203,152.73213,14214
Waugorah,2711,-34.50958,143.80992,14215
Waukivory,2422,-32.10681,152.04425,14216
Waverley,2024,-33.9016,151.2578,14217
Waverly,2337,-31.87212,151.08574,14218
Waverton,2060,-33.84,151.1965,14219
Way Way,2447,-30.77935,152.93977,14220
Wayo,2580,-34.6226,149.61586,14221
Weabonga,2340,-31.19407,151.3036,14222
Wean,2382,-30.70732,150.27284,14223
Webbers Creek,2421,-32.58274,151.51284,14224
Webbs Creek,2775,-33.34992,150.90721,14225
Wedderburn,2560,-34.14178,150.82351,14226
Wee Jasper,2582,-35.13507,148.66342,14227
Wee Waa,2388,-30.31049,149.38659,14228
Weedallion,2594,-34.20028,147.882,14229
Weemelah,2406,-29.04432,149.28836,14230
Weetaliba,2395,-31.63718,149.57969,14231
Weethalle,2669,-33.85886,146.58535,14232
Weilmoringle,2839,-29.17915,146.81315,14233
Weismantels,2415,-32.2587,151.92122,14234
Welaregang,2642,-36.01116,147.96363,14235
Welby,2575,-34.44052,150.42813,14236
Wellingrove,2370,-29.56142,151.51154,14237
Wellington,2820,-32.56728,148.9624,14238
Wellington Vale,2371,-29.41473,151.73463,14239
Wells Crossing,2460,-29.89706,153.02916,14240
Wendoree Park,2250,-33.45727,151.16413,14241
Wentworth,2648,-33.92136,142.02247,14242
Wentworth Falls,2782,-33.72229,150.3802,14243
Wentworth Point,2127,-33.828,151.07737,14244
Wentworthville,2145,-33.80794,150.97015,14245
Werai,2577,-34.61069,150.36471,14246
Wereboldera,2720,-35.38775,148.21954,14247
Wermatong,2720,-35.3781,148.3048,14248
Werombi,2570,-33.98578,150.57901,14249
Werri Beach,2534,-34.7321,150.83393,14250
Werrikimbe,2446,-31.25061,152.21109,14251
Werrington,2747,-33.75894,150.75292,14252
Werrington County,2747,-33.74708,150.74803,14253
Werrington Downs,2747,-33.74215,150.73361,14254
Werris Creek,2341,-31.3513,150.62386,14255
West Albury,2640,-36.07394,146.88777,14256
West Ballina,2478,-28.85829,153.52222,14257
West Bathurst,2795,-33.40851,149.56312,14258
West Bungawalbin,2471,-29.13226,153.11806,14259
West Coraki,2471,-28.99927,153.2091,14260
West Gosford,2250,-33.41989,151.32366,14261
West Haven,2443,-31.63527,152.78347,14262
West Hoxton,2171,-33.93465,150.83265,14263
West Kempsey,2440,-31.05917,152.8312,14264
West Nowra,2541,-34.88367,150.58499,14265
West Pennant Hills,2125,-33.74826,151.03341,14266
West Pymble,2073,-33.7642,151.12974,14267
West Ryde,2114,-33.80806,151.084,14268
West Tamworth,2340,-31.10002,150.90687,14269
West Wallsend,2286,-32.90114,151.5628,14270
West Wiangaree,2474,-28.53766,152.95604,14271
West Wollongong,2500,-34.4237,150.86678,14272
West Wyalong,2671,-33.87537,147.10804,14273
Westbrook,2330,-32.44264,151.28745,14274
Westdale (Snowy Valleys - NSW),2653,-35.56965,147.88334,14275
Westdale (Tamworth Regional - NSW),2340,-31.09079,150.85376,14276
Westleigh,2120,-33.71057,151.07213,14277
Westmead,2145,-33.80925,150.98633,14278
Weston,2326,-32.81066,151.45504,14279
Westwood,2729,-35.39665,147.98334,14280
Wetherill Park,2164,-33.84341,150.89934,14281
Wetuppa,2734,-35.32913,143.86683,14282
Whalan,2770,-33.75642,150.80662,14283
Whale Beach,2107,-33.6154,151.33328,14284
Wheeler Heights,2097,-33.72713,151.2798,14285
Wheeny Creek,2758,-33.4422,150.7168,14286
Wheeo,2583,-34.51295,149.27955,14287
Wherrol Flat,2429,-31.79135,152.21917,14288
Whian Whian,2480,-28.60579,153.35053,14289
Whiporie,2469,-29.27428,153.00984,14290
White Cliffs,2836,-30.26341,143.11915,14291
White Rock,2795,-33.46562,149.61686,14292
Whitebridge,2290,-32.97292,151.71676,14293
Whiteman Creek,2460,-29.56392,152.85411,14294
Whitlow,2404,-29.88348,150.7459,14295
Whittingham,2330,-32.61543,151.21338,14296
Whitton,2705,-34.54743,146.14193,14297
Whoota,2428,-32.31651,152.48171,14298
Wiagdon,2795,-33.2165,149.66919,14299
Wiangaree,2474,-28.51177,152.97916,14300
Wiarborough,2580,-34.22022,149.94468,14301
Wickham,2293,-32.91953,151.7569,14302
Widden,2328,-32.6419,150.36962,14303
Widgelli,2680,-34.35727,146.15088,14304
Wilberforce,2756,-33.54461,150.84616,14305
Wilbetree,2850,-32.48165,149.56504,14306
Wilcannia,2836,-31.28775,143.59956,14307
Wild Cattle Creek,2453,-30.14639,152.74683,14308
Wildes Meadow,2577,-34.63521,150.52209,14309
Wiley Park,2195,-33.92358,151.06779,14310
Willala,2382,-30.8467,149.85731,14311
Willawarrin,2440,-30.93808,152.63232,14312
Willbriggie,2680,-34.47961,145.991,14313
Willi Willi,2440,-30.96689,152.38838,14314
Williamsdale,2620,-35.58905,149.15707,14315
Williamtown,2318,-32.80435,151.83639,14316
Willigobung,2653,-35.65566,148.0372,14317
Willina,2423,-32.17874,152.26914,14318
Willmot,2770,-33.72402,150.79262,14319
Willoughby,2068,-33.80656,151.19994,14320
Willoughby East,2068,-33.79787,151.20687,14321
Willow Tree,2339,-31.63813,150.73066,14322
Willow Vale (Kiama - NSW),2534,-34.73971,150.79244,14323
Willow Vale (Wingecarribee - NSW),2575,-34.4328,150.46957,14324
Willsons Downfall,2372,-28.7407,152.11672,14325
Willurah,2710,-34.96969,145.10719,14326
Wilpinjong,2850,-32.3265,149.87812,14327
Wilsons Creek,2482,-28.56731,153.43114,14328
Wilton,2571,-34.26586,150.68531,14329
Wimbledon,2795,-33.5389,149.43543,14330
Wimborne,2346,-30.68919,150.65383,14331
Winburndale,2795,-33.31306,149.80023,14332
Windale,2306,-32.99363,151.68197,14333
Windang,2528,-34.5268,150.87267,14334
Windella,2320,-32.6921,151.47919,14335
Windellama,2580,-35.01394,149.91343,14336
Windera,2800,-33.20911,149.01988,14337
Windermere,2321,-32.67605,151.45437,14338
Windermere Park,2264,-33.11607,151.5328,14339
Windeyer,2850,-32.79973,149.57182,14340
Windowie,2720,-35.36991,148.13555,14341
Windradyne,2795,-33.40552,149.54371,14342
Windsor,2756,-33.61033,150.81804,14343
Windsor Downs,2756,-33.65402,150.80901,14344
Windy,2343,-31.62516,150.40595,14345
Winegrove,2460,-29.54751,152.68768,14346
Wingadee,2829,-30.52213,148.28335,14347
Wingello,2579,-34.69908,150.17886,14348
Wingen,2337,-31.90099,150.91834,14349
Wingham,2429,-31.85812,152.3557,14350
Winifred,2631,-36.48879,149.36609,14351
Winmalee,2777,-33.67637,150.61161,14352
Winston Hills,2153,-33.77546,150.97949,14353
Winton,2344,-31.0906,150.70281,14354
Wirlinga,2640,-36.04547,147.05196,14355
Wirraba,2849,-33.11359,150.50827,14356
Wirragulla,2420,-32.4549,151.73561,14357
Wirrimah,2803,-34.11336,148.42056,14358
Wirrimbi,2447,-30.67114,152.92496,14359
Wirrinya,2871,-33.62761,147.73096,14360
Wisemans Creek,2795,-33.63403,149.71871,14361
Wisemans Ferry,2775,-33.3731,150.9657,14362
Wittitrin,2440,-31.09984,152.55578,14363
Wog Wog (Bega Valley - NSW),2550,-37.07587,149.4421,14364
Wog Wog (Queanbeyan-Palerang Regional - NSW),2622,-35.26416,150.05386,14365
Woko,2422,-31.81007,151.84435,14366
Wolgan Valley,2790,-33.25084,150.16498,14367
Wollangambe,2790,-33.34254,150.44204,14368
Wollar,2850,-32.36473,149.97952,14369
Wollemi,2330,-32.9491,150.45222,14370
Wolli Creek,2205,-33.93136,151.15195,14371
Wollogorang,2581,-34.85954,149.52418,14372
Wollombi,2325,-32.95021,151.15572,14373
Wollomombi,2350,-30.47264,152.13159,14374
Wollongbar,2477,-28.81955,153.4074,14375
Wollongong,2500,-34.42842,150.89385,14376
Wollstonecraft,2065,-33.83287,151.19543,14377
Wollumboola,2540,-34.95906,150.72819,14378
Wollun,2354,-30.84912,151.44597,14379
Wolumla,2550,-36.81071,149.81344,14380
Wombarra,2515,-34.2754,150.9515,14381
Wombat,2587,-34.43514,148.2296,14382
Wombat Creek,2460,-29.51647,152.75725,14383
Wombeyan Caves,2580,-34.3085,149.95964,14384
Womboota,2731,-35.9019,144.55924,14385
Womerah,2756,-33.23632,150.80028,14386
Wonboyn,2551,-37.25176,149.93414,14387
Wonboyn North,2551,-37.20066,149.90943,14388
Wondabyne,2256,-33.49797,151.23958,14389
Wondalga,2729,-35.39514,148.09883,14390
Wongarbon,2831,-32.29867,148.80211,14391
Wongawilli,2530,-34.47246,150.75252,14392
Wongo Creek,2346,-30.72862,150.51867,14393
Wongwibinda,2350,-30.26243,152.19968,14394
Woodberry,2322,-32.79273,151.67675,14395
Woodbine,2560,-34.04562,150.81946,14396
Woodburn (Richmond Valley - NSW),2472,-29.10061,153.35273,14397
Woodburn (Shoalhaven - NSW),2538,-35.38941,150.39501,14398
Woodcroft,2767,-33.75741,150.88143,14399
Woodenbong,2476,-28.37209,152.5905,14400
Woodford,2778,-33.73772,150.47873,14401
Woodford Island,2463,-29.51441,153.13434,14402
Woodhill,2535,-34.72995,150.67857,14403
Woodhouselee,2580,-34.57013,149.63802,14404
Woodlands (Eurobodalla - NSW),2536,-35.8026,150.18445,14405
Woodlands (Wingecarribee - NSW),2575,-34.41217,150.39568,14406
Woodlawn,2480,-28.76375,153.31919,14407
Woodpark,2164,-33.84097,150.96067,14408
Woodrising,2284,-32.98677,151.60637,14409
Woodside,2372,-29.06715,151.8409,14410
Woodsreef,2347,-30.43292,150.7856,14411
Woodstock (Cowra - NSW),2793,-33.7694,148.87881,14412
Woodstock (Inverell - NSW),2360,-29.73565,151.35037,14413
Woodstock (Shoalhaven - NSW),2538,-35.35414,150.40769,14414
Woodview,2470,-28.84755,152.94002,14415
Woodville,2321,-32.66817,151.62492,14416
Woody Head,2466,-29.36539,153.36714,14417
Woolbrook,2354,-30.95883,151.32122,14418
Woolgarlo,2582,-34.87821,148.72067,14419
Woolgoolga,2456,-30.09944,153.16301,14420
Wooli,2462,-29.81674,153.23931,14421
Woollahra,2025,-33.8864,151.2432,14422
Woollamia,2540,-35.01395,150.63877,14423
Woolloomooloo,2011,-33.87277,151.21823,14424
Woolners Arm,2470,-28.68385,152.83677,14425
Woolomin,2340,-31.3121,151.14269,14426
Woolooma,2337,-32.00367,151.21033,14427
Woolooware,2230,-34.04421,151.13935,14428
Wooloweyah,2464,-29.4878,153.31709,14429
Woolwich,,-33.84063,151.17333,14430
Woomargama,2644,-35.85771,147.27696,14431
Woombah,2469,-29.3139,153.28717,14432
Woongarrah,2259,-33.23939,151.47813,14433
Woonona,2517,-34.34842,150.90428,14434
Wootton,2423,-32.30217,152.31589,14435
Wooyung,2483,-28.45413,153.53827,14436
Worlds End,2850,-32.66768,149.37909,14437
Woronora,2232,-34.02713,151.04094,14438
Woronora Dam,2508,-34.16395,150.93478,14439
Woronora Heights,2233,-34.03442,151.02706,14440
Worrigee,2540,-34.91137,150.63761,14441
Worrowing Heights,2540,-35.07704,150.63939,14442
Woy Woy,2256,-33.50414,151.28965,14443
Woy Woy Bay,2256,-33.47159,151.29709,14444
Wrathall,2642,-35.36438,146.89122,14445
Wrights Beach,2540,-35.11663,150.66653,14446
Wrights Creek,2775,-33.30135,151.04576,14447
Wuuluman,2820,-32.53196,149.07669,14448
Wyalong,2671,-33.91745,147.30014,14449
Wyan,2469,-29.06188,152.87018,14450
Wyanbene,2622,-35.78974,149.67514,14451
Wyangala,2808,-33.97995,148.94492,14452
Wyangle,2720,-35.22397,148.33592,14453
Wybong,2333,-32.27176,150.65508,14454
Wybung,2259,-33.19269,151.60677,14455
Wyee,2259,-33.17358,151.46611,14456
Wyee Point,2259,-33.14619,151.50614,14457
Wylie Creek,2372,-28.56041,152.17981,14458
Wylies Flat,2330,-32.58266,151.12371,14459
Wymah,2640,-35.99297,147.26227,14460
Wyndham,2550,-36.92244,149.63324,14461
Wyneden,2474,-28.53331,152.92565,14462
Wyoming,2250,-33.40493,151.36316,14463
Wyong,2259,-33.27692,151.43229,14464
Wyong Creek,2259,-33.25543,151.33346,14465
Wyongah,2259,-33.27186,151.48652,14466
Wyrallah,2480,-28.88581,153.31582,14467
Yabbra,2469,-28.62765,152.50446,14468
Yadboro,2539,-35.39088,150.17627,14469
Yagon,2423,-32.45023,152.44707,14470
Yagoona,2199,-33.90544,151.01783,14471
Yalbraith,2580,-34.28726,149.74294,14472
Yallah,2530,-34.53311,150.79285,14473
Yallaroi,2408,-29.15882,150.52142,14474
Yalwal,2540,-34.95659,150.36156,14475
Yamba,2464,-29.43339,153.34118,14476
Yambulla,2550,-37.22918,149.58816,14477
Yanco,2703,-34.62511,146.40101,14478
Yanderra,2574,-34.31784,150.56959,14479
Yanga,2711,-34.73956,143.71638,14480
Yankees Creek,2550,-36.48795,149.54618,14481
Yannergee,2343,-31.46331,150.06556,14482
Yantabulla,2840,-29.2898,145.04169,14483
Yaouk,2629,-35.79891,148.80449,14484
Yarara,2644,-35.72041,147.64787,14485
Yarra,2580,-34.8126,149.60454,14486
Yarrabandai,2875,-33.13452,147.57822,14487
Yarrabin,2850,-32.6272,149.28984,14488
Yarragal,2820,-32.5972,149.10526,14489
Yarragrin,2842,-31.69213,149.17493,14490
Yarragundry,2650,-35.12149,147.22046,14491
Yarrahapinni,2441,-30.82079,152.94873,14492
Yarramalong,2259,-33.21114,151.25681,14493
Yarraman,2343,-31.66566,150.14916,14494
Yarramundi,2753,-33.63943,150.64593,14495
Yarranbella,2447,-30.72469,152.7677,14496
Yarrangobilly,2720,-35.68155,148.49323,14497
Yarras (Bathurst Regional - NSW),2795,-33.36394,149.6717,14498
Yarras (Port Macquarie-Hastings - NSW),2446,-31.42987,152.35533,14499
Yarratt Forest,2429,-31.78057,152.43437,14500
Yarravel,2440,-31.04346,152.76137,14501
Yarrawa,2328,-32.44086,150.57665,14502
Yarrawarrah,2233,-34.05469,151.03137,14503
Yarrawonga,2850,-32.36763,149.65487,14504
Yarrawonga Park,2264,-33.10093,151.54573,14505
Yarrie Lake,2388,-30.41022,149.51261,14506
Yarrow,2620,-35.46417,149.30927,14507
Yarrowford,2370,-29.64995,151.7477,14508
Yarrowitch,2354,-31.19967,152.06931,14509
Yarrowyck,2358,-30.45196,151.35609,14510
Yass,2582,-34.82366,148.91559,14511
Yass River,2582,-34.92686,149.12496,14512
Yathella,2650,-34.91636,147.42633,14513
Yattalunga,2251,-33.4687,151.3672,14514
Yatte Yattah,2539,-35.26658,150.41871,14515
Yaven Creek,2729,-35.47612,147.94125,14516
Yelgun,2483,-28.47843,153.49913,14517
Yellow Dam,2371,-29.38244,151.39479,14518
Yellow Pinch,2548,-36.85734,149.8351,14519
Yellow Rock (Blue Mountains - NSW),2777,-33.69657,150.63266,14520
Yellow Rock (Shellharbour - NSW),2527,-34.60121,150.73965,14521
Yenda,2681,-34.22688,146.2254,14522
Yengo National Park,2325,-32.99899,150.90371,14523
Yennora,2161,-33.86232,150.96863,14524
Yeoval,2868,-32.76587,148.60459,14525
Yerong Creek,2642,-35.38884,147.06431,14526
Yerranderie,2787,-34.15252,150.2696,14527
Yerrinbool,2575,-34.34847,150.55899,14528
Yerriyong,2540,-34.98706,150.48024,14529
Yessabah,2440,-31.11197,152.67475,14530
Yetholme,2795,-33.43191,149.81352,14531
Yetman,2410,-28.95805,150.80106,14532
Yippin Creek,2446,-31.4563,152.70987,14533
Yoogali,2680,-34.31224,146.0995,14534
Yorklea,2470,-28.93718,153.06983,14535
Young,2594,-34.29877,148.33945,14536
Yowie Bay,2228,-34.04931,151.10195,14537
Yowrie,2550,-36.31505,149.74405,14538
Yullundry,2867,-32.8594,148.66952,14539
Yuraygir,2464,-29.53022,153.33186,14540
Zara,2484,-28.31848,153.2572,14541
Zetland,2017,-33.9068,151.2082,14542
