Site_Id,Date,Hour,Value,AirQualityCategory
33,2026-09-01,1,8.589,GOOD
33,2026-09-01,2,7.798,GOOD
33,2026-09-01,3,6.236,GOOD
33,2026-09-01,4,5.11,GOOD
33,2026-09-01,5,6.619,GOOD
33,2026-09-01,6,15.27,GOOD
33,2026-09-01,7,22.489,GOOD
33,2026-09-01,8,21.774,GOOD
33,2026-09-01,9,17.191,GOOD
33,2026-09-01,10,22.39,GOOD
33,2026-09-01,11,17.435,GOOD
33,2026-09-01,12,8.601,GOOD
33,2026-09-01,13,10.181,GOOD
33,2026-09-01,14,11.028,GOOD
33,2026-09-01,15,12.794,GOOD
33,2026-09-01,16,13.764,GOOD
33,2026-09-01,17,11.401,GOOD
33,2026-09-01,18,10.458,GOOD
33,2026-09-01,19,10.777,GOOD
33,2026-09-01,20,5.902,GOOD
33,2026-09-01,21,4.546,GOOD
33,2026-09-01,22,8.448,GOOD
33,2026-09-01,23,8.889,GOOD
33,2026-09-01,24,6.83,GOOD
33,2026-09-02,1,6.172,GOOD
33,2026-09-02,2,3.691,GOOD
33,2026-09-02,3,5.716,GOOD
33,2026-09-02,4,4.323,GOOD
33,2026-09-02,5,7.181,GOOD
33,2026-09-02,6,7.373,GOOD
33,2026-09-02,7,7.234,GOOD
33,2026-09-02,8,5.494,GOOD
33,2026-09-02,9,7.031,GOOD
33,2026-09-02,10,5.26,GOOD
33,2026-09-02,11,5.081,GOOD
33,2026-09-02,12,3.188,GOOD
33,2026-09-02,13,0.067,GOOD
33,2026-09-02,14,1.934,GOOD
33,2026-09-02,15,4.902,GOOD
33,2026-09-02,16,5.57,GOOD
33,2026-09-02,17,3.197,GOOD
33,2026-09-02,18,4.226,GOOD
33,2026-09-02,19,4.716,GOOD
33,2026-09-02,20,4.64,GOOD
33,2026-09-02,21,10.003,GOOD
33,2026-09-02,22,11.146,GOOD
33,2026-09-02,23,10.829,GOOD
33,2026-09-02,24,4.716,GOOD
33,2026-09-03,1,4.223,GOOD
33,2026-09-03,2,4.095,GOOD
33,2026-09-03,3,3.28,GOOD
33,2026-09-03,4,2.66,GOOD
33,2026-09-03,5,1.186,GOOD
33,2026-09-03,6,3.031,GOOD
33,2026-09-03,7,3.839,GOOD
33,2026-09-03,8,3.532,GOOD
33,2026-09-03,9,2.876,GOOD
33,2026-09-03,10,4.333,GOOD
33,2026-09-03,11,4.329,GOOD
33,2026-09-03,12,4.565,GOOD
33,2026-09-03,13,3.319,GOOD
33,2026-09-03,14,8.522,GOOD
33,2026-09-03,15,2.651,GOOD
33,2026-09-03,16,1.125,GOOD
33,2026-09-03,17,2.619,GOOD
33,2026-09-03,18,1.006,GOOD
33,2026-09-03,19,4.869,GOOD
33,2026-09-03,20,4.661,GOOD
33,2026-09-03,21,6.543,GOOD
33,2026-09-03,22,9.385,GOOD
33,2026-09-03,23,7.232,GOOD
33,2026-09-03,24,5.388,GOOD
33,2026-09-04,1,4.545,GOOD
33,2026-09-04,2,2.968,GOOD
33,2026-09-04,3,4.59,GOOD
33,2026-09-04,4,2.035,GOOD
33,2026-09-04,5,1.262,GOOD
33,2026-09-04,6,3.348,GOOD
33,2026-09-04,7,6.415,GOOD
33,2026-09-04,8,4.886,GOOD
33,2026-09-04,9,1.963,GOOD
33,2026-09-04,10,3.167,GOOD
33,2026-09-04,11,1.002,GOOD
33,2026-09-04,12,2.085,GOOD
33,2026-09-04,13,0.374,GOOD
33,2026-09-04,14,1.275,GOOD
33,2026-09-04,15,5.281,GOOD
33,2026-09-04,16,9.292,GOOD
33,2026-09-04,17,3.276,GOOD
33,2026-09-04,18,4.206,GOOD
33,2026-09-04,19,4.729,GOOD
33,2026-09-04,20,5.585,GOOD
33,2026-09-04,21,5.475,GOOD
33,2026-09-04,22,8.18,GOOD
33,2026-09-04,23,6.395,GOOD
33,2026-09-04,24,5.591,GOOD
33,2026-09-05,1,7.126,GOOD
33,2026-09-05,2,4.356,GOOD
33,2026-09-05,3,10.314,GOOD
33,2026-09-05,4,13.149,GOOD
33,2026-09-05,5,9.926,GOOD
33,2026-09-05,6,8.127,GOOD
33,2026-09-05,7,10.485,GOOD
33,2026-09-05,8,4.43,GOOD
33,2026-09-05,9,0.727,GOOD
33,2026-09-05,10,1.136,GOOD
33,2026-09-05,11,-0.648,GOOD
33,2026-09-05,12,1.685,GOOD
33,2026-09-05,13,-2.231,GOOD
33,2026-09-05,14,-3.363,GOOD
33,2026-09-05,15,4.165,GOOD
33,2026-09-05,16,9.329,GOOD
33,2026-09-05,17,,
33,2026-09-05,18,1.788,GOOD
33,2026-09-05,19,2.146,GOOD
33,2026-09-05,20,4.66,GOOD
33,2026-09-05,21,4.95,GOOD
33,2026-09-05,22,6.058,GOOD
33,2026-09-05,23,,
33,2026-09-05,24,3.737,GOOD
33,2026-09-06,1,4.596,GOOD
33,2026-09-06,2,6.774,GOOD
33,2026-09-06,3,5.638,GOOD
33,2026-09-06,4,4.277,GOOD
33,2026-09-06,5,5.962,GOOD
33,2026-09-06,6,5.542,GOOD
33,2026-09-06,7,5.377,GOOD
33,2026-09-06,8,2.625,GOOD
33,2026-09-06,9,2.771,GOOD
33,2026-09-06,10,2.052,GOOD
33,2026-09-06,11,2.047,GOOD
33,2026-09-06,12,0.744,GOOD
33,2026-09-06,13,-0.324,GOOD
33,2026-09-06,14,-2.716,GOOD
33,2026-09-06,15,1.663,GOOD
33,2026-09-06,16,5.116,GOOD
33,2026-09-06,17,3.141,GOOD
33,2026-09-06,18,-0.512,GOOD
33,2026-09-06,19,2.716,GOOD
33,2026-09-06,20,3.727,GOOD
33,2026-09-06,21,8.79,GOOD
33,2026-09-06,22,8.343,GOOD
33,2026-09-06,23,4.663,GOOD
33,2026-09-06,24,6.528,GOOD
33,2026-09-07,1,5.945,GOOD
33,2026-09-07,2,5.692,GOOD
33,2026-09-07,3,5.034,GOOD
33,2026-09-07,4,5.719,GOOD
33,2026-09-07,5,3.472,GOOD
33,2026-09-07,6,5.064,GOOD
33,2026-09-07,7,4.435,GOOD
33,2026-09-07,8,3.439,GOOD
33,2026-09-07,9,2.201,GOOD
33,2026-09-07,10,7.393,GOOD
33,2026-09-07,11,6.165,GOOD
33,2026-09-07,12,4.199,GOOD
33,2026-09-07,13,4.803,GOOD
33,2026-09-07,14,4.587,GOOD
33,2026-09-07,15,5.654,GOOD
33,2026-09-07,16,5.551,GOOD
33,2026-09-07,17,5.378,GOOD
33,2026-09-07,18,3.898,GOOD
33,2026-09-07,19,3.77,GOOD
33,2026-09-07,20,7.674,GOOD
33,2026-09-07,21,2.68,GOOD
33,2026-09-07,22,3.535,GOOD
33,2026-09-07,23,6.851,GOOD
33,2026-09-07,24,6.662,GOOD
33,2026-09-08,1,9.949,GOOD
33,2026-09-08,2,4.768,GOOD
33,2026-09-08,3,4.959,GOOD
33,2026-09-08,4,3.474,GOOD
33,2026-09-08,5,6.611,GOOD
33,2026-09-08,6,8.955,GOOD
33,2026-09-08,7,6.187,GOOD
33,2026-09-08,8,5.349,GOOD
33,2026-09-08,9,6.803,GOOD
33,2026-09-08,10,6.025,GOOD
33,2026-09-08,11,6.294,GOOD
33,2026-09-08,12,6.023,GOOD
33,2026-09-08,13,7.322,GOOD
33,2026-09-08,14,13.661,GOOD
33,2026-09-08,15,10.986,GOOD
33,2026-09-08,16,3.121,GOOD
33,2026-09-08,17,3.871,GOOD
33,2026-09-08,18,3.495,GOOD
33,2026-09-08,19,1.356,GOOD
33,2026-09-08,20,5.004,GOOD
33,2026-09-08,21,5.184,GOOD
33,2026-09-08,22,3.097,GOOD
33,2026-09-08,23,4.205,GOOD
33,2026-09-08,24,4.031,GOOD
33,2026-09-09,1,2.707,GOOD
33,2026-09-09,2,2.332,GOOD
33,2026-09-09,3,5.251,GOOD
33,2026-09-09,4,1.333,GOOD
33,2026-09-09,5,0.786,GOOD
33,2026-09-09,6,4.525,GOOD
33,2026-09-09,7,8.2,GOOD
33,2026-09-09,8,3.341,GOOD
33,2026-09-09,9,8.27,GOOD
33,2026-09-09,10,8.664,GOOD
33,2026-09-09,11,7.836,GOOD
33,2026-09-09,12,5.098,GOOD
33,2026-09-09,13,6.589,GOOD
33,2026-09-09,14,6.174,GOOD
33,2026-09-09,15,13.248,GOOD
33,2026-09-09,16,12.498,GOOD
33,2026-09-09,17,8.18,GOOD
33,2026-09-09,18,8.256,GOOD
33,2026-09-09,19,6.47,GOOD
33,2026-09-09,20,7.956,GOOD
33,2026-09-09,21,12.679,GOOD
33,2026-09-09,22,16.327,GOOD
33,2026-09-09,23,10.533,GOOD
33,2026-09-09,24,7.874,GOOD
33,2026-09-10,1,5.374,GOOD
33,2026-09-10,2,7.374,GOOD
33,2026-09-10,3,6.089,GOOD
33,2026-09-10,4,5.181,GOOD
33,2026-09-10,5,10.203,GOOD
33,2026-09-10,6,11.581,GOOD
33,2026-09-10,7,7.059,GOOD
33,2026-09-10,8,5.473,GOOD
33,2026-09-10,9,4.467,GOOD
33,2026-09-10,10,5.279,GOOD
33,2026-09-10,11,4.958,GOOD
33,2026-09-10,12,7.083,GOOD
33,2026-09-10,13,-2.782,GOOD
33,2026-09-10,14,-1.349,GOOD
33,2026-09-10,15,7.205,GOOD
33,2026-09-10,16,4.164,GOOD
33,2026-09-10,17,6.149,GOOD
33,2026-09-10,18,5.184,GOOD
33,2026-09-10,19,7.452,GOOD
33,2026-09-10,20,7.393,GOOD
33,2026-09-10,21,9.644,GOOD
33,2026-09-10,22,11.98,GOOD
33,2026-09-10,23,7.352,GOOD
33,2026-09-10,24,8.036,GOOD
33,2026-09-11,1,11.084,GOOD
33,2026-09-11,2,6.93,GOOD
33,2026-09-11,3,9.929,GOOD
33,2026-09-11,4,10.433,GOOD
33,2026-09-11,5,11.071,GOOD
33,2026-09-11,6,9.82,GOOD
33,2026-09-11,7,12.88,GOOD
33,2026-09-11,8,8.356,GOOD
33,2026-09-11,9,9.612,GOOD
33,2026-09-11,10,10.399,GOOD
33,2026-09-11,11,9.471,GOOD
33,2026-09-11,12,6.95,GOOD
33,2026-09-11,13,9.914,GOOD
33,2026-09-11,14,14.503,GOOD
33,2026-09-11,15,10.267,GOOD
33,2026-09-11,16,9.19,GOOD
33,2026-09-11,17,8.185,GOOD
33,2026-09-11,18,10.605,GOOD
33,2026-09-11,19,7.096,GOOD
33,2026-09-11,20,7.317,GOOD
33,2026-09-11,21,13.429,GOOD
33,2026-09-11,22,15.005,GOOD
33,2026-09-11,23,8.413,GOOD
33,2026-09-11,24,9.294,GOOD
33,2026-09-12,1,6.115,GOOD
33,2026-09-12,2,8.954,GOOD
33,2026-09-12,3,13.217,GOOD
33,2026-09-12,4,22.663,GOOD
33,2026-09-12,5,36.599,FAIR
33,2026-09-12,6,45.068,FAIR
33,2026-09-12,7,39.575,FAIR
33,2026-09-12,8,25.234,FAIR
33,2026-09-12,9,17.752,GOOD
33,2026-09-12,10,19.043,GOOD
33,2026-09-12,11,15.33,GOOD
33,2026-09-12,12,12.371,GOOD
33,2026-09-12,13,7.251,GOOD
33,2026-09-12,14,6.242,GOOD
33,2026-09-12,15,10.024,GOOD
33,2026-09-12,16,5.134,GOOD
33,2026-09-12,17,4.914,GOOD
33,2026-09-12,18,3.487,GOOD
33,2026-09-12,19,4.404,GOOD
33,2026-09-12,20,5.859,GOOD
33,2026-09-12,21,8.708,GOOD
33,2026-09-12,22,9.594,GOOD
33,2026-09-12,23,5.765,GOOD
33,2026-09-12,24,4.737,GOOD
33,2026-09-13,1,4.977,GOOD
33,2026-09-13,2,2.394,GOOD
33,2026-09-13,3,3.44,GOOD
33,2026-09-13,4,6.065,GOOD
33,2026-09-13,5,9.425,GOOD
33,2026-09-13,6,6.558,GOOD
33,2026-09-13,7,9.786,GOOD
33,2026-09-13,8,6.488,GOOD
33,2026-09-13,9,12.501,GOOD
33,2026-09-13,10,17.514,GOOD
33,2026-09-13,11,18.022,GOOD
33,2026-09-13,12,12.916,GOOD
33,2026-09-13,13,14.049,GOOD
33,2026-09-13,14,11.245,GOOD
33,2026-09-13,15,9.303,GOOD
33,2026-09-13,16,6.447,GOOD
33,2026-09-13,17,6.729,GOOD
33,2026-09-13,18,3.627,GOOD
33,2026-09-13,19,6.47,GOOD
33,2026-09-13,20,7.428,GOOD
33,2026-09-13,21,8.082,GOOD
33,2026-09-13,22,10.855,GOOD
33,2026-09-13,23,10.647,GOOD
33,2026-09-13,24,6.926,GOOD
33,2026-09-14,1,3.346,GOOD
33,2026-09-14,2,3.986,GOOD
33,2026-09-14,3,6.718,GOOD
33,2026-09-14,4,6.495,GOOD
33,2026-09-14,5,4.847,GOOD
33,2026-09-14,6,10.502,GOOD
33,2026-09-14,7,7.232,GOOD
33,2026-09-14,8,8.981,GOOD
33,2026-09-14,9,13.639,GOOD
33,2026-09-14,10,16.994,GOOD
33,2026-09-14,11,13.674,GOOD
33,2026-09-14,12,11.888,GOOD
33,2026-09-14,13,12.458,GOOD
33,2026-09-14,14,11.468,GOOD
33,2026-09-14,15,11.282,GOOD
33,2026-09-14,16,8.38,GOOD
33,2026-09-14,17,13.676,GOOD
33,2026-09-14,18,9.733,GOOD
33,2026-09-14,19,7.309,GOOD
33,2026-09-14,20,5.725,GOOD
33,2026-09-14,21,3.865,GOOD
33,2026-09-14,22,7.587,GOOD
33,2026-09-14,23,9.23,GOOD
33,2026-09-14,24,13.532,GOOD
33,2026-09-15,1,12.169,GOOD
33,2026-09-15,2,17.223,GOOD
33,2026-09-15,3,12.411,GOOD
33,2026-09-15,4,12.04,GOOD
33,2026-09-15,5,14.522,GOOD
33,2026-09-15,6,12.99,GOOD
33,2026-09-15,7,14.409,GOOD
33,2026-09-15,8,11.504,GOOD
33,2026-09-15,9,6.099,GOOD
33,2026-09-15,10,7.106,GOOD
33,2026-09-15,11,4.102,GOOD
33,2026-09-15,12,5.855,GOOD
33,2026-09-15,13,2.128,GOOD
33,2026-09-15,14,4.262,GOOD
33,2026-09-15,15,5.747,GOOD
33,2026-09-15,16,6.271,GOOD
33,2026-09-15,17,8.981,GOOD
33,2026-09-15,18,6.504,GOOD
33,2026-09-15,19,7.17,GOOD
33,2026-09-15,20,7.143,GOOD
33,2026-09-15,21,7.413,GOOD
33,2026-09-15,22,6.435,GOOD
33,2026-09-15,23,8.332,GOOD
33,2026-09-15,24,6.762,GOOD
33,2026-09-16,1,4.941,GOOD
33,2026-09-16,2,3.154,GOOD
33,2026-09-16,3,2.595,GOOD
33,2026-09-16,4,4.952,GOOD
33,2026-09-16,5,7.247,GOOD
33,2026-09-16,6,6.602,GOOD
33,2026-09-16,7,6.135,GOOD
33,2026-09-16,8,3.717,GOOD
33,2026-09-16,9,2.113,GOOD
33,2026-09-16,10,1.74,GOOD
33,2026-09-16,11,4.802,GOOD
33,2026-09-16,12,6.044,GOOD
33,2026-09-16,13,4.005,GOOD
33,2026-09-16,14,7.959,GOOD
33,2026-09-16,15,4.951,GOOD
33,2026-09-16,16,6.877,GOOD
33,2026-09-16,17,5.73,GOOD
33,2026-09-16,18,4.429,GOOD
33,2026-09-16,19,5.825,GOOD
33,2026-09-16,20,3.725,GOOD
33,2026-09-16,21,7.872,GOOD
33,2026-09-16,22,8.198,GOOD
33,2026-09-16,23,6.333,GOOD
33,2026-09-16,24,2.282,GOOD
33,2026-09-17,1,3.712,GOOD
33,2026-09-17,2,5.962,GOOD
33,2026-09-17,3,2.923,GOOD
33,2026-09-17,4,4.735,GOOD
33,2026-09-17,5,5.531,GOOD
33,2026-09-17,6,3.831,GOOD
33,2026-09-17,7,7.411,GOOD
33,2026-09-17,8,6.525,GOOD
33,2026-09-17,9,2.442,GOOD
33,2026-09-17,10,3.108,GOOD
33,2026-09-17,11,3.021,GOOD
33,2026-09-17,12,2.552,GOOD
33,2026-09-17,13,4.707,GOOD
33,2026-09-17,14,5.07,GOOD
33,2026-09-17,15,3.524,GOOD
33,2026-09-17,16,4.564,GOOD
33,2026-09-17,17,3.298,GOOD
33,2026-09-17,18,4.495,GOOD
33,2026-09-17,19,2.737,GOOD
33,2026-09-17,20,4.925,GOOD
33,2026-09-17,21,5.25,GOOD
33,2026-09-17,22,5.442,GOOD
33,2026-09-17,23,6.95,GOOD
33,2026-09-17,24,8.71,GOOD
33,2026-09-18,1,8.889,GOOD
33,2026-09-18,2,6.957,GOOD
33,2026-09-18,3,7.026,GOOD
33,2026-09-18,4,8.474,GOOD
33,2026-09-18,5,5.548,GOOD
33,2026-09-18,6,11.317,GOOD
33,2026-09-18,7,17.671,GOOD
33,2026-09-18,8,12.004,GOOD
33,2026-09-18,9,7.927,GOOD
33,2026-09-18,10,6.705,GOOD
33,2026-09-18,11,3.964,GOOD
33,2026-09-18,12,5.599,GOOD
33,2026-09-18,13,11.489,GOOD
33,2026-09-18,14,12.267,GOOD
33,2026-09-18,15,8.153,GOOD
33,2026-09-18,16,6.987,GOOD
33,2026-09-18,17,4.874,GOOD
33,2026-09-18,18,6.542,GOOD
33,2026-09-18,19,5.137,GOOD
33,2026-09-18,20,9.276,GOOD
33,2026-09-18,21,12.678,GOOD
33,2026-09-18,22,15.135,GOOD
33,2026-09-18,23,14.534,GOOD
33,2026-09-18,24,17.845,GOOD
33,2026-09-19,1,16.268,GOOD
33,2026-09-19,2,6.867,GOOD
33,2026-09-19,3,5.367,GOOD
33,2026-09-19,4,3.209,GOOD
33,2026-09-19,5,0.383,GOOD
33,2026-09-19,6,6.254,GOOD
33,2026-09-19,7,7.856,GOOD
33,2026-09-19,8,5.891,GOOD
33,2026-09-19,9,2.483,GOOD
33,2026-09-19,10,0.901,GOOD
33,2026-09-19,11,0.138,GOOD
33,2026-09-19,12,0.664,GOOD
33,2026-09-19,13,2.84,GOOD
33,2026-09-19,14,4.607,GOOD
33,2026-09-19,15,5.077,GOOD
33,2026-09-19,16,6.682,GOOD
33,2026-09-19,17,5.983,GOOD
33,2026-09-19,18,1.865,GOOD
33,2026-09-19,19,7.228,GOOD
33,2026-09-19,20,5.273,GOOD
33,2026-09-19,21,4.811,GOOD
33,2026-09-19,22,2.638,GOOD
33,2026-09-19,23,4.51,GOOD
33,2026-09-19,24,3.817,GOOD
33,2026-09-20,1,3.529,GOOD
33,2026-09-20,2,3.431,GOOD
33,2026-09-20,3,3.424,GOOD
33,2026-09-20,4,5.097,GOOD
33,2026-09-20,5,5.319,GOOD
33,2026-09-20,6,6.553,GOOD
33,2026-09-20,7,5.045,GOOD
33,2026-09-20,8,4.362,GOOD
33,2026-09-20,9,3.748,GOOD
33,2026-09-20,10,3.544,GOOD
33,2026-09-20,11,2.231,GOOD
33,2026-09-20,12,2.385,GOOD
33,2026-09-20,13,6.234,GOOD
33,2026-09-20,14,8.108,GOOD
33,2026-09-20,15,5.419,GOOD
33,2026-09-20,16,9.632,GOOD
33,2026-09-20,17,8.133,GOOD
33,2026-09-20,18,9.309,GOOD
33,2026-09-20,19,12.46,GOOD
33,2026-09-20,20,8.328,GOOD
33,2026-09-20,21,3.644,GOOD
33,2026-09-20,22,2.638,GOOD
33,2026-09-20,23,3.812,GOOD
33,2026-09-20,24,3.163,GOOD
33,2026-09-21,1,3.488,GOOD
33,2026-09-21,2,3.988,GOOD
33,2026-09-21,3,2.593,GOOD
33,2026-09-21,4,4.046,GOOD
33,2026-09-21,5,2.634,GOOD
33,2026-09-21,6,5.151,GOOD
33,2026-09-21,7,4.708,GOOD
33,2026-09-21,8,3.628,GOOD
33,2026-09-21,9,1.659,GOOD
33,2026-09-21,10,4.037,GOOD
33,2026-09-21,11,5.193,GOOD
33,2026-09-21,12,,
33,2026-09-21,13,13.411,GOOD
33,2026-09-21,14,12.669,GOOD
33,2026-09-21,15,16.56,GOOD
33,2026-09-21,16,14.144,GOOD
33,2026-09-21,17,12.017,GOOD
33,2026-09-21,18,10.217,GOOD
33,2026-09-21,19,9.851,GOOD
33,2026-09-21,20,10.076,GOOD
33,2026-09-21,21,6.034,GOOD
33,2026-09-21,22,4.517,GOOD
33,2026-09-21,23,9.904,GOOD
33,2026-09-21,24,7.555,GOOD
33,2026-09-22,1,7.159,GOOD
33,2026-09-22,2,6.953,GOOD
33,2026-09-22,3,6.152,GOOD
33,2026-09-22,4,6.906,GOOD
33,2026-09-22,5,6.228,GOOD
33,2026-09-22,6,10.806,GOOD
33,2026-09-22,7,7.844,GOOD
33,2026-09-22,8,7.386,GOOD
33,2026-09-22,9,5.127,GOOD
33,2026-09-22,10,2.625,GOOD
33,2026-09-22,11,2.987,GOOD
33,2026-09-22,12,0.427,GOOD
33,2026-09-22,13,3.316,GOOD
33,2026-09-22,14,7.786,GOOD
33,2026-09-22,15,3.555,GOOD
33,2026-09-22,16,3.017,GOOD
33,2026-09-22,17,1.654,GOOD
33,2026-09-22,18,2.533,GOOD
33,2026-09-22,19,2.642,GOOD
33,2026-09-22,20,2.34,GOOD
33,2026-09-22,21,-0.092,GOOD
33,2026-09-22,22,3.854,GOOD
33,2026-09-22,23,1.151,GOOD
33,2026-09-22,24,1.491,GOOD
33,2026-09-23,1,0.712,GOOD
33,2026-09-23,2,1.695,GOOD
33,2026-09-23,3,1.96,GOOD
33,2026-09-23,4,4.816,GOOD
33,2026-09-23,5,4.415,GOOD
33,2026-09-23,6,5.044,GOOD
33,2026-09-23,7,6.259,GOOD
33,2026-09-23,8,4.194,GOOD
33,2026-09-23,9,5.413,GOOD
33,2026-09-23,10,5.858,GOOD
33,2026-09-23,11,1.333,GOOD
33,2026-09-23,12,3.633,GOOD
33,2026-09-23,13,2.801,GOOD
33,2026-09-23,14,7.49,GOOD
33,2026-09-23,15,4.424,GOOD
33,2026-09-23,16,4.45,GOOD
33,2026-09-23,17,4.274,GOOD
33,2026-09-23,18,5.077,GOOD
33,2026-09-23,19,6.693,GOOD
33,2026-09-23,20,6.395,GOOD
33,2026-09-23,21,4.144,GOOD
33,2026-09-23,22,5.919,GOOD
33,2026-09-23,23,4.889,GOOD
33,2026-09-23,24,7.28,GOOD
33,2026-09-24,1,5.552,GOOD
33,2026-09-24,2,5.794,GOOD
33,2026-09-24,3,4.506,GOOD
33,2026-09-24,4,8.278,GOOD
33,2026-09-24,5,-0.664,GOOD
33,2026-09-24,6,-0.584,GOOD
33,2026-09-24,7,6.104,GOOD
33,2026-09-24,8,10.15,GOOD
33,2026-09-24,9,11.011,GOOD
33,2026-09-24,10,9.385,GOOD
33,2026-09-24,11,9.679,GOOD
33,2026-09-24,12,7.955,GOOD
33,2026-09-24,13,3.899,GOOD
33,2026-09-24,14,5.671,GOOD
33,2026-09-24,15,5.685,GOOD
33,2026-09-24,16,5.967,GOOD
33,2026-09-24,17,7.123,GOOD
33,2026-09-24,18,7.383,GOOD
33,2026-09-24,19,6.216,GOOD
33,2026-09-24,20,5.351,GOOD
33,2026-09-24,21,8.57,GOOD
33,2026-09-24,22,5.726,GOOD
33,2026-09-24,23,8.625,GOOD
33,2026-09-24,24,7.227,GOOD
33,2026-09-25,1,6.211,GOOD
33,2026-09-25,2,2.932,GOOD
33,2026-09-25,3,3.767,GOOD
33,2026-09-25,4,3.044,GOOD
33,2026-09-25,5,6.469,GOOD
33,2026-09-25,6,7.653,GOOD
33,2026-09-25,7,5.224,GOOD
33,2026-09-25,8,8.242,GOOD
33,2026-09-25,9,8.104,GOOD
33,2026-09-25,10,6.334,GOOD
33,2026-09-25,11,8.563,GOOD
33,2026-09-25,12,10.545,GOOD
33,2026-09-25,13,3.624,GOOD
33,2026-09-25,14,5.698,GOOD
33,2026-09-25,15,7.911,GOOD
33,2026-09-25,16,9.786,GOOD
33,2026-09-25,17,7.932,GOOD
33,2026-09-25,18,8.607,GOOD
33,2026-09-25,19,7.48,GOOD
33,2026-09-25,20,9.563,GOOD
33,2026-09-25,21,4.482,GOOD
33,2026-09-25,22,6.288,GOOD
33,2026-09-25,23,8.488,GOOD
33,2026-09-25,24,7.207,GOOD
33,2026-09-26,1,10.572,GOOD
33,2026-09-26,2,10.282,GOOD
33,2026-09-26,3,9.768,GOOD
33,2026-09-26,4,6.419,GOOD
33,2026-09-26,5,16.239,GOOD
33,2026-09-26,6,18.074,GOOD
33,2026-09-26,7,12.359,GOOD
33,2026-09-26,8,11.751,GOOD
33,2026-09-26,9,13.132,GOOD
33,2026-09-26,10,10.202,GOOD
33,2026-09-26,11,9.779,GOOD
33,2026-09-26,12,10.536,GOOD
33,2026-09-26,13,9.285,GOOD
33,2026-09-26,14,13.302,GOOD
33,2026-09-26,15,15.477,GOOD
33,2026-09-26,16,13.219,GOOD
33,2026-09-26,17,17.916,GOOD
33,2026-09-26,18,13.822,GOOD
33,2026-09-26,19,11.47,GOOD
33,2026-09-26,20,14.574,GOOD
33,2026-09-26,21,12.012,GOOD
33,2026-09-26,22,8.653,GOOD
33,2026-09-26,23,11.794,GOOD
33,2026-09-26,24,9.451,GOOD
33,2026-09-27,1,8.502,GOOD
33,2026-09-27,2,6.512,GOOD
33,2026-09-27,3,5.095,GOOD
33,2026-09-27,4,4.053,GOOD
33,2026-09-27,5,0.472,GOOD
33,2026-09-27,6,1.397,GOOD
33,2026-09-27,7,3.197,GOOD
33,2026-09-27,8,5.738,GOOD
33,2026-09-27,9,4.311,GOOD
33,2026-09-27,10,3.611,GOOD
33,2026-09-27,11,,
33,2026-09-27,12,-1.337,GOOD
33,2026-09-27,13,3.211,GOOD
33,2026-09-27,14,8.026,GOOD
33,2026-09-27,15,4.935,GOOD
33,2026-09-27,16,1.712,GOOD
33,2026-09-27,17,2.27,GOOD
33,2026-09-27,18,7.135,GOOD
33,2026-09-27,19,4.417,GOOD
33,2026-09-27,20,5.505,GOOD
33,2026-09-27,21,3.804,GOOD
33,2026-09-27,22,4.114,GOOD
33,2026-09-27,23,6.143,GOOD
33,2026-09-27,24,4.761,GOOD
33,2026-09-28,1,4.522,GOOD
33,2026-09-28,2,2.202,GOOD
33,2026-09-28,3,3.475,GOOD
33,2026-09-28,4,1.479,GOOD
33,2026-09-28,5,2.195,GOOD
33,2026-09-28,6,3.659,GOOD
33,2026-09-28,7,6.041,GOOD
33,2026-09-28,8,6.533,GOOD
33,2026-09-28,9,2.578,GOOD
33,2026-09-28,10,3.803,GOOD
33,2026-09-28,11,3.244,GOOD
33,2026-09-28,12,2.545,GOOD
33,2026-09-28,13,2.171,GOOD
33,2026-09-28,14,3.516,GOOD
33,2026-09-28,15,4.206,GOOD
33,2026-09-28,16,3.481,GOOD
33,2026-09-28,17,2.887,GOOD
33,2026-09-28,18,1.35,GOOD
33,2026-09-28,19,1.842,GOOD
33,2026-09-28,20,3.451,GOOD
33,2026-09-28,21,-3.844,GOOD
33,2026-09-28,22,-6.375,GOOD
33,2026-09-28,23,2.084,GOOD
33,2026-09-28,24,2.374,GOOD
33,2026-09-29,1,2.79,GOOD
33,2026-09-29,2,1.179,GOOD
33,2026-09-29,3,3.155,GOOD
33,2026-09-29,4,3.526,GOOD
33,2026-09-29,5,5.775,GOOD
33,2026-09-29,6,5.321,GOOD
33,2026-09-29,7,6.87,GOOD
33,2026-09-29,8,7.464,GOOD
33,2026-09-29,9,8.473,GOOD
33,2026-09-29,10,3.085,GOOD
33,2026-09-29,11,1.607,GOOD
33,2026-09-29,12,-0.628,GOOD
33,2026-09-29,13,-0.463,GOOD
33,2026-09-29,14,1.776,GOOD
33,2026-09-29,15,3.408,GOOD
33,2026-09-29,16,0.476,GOOD
33,2026-09-29,17,1.595,GOOD
33,2026-09-29,18,1.788,GOOD
33,2026-09-29,19,-0.095,GOOD
33,2026-09-29,20,-1.637,GOOD
33,2026-09-29,21,4.375,GOOD
33,2026-09-29,22,3.99,GOOD
33,2026-09-29,23,3.497,GOOD
33,2026-09-29,24,5.486,GOOD
33,2026-09-30,1,3.786,GOOD
33,2026-09-30,2,2.211,GOOD
33,2026-09-30,3,3.809,GOOD
33,2026-09-30,4,0.001,GOOD
33,2026-09-30,5,-4.07,GOOD
33,2026-09-30,6,-3.103,GOOD
33,2026-09-30,7,2.665,GOOD
33,2026-09-30,8,5.289,GOOD
33,2026-09-30,9,9.126,GOOD
33,2026-09-30,10,5.711,GOOD
33,2026-09-30,11,5.027,GOOD
33,2026-09-30,12,3.864,GOOD
33,2026-09-30,13,8.416,GOOD
33,2026-09-30,14,11.273,GOOD
33,2026-09-30,15,8.608,GOOD
33,2026-09-30,16,8.187,GOOD
33,2026-09-30,17,6.227,GOOD
33,2026-09-30,18,4.071,GOOD
33,2026-09-30,19,4.727,GOOD
33,2026-09-30,20,7.418,GOOD
33,2026-09-30,21,7.808,GOOD
33,2026-09-30,22,9.397,GOOD
33,2026-09-30,23,7.912,GOOD
33,2026-09-30,24,6.456,GOOD
107,2026-09-01,1,15.94,GOOD
107,2026-09-01,2,13.728,GOOD
107,2026-09-01,3,11.74,GOOD
107,2026-09-01,4,7.783,GOOD
107,2026-09-01,5,6.587,GOOD
107,2026-09-01,6,6.885,GOOD
107,2026-09-01,7,10.491,GOOD
107,2026-09-01,8,,
107,2026-09-01,9,28.139,FAIR
107,2026-09-01,10,25.112,FAIR
107,2026-09-01,11,17.506,GOOD
107,2026-09-01,12,12.985,GOOD
107,2026-09-01,13,12.933,GOOD
107,2026-09-01,14,8.426,GOOD
107,2026-09-01,15,5.726,GOOD
107,2026-09-01,16,4.513,GOOD
107,2026-09-01,17,1.482,GOOD
107,2026-09-01,18,4.615,GOOD
107,2026-09-01,19,5.664,GOOD
107,2026-09-01,20,7.665,GOOD
107,2026-09-01,21,4.092,GOOD
107,2026-09-01,22,5.333,GOOD
107,2026-09-01,23,5.027,GOOD
107,2026-09-01,24,6.264,GOOD
107,2026-09-02,1,6.982,GOOD
107,2026-09-02,2,7.391,GOOD
107,2026-09-02,3,6.39,GOOD
107,2026-09-02,4,8.313,GOOD
107,2026-09-02,5,7.488,GOOD
107,2026-09-02,6,7.789,GOOD
107,2026-09-02,7,12.854,GOOD
107,2026-09-02,8,11.804,GOOD
107,2026-09-02,9,16.966,GOOD
107,2026-09-02,10,17.42,GOOD
107,2026-09-02,11,9.114,GOOD
107,2026-09-02,12,5.538,GOOD
107,2026-09-02,13,7.576,GOOD
107,2026-09-02,14,7.631,GOOD
107,2026-09-02,15,9.282,GOOD
107,2026-09-02,16,9.478,GOOD
107,2026-09-02,17,4.687,GOOD
107,2026-09-02,18,0.231,GOOD
107,2026-09-02,19,2.834,GOOD
107,2026-09-02,20,5.191,GOOD
107,2026-09-02,21,7.085,GOOD
107,2026-09-02,22,8.042,GOOD
107,2026-09-02,23,6.699,GOOD
107,2026-09-02,24,7.378,GOOD
107,2026-09-03,1,5.616,GOOD
107,2026-09-03,2,8.076,GOOD
107,2026-09-03,3,7.476,GOOD
107,2026-09-03,4,6.838,GOOD
107,2026-09-03,5,11.322,GOOD
107,2026-09-03,6,14.506,GOOD
107,2026-09-03,7,10.089,GOOD
107,2026-09-03,8,13.158,GOOD
107,2026-09-03,9,8.205,GOOD
107,2026-09-03,10,4.149,GOOD
107,2026-09-03,11,1.264,GOOD
107,2026-09-03,12,0.938,GOOD
107,2026-09-03,13,0.635,GOOD
107,2026-09-03,14,2.824,GOOD
107,2026-09-03,15,-0.227,GOOD
107,2026-09-03,16,1.536,GOOD
107,2026-09-03,17,-0.734,GOOD
107,2026-09-03,18,1.688,GOOD
107,2026-09-03,19,-0.668,GOOD
107,2026-09-03,20,2.421,GOOD
107,2026-09-03,21,5.723,GOOD
107,2026-09-03,22,9.457,GOOD
107,2026-09-03,23,8.265,GOOD
107,2026-09-03,24,6.215,GOOD
107,2026-09-04,1,1.684,GOOD
107,2026-09-04,2,-0.608,GOOD
107,2026-09-04,3,0.962,GOOD
107,2026-09-04,4,1.474,GOOD
107,2026-09-04,5,-3.08,GOOD
107,2026-09-04,6,-1.305,GOOD
107,2026-09-04,7,4.121,GOOD
107,2026-09-04,8,10.667,GOOD
107,2026-09-04,9,14.368,GOOD
107,2026-09-04,10,10.389,GOOD
107,2026-09-04,11,7.867,GOOD
107,2026-09-04,12,4.12,GOOD
107,2026-09-04,13,-2.571,GOOD
107,2026-09-04,14,-2.795,GOOD
107,2026-09-04,15,-0.628,GOOD
107,2026-09-04,16,-0.022,GOOD
107,2026-09-04,17,0.687,GOOD
107,2026-09-04,18,1.754,GOOD
107,2026-09-04,19,3.712,GOOD
107,2026-09-04,20,12.117,GOOD
107,2026-09-04,21,17.916,GOOD
107,2026-09-04,22,18.537,GOOD
107,2026-09-04,23,17.011,GOOD
107,2026-09-04,24,17.44,GOOD
107,2026-09-05,1,17.336,GOOD
107,2026-09-05,2,13.308,GOOD
107,2026-09-05,3,14.975,GOOD
107,2026-09-05,4,13.317,GOOD
107,2026-09-05,5,9.511,GOOD
107,2026-09-05,6,7.757,GOOD
107,2026-09-05,7,10.143,GOOD
107,2026-09-05,8,16.367,GOOD
107,2026-09-05,9,16.468,GOOD
107,2026-09-05,10,6.492,GOOD
107,2026-09-05,11,1.099,GOOD
107,2026-09-05,12,-0.416,GOOD
107,2026-09-05,13,1.388,GOOD
107,2026-09-05,14,6.967,GOOD
107,2026-09-05,15,10.351,GOOD
107,2026-09-05,16,10.142,GOOD
107,2026-09-05,17,,
107,2026-09-05,18,13.762,GOOD
107,2026-09-05,19,9.408,GOOD
107,2026-09-05,20,-0.498,GOOD
107,2026-09-05,21,4.453,GOOD
107,2026-09-05,22,10.814,GOOD
107,2026-09-05,23,11.376,GOOD
107,2026-09-05,24,9.51,GOOD
107,2026-09-06,1,0.499,GOOD
107,2026-09-06,2,-2.722,GOOD
107,2026-09-06,3,-0.959,GOOD
107,2026-09-06,4,-0.751,GOOD
107,2026-09-06,5,-0.597,GOOD
107,2026-09-06,6,-0.476,GOOD
107,2026-09-06,7,4.233,GOOD
107,2026-09-06,8,3.845,GOOD
107,2026-09-06,9,4.467,GOOD
107,2026-09-06,10,6.734,GOOD
107,2026-09-06,11,4.014,GOOD
107,2026-09-06,12,1.851,GOOD
107,2026-09-06,13,9.142,GOOD
107,2026-09-06,14,6.248,GOOD
107,2026-09-06,15,5.045,GOOD
107,2026-09-06,16,2.464,GOOD
107,2026-09-06,17,-1.643,GOOD
107,2026-09-06,18,-0.664,GOOD
107,2026-09-06,19,2.522,GOOD
107,2026-09-06,20,10.242,GOOD
107,2026-09-06,21,7.041,GOOD
107,2026-09-06,22,7.945,GOOD
107,2026-09-06,23,10.502,GOOD
107,2026-09-06,24,9.265,GOOD
107,2026-09-07,1,9.002,GOOD
107,2026-09-07,2,5.625,GOOD
107,2026-09-07,3,3.76,GOOD
107,2026-09-07,4,4.091,GOOD
107,2026-09-07,5,8.164,GOOD
107,2026-09-07,6,4.443,GOOD
107,2026-09-07,7,3.64,GOOD
107,2026-09-07,8,13.189,GOOD
107,2026-09-07,9,11.047,GOOD
107,2026-09-07,10,3.646,GOOD
107,2026-09-07,11,4.517,GOOD
107,2026-09-07,12,,
107,2026-09-07,13,,
107,2026-09-07,14,10.3,GOOD
107,2026-09-07,15,3.657,GOOD
107,2026-09-07,16,-0.061,GOOD
107,2026-09-07,17,2.79,GOOD
107,2026-09-07,18,5.669,GOOD
107,2026-09-07,19,7.258,GOOD
107,2026-09-07,20,6.95,GOOD
107,2026-09-07,21,3.701,GOOD
107,2026-09-07,22,5.235,GOOD
107,2026-09-07,23,7.901,GOOD
107,2026-09-07,24,6.289,GOOD
107,2026-09-08,1,2.853,GOOD
107,2026-09-08,2,-3.18,GOOD
107,2026-09-08,3,-3.472,GOOD
107,2026-09-08,4,-2.647,GOOD
107,2026-09-08,5,1.552,GOOD
107,2026-09-08,6,5.914,GOOD
107,2026-09-08,7,3.644,GOOD
107,2026-09-08,8,1.618,GOOD
107,2026-09-08,9,6.43,GOOD
107,2026-09-08,10,10.132,GOOD
107,2026-09-08,11,10.291,GOOD
107,2026-09-08,12,11.022,GOOD
107,2026-09-08,13,10.972,GOOD
107,2026-09-08,14,4.432,GOOD
107,2026-09-08,15,3.528,GOOD
107,2026-09-08,16,4.041,GOOD
107,2026-09-08,17,2.274,GOOD
107,2026-09-08,18,2.924,GOOD
107,2026-09-08,19,4.507,GOOD
107,2026-09-08,20,8.689,GOOD
107,2026-09-08,21,8.801,GOOD
107,2026-09-08,22,11.343,GOOD
107,2026-09-08,23,11.282,GOOD
107,2026-09-08,24,13.008,GOOD
107,2026-09-09,1,9.845,GOOD
107,2026-09-09,2,8.667,GOOD
107,2026-09-09,3,5.243,GOOD
107,2026-09-09,4,3.985,GOOD
107,2026-09-09,5,4.285,GOOD
107,2026-09-09,6,7.362,GOOD
107,2026-09-09,7,8.463,GOOD
107,2026-09-09,8,13.142,GOOD
107,2026-09-09,9,22.453,GOOD
107,2026-09-09,10,18.032,GOOD
107,2026-09-09,11,10.534,GOOD
107,2026-09-09,12,7.642,GOOD
107,2026-09-09,13,8.907,GOOD
107,2026-09-09,14,11.237,GOOD
107,2026-09-09,15,9.27,GOOD
107,2026-09-09,16,9.343,GOOD
107,2026-09-09,17,7.379,GOOD
107,2026-09-09,18,5.762,GOOD
107,2026-09-09,19,4.875,GOOD
107,2026-09-09,20,7.766,GOOD
107,2026-09-09,21,8.483,GOOD
107,2026-09-09,22,7.645,GOOD
107,2026-09-09,23,6.296,GOOD
107,2026-09-09,24,5.883,GOOD
107,2026-09-10,1,5.278,GOOD
107,2026-09-10,2,3.3,GOOD
107,2026-09-10,3,3.526,GOOD
107,2026-09-10,4,2.505,GOOD
107,2026-09-10,5,4.742,GOOD
107,2026-09-10,6,6.733,GOOD
107,2026-09-10,7,7.537,GOOD
107,2026-09-10,8,5.253,GOOD
107,2026-09-10,9,5.71,GOOD
107,2026-09-10,10,8.9,GOOD
107,2026-09-10,11,7.495,GOOD
107,2026-09-10,12,7.33,GOOD
107,2026-09-10,13,10.846,GOOD
107,2026-09-10,14,8.861,GOOD
107,2026-09-10,15,7.413,GOOD
107,2026-09-10,16,4.255,GOOD
107,2026-09-10,17,2.262,GOOD
107,2026-09-10,18,5.828,GOOD
107,2026-09-10,19,5.197,GOOD
107,2026-09-10,20,5.527,GOOD
107,2026-09-10,21,14.005,GOOD
107,2026-09-10,22,19.75,GOOD
107,2026-09-10,23,17.379,GOOD
107,2026-09-10,24,12.561,GOOD
107,2026-09-11,1,10.755,GOOD
107,2026-09-11,2,8.215,GOOD
107,2026-09-11,3,2.93,GOOD
107,2026-09-11,4,7.196,GOOD
107,2026-09-11,5,6.408,GOOD
107,2026-09-11,6,0.155,GOOD
107,2026-09-11,7,9.109,GOOD
107,2026-09-11,8,11.501,GOOD
107,2026-09-11,9,13.846,GOOD
107,2026-09-11,10,15.061,GOOD
107,2026-09-11,11,11.032,GOOD
107,2026-09-11,12,11.293,GOOD
107,2026-09-11,13,3.331,GOOD
107,2026-09-11,14,3.498,GOOD
107,2026-09-11,15,11.119,GOOD
107,2026-09-11,16,11.124,GOOD
107,2026-09-11,17,10.177,GOOD
107,2026-09-11,18,10.406,GOOD
107,2026-09-11,19,9.827,GOOD
107,2026-09-11,20,12.205,GOOD
107,2026-09-11,21,17.853,GOOD
107,2026-09-11,22,24.708,GOOD
107,2026-09-11,23,22.09,GOOD
107,2026-09-11,24,25.096,FAIR
107,2026-09-12,1,32.178,FAIR
107,2026-09-12,2,31.628,FAIR
107,2026-09-12,3,32.861,FAIR
107,2026-09-12,4,31.991,FAIR
107,2026-09-12,5,27.788,FAIR
107,2026-09-12,6,23.7,GOOD
107,2026-09-12,7,17.364,GOOD
107,2026-09-12,8,21.2,GOOD
107,2026-09-12,9,28.304,FAIR
107,2026-09-12,10,21.391,GOOD
107,2026-09-12,11,15.84,GOOD
107,2026-09-12,12,9.46,GOOD
107,2026-09-12,13,9.739,GOOD
107,2026-09-12,14,8.555,GOOD
107,2026-09-12,15,2.981,GOOD
107,2026-09-12,16,6.702,GOOD
107,2026-09-12,17,16.18,GOOD
107,2026-09-12,18,17.601,GOOD
107,2026-09-12,19,11.35,GOOD
107,2026-09-12,20,11.084,GOOD
107,2026-09-12,21,15.849,GOOD
107,2026-09-12,22,19.369,GOOD
107,2026-09-12,23,13.279,GOOD
107,2026-09-12,24,11.861,GOOD
107,2026-09-13,1,11.116,GOOD
107,2026-09-13,2,7.972,GOOD
107,2026-09-13,3,8.594,GOOD
107,2026-09-13,4,7.151,GOOD
107,2026-09-13,5,6.449,GOOD
107,2026-09-13,6,13.191,GOOD
107,2026-09-13,7,18.191,GOOD
107,2026-09-13,8,19.682,GOOD
107,2026-09-13,9,31.287,FAIR
107,2026-09-13,10,31.946,FAIR
107,2026-09-13,11,21.715,GOOD
107,2026-09-13,12,15.127,GOOD
107,2026-09-13,13,8.277,GOOD
107,2026-09-13,14,1.89,GOOD
107,2026-09-13,15,3.006,GOOD
107,2026-09-13,16,12.223,GOOD
107,2026-09-13,17,13.575,GOOD
107,2026-09-13,18,6.065,GOOD
107,2026-09-13,19,9.142,GOOD
107,2026-09-13,20,11.666,GOOD
107,2026-09-13,21,13.984,GOOD
107,2026-09-13,22,15.28,GOOD
107,2026-09-13,23,10.812,GOOD
107,2026-09-13,24,12.006,GOOD
107,2026-09-14,1,10.318,GOOD
107,2026-09-14,2,9.307,GOOD
107,2026-09-14,3,7.408,GOOD
107,2026-09-14,4,9.673,GOOD
107,2026-09-14,5,5.552,GOOD
107,2026-09-14,6,4.523,GOOD
107,2026-09-14,7,11.259,GOOD
107,2026-09-14,8,22.3,GOOD
107,2026-09-14,9,18.628,GOOD
107,2026-09-14,10,12.35,GOOD
107,2026-09-14,11,3.958,GOOD
107,2026-09-14,12,0.218,GOOD
107,2026-09-14,13,-0.263,GOOD
107,2026-09-14,14,0.446,GOOD
107,2026-09-14,15,1.968,GOOD
107,2026-09-14,16,5.557,GOOD
107,2026-09-14,17,5.67,GOOD
107,2026-09-14,18,10.467,GOOD
107,2026-09-14,19,2.884,GOOD
107,2026-09-14,20,3.404,GOOD
107,2026-09-14,21,17.062,GOOD
107,2026-09-14,22,27.515,FAIR
107,2026-09-14,23,26.366,FAIR
107,2026-09-14,24,26.096,FAIR
107,2026-09-15,1,26.616,FAIR
107,2026-09-15,2,21.569,GOOD
107,2026-09-15,3,16.022,GOOD
107,2026-09-15,4,9.518,GOOD
107,2026-09-15,5,6.524,GOOD
107,2026-09-15,6,8.529,GOOD
107,2026-09-15,7,9.05,GOOD
107,2026-09-15,8,14.846,GOOD
107,2026-09-15,9,12.782,GOOD
107,2026-09-15,10,4.813,GOOD
107,2026-09-15,11,5.973,GOOD
107,2026-09-15,12,1.539,GOOD
107,2026-09-15,13,-4.271,GOOD
107,2026-09-15,14,-2.23,GOOD
107,2026-09-15,15,2.277,GOOD
107,2026-09-15,16,7.893,GOOD
107,2026-09-15,17,11.021,GOOD
107,2026-09-15,18,14.202,GOOD
107,2026-09-15,19,12.99,GOOD
107,2026-09-15,20,13.411,GOOD
107,2026-09-15,21,11.004,GOOD
107,2026-09-15,22,3.429,GOOD
107,2026-09-15,23,-1.822,GOOD
107,2026-09-15,24,0.639,GOOD
107,2026-09-16,1,0.155,GOOD
107,2026-09-16,2,-0.874,GOOD
107,2026-09-16,3,-2.369,GOOD
107,2026-09-16,4,-1.315,GOOD
107,2026-09-16,5,-1.032,GOOD
107,2026-09-16,6,3.971,GOOD
107,2026-09-16,7,5.479,GOOD
107,2026-09-16,8,3.124,GOOD
107,2026-09-16,9,8.311,GOOD
107,2026-09-16,10,6.121,GOOD
107,2026-09-16,11,6.161,GOOD
107,2026-09-16,12,6.466,GOOD
107,2026-09-16,13,0.761,GOOD
107,2026-09-16,14,3.211,GOOD
107,2026-09-16,15,1.788,GOOD
107,2026-09-16,16,3.22,GOOD
107,2026-09-16,17,3.155,GOOD
107,2026-09-16,18,1.946,GOOD
107,2026-09-16,19,1.732,GOOD
107,2026-09-16,20,2.828,GOOD
107,2026-09-16,21,-1.063,GOOD
107,2026-09-16,22,-1.314,GOOD
107,2026-09-16,23,5.171,GOOD
107,2026-09-16,24,3.324,GOOD
107,2026-09-17,1,0.648,GOOD
107,2026-09-17,2,0.388,GOOD
107,2026-09-17,3,1.417,GOOD
107,2026-09-17,4,1.081,GOOD
107,2026-09-17,5,1.078,GOOD
107,2026-09-17,6,-0.435,GOOD
107,2026-09-17,7,4.077,GOOD
107,2026-09-17,8,4.304,GOOD
107,2026-09-17,9,10.561,GOOD
107,2026-09-17,10,13.027,GOOD
107,2026-09-17,11,14.372,GOOD
107,2026-09-17,12,12.109,GOOD
107,2026-09-17,13,8.543,GOOD
107,2026-09-17,14,8.565,GOOD
107,2026-09-17,15,4.375,GOOD
107,2026-09-17,16,2.892,GOOD
107,2026-09-17,17,4.334,GOOD
107,2026-09-17,18,2.559,GOOD
107,2026-09-17,19,2.665,GOOD
107,2026-09-17,20,5.072,GOOD
107,2026-09-17,21,5.779,GOOD
107,2026-09-17,22,12.237,GOOD
107,2026-09-17,23,14.782,GOOD
107,2026-09-17,24,10.652,GOOD
107,2026-09-18,1,11.941,GOOD
107,2026-09-18,2,5.871,GOOD
107,2026-09-18,3,5.386,GOOD
107,2026-09-18,4,9.804,GOOD
107,2026-09-18,5,6.459,GOOD
107,2026-09-18,6,7.812,GOOD
107,2026-09-18,7,4.222,GOOD
107,2026-09-18,8,9.417,GOOD
107,2026-09-18,9,15.648,GOOD
107,2026-09-18,10,15.556,GOOD
107,2026-09-18,11,12.764,GOOD
107,2026-09-18,12,7.417,GOOD
107,2026-09-18,13,6.528,GOOD
107,2026-09-18,14,2.376,GOOD
107,2026-09-18,15,2.234,GOOD
107,2026-09-18,16,4.307,GOOD
107,2026-09-18,17,8.523,GOOD
107,2026-09-18,18,7.066,GOOD
107,2026-09-18,19,6.145,GOOD
107,2026-09-18,20,9.458,GOOD
107,2026-09-18,21,20.34,GOOD
107,2026-09-18,22,25.771,FAIR
107,2026-09-18,23,18.398,GOOD
107,2026-09-18,24,16.328,GOOD
107,2026-09-19,1,11.52,GOOD
107,2026-09-19,2,4.789,GOOD
107,2026-09-19,3,3.767,GOOD
107,2026-09-19,4,5.583,GOOD
107,2026-09-19,5,14.381,GOOD
107,2026-09-19,6,12.151,GOOD
107,2026-09-19,7,3.292,GOOD
107,2026-09-19,8,7.718,GOOD
107,2026-09-19,9,13.05,GOOD
107,2026-09-19,10,9.798,GOOD
107,2026-09-19,11,7.563,GOOD
107,2026-09-19,12,3.89,GOOD
107,2026-09-19,13,8.623,GOOD
107,2026-09-19,14,14.251,GOOD
107,2026-09-19,15,10.414,GOOD
107,2026-09-19,16,8.465,GOOD
107,2026-09-19,17,3.08,GOOD
107,2026-09-19,18,1.509,GOOD
107,2026-09-19,19,-3.846,GOOD
107,2026-09-19,20,-5.045,GOOD
107,2026-09-19,21,-2.895,GOOD
107,2026-09-19,22,0.023,GOOD
107,2026-09-19,23,0.619,GOOD
107,2026-09-19,24,17.008,GOOD
107,2026-09-20,1,14.896,GOOD
107,2026-09-20,2,5.145,GOOD
107,2026-09-20,3,3.366,GOOD
107,2026-09-20,4,-3.483,GOOD
107,2026-09-20,5,1.949,GOOD
107,2026-09-20,6,7.223,GOOD
107,2026-09-20,7,8.305,GOOD
107,2026-09-20,8,12.759,GOOD
107,2026-09-20,9,16.643,GOOD
107,2026-09-20,10,14.644,GOOD
107,2026-09-20,11,8.438,GOOD
107,2026-09-20,12,6.884,GOOD
107,2026-09-20,13,7.994,GOOD
107,2026-09-20,14,10.962,GOOD
107,2026-09-20,15,8.987,GOOD
107,2026-09-20,16,8.342,GOOD
107,2026-09-20,17,5.688,GOOD
107,2026-09-20,18,3.172,GOOD
107,2026-09-20,19,-2.24,GOOD
107,2026-09-20,20,-7.471,GOOD
107,2026-09-20,21,-3.166,GOOD
107,2026-09-20,22,4.284,GOOD
107,2026-09-20,23,3.814,GOOD
107,2026-09-20,24,2.431,GOOD
107,2026-09-21,1,4.487,GOOD
107,2026-09-21,2,3.34,GOOD
107,2026-09-21,3,3.908,GOOD
107,2026-09-21,4,5.376,GOOD
107,2026-09-21,5,6.07,GOOD
107,2026-09-21,6,10.646,GOOD
107,2026-09-21,7,16.826,GOOD
107,2026-09-21,8,24.578,GOOD
107,2026-09-21,9,21.24,GOOD
107,2026-09-21,10,14.605,GOOD
107,2026-09-21,11,14.765,GOOD
107,2026-09-21,12,18.653,GOOD
107,2026-09-21,13,28.96,FAIR
107,2026-09-21,14,25.923,FAIR
107,2026-09-21,15,22.266,GOOD
107,2026-09-21,16,,
107,2026-09-21,17,11.553,GOOD
107,2026-09-21,18,9.358,GOOD
107,2026-09-21,19,4.533,GOOD
107,2026-09-21,20,7.478,GOOD
107,2026-09-21,21,12.893,GOOD
107,2026-09-21,22,12.201,GOOD
107,2026-09-21,23,7.106,GOOD
107,2026-09-21,24,1.748,GOOD
107,2026-09-22,1,-0.755,GOOD
107,2026-09-22,2,1.362,GOOD
107,2026-09-22,3,1.821,GOOD
107,2026-09-22,4,3.634,GOOD
107,2026-09-22,5,1.231,GOOD
107,2026-09-22,6,0.298,GOOD
107,2026-09-22,7,1.363,GOOD
107,2026-09-22,8,4.217,GOOD
107,2026-09-22,9,6.008,GOOD
107,2026-09-22,10,5.621,GOOD
107,2026-09-22,11,5.226,GOOD
107,2026-09-22,12,5.878,GOOD
107,2026-09-22,13,7.979,GOOD
107,2026-09-22,14,6.282,GOOD
107,2026-09-22,15,7.185,GOOD
107,2026-09-22,16,10.356,GOOD
107,2026-09-22,17,11.932,GOOD
107,2026-09-22,18,9.631,GOOD
107,2026-09-22,19,6.609,GOOD
107,2026-09-22,20,5.81,GOOD
107,2026-09-22,21,9.275,GOOD
107,2026-09-22,22,12.438,GOOD
107,2026-09-22,23,5.405,GOOD
107,2026-09-22,24,4.11,GOOD
107,2026-09-23,1,5.796,GOOD
107,2026-09-23,2,5.146,GOOD
107,2026-09-23,3,4.969,GOOD
107,2026-09-23,4,4.109,GOOD
107,2026-09-23,5,-2.597,GOOD
107,2026-09-23,6,-4.309,GOOD
107,2026-09-23,7,0.818,GOOD
107,2026-09-23,8,5.265,GOOD
107,2026-09-23,9,4.093,GOOD
107,2026-09-23,10,3.651,GOOD
107,2026-09-23,11,2.328,GOOD
107,2026-09-23,12,3.491,GOOD
107,2026-09-23,13,8.574,GOOD
107,2026-09-23,14,8.949,GOOD
107,2026-09-23,15,10.515,GOOD
107,2026-09-23,16,13.729,GOOD
107,2026-09-23,17,8.752,GOOD
107,2026-09-23,18,8.338,GOOD
107,2026-09-23,19,8.228,GOOD
107,2026-09-23,20,7.587,GOOD
107,2026-09-23,21,8.695,GOOD
107,2026-09-23,22,13.379,GOOD
107,2026-09-23,23,12.947,GOOD
107,2026-09-23,24,12.461,GOOD
107,2026-09-24,1,5.393,GOOD
107,2026-09-24,2,4.167,GOOD
107,2026-09-24,3,5.969,GOOD
107,2026-09-24,4,4.891,GOOD
107,2026-09-24,5,10.473,GOOD
107,2026-09-24,6,10.272,GOOD
107,2026-09-24,7,7.24,GOOD
107,2026-09-24,8,9.109,GOOD
107,2026-09-24,9,10.001,GOOD
107,2026-09-24,10,7.896,GOOD
107,2026-09-24,11,11.409,GOOD
107,2026-09-24,12,11.921,GOOD
107,2026-09-24,13,16.816,GOOD
107,2026-09-24,14,19.309,GOOD
107,2026-09-24,15,20.004,GOOD
107,2026-09-24,16,20.33,GOOD
107,2026-09-24,17,14.625,GOOD
107,2026-09-24,18,13.377,GOOD
107,2026-09-24,19,12.281,GOOD
107,2026-09-24,20,10.067,GOOD
107,2026-09-24,21,9.642,GOOD
107,2026-09-24,22,8.994,GOOD
107,2026-09-24,23,12.11,GOOD
107,2026-09-24,24,9.44,GOOD
107,2026-09-25,1,15.839,GOOD
107,2026-09-25,2,9.409,GOOD
107,2026-09-25,3,3.758,GOOD
107,2026-09-25,4,2.04,GOOD
107,2026-09-25,5,2.198,GOOD
107,2026-09-25,6,4.942,GOOD
107,2026-09-25,7,2.215,GOOD
107,2026-09-25,8,9.909,GOOD
107,2026-09-25,9,22.59,GOOD
107,2026-09-25,10,,
107,2026-09-25,11,,
107,2026-09-25,12,,
107,2026-09-25,13,11.852,GOOD
107,2026-09-25,14,5.765,GOOD
107,2026-09-25,15,6.457,GOOD
107,2026-09-25,16,11.874,GOOD
107,2026-09-25,17,11.811,GOOD
107,2026-09-25,18,9.184,GOOD
107,2026-09-25,19,1.913,GOOD
107,2026-09-25,20,1.976,GOOD
107,2026-09-25,21,-0.593,GOOD
107,2026-09-25,22,8.326,GOOD
107,2026-09-25,23,17.873,GOOD
107,2026-09-25,24,18.59,GOOD
107,2026-09-26,1,13.461,GOOD
107,2026-09-26,2,14.201,GOOD
107,2026-09-26,3,18.758,GOOD
107,2026-09-26,4,20.078,GOOD
107,2026-09-26,5,12.173,GOOD
107,2026-09-26,6,4.64,GOOD
107,2026-09-26,7,6.035,GOOD
107,2026-09-26,8,16.353,GOOD
107,2026-09-26,9,21.108,GOOD
107,2026-09-26,10,10.961,GOOD
107,2026-09-26,11,7.485,GOOD
107,2026-09-26,12,8.527,GOOD
107,2026-09-26,13,10.083,GOOD
107,2026-09-26,14,9.046,GOOD
107,2026-09-26,15,7.039,GOOD
107,2026-09-26,16,1.473,GOOD
107,2026-09-26,17,2.015,GOOD
107,2026-09-26,18,4.354,GOOD
107,2026-09-26,19,,
107,2026-09-26,20,,
107,2026-09-26,21,27.584,FAIR
107,2026-09-26,22,23.203,GOOD
107,2026-09-26,23,10.597,GOOD
107,2026-09-26,24,3.202,GOOD
107,2026-09-27,1,-1.064,GOOD
107,2026-09-27,2,-0.086,GOOD
107,2026-09-27,3,-3.154,GOOD
107,2026-09-27,4,1.669,GOOD
107,2026-09-27,5,4.741,GOOD
107,2026-09-27,6,4.163,GOOD
107,2026-09-27,7,3.151,GOOD
107,2026-09-27,8,1.947,GOOD
107,2026-09-27,9,-1.614,GOOD
107,2026-09-27,10,-1.278,GOOD
107,2026-09-27,11,,
107,2026-09-27,12,10.136,GOOD
107,2026-09-27,13,15.683,GOOD
107,2026-09-27,14,13.24,GOOD
107,2026-09-27,15,10.171,GOOD
107,2026-09-27,16,3.481,GOOD
107,2026-09-27,17,3.484,GOOD
107,2026-09-27,18,6.584,GOOD
107,2026-09-27,19,4.082,GOOD
107,2026-09-27,20,2.615,GOOD
107,2026-09-27,21,3.169,GOOD
107,2026-09-27,22,3.251,GOOD
107,2026-09-27,23,6.535,GOOD
107,2026-09-27,24,2.92,GOOD
107,2026-09-28,1,1.934,GOOD
107,2026-09-28,2,-0.178,GOOD
107,2026-09-28,3,1.614,GOOD
107,2026-09-28,4,1.978,GOOD
107,2026-09-28,5,8.789,GOOD
107,2026-09-28,6,6.616,GOOD
107,2026-09-28,7,3.167,GOOD
107,2026-09-28,8,3.645,GOOD
107,2026-09-28,9,2.026,GOOD
107,2026-09-28,10,0.037,GOOD
107,2026-09-28,11,-2.017,GOOD
107,2026-09-28,12,3.861,GOOD
107,2026-09-28,13,2.417,GOOD
107,2026-09-28,14,4.646,GOOD
107,2026-09-28,15,4.776,GOOD
107,2026-09-28,16,3.006,GOOD
107,2026-09-28,17,4.858,GOOD
107,2026-09-28,18,0.909,GOOD
107,2026-09-28,19,1.588,GOOD
107,2026-09-28,20,1.957,GOOD
107,2026-09-28,21,2.271,GOOD
107,2026-09-28,22,7.259,GOOD
107,2026-09-28,23,6.896,GOOD
107,2026-09-28,24,7.166,GOOD
107,2026-09-29,1,6.686,GOOD
107,2026-09-29,2,5.968,GOOD
107,2026-09-29,3,2.716,GOOD
107,2026-09-29,4,0.475,GOOD
107,2026-09-29,5,4.295,GOOD
107,2026-09-29,6,11.147,GOOD
107,2026-09-29,7,8.109,GOOD
107,2026-09-29,8,12.312,GOOD
107,2026-09-29,9,11.371,GOOD
107,2026-09-29,10,4.826,GOOD
107,2026-09-29,11,1.655,GOOD
107,2026-09-29,12,-0.81,GOOD
107,2026-09-29,13,0.115,GOOD
107,2026-09-29,14,3.891,GOOD
107,2026-09-29,15,5.079,GOOD
107,2026-09-29,16,6.556,GOOD
107,2026-09-29,17,4.443,GOOD
107,2026-09-29,18,2.921,GOOD
107,2026-09-29,19,2.251,GOOD
107,2026-09-29,20,0.94,GOOD
107,2026-09-29,21,5.435,GOOD
107,2026-09-29,22,5.742,GOOD
107,2026-09-29,23,8.252,GOOD
107,2026-09-29,24,10.466,GOOD
107,2026-09-30,1,8.982,GOOD
107,2026-09-30,2,6.895,GOOD
107,2026-09-30,3,4.186,GOOD
107,2026-09-30,4,3.393,GOOD
107,2026-09-30,5,2.338,GOOD
107,2026-09-30,6,6.072,GOOD
107,2026-09-30,7,10.804,GOOD
107,2026-09-30,8,14.627,GOOD
107,2026-09-30,9,13.854,GOOD
107,2026-09-30,10,7.688,GOOD
107,2026-09-30,11,6.614,GOOD
107,2026-09-30,12,4.506,GOOD
107,2026-09-30,13,3.814,GOOD
107,2026-09-30,14,5.519,GOOD
107,2026-09-30,15,6.235,GOOD
107,2026-09-30,16,10.614,GOOD
107,2026-09-30,17,7.31,GOOD
107,2026-09-30,18,5.133,GOOD
107,2026-09-30,19,-0.755,GOOD
107,2026-09-30,20,0.128,GOOD
107,2026-09-30,21,7.921,GOOD
107,2026-09-30,22,14.89,GOOD
107,2026-09-30,23,14.498,GOOD
107,2026-09-30,24,18.761,GOOD
113,2026-09-01,1,7.315,GOOD
113,2026-09-01,2,5.696,GOOD
113,2026-09-01,3,5.125,GOOD
113,2026-09-01,4,4.973,GOOD
113,2026-09-01,5,3.94,GOOD
113,2026-09-01,6,8.322,GOOD
113,2026-09-01,7,6.229,GOOD
113,2026-09-01,8,7.675,GOOD
113,2026-09-01,9,8.118,GOOD
113,2026-09-01,10,8.429,GOOD
113,2026-09-01,11,7.998,GOOD
113,2026-09-01,12,5.552,GOOD
113,2026-09-01,13,4.862,GOOD
113,2026-09-01,14,8.561,GOOD
113,2026-09-01,15,6.967,GOOD
113,2026-09-01,16,6.758,GOOD
113,2026-09-01,17,5.476,GOOD
113,2026-09-01,18,9.944,GOOD
113,2026-09-01,19,8.219,GOOD
113,2026-09-01,20,8.618,GOOD
113,2026-09-01,21,10.67,GOOD
113,2026-09-01,22,10.508,GOOD
113,2026-09-01,23,9.737,GOOD
113,2026-09-01,24,8.615,GOOD
113,2026-09-02,1,3.58,GOOD
113,2026-09-02,2,3.791,GOOD
113,2026-09-02,3,5.627,GOOD
113,2026-09-02,4,4.984,GOOD
113,2026-09-02,5,2.861,GOOD
113,2026-09-02,6,8.434,GOOD
113,2026-09-02,7,3.786,GOOD
113,2026-09-02,8,5.539,GOOD
113,2026-09-02,9,5.213,GOOD
113,2026-09-02,10,6.585,GOOD
113,2026-09-02,11,3.23,GOOD
113,2026-09-02,12,6.262,GOOD
113,2026-09-02,13,1.299,GOOD
113,2026-09-02,14,2.607,GOOD
113,2026-09-02,15,2.648,GOOD
113,2026-09-02,16,2.19,GOOD
113,2026-09-02,17,2.571,GOOD
113,2026-09-02,18,4.774,GOOD
113,2026-09-02,19,4.171,GOOD
113,2026-09-02,20,2.9,GOOD
113,2026-09-02,21,0.536,GOOD
113,2026-09-02,22,3.132,GOOD
113,2026-09-02,23,3.71,GOOD
113,2026-09-02,24,3.889,GOOD
113,2026-09-03,1,3.147,GOOD
113,2026-09-03,2,3.487,GOOD
113,2026-09-03,3,0.656,GOOD
113,2026-09-03,4,2.247,GOOD
113,2026-09-03,5,8.62,GOOD
113,2026-09-03,6,12.378,GOOD
113,2026-09-03,7,5.687,GOOD
113,2026-09-03,8,2.703,GOOD
113,2026-09-03,9,2.708,GOOD
113,2026-09-03,10,2.627,GOOD
113,2026-09-03,11,5.875,GOOD
113,2026-09-03,12,1.524,GOOD
113,2026-09-03,13,-0.23,GOOD
113,2026-09-03,14,0.275,GOOD
113,2026-09-03,15,3.799,GOOD
113,2026-09-03,16,2.336,GOOD
113,2026-09-03,17,4.379,GOOD
113,2026-09-03,18,2.749,GOOD
113,2026-09-03,19,3.532,GOOD
113,2026-09-03,20,5.775,GOOD
113,2026-09-03,21,5.279,GOOD
113,2026-09-03,22,8.433,GOOD
113,2026-09-03,23,6.31,GOOD
113,2026-09-03,24,4.249,GOOD
113,2026-09-04,1,3.494,GOOD
113,2026-09-04,2,3.515,GOOD
113,2026-09-04,3,3.362,GOOD
113,2026-09-04,4,1.837,GOOD
113,2026-09-04,5,5.664,GOOD
113,2026-09-04,6,6.414,GOOD
113,2026-09-04,7,2.537,GOOD
113,2026-09-04,8,3.325,GOOD
113,2026-09-04,9,4.701,GOOD
113,2026-09-04,10,1.825,GOOD
113,2026-09-04,11,-1.345,GOOD
113,2026-09-04,12,0.785,GOOD
113,2026-09-04,13,3.056,GOOD
113,2026-09-04,14,1.638,GOOD
113,2026-09-04,15,2.982,GOOD
113,2026-09-04,16,2.88,GOOD
113,2026-09-04,17,1.175,GOOD
113,2026-09-04,18,2.006,GOOD
113,2026-09-04,19,12.708,GOOD
113,2026-09-04,20,32.447,FAIR
113,2026-09-04,21,45.168,FAIR
113,2026-09-04,22,78.718,POOR
113,2026-09-04,23,84.422,POOR
113,2026-09-04,24,64.653,POOR
113,2026-09-05,1,34.757,FAIR
113,2026-09-05,2,15.562,GOOD
113,2026-09-05,3,8.744,GOOD
113,2026-09-05,4,7.556,GOOD
113,2026-09-05,5,0.694,GOOD
113,2026-09-05,6,-2.012,GOOD
113,2026-09-05,7,4.256,GOOD
113,2026-09-05,8,2.077,GOOD
113,2026-09-05,9,2.925,GOOD
113,2026-09-05,10,-0.89,GOOD
113,2026-09-05,11,3.6,GOOD
113,2026-09-05,12,2.134,GOOD
113,2026-09-05,13,1.15,GOOD
113,2026-09-05,14,2.364,GOOD
113,2026-09-05,15,-0.29,GOOD
113,2026-09-05,16,3.03,GOOD
113,2026-09-05,17,4.798,GOOD
113,2026-09-05,18,4.985,GOOD
113,2026-09-05,19,7.112,GOOD
113,2026-09-05,20,4.516,GOOD
113,2026-09-05,21,4.291,GOOD
113,2026-09-05,22,4.723,GOOD
113,2026-09-05,23,4.052,GOOD
113,2026-09-05,24,1.328,GOOD
113,2026-09-06,1,4.418,GOOD
113,2026-09-06,2,5.474,GOOD
113,2026-09-06,3,4.4,GOOD
113,2026-09-06,4,4.412,GOOD
113,2026-09-06,5,7.686,GOOD
113,2026-09-06,6,6.607,GOOD
113,2026-09-06,7,3.284,GOOD
113,2026-09-06,8,1.715,GOOD
113,2026-09-06,9,0.849,GOOD
113,2026-09-06,10,3.105,GOOD
113,2026-09-06,11,-1.629,GOOD
113,2026-09-06,12,4.155,GOOD
113,2026-09-06,13,-1.779,GOOD
113,2026-09-06,14,-2.514,GOOD
113,2026-09-06,15,2.665,GOOD
113,2026-09-06,16,3.243,GOOD
113,2026-09-06,17,1.938,GOOD
113,2026-09-06,18,-0.55,GOOD
113,2026-09-06,19,4.914,GOOD
113,2026-09-06,20,2.542,GOOD
113,2026-09-06,21,1.987,GOOD
113,2026-09-06,22,2.653,GOOD
113,2026-09-06,23,4.552,GOOD
113,2026-09-06,24,6.172,GOOD
113,2026-09-07,1,3.282,GOOD
113,2026-09-07,2,3.529,GOOD
113,2026-09-07,3,4.162,GOOD
113,2026-09-07,4,4.351,GOOD
113,2026-09-07,5,-2.722,GOOD
113,2026-09-07,6,-4.726,GOOD
113,2026-09-07,7,1.413,GOOD
113,2026-09-07,8,2.402,GOOD
113,2026-09-07,9,1.82,GOOD
113,2026-09-07,10,4.31,GOOD
113,2026-09-07,11,5.534,GOOD
113,2026-09-07,12,4.07,GOOD
113,2026-09-07,13,6.363,GOOD
113,2026-09-07,14,6.981,GOOD
113,2026-09-07,15,5.939,GOOD
113,2026-09-07,16,,
113,2026-09-07,17,4.987,GOOD
113,2026-09-07,18,,
113,2026-09-07,19,-0.101,GOOD
113,2026-09-07,20,4.418,GOOD
113,2026-09-07,21,7.965,GOOD
113,2026-09-07,22,11.567,GOOD
113,2026-09-07,23,2.759,GOOD
113,2026-09-07,24,6.331,GOOD
113,2026-09-08,1,2.498,GOOD
113,2026-09-08,2,3.06,GOOD
113,2026-09-08,3,1.275,GOOD
113,2026-09-08,4,4.145,GOOD
113,2026-09-08,5,3.087,GOOD
113,2026-09-08,6,6.144,GOOD
113,2026-09-08,7,5.723,GOOD
113,2026-09-08,8,3.145,GOOD
113,2026-09-08,9,2.425,GOOD
113,2026-09-08,10,2.92,GOOD
113,2026-09-08,11,6.928,GOOD
113,2026-09-08,12,8.102,GOOD
113,2026-09-08,13,6.307,GOOD
113,2026-09-08,14,3.138,GOOD
113,2026-09-08,15,2.962,GOOD
113,2026-09-08,16,5.999,GOOD
113,2026-09-08,17,5.735,GOOD
113,2026-09-08,18,4.428,GOOD
113,2026-09-08,19,1.821,GOOD
113,2026-09-08,20,3.881,GOOD
113,2026-09-08,21,5.923,GOOD
113,2026-09-08,22,8.429,GOOD
113,2026-09-08,23,3.659,GOOD
113,2026-09-08,24,5.41,GOOD
113,2026-09-09,1,2.712,GOOD
113,2026-09-09,2,1.331,GOOD
113,2026-09-09,3,2.737,GOOD
113,2026-09-09,4,1.922,GOOD
113,2026-09-09,5,3.708,GOOD
113,2026-09-09,6,4.097,GOOD
113,2026-09-09,7,2.945,GOOD
113,2026-09-09,8,0.521,GOOD
113,2026-09-09,9,6.473,GOOD
113,2026-09-09,10,7.243,GOOD
113,2026-09-09,11,7.819,GOOD
113,2026-09-09,12,7.46,GOOD
113,2026-09-09,13,9.145,GOOD
113,2026-09-09,14,13.224,GOOD
113,2026-09-09,15,15.017,GOOD
113,2026-09-09,16,9.084,GOOD
113,2026-09-09,17,7.373,GOOD
113,2026-09-09,18,5.404,GOOD
113,2026-09-09,19,6.46,GOOD
113,2026-09-09,20,9.19,GOOD
113,2026-09-09,21,5.39,GOOD
113,2026-09-09,22,6.157,GOOD
113,2026-09-09,23,3.487,GOOD
113,2026-09-09,24,7.905,GOOD
113,2026-09-10,1,6.704,GOOD
113,2026-09-10,2,8.464,GOOD
113,2026-09-10,3,5.916,GOOD
113,2026-09-10,4,7.829,GOOD
113,2026-09-10,5,1.181,GOOD
113,2026-09-10,6,3.203,GOOD
113,2026-09-10,7,1.735,GOOD
113,2026-09-10,8,5.216,GOOD
113,2026-09-10,9,4.191,GOOD
113,2026-09-10,10,4.242,GOOD
113,2026-09-10,11,5.448,GOOD
113,2026-09-10,12,6.559,GOOD
113,2026-09-10,13,12.39,GOOD
113,2026-09-10,14,8.529,GOOD
113,2026-09-10,15,6.468,GOOD
113,2026-09-10,16,5.406,GOOD
113,2026-09-10,17,4.608,GOOD
113,2026-09-10,18,7.046,GOOD
113,2026-09-10,19,3.958,GOOD
113,2026-09-10,20,4.915,GOOD
113,2026-09-10,21,13.273,GOOD
113,2026-09-10,22,12.854,GOOD
113,2026-09-10,23,8.922,GOOD
113,2026-09-10,24,6.212,GOOD
113,2026-09-11,1,7.13,GOOD
113,2026-09-11,2,6.229,GOOD
113,2026-09-11,3,4.743,GOOD
113,2026-09-11,4,5.885,GOOD
113,2026-09-11,5,6.691,GOOD
113,2026-09-11,6,5.512,GOOD
113,2026-09-11,7,4.3,GOOD
113,2026-09-11,8,5.367,GOOD
113,2026-09-11,9,9.258,GOOD
113,2026-09-11,10,9.131,GOOD
113,2026-09-11,11,7.579,GOOD
113,2026-09-11,12,7.132,GOOD
113,2026-09-11,13,5.405,GOOD
113,2026-09-11,14,5.21,GOOD
113,2026-09-11,15,10.325,GOOD
113,2026-09-11,16,6.73,GOOD
113,2026-09-11,17,10.396,GOOD
113,2026-09-11,18,10.536,GOOD
113,2026-09-11,19,6.827,GOOD
113,2026-09-11,20,7.583,GOOD
113,2026-09-11,21,8.491,GOOD
113,2026-09-11,22,10.625,GOOD
113,2026-09-11,23,9.635,GOOD
113,2026-09-11,24,8.217,GOOD
113,2026-09-12,1,7.407,GOOD
113,2026-09-12,2,7.45,GOOD
113,2026-09-12,3,7.712,GOOD
113,2026-09-12,4,8.677,GOOD
113,2026-09-12,5,14.918,GOOD
113,2026-09-12,6,14.639,GOOD
113,2026-09-12,7,12.474,GOOD
113,2026-09-12,8,9.628,GOOD
113,2026-09-12,9,17.164,GOOD
113,2026-09-12,10,16.474,GOOD
113,2026-09-12,11,8.93,GOOD
113,2026-09-12,12,9.997,GOOD
113,2026-09-12,13,1.461,GOOD
113,2026-09-12,14,3.829,GOOD
113,2026-09-12,15,10.413,GOOD
113,2026-09-12,16,12.167,GOOD
113,2026-09-12,17,8.332,GOOD
113,2026-09-12,18,6.614,GOOD
113,2026-09-12,19,9.285,GOOD
113,2026-09-12,20,2.335,GOOD
113,2026-09-12,21,-1.261,GOOD
113,2026-09-12,22,2.416,GOOD
113,2026-09-12,23,10.703,GOOD
113,2026-09-12,24,26.426,FAIR
113,2026-09-13,1,42.75,FAIR
113,2026-09-13,2,51.71,POOR
113,2026-09-13,3,48.414,FAIR
113,2026-09-13,4,37.074,FAIR
113,2026-09-13,5,33.39,FAIR
113,2026-09-13,6,27.592,FAIR
113,2026-09-13,7,15.976,GOOD
113,2026-09-13,8,,
113,2026-09-13,9,10.109,GOOD
113,2026-09-13,10,12.794,GOOD
113,2026-09-13,11,8.763,GOOD
113,2026-09-13,12,4.937,GOOD
113,2026-09-13,13,4.367,GOOD
113,2026-09-13,14,10.876,GOOD
113,2026-09-13,15,20.132,GOOD
113,2026-09-13,16,14.421,GOOD
113,2026-09-13,17,11.202,GOOD
113,2026-09-13,18,7.418,GOOD
113,2026-09-13,19,6.113,GOOD
113,2026-09-13,20,10.205,GOOD
113,2026-09-13,21,11.276,GOOD
113,2026-09-13,22,12.932,GOOD
113,2026-09-13,23,18.811,GOOD
113,2026-09-13,24,28.97,FAIR
113,2026-09-14,1,41.984,FAIR
113,2026-09-14,2,50.908,POOR
113,2026-09-14,3,48.542,FAIR
113,2026-09-14,4,37.953,FAIR
113,2026-09-14,5,29.446,FAIR
113,2026-09-14,6,24.186,GOOD
113,2026-09-14,7,16.621,GOOD
113,2026-09-14,8,11.699,GOOD
113,2026-09-14,9,7.245,GOOD
113,2026-09-14,10,6.579,GOOD
113,2026-09-14,11,8.3,GOOD
113,2026-09-14,12,3.647,GOOD
113,2026-09-14,13,4.211,GOOD
113,2026-09-14,14,10.23,GOOD
113,2026-09-14,15,3.106,GOOD
113,2026-09-14,16,-2.435,GOOD
113,2026-09-14,17,4.963,GOOD
113,2026-09-14,18,13.614,GOOD
113,2026-09-14,19,13.437,GOOD
113,2026-09-14,20,22.562,GOOD
113,2026-09-14,21,19.885,GOOD
113,2026-09-14,22,19.463,GOOD
113,2026-09-14,23,24.02,GOOD
113,2026-09-14,24,21.673,GOOD
113,2026-09-15,1,13.452,GOOD
113,2026-09-15,2,11.844,GOOD
113,2026-09-15,3,10.077,GOOD
113,2026-09-15,4,8.407,GOOD
113,2026-09-15,5,9.175,GOOD
113,2026-09-15,6,8.483,GOOD
113,2026-09-15,7,8.067,GOOD
113,2026-09-15,8,7.217,GOOD
113,2026-09-15,9,6.88,GOOD
113,2026-09-15,10,4.326,GOOD
113,2026-09-15,11,7.986,GOOD
113,2026-09-15,12,3.06,GOOD
113,2026-09-15,13,8.139,GOOD
113,2026-09-15,14,9.186,GOOD
113,2026-09-15,15,7.964,GOOD
113,2026-09-15,16,7.141,GOOD
113,2026-09-15,17,10.544,GOOD
113,2026-09-15,18,9.877,GOOD
113,2026-09-15,19,10.191,GOOD
113,2026-09-15,20,7.22,GOOD
113,2026-09-15,21,4.397,GOOD
113,2026-09-15,22,2.692,GOOD
113,2026-09-15,23,7.925,GOOD
113,2026-09-15,24,7.723,GOOD
113,2026-09-16,1,6.814,GOOD
113,2026-09-16,2,4.202,GOOD
113,2026-09-16,3,5.169,GOOD
113,2026-09-16,4,7.217,GOOD
113,2026-09-16,5,4.566,GOOD
113,2026-09-16,6,7.018,GOOD
113,2026-09-16,7,5.409,GOOD
113,2026-09-16,8,5.659,GOOD
113,2026-09-16,9,0.124,GOOD
113,2026-09-16,10,0.851,GOOD
113,2026-09-16,11,3.399,GOOD
113,2026-09-16,12,4.133,GOOD
113,2026-09-16,13,1.056,GOOD
113,2026-09-16,14,7.174,GOOD
113,2026-09-16,15,7.413,GOOD
113,2026-09-16,16,3.483,GOOD
113,2026-09-16,17,5.271,GOOD
113,2026-09-16,18,3.872,GOOD
113,2026-09-16,19,1.913,GOOD
113,2026-09-16,20,4.83,GOOD
113,2026-09-16,21,8.131,GOOD
113,2026-09-16,22,6.475,GOOD
113,2026-09-16,23,6.099,GOOD
113,2026-09-16,24,7.568,GOOD
113,2026-09-17,1,3.887,GOOD
113,2026-09-17,2,,
113,2026-09-17,3,,
113,2026-09-17,4,,
113,2026-09-17,5,,
113,2026-09-17,6,,
113,2026-09-17,7,,
113,2026-09-17,8,,
113,2026-09-17,9,,
113,2026-09-17,10,,
113,2026-09-17,11,,
113,2026-09-17,12,,
113,2026-09-17,13,-1.757,GOOD
113,2026-09-17,14,-0.582,GOOD
113,2026-09-17,15,1.54,GOOD
113,2026-09-17,16,4.655,GOOD
113,2026-09-17,17,5.94,GOOD
113,2026-09-17,18,5.687,GOOD
113,2026-09-17,19,4.098,GOOD
113,2026-09-17,20,4.863,GOOD
113,2026-09-17,21,0.251,GOOD
113,2026-09-17,22,1.063,GOOD
113,2026-09-17,23,6.582,GOOD
113,2026-09-17,24,7.049,GOOD
113,2026-09-18,1,5.97,GOOD
113,2026-09-18,2,3.365,GOOD
113,2026-09-18,3,5.698,GOOD
113,2026-09-18,4,4.758,GOOD
113,2026-09-18,5,3.301,GOOD
113,2026-09-18,6,6.176,GOOD
113,2026-09-18,7,5.595,GOOD
113,2026-09-18,8,10.076,GOOD
113,2026-09-18,9,4.065,GOOD
113,2026-09-18,10,5.137,GOOD
113,2026-09-18,11,0.676,GOOD
113,2026-09-18,12,1.729,GOOD
113,2026-09-18,13,10.557,GOOD
113,2026-09-18,14,27.162,FAIR
113,2026-09-18,15,27.787,FAIR
113,2026-09-18,16,13.651,GOOD
113,2026-09-18,17,8.288,GOOD
113,2026-09-18,18,6.076,GOOD
113,2026-09-18,19,8.654,GOOD
113,2026-09-18,20,19.794,GOOD
113,2026-09-18,21,31.108,FAIR
113,2026-09-18,22,46.321,FAIR
113,2026-09-18,23,30.691,FAIR
113,2026-09-18,24,13.802,GOOD
113,2026-09-19,1,11.796,GOOD
113,2026-09-19,2,11.552,GOOD
113,2026-09-19,3,18.312,GOOD
113,2026-09-19,4,25.079,FAIR
113,2026-09-19,5,18.413,GOOD
113,2026-09-19,6,19.723,GOOD
113,2026-09-19,7,14.198,GOOD
113,2026-09-19,8,17.051,GOOD
113,2026-09-19,9,8.21,GOOD
113,2026-09-19,10,2.87,GOOD
113,2026-09-19,11,1.225,GOOD
113,2026-09-19,12,-0.449,GOOD
113,2026-09-19,13,-2.477,GOOD
113,2026-09-19,14,-0.918,GOOD
113,2026-09-19,15,-1.52,GOOD
113,2026-09-19,16,1.073,GOOD
113,2026-09-19,17,2.881,GOOD
113,2026-09-19,18,1.45,GOOD
113,2026-09-19,19,4.963,GOOD
113,2026-09-19,20,8.843,GOOD
113,2026-09-19,21,12.853,GOOD
113,2026-09-19,22,13.785,GOOD
113,2026-09-19,23,7.982,GOOD
113,2026-09-19,24,2.687,GOOD
113,2026-09-20,1,3.949,GOOD
113,2026-09-20,2,5.629,GOOD
113,2026-09-20,3,4.451,GOOD
113,2026-09-20,4,5.416,GOOD
113,2026-09-20,5,7.104,GOOD
113,2026-09-20,6,7.884,GOOD
113,2026-09-20,7,5.942,GOOD
113,2026-09-20,8,3.612,GOOD
113,2026-09-20,9,-0.119,GOOD
113,2026-09-20,10,-0.236,GOOD
113,2026-09-20,11,1.111,GOOD
113,2026-09-20,12,-0.514,GOOD
113,2026-09-20,13,1.042,GOOD
113,2026-09-20,14,0.21,GOOD
113,2026-09-20,15,8.239,GOOD
113,2026-09-20,16,-2.166,GOOD
113,2026-09-20,17,2.021,GOOD
113,2026-09-20,18,-1.329,GOOD
113,2026-09-20,19,0.39,GOOD
113,2026-09-20,20,8.457,GOOD
113,2026-09-20,21,6.025,GOOD
113,2026-09-20,22,1.811,GOOD
113,2026-09-20,23,6.257,GOOD
113,2026-09-20,24,4.425,GOOD
113,2026-09-21,1,2.496,GOOD
113,2026-09-21,2,0.872,GOOD
113,2026-09-21,3,-0.347,GOOD
113,2026-09-21,4,-0.955,GOOD
113,2026-09-21,5,3.558,GOOD
113,2026-09-21,6,5.582,GOOD
113,2026-09-21,7,5.672,GOOD
113,2026-09-21,8,2.028,GOOD
113,2026-09-21,9,0.423,GOOD
113,2026-09-21,10,5.298,GOOD
113,2026-09-21,11,3.33,GOOD
113,2026-09-21,12,,
113,2026-09-21,13,18.674,GOOD
113,2026-09-21,14,26.69,FAIR
113,2026-09-21,15,19.935,GOOD
113,2026-09-21,16,14.501,GOOD
113,2026-09-21,17,12.263,GOOD
113,2026-09-21,18,11.083,GOOD
113,2026-09-21,19,9.349,GOOD
113,2026-09-21,20,7.655,GOOD
113,2026-09-21,21,12.125,GOOD
113,2026-09-21,22,14.762,GOOD
113,2026-09-21,23,6.295,GOOD
113,2026-09-21,24,4.726,GOOD
113,2026-09-22,1,8.766,GOOD
113,2026-09-22,2,4.833,GOOD
113,2026-09-22,3,6.119,GOOD
113,2026-09-22,4,8.774,GOOD
113,2026-09-22,5,6.665,GOOD
113,2026-09-22,6,8.359,GOOD
113,2026-09-22,7,6.37,GOOD
113,2026-09-22,8,7.643,GOOD
113,2026-09-22,9,8.235,GOOD
113,2026-09-22,10,6.734,GOOD
113,2026-09-22,11,3.224,GOOD
113,2026-09-22,12,3.143,GOOD
113,2026-09-22,13,1.304,GOOD
113,2026-09-22,14,-1.23,GOOD
113,2026-09-22,15,0.766,GOOD
113,2026-09-22,16,2.764,GOOD
113,2026-09-22,17,0.571,GOOD
113,2026-09-22,18,1.377,GOOD
113,2026-09-22,19,-0.083,GOOD
113,2026-09-22,20,0.594,GOOD
113,2026-09-22,21,0.953,GOOD
113,2026-09-22,22,-0.384,GOOD
113,2026-09-22,23,-0.33,GOOD
113,2026-09-22,24,2.791,GOOD
113,2026-09-23,1,0.597,GOOD
113,2026-09-23,2,1.93,GOOD
113,2026-09-23,3,4.21,GOOD
113,2026-09-23,4,1.396,GOOD
113,2026-09-23,5,5.543,GOOD
113,2026-09-23,6,5.257,GOOD
113,2026-09-23,7,2.792,GOOD
113,2026-09-23,8,4.363,GOOD
113,2026-09-23,9,5.268,GOOD
113,2026-09-23,10,5.079,GOOD
113,2026-09-23,11,8.437,GOOD
113,2026-09-23,12,9.144,GOOD
113,2026-09-23,13,12.085,GOOD
113,2026-09-23,14,13.311,GOOD
113,2026-09-23,15,9.391,GOOD
113,2026-09-23,16,8.658,GOOD
113,2026-09-23,17,,
113,2026-09-23,18,10.205,GOOD
113,2026-09-23,19,8.676,GOOD
113,2026-09-23,20,8.202,GOOD
113,2026-09-23,21,7.148,GOOD
113,2026-09-23,22,4.615,GOOD
113,2026-09-23,23,6.96,GOOD
113,2026-09-23,24,4.755,GOOD
113,2026-09-24,1,3.505,GOOD
113,2026-09-24,2,5.142,GOOD
113,2026-09-24,3,5.699,GOOD
113,2026-09-24,4,4.319,GOOD
113,2026-09-24,5,9.556,GOOD
113,2026-09-24,6,7.309,GOOD
113,2026-09-24,7,7.399,GOOD
113,2026-09-24,8,12.28,GOOD
113,2026-09-24,9,15.141,GOOD
113,2026-09-24,10,15.214,GOOD
113,2026-09-24,11,,
113,2026-09-24,12,,
113,2026-09-24,13,13.574,GOOD
113,2026-09-24,14,17.395,GOOD
113,2026-09-24,15,13.397,GOOD
113,2026-09-24,16,8.952,GOOD
113,2026-09-24,17,10.922,GOOD
113,2026-09-24,18,10.062,GOOD
113,2026-09-24,19,7.832,GOOD
113,2026-09-24,20,7.432,GOOD
113,2026-09-24,21,7.903,GOOD
113,2026-09-24,22,4.535,GOOD
113,2026-09-24,23,7.207,GOOD
113,2026-09-24,24,4.502,GOOD
113,2026-09-25,1,3.172,GOOD
113,2026-09-25,2,2.019,GOOD
113,2026-09-25,3,1.56,GOOD
113,2026-09-25,4,3.208,GOOD
113,2026-09-25,5,7.318,GOOD
113,2026-09-25,6,8.785,GOOD
113,2026-09-25,7,1.073,GOOD
113,2026-09-25,8,,
113,2026-09-25,9,,
113,2026-09-25,10,,
113,2026-09-25,11,,
113,2026-09-25,12,,
113,2026-09-25,13,12.553,GOOD
113,2026-09-25,14,8.594,GOOD
113,2026-09-25,15,14.712,GOOD
113,2026-09-25,16,14.867,GOOD
113,2026-09-25,17,13.512,GOOD
113,2026-09-25,18,16.431,GOOD
113,2026-09-25,19,9.841,GOOD
113,2026-09-25,20,10.175,GOOD
113,2026-09-25,21,8.806,GOOD
113,2026-09-25,22,12.807,GOOD
113,2026-09-25,23,13.428,GOOD
113,2026-09-25,24,12.692,GOOD
113,2026-09-26,1,14.894,GOOD
113,2026-09-26,2,10.773,GOOD
113,2026-09-26,3,7.955,GOOD
113,2026-09-26,4,10.079,GOOD
113,2026-09-26,5,4.932,GOOD
113,2026-09-26,6,3.39,GOOD
113,2026-09-26,7,7.162,GOOD
113,2026-09-26,8,4.779,GOOD
113,2026-09-26,9,6.191,GOOD
113,2026-09-26,10,5.317,GOOD
113,2026-09-26,11,9.452,GOOD
113,2026-09-26,12,12.143,GOOD
113,2026-09-26,13,6.939,GOOD
113,2026-09-26,14,1.506,GOOD
113,2026-09-26,15,6.934,GOOD
113,2026-09-26,16,5.468,GOOD
113,2026-09-26,17,5.142,GOOD
113,2026-09-26,18,4.013,GOOD
113,2026-09-26,19,,
113,2026-09-26,20,,
113,2026-09-26,21,18.09,GOOD
113,2026-09-26,22,4.547,GOOD
113,2026-09-26,23,1.428,GOOD
113,2026-09-26,24,4.012,GOOD
113,2026-09-27,1,6.157,GOOD
113,2026-09-27,2,4.87,GOOD
113,2026-09-27,3,0.529,GOOD
113,2026-09-27,4,3.187,GOOD
113,2026-09-27,5,-0.238,GOOD
113,2026-09-27,6,1.873,GOOD
113,2026-09-27,7,1.881,GOOD
113,2026-09-27,8,4.002,GOOD
113,2026-09-27,9,4.606,GOOD
113,2026-09-27,10,2.514,GOOD
113,2026-09-27,11,3.832,GOOD
113,2026-09-27,12,-0.44,GOOD
113,2026-09-27,13,-1.088,GOOD
113,2026-09-27,14,1.177,GOOD
113,2026-09-27,15,2.2,GOOD
113,2026-09-27,16,2.722,GOOD
113,2026-09-27,17,2.379,GOOD
113,2026-09-27,18,1.336,GOOD
113,2026-09-27,19,2.668,GOOD
113,2026-09-27,20,3.388,GOOD
113,2026-09-27,21,13.995,GOOD
113,2026-09-27,22,14.212,GOOD
113,2026-09-27,23,4.867,GOOD
113,2026-09-27,24,4.422,GOOD
113,2026-09-28,1,3.541,GOOD
113,2026-09-28,2,1.582,GOOD
113,2026-09-28,3,5.755,GOOD
113,2026-09-28,4,1.95,GOOD
113,2026-09-28,5,1.322,GOOD
113,2026-09-28,6,-0.162,GOOD
113,2026-09-28,7,3.282,GOOD
113,2026-09-28,8,4.942,GOOD
113,2026-09-28,9,2.986,GOOD
113,2026-09-28,10,5.259,GOOD
113,2026-09-28,11,3.831,GOOD
113,2026-09-28,12,2.825,GOOD
113,2026-09-28,13,10.751,GOOD
113,2026-09-28,14,8.659,GOOD
113,2026-09-28,15,3.081,GOOD
113,2026-09-28,16,5.049,GOOD
113,2026-09-28,17,4.56,GOOD
113,2026-09-28,18,2.026,GOOD
113,2026-09-28,19,-0.115,GOOD
113,2026-09-28,20,0.343,GOOD
113,2026-09-28,21,0.39,GOOD
113,2026-09-28,22,2.196,GOOD
113,2026-09-28,23,2.278,GOOD
113,2026-09-28,24,6.297,GOOD
113,2026-09-29,1,2.401,GOOD
113,2026-09-29,2,2.359,GOOD
113,2026-09-29,3,3.4,GOOD
113,2026-09-29,4,6.006,GOOD
113,2026-09-29,5,13.199,GOOD
113,2026-09-29,6,12.214,GOOD
113,2026-09-29,7,2.315,GOOD
113,2026-09-29,8,,
113,2026-09-29,9,,
113,2026-09-29,10,,
113,2026-09-29,11,,
113,2026-09-29,12,,
113,2026-09-29,13,,
113,2026-09-29,14,,
113,2026-09-29,15,,
113,2026-09-29,16,,
113,2026-09-29,17,,
113,2026-09-29,18,,
113,2026-09-29,19,,
113,2026-09-29,20,,
113,2026-09-29,21,,
113,2026-09-29,22,,
113,2026-09-29,23,,
113,2026-09-29,24,,
113,2026-09-30,1,,
113,2026-09-30,2,,
113,2026-09-30,3,,
113,2026-09-30,4,,
113,2026-09-30,5,,
113,2026-09-30,6,,
113,2026-09-30,7,,
113,2026-09-30,8,,
113,2026-09-30,9,,
113,2026-09-30,10,,
113,2026-09-30,11,,
113,2026-09-30,12,,
113,2026-09-30,13,,
113,2026-09-30,14,,
113,2026-09-30,15,,
113,2026-09-30,16,,
113,2026-09-30,17,13.213,GOOD
113,2026-09-30,18,10.681,GOOD
113,2026-09-30,19,4.777,GOOD
113,2026-09-30,20,5.999,GOOD
113,2026-09-30,21,7.665,GOOD
113,2026-09-30,22,4.618,GOOD
113,2026-09-30,23,5.271,GOOD
113,2026-09-30,24,6.028,GOOD
39,2026-09-01,1,6.554,GOOD
39,2026-09-01,2,6.836,GOOD
39,2026-09-01,3,6.697,GOOD
39,2026-09-01,4,8.665,GOOD
39,2026-09-01,5,17.927,GOOD
39,2026-09-01,6,27.565,FAIR
39,2026-09-01,7,27.256,FAIR
39,2026-09-01,8,19.895,GOOD
39,2026-09-01,9,23.284,GOOD
39,2026-09-01,10,22.327,GOOD
39,2026-09-01,11,14.388,GOOD
39,2026-09-01,12,9.275,GOOD
39,2026-09-01,13,10.709,GOOD
39,2026-09-01,14,9.271,GOOD
39,2026-09-01,15,5.747,GOOD
39,2026-09-01,16,8.526,GOOD
39,2026-09-01,17,8.05,GOOD
39,2026-09-01,18,7.154,GOOD
39,2026-09-01,19,7.872,GOOD
39,2026-09-01,20,6.311,GOOD
39,2026-09-01,21,10.421,GOOD
39,2026-09-01,22,9.174,GOOD
39,2026-09-01,23,8.591,GOOD
39,2026-09-01,24,7.206,GOOD
39,2026-09-02,1,6.618,GOOD
39,2026-09-02,2,3.805,GOOD
39,2026-09-02,3,5.906,GOOD
39,2026-09-02,4,5.366,GOOD
39,2026-09-02,5,5.371,GOOD
39,2026-09-02,6,7.892,GOOD
39,2026-09-02,7,8.152,GOOD
39,2026-09-02,8,7.766,GOOD
39,2026-09-02,9,5.436,GOOD
39,2026-09-02,10,6.582,GOOD
39,2026-09-02,11,2.292,GOOD
39,2026-09-02,12,1.484,GOOD
39,2026-09-02,13,1.703,GOOD
39,2026-09-02,14,2.447,GOOD
39,2026-09-02,15,7.173,GOOD
39,2026-09-02,16,5.377,GOOD
39,2026-09-02,17,4.571,GOOD
39,2026-09-02,18,6.195,GOOD
39,2026-09-02,19,5.461,GOOD
39,2026-09-02,20,5.21,GOOD
39,2026-09-02,21,5.829,GOOD
39,2026-09-02,22,3.894,GOOD
39,2026-09-02,23,4,GOOD
39,2026-09-02,24,3.49,GOOD
39,2026-09-03,1,4.547,GOOD
39,2026-09-03,2,1.926,GOOD
39,2026-09-03,3,3.774,GOOD
39,2026-09-03,4,3.09,GOOD
39,2026-09-03,5,-1.315,GOOD
39,2026-09-03,6,-2.779,GOOD
39,2026-09-03,7,3.092,GOOD
39,2026-09-03,8,2.842,GOOD
39,2026-09-03,9,3.492,GOOD
39,2026-09-03,10,3.862,GOOD
39,2026-09-03,11,2.705,GOOD
39,2026-09-03,12,3.477,GOOD
39,2026-09-03,13,3.978,GOOD
39,2026-09-03,14,6.171,GOOD
39,2026-09-03,15,5.114,GOOD
39,2026-09-03,16,4.993,GOOD
39,2026-09-03,17,2.538,GOOD
39,2026-09-03,18,3.842,GOOD
39,2026-09-03,19,4.232,GOOD
39,2026-09-03,20,4.534,GOOD
39,2026-09-03,21,6.375,GOOD
39,2026-09-03,22,9.548,GOOD
39,2026-09-03,23,5.959,GOOD
39,2026-09-03,24,4.546,GOOD
39,2026-09-04,1,4.982,GOOD
39,2026-09-04,2,1.255,GOOD
39,2026-09-04,3,1.832,GOOD
39,2026-09-04,4,1.706,GOOD
39,2026-09-04,5,1.992,GOOD
39,2026-09-04,6,6.1,GOOD
39,2026-09-04,7,5.183,GOOD
39,2026-09-04,8,1.164,GOOD
39,2026-09-04,9,5.13,GOOD
39,2026-09-04,10,5.765,GOOD
39,2026-09-04,11,1.296,GOOD
39,2026-09-04,12,1.501,GOOD
39,2026-09-04,13,1.218,GOOD
39,2026-09-04,14,-0.981,GOOD
39,2026-09-04,15,-0.292,GOOD
39,2026-09-04,16,2.946,GOOD
39,2026-09-04,17,7.481,GOOD
39,2026-09-04,18,10.102,GOOD
39,2026-09-04,19,5.366,GOOD
39,2026-09-04,20,7.161,GOOD
39,2026-09-04,21,4.537,GOOD
39,2026-09-04,22,2.304,GOOD
39,2026-09-04,23,6.953,GOOD
39,2026-09-04,24,6.025,GOOD
39,2026-09-05,1,10.02,GOOD
39,2026-09-05,2,17.615,GOOD
39,2026-09-05,3,19.539,GOOD
39,2026-09-05,4,13.406,GOOD
39,2026-09-05,5,8.622,GOOD
39,2026-09-05,6,6.598,GOOD
39,2026-09-05,7,5.949,GOOD
39,2026-09-05,8,2.768,GOOD
39,2026-09-05,9,0.618,GOOD
39,2026-09-05,10,1.208,GOOD
39,2026-09-05,11,0.767,GOOD
39,2026-09-05,12,-1.017,GOOD
39,2026-09-05,13,1.515,GOOD
39,2026-09-05,14,4.005,GOOD
39,2026-09-05,15,3.207,GOOD
39,2026-09-05,16,6.54,GOOD
39,2026-09-05,17,,
39,2026-09-05,18,,
39,2026-09-05,19,1.586,GOOD
39,2026-09-05,20,5.601,GOOD
39,2026-09-05,21,4.207,GOOD
39,2026-09-05,22,3.375,GOOD
39,2026-09-05,23,4.232,GOOD
39,2026-09-05,24,4.317,GOOD
39,2026-09-06,1,2.839,GOOD
39,2026-09-06,2,3.284,GOOD
39,2026-09-06,3,1.225,GOOD
39,2026-09-06,4,0.508,GOOD
39,2026-09-06,5,2.718,GOOD
39,2026-09-06,6,2.842,GOOD
39,2026-09-06,7,2.28,GOOD
39,2026-09-06,8,3.03,GOOD
39,2026-09-06,9,3.989,GOOD
39,2026-09-06,10,0.531,GOOD
39,2026-09-06,11,-0.304,GOOD
39,2026-09-06,12,1.457,GOOD
39,2026-09-06,13,-0.598,GOOD
39,2026-09-06,14,-0.412,GOOD
39,2026-09-06,15,0.742,GOOD
39,2026-09-06,16,1.244,GOOD
39,2026-09-06,17,5.623,GOOD
39,2026-09-06,18,2.435,GOOD
39,2026-09-06,19,2.495,GOOD
39,2026-09-06,20,2.675,GOOD
39,2026-09-06,21,8.101,GOOD
39,2026-09-06,22,8.961,GOOD
39,2026-09-06,23,7.203,GOOD
39,2026-09-06,24,6.931,GOOD
39,2026-09-07,1,3.928,GOOD
39,2026-09-07,2,5.224,GOOD
39,2026-09-07,3,5.362,GOOD
39,2026-09-07,4,5.116,GOOD
39,2026-09-07,5,3.869,GOOD
39,2026-09-07,6,0.997,GOOD
39,2026-09-07,7,2.862,GOOD
39,2026-09-07,8,3.076,GOOD
39,2026-09-07,9,6.335,GOOD
39,2026-09-07,10,5.437,GOOD
39,2026-09-07,11,4.766,GOOD
39,2026-09-07,12,7.208,GOOD
39,2026-09-07,13,-1.01,GOOD
39,2026-09-07,14,0.821,GOOD
39,2026-09-07,15,4.719,GOOD
39,2026-09-07,16,6.144,GOOD
39,2026-09-07,17,6.098,GOOD
39,2026-09-07,18,5.445,GOOD
39,2026-09-07,19,6.511,GOOD
39,2026-09-07,20,5.361,GOOD
39,2026-09-07,21,3.63,GOOD
39,2026-09-07,22,5.113,GOOD
39,2026-09-07,23,4.219,GOOD
39,2026-09-07,24,4.043,GOOD
39,2026-09-08,1,5.367,GOOD
39,2026-09-08,2,6.189,GOOD
39,2026-09-08,3,4.1,GOOD
39,2026-09-08,4,2.946,GOOD
39,2026-09-08,5,0.342,GOOD
39,2026-09-08,6,0.129,GOOD
39,2026-09-08,7,4.011,GOOD
39,2026-09-08,8,2.511,GOOD
39,2026-09-08,9,2.088,GOOD
39,2026-09-08,10,6.073,GOOD
39,2026-09-08,11,2.463,GOOD
39,2026-09-08,12,6.19,GOOD
39,2026-09-08,13,6.093,GOOD
39,2026-09-08,14,10.316,GOOD
39,2026-09-08,15,4.671,GOOD
39,2026-09-08,16,3.746,GOOD
39,2026-09-08,17,5.035,GOOD
39,2026-09-08,18,4.206,GOOD
39,2026-09-08,19,5.515,GOOD
39,2026-09-08,20,4.812,GOOD
39,2026-09-08,21,5.395,GOOD
39,2026-09-08,22,4.322,GOOD
39,2026-09-08,23,4.967,GOOD
39,2026-09-08,24,4.89,GOOD
39,2026-09-09,1,4.525,GOOD
39,2026-09-09,2,3.957,GOOD
39,2026-09-09,3,5.714,GOOD
39,2026-09-09,4,2.104,GOOD
39,2026-09-09,5,3.529,GOOD
39,2026-09-09,6,6.911,GOOD
39,2026-09-09,7,6.851,GOOD
39,2026-09-09,8,7.543,GOOD
39,2026-09-09,9,9.805,GOOD
39,2026-09-09,10,9.109,GOOD
39,2026-09-09,11,9.874,GOOD
39,2026-09-09,12,5.829,GOOD
39,2026-09-09,13,5.509,GOOD
39,2026-09-09,14,9.84,GOOD
39,2026-09-09,15,12.355,GOOD
39,2026-09-09,16,10.683,GOOD
39,2026-09-09,17,8.63,GOOD
39,2026-09-09,18,8.667,GOOD
39,2026-09-09,19,7.364,GOOD
39,2026-09-09,20,6.912,GOOD
39,2026-09-09,21,4.196,GOOD
39,2026-09-09,22,3.532,GOOD
39,2026-09-09,23,4.952,GOOD
39,2026-09-09,24,7.638,GOOD
39,2026-09-10,1,6.616,GOOD
39,2026-09-10,2,4.985,GOOD
39,2026-09-10,3,3.836,GOOD
39,2026-09-10,4,4.665,GOOD
39,2026-09-10,5,2.968,GOOD
39,2026-09-10,6,4.25,GOOD
39,2026-09-10,7,6.58,GOOD
39,2026-09-10,8,3.819,GOOD
39,2026-09-10,9,6.071,GOOD
39,2026-09-10,10,5.346,GOOD
39,2026-09-10,11,3.179,GOOD
39,2026-09-10,12,6.222,GOOD
39,2026-09-10,13,4.37,GOOD
39,2026-09-10,14,4.352,GOOD
39,2026-09-10,15,3.71,GOOD
39,2026-09-10,16,6.696,GOOD
39,2026-09-10,17,4.856,GOOD
39,2026-09-10,18,5.576,GOOD
39,2026-09-10,19,6.302,GOOD
39,2026-09-10,20,6.749,GOOD
39,2026-09-10,21,9.998,GOOD
39,2026-09-10,22,15.204,GOOD
39,2026-09-10,23,12.807,GOOD
39,2026-09-10,24,10.966,GOOD
39,2026-09-11,1,10.45,GOOD
39,2026-09-11,2,10.543,GOOD
39,2026-09-11,3,8.62,GOOD
39,2026-09-11,4,8.289,GOOD
39,2026-09-11,5,7.589,GOOD
39,2026-09-11,6,7.766,GOOD
39,2026-09-11,7,9.736,GOOD
39,2026-09-11,8,8.792,GOOD
39,2026-09-11,9,9.013,GOOD
39,2026-09-11,10,10.888,GOOD
39,2026-09-11,11,11.642,GOOD
39,2026-09-11,12,12.156,GOOD
39,2026-09-11,13,14.479,GOOD
39,2026-09-11,14,13.148,GOOD
39,2026-09-11,15,9.082,GOOD
39,2026-09-11,16,9.24,GOOD
39,2026-09-11,17,10.79,GOOD
39,2026-09-11,18,11.714,GOOD
39,2026-09-11,19,11.109,GOOD
39,2026-09-11,20,10.572,GOOD
39,2026-09-11,21,6.507,GOOD
39,2026-09-11,22,11.952,GOOD
39,2026-09-11,23,11.457,GOOD
39,2026-09-11,24,14.261,GOOD
39,2026-09-12,1,18.358,GOOD
39,2026-09-12,2,31.752,FAIR
39,2026-09-12,3,43.623,FAIR
39,2026-09-12,4,38.757,FAIR
39,2026-09-12,5,30.394,FAIR
39,2026-09-12,6,22.414,GOOD
39,2026-09-12,7,21.981,GOOD
39,2026-09-12,8,22.089,GOOD
39,2026-09-12,9,25.108,FAIR
39,2026-09-12,10,17.668,GOOD
39,2026-09-12,11,13.478,GOOD
39,2026-09-12,12,10.828,GOOD
39,2026-09-12,13,10.799,GOOD
39,2026-09-12,14,7.572,GOOD
39,2026-09-12,15,6.93,GOOD
39,2026-09-12,16,9.928,GOOD
39,2026-09-12,17,5.639,GOOD
39,2026-09-12,18,5.187,GOOD
39,2026-09-12,19,7.217,GOOD
39,2026-09-12,20,7.908,GOOD
39,2026-09-12,21,8.654,GOOD
39,2026-09-12,22,8.194,GOOD
39,2026-09-12,23,7.807,GOOD
39,2026-09-12,24,4.844,GOOD
39,2026-09-13,1,2.859,GOOD
39,2026-09-13,2,7.798,GOOD
39,2026-09-13,3,6.461,GOOD
39,2026-09-13,4,24.169,GOOD
39,2026-09-13,5,24.492,GOOD
39,2026-09-13,6,13.835,GOOD
39,2026-09-13,7,18.135,GOOD
39,2026-09-13,8,14.221,GOOD
39,2026-09-13,9,16.4,GOOD
39,2026-09-13,10,22.315,GOOD
39,2026-09-13,11,19.424,GOOD
39,2026-09-13,12,19.264,GOOD
39,2026-09-13,13,12.413,GOOD
39,2026-09-13,14,2.561,GOOD
39,2026-09-13,15,8.46,GOOD
39,2026-09-13,16,10.104,GOOD
39,2026-09-13,17,6.351,GOOD
39,2026-09-13,18,5.883,GOOD
39,2026-09-13,19,7.119,GOOD
39,2026-09-13,20,4.251,GOOD
39,2026-09-13,21,7.213,GOOD
39,2026-09-13,22,7.388,GOOD
39,2026-09-13,23,7.339,GOOD
39,2026-09-13,24,5.433,GOOD
39,2026-09-14,1,6.197,GOOD
39,2026-09-14,2,5.036,GOOD
39,2026-09-14,3,3.805,GOOD
39,2026-09-14,4,14.531,GOOD
39,2026-09-14,5,18.717,GOOD
39,2026-09-14,6,18.73,GOOD
39,2026-09-14,7,20.558,GOOD
39,2026-09-14,8,21.724,GOOD
39,2026-09-14,9,20.247,GOOD
39,2026-09-14,10,13.162,GOOD
39,2026-09-14,11,8.277,GOOD
39,2026-09-14,12,0.777,GOOD
39,2026-09-14,13,1.7,GOOD
39,2026-09-14,14,,
39,2026-09-14,15,10.103,GOOD
39,2026-09-14,16,9.198,GOOD
39,2026-09-14,17,12.243,GOOD
39,2026-09-14,18,13.585,GOOD
39,2026-09-14,19,11.253,GOOD
39,2026-09-14,20,9.156,GOOD
39,2026-09-14,21,7.404,GOOD
39,2026-09-14,22,6.276,GOOD
39,2026-09-14,23,13.408,GOOD
39,2026-09-14,24,17.217,GOOD
39,2026-09-15,1,18.555,GOOD
39,2026-09-15,2,17.161,GOOD
39,2026-09-15,3,14.664,GOOD
39,2026-09-15,4,7.89,GOOD
39,2026-09-15,5,2.902,GOOD
39,2026-09-15,6,3.533,GOOD
39,2026-09-15,7,9.38,GOOD
39,2026-09-15,8,9.746,GOOD
39,2026-09-15,9,7.204,GOOD
39,2026-09-15,10,6.17,GOOD
39,2026-09-15,11,3.983,GOOD
39,2026-09-15,12,4.155,GOOD
39,2026-09-15,13,4.092,GOOD
39,2026-09-15,14,3.112,GOOD
39,2026-09-15,15,2.634,GOOD
39,2026-09-15,16,4.595,GOOD
39,2026-09-15,17,7.656,GOOD
39,2026-09-15,18,9.636,GOOD
39,2026-09-15,19,7.541,GOOD
39,2026-09-15,20,9.878,GOOD
39,2026-09-15,21,10.152,GOOD
39,2026-09-15,22,7.01,GOOD
39,2026-09-15,23,5.774,GOOD
39,2026-09-15,24,3.999,GOOD
39,2026-09-16,1,4.423,GOOD
39,2026-09-16,2,3.305,GOOD
39,2026-09-16,3,4.216,GOOD
39,2026-09-16,4,4.007,GOOD
39,2026-09-16,5,3.235,GOOD
39,2026-09-16,6,1.799,GOOD
39,2026-09-16,7,2.852,GOOD
39,2026-09-16,8,2.243,GOOD
39,2026-09-16,9,5.043,GOOD
39,2026-09-16,10,3.22,GOOD
39,2026-09-16,11,3.873,GOOD
39,2026-09-16,12,4.671,GOOD
39,2026-09-16,13,4.861,GOOD
39,2026-09-16,14,8.5,GOOD
39,2026-09-16,15,5.437,GOOD
39,2026-09-16,16,4.834,GOOD
39,2026-09-16,17,4.68,GOOD
39,2026-09-16,18,4.26,GOOD
39,2026-09-16,19,5.877,GOOD
39,2026-09-16,20,4.919,GOOD
39,2026-09-16,21,2.889,GOOD
39,2026-09-16,22,0.154,GOOD
39,2026-09-16,23,6.104,GOOD
39,2026-09-16,24,6.004,GOOD
39,2026-09-17,1,3.157,GOOD
39,2026-09-17,2,4.592,GOOD
39,2026-09-17,3,3.389,GOOD
39,2026-09-17,4,4.02,GOOD
39,2026-09-17,5,6.309,GOOD
39,2026-09-17,6,9.573,GOOD
39,2026-09-17,7,7.728,GOOD
39,2026-09-17,8,5.561,GOOD
39,2026-09-17,9,3.694,GOOD
39,2026-09-17,10,4.143,GOOD
39,2026-09-17,11,4.861,GOOD
39,2026-09-17,12,3.593,GOOD
39,2026-09-17,13,3.473,GOOD
39,2026-09-17,14,2.68,GOOD
39,2026-09-17,15,-0.036,GOOD
39,2026-09-17,16,4.111,GOOD
39,2026-09-17,17,6.465,GOOD
39,2026-09-17,18,7.003,GOOD
39,2026-09-17,19,4.188,GOOD
39,2026-09-17,20,3.417,GOOD
39,2026-09-17,21,6.135,GOOD
39,2026-09-17,22,6.702,GOOD
39,2026-09-17,23,6.541,GOOD
39,2026-09-17,24,6.363,GOOD
39,2026-09-18,1,7.759,GOOD
39,2026-09-18,2,7.342,GOOD
39,2026-09-18,3,7.584,GOOD
39,2026-09-18,4,7.7,GOOD
39,2026-09-18,5,9.288,GOOD
39,2026-09-18,6,13.075,GOOD
39,2026-09-18,7,9.372,GOOD
39,2026-09-18,8,11.781,GOOD
39,2026-09-18,9,,
39,2026-09-18,10,,
39,2026-09-18,11,,
39,2026-09-18,12,,
39,2026-09-18,13,,
39,2026-09-18,14,,
39,2026-09-18,15,,
39,2026-09-18,16,,
39,2026-09-18,17,,
39,2026-09-18,18,,
39,2026-09-18,19,,
39,2026-09-18,20,,
39,2026-09-18,21,,
39,2026-09-18,22,-6.78,GOOD
39,2026-09-18,23,-0.722,GOOD
39,2026-09-18,24,6.053,GOOD
39,2026-09-19,1,10.613,GOOD
39,2026-09-19,2,9.966,GOOD
39,2026-09-19,3,2.353,GOOD
39,2026-09-19,4,1.516,GOOD
39,2026-09-19,5,2.459,GOOD
39,2026-09-19,6,2.773,GOOD
39,2026-09-19,7,4.544,GOOD
39,2026-09-19,8,4.018,GOOD
39,2026-09-19,9,2.645,GOOD
39,2026-09-19,10,2.936,GOOD
39,2026-09-19,11,1.556,GOOD
39,2026-09-19,12,-0.949,GOOD
39,2026-09-19,13,-0.885,GOOD
39,2026-09-19,14,3.947,GOOD
39,2026-09-19,15,2.994,GOOD
39,2026-09-19,16,2.971,GOOD
39,2026-09-19,17,5.368,GOOD
39,2026-09-19,18,8.549,GOOD
39,2026-09-19,19,8.816,GOOD
39,2026-09-19,20,8.039,GOOD
39,2026-09-19,21,8.573,GOOD
39,2026-09-19,22,8.091,GOOD
39,2026-09-19,23,3.556,GOOD
39,2026-09-19,24,2.889,GOOD
39,2026-09-20,1,4.79,GOOD
39,2026-09-20,2,2.716,GOOD
39,2026-09-20,3,4.363,GOOD
39,2026-09-20,4,4.137,GOOD
39,2026-09-20,5,2.211,GOOD
39,2026-09-20,6,1.89,GOOD
39,2026-09-20,7,7.068,GOOD
39,2026-09-20,8,7.097,GOOD
39,2026-09-20,9,5.333,GOOD
39,2026-09-20,10,3.216,GOOD
39,2026-09-20,11,0.173,GOOD
39,2026-09-20,12,1.382,GOOD
39,2026-09-20,13,-0.333,GOOD
39,2026-09-20,14,1.841,GOOD
39,2026-09-20,15,3.155,GOOD
39,2026-09-20,16,6.951,GOOD
39,2026-09-20,17,6.954,GOOD
39,2026-09-20,18,9.339,GOOD
39,2026-09-20,19,4.883,GOOD
39,2026-09-20,20,4.104,GOOD
39,2026-09-20,21,1.257,GOOD
39,2026-09-20,22,0.835,GOOD
39,2026-09-20,23,5.487,GOOD
39,2026-09-20,24,5.67,GOOD
39,2026-09-21,1,4.498,GOOD
39,2026-09-21,2,3.468,GOOD
39,2026-09-21,3,0.403,GOOD
39,2026-09-21,4,2.549,GOOD
39,2026-09-21,5,3.973,GOOD
39,2026-09-21,6,4.508,GOOD
39,2026-09-21,7,4.272,GOOD
39,2026-09-21,8,2.971,GOOD
39,2026-09-21,9,3.221,GOOD
39,2026-09-21,10,3.862,GOOD
39,2026-09-21,11,5.128,GOOD
39,2026-09-21,12,,
39,2026-09-21,13,20.159,GOOD
39,2026-09-21,14,17.855,GOOD
39,2026-09-21,15,12.882,GOOD
39,2026-09-21,16,13.325,GOOD
39,2026-09-21,17,11.068,GOOD
39,2026-09-21,18,8.876,GOOD
39,2026-09-21,19,9.182,GOOD
39,2026-09-21,20,9.438,GOOD
39,2026-09-21,21,7.583,GOOD
39,2026-09-21,22,8.062,GOOD
39,2026-09-21,23,8.817,GOOD
39,2026-09-21,24,4.874,GOOD
39,2026-09-22,1,5.445,GOOD
39,2026-09-22,2,7.547,GOOD
39,2026-09-22,3,8.453,GOOD
39,2026-09-22,4,3.834,GOOD
39,2026-09-22,5,6.015,GOOD
39,2026-09-22,6,6.059,GOOD
39,2026-09-22,7,6.629,GOOD
39,2026-09-22,8,6.516,GOOD
39,2026-09-22,9,5.311,GOOD
39,2026-09-22,10,4.906,GOOD
39,2026-09-22,11,2.988,GOOD
39,2026-09-22,12,,
39,2026-09-22,13,,
39,2026-09-22,14,5.976,GOOD
39,2026-09-22,15,4.5,GOOD
39,2026-09-22,16,4.138,GOOD
39,2026-09-22,17,3.37,GOOD
39,2026-09-22,18,4.336,GOOD
39,2026-09-22,19,0.788,GOOD
39,2026-09-22,20,2.582,GOOD
39,2026-09-22,21,2.426,GOOD
39,2026-09-22,22,3.042,GOOD
39,2026-09-22,23,4.619,GOOD
39,2026-09-22,24,0.247,GOOD
39,2026-09-23,1,4.132,GOOD
39,2026-09-23,2,2.905,GOOD
39,2026-09-23,3,3.931,GOOD
39,2026-09-23,4,2.169,GOOD
39,2026-09-23,5,1.714,GOOD
39,2026-09-23,6,-0.676,GOOD
39,2026-09-23,7,5.258,GOOD
39,2026-09-23,8,5.157,GOOD
39,2026-09-23,9,5.187,GOOD
39,2026-09-23,10,6.457,GOOD
39,2026-09-23,11,4.243,GOOD
39,2026-09-23,12,6.088,GOOD
39,2026-09-23,13,4.857,GOOD
39,2026-09-23,14,1.023,GOOD
39,2026-09-23,15,5.776,GOOD
39,2026-09-23,16,5.049,GOOD
39,2026-09-23,17,5.842,GOOD
39,2026-09-23,18,7.714,GOOD
39,2026-09-23,19,8.622,GOOD
39,2026-09-23,20,6.426,GOOD
39,2026-09-23,21,8.683,GOOD
39,2026-09-23,22,6.868,GOOD
39,2026-09-23,23,11.244,GOOD
39,2026-09-23,24,13.093,GOOD
39,2026-09-24,1,6.78,GOOD
39,2026-09-24,2,4.692,GOOD
39,2026-09-24,3,5.093,GOOD
39,2026-09-24,4,6.303,GOOD
39,2026-09-24,5,10.893,GOOD
39,2026-09-24,6,8.461,GOOD
39,2026-09-24,7,7.048,GOOD
39,2026-09-24,8,7.683,GOOD
39,2026-09-24,9,13.001,GOOD
39,2026-09-24,10,20.082,GOOD
39,2026-09-24,11,17.581,GOOD
39,2026-09-24,12,12.697,GOOD
39,2026-09-24,13,14.153,GOOD
39,2026-09-24,14,14.775,GOOD
39,2026-09-24,15,9.501,GOOD
39,2026-09-24,16,8.142,GOOD
39,2026-09-24,17,8.352,GOOD
39,2026-09-24,18,8.914,GOOD
39,2026-09-24,19,8.242,GOOD
39,2026-09-24,20,5.772,GOOD
39,2026-09-24,21,6.945,GOOD
39,2026-09-24,22,5.445,GOOD
39,2026-09-24,23,6.242,GOOD
39,2026-09-24,24,6.661,GOOD
39,2026-09-25,1,6.024,GOOD
39,2026-09-25,2,3.299,GOOD
39,2026-09-25,3,2.253,GOOD
39,2026-09-25,4,3.613,GOOD
39,2026-09-25,5,4.066,GOOD
39,2026-09-25,6,5.795,GOOD
39,2026-09-25,7,5.845,GOOD
39,2026-09-25,8,11.172,GOOD
39,2026-09-25,9,15.724,GOOD
39,2026-09-25,10,13.845,GOOD
39,2026-09-25,11,14.154,GOOD
39,2026-09-25,12,11.082,GOOD
39,2026-09-25,13,9.255,GOOD
39,2026-09-25,14,12.916,GOOD
39,2026-09-25,15,12.126,GOOD
39,2026-09-25,16,14.757,GOOD
39,2026-09-25,17,10.184,GOOD
39,2026-09-25,18,9.617,GOOD
39,2026-09-25,19,9.275,GOOD
39,2026-09-25,20,11.223,GOOD
39,2026-09-25,21,10.867,GOOD
39,2026-09-25,22,5.581,GOOD
39,2026-09-25,23,8.795,GOOD
39,2026-09-25,24,12.334,GOOD
39,2026-09-26,1,14.613,GOOD
39,2026-09-26,2,11.551,GOOD
39,2026-09-26,3,10.064,GOOD
39,2026-09-26,4,9.215,GOOD
39,2026-09-26,5,9.467,GOOD
39,2026-09-26,6,-3.828,GOOD
39,2026-09-26,7,-4.893,GOOD
39,2026-09-26,8,-1.18,GOOD
39,2026-09-26,9,9.709,GOOD
39,2026-09-26,10,14.511,GOOD
39,2026-09-26,11,11.248,GOOD
39,2026-09-26,12,12.515,GOOD
39,2026-09-26,13,10.402,GOOD
39,2026-09-26,14,-0.485,GOOD
39,2026-09-26,15,4.927,GOOD
39,2026-09-26,16,15.259,GOOD
39,2026-09-26,17,16.283,GOOD
39,2026-09-26,18,16.027,GOOD
39,2026-09-26,19,15.727,GOOD
39,2026-09-26,20,16.128,GOOD
39,2026-09-26,21,17.038,GOOD
39,2026-09-26,22,13.634,GOOD
39,2026-09-26,23,11.352,GOOD
39,2026-09-26,24,16.331,GOOD
39,2026-09-27,1,10.23,GOOD
39,2026-09-27,2,5.222,GOOD
39,2026-09-27,3,4.805,GOOD
39,2026-09-27,4,3.564,GOOD
39,2026-09-27,5,0.701,GOOD
39,2026-09-27,6,-0.55,GOOD
39,2026-09-27,7,1.517,GOOD
39,2026-09-27,8,2.055,GOOD
39,2026-09-27,9,2.779,GOOD
39,2026-09-27,10,3.086,GOOD
39,2026-09-27,11,2.16,GOOD
39,2026-09-27,12,0.087,GOOD
39,2026-09-27,13,-0.883,GOOD
39,2026-09-27,14,2.803,GOOD
39,2026-09-27,15,5.76,GOOD
39,2026-09-27,16,2.445,GOOD
39,2026-09-27,17,3.708,GOOD
39,2026-09-27,18,3.102,GOOD
39,2026-09-27,19,2.636,GOOD
39,2026-09-27,20,3.971,GOOD
39,2026-09-27,21,-0.118,GOOD
39,2026-09-27,22,-4.812,GOOD
39,2026-09-27,23,0.475,GOOD
39,2026-09-27,24,1.871,GOOD
39,2026-09-28,1,1.859,GOOD
39,2026-09-28,2,0.9,GOOD
39,2026-09-28,3,2.826,GOOD
39,2026-09-28,4,1.18,GOOD
39,2026-09-28,5,,
39,2026-09-28,6,-1.556,GOOD
39,2026-09-28,7,-1.154,GOOD
39,2026-09-28,8,1.694,GOOD
39,2026-09-28,9,7.544,GOOD
39,2026-09-28,10,5.137,GOOD
39,2026-09-28,11,2.546,GOOD
39,2026-09-28,12,1.318,GOOD
39,2026-09-28,13,-1.968,GOOD
39,2026-09-28,14,2.166,GOOD
39,2026-09-28,15,4.124,GOOD
39,2026-09-28,16,,
39,2026-09-28,17,4.253,GOOD
39,2026-09-28,18,4.336,GOOD
39,2026-09-28,19,1.57,GOOD
39,2026-09-28,20,1.396,GOOD
39,2026-09-28,21,0.65,GOOD
39,2026-09-28,22,1.953,GOOD
39,2026-09-28,23,3.559,GOOD
39,2026-09-28,24,3.766,GOOD
39,2026-09-29,1,3.23,GOOD
39,2026-09-29,2,3.612,GOOD
39,2026-09-29,3,2.641,GOOD
39,2026-09-29,4,5.192,GOOD
39,2026-09-29,5,5.814,GOOD
39,2026-09-29,6,4.277,GOOD
39,2026-09-29,7,6.114,GOOD
39,2026-09-29,8,5.51,GOOD
39,2026-09-29,9,5.588,GOOD
39,2026-09-29,10,6.172,GOOD
39,2026-09-29,11,2.229,GOOD
39,2026-09-29,12,0.022,GOOD
39,2026-09-29,13,-0.607,GOOD
39,2026-09-29,14,1.375,GOOD
39,2026-09-29,15,0.069,GOOD
39,2026-09-29,16,2.471,GOOD
39,2026-09-29,17,2.103,GOOD
39,2026-09-29,18,3.627,GOOD
39,2026-09-29,19,1.753,GOOD
39,2026-09-29,20,0.758,GOOD
39,2026-09-29,21,3.436,GOOD
39,2026-09-29,22,6.771,GOOD
39,2026-09-29,23,3.061,GOOD
39,2026-09-29,24,1.553,GOOD
39,2026-09-30,1,2.34,GOOD
39,2026-09-30,2,3.028,GOOD
39,2026-09-30,3,2.898,GOOD
39,2026-09-30,4,2.313,GOOD
39,2026-09-30,5,1.695,GOOD
39,2026-09-30,6,2.456,GOOD
39,2026-09-30,7,4.369,GOOD
39,2026-09-30,8,9.334,GOOD
39,2026-09-30,9,7.867,GOOD
39,2026-09-30,10,2.941,GOOD
39,2026-09-30,11,-0.905,GOOD
39,2026-09-30,12,2.997,GOOD
39,2026-09-30,13,1.432,GOOD
39,2026-09-30,14,5.675,GOOD
39,2026-09-30,15,5.217,GOOD
39,2026-09-30,16,11.204,GOOD
39,2026-09-30,17,9.965,GOOD
39,2026-09-30,18,8.041,GOOD
39,2026-09-30,19,4.905,GOOD
39,2026-09-30,20,7.626,GOOD
39,2026-09-30,21,5.92,GOOD
39,2026-09-30,22,7.128,GOOD
39,2026-09-30,23,6.329,GOOD
39,2026-09-30,24,5.352,GOOD
287,2026-09-01,1,11.521,GOOD
287,2026-09-01,2,10.192,GOOD
287,2026-09-01,3,9.019,GOOD
287,2026-09-01,4,8.115,GOOD
287,2026-09-01,5,15.375,GOOD
287,2026-09-01,6,15.024,GOOD
287,2026-09-01,7,8.872,GOOD
287,2026-09-01,8,,
287,2026-09-01,9,,
287,2026-09-01,10,10.308,GOOD
287,2026-09-01,11,9.907,GOOD
287,2026-09-01,12,11.869,GOOD
287,2026-09-01,13,14.987,GOOD
287,2026-09-01,14,13.026,GOOD
287,2026-09-01,15,8.61,GOOD
287,2026-09-01,16,7.102,GOOD
287,2026-09-01,17,6.317,GOOD
287,2026-09-01,18,8.288,GOOD
287,2026-09-01,19,8.811,GOOD
287,2026-09-01,20,8.441,GOOD
287,2026-09-01,21,10.072,GOOD
287,2026-09-01,22,12.671,GOOD
287,2026-09-01,23,11.273,GOOD
287,2026-09-01,24,9.989,GOOD
287,2026-09-02,1,9.993,GOOD
287,2026-09-02,2,10.444,GOOD
287,2026-09-02,3,8.01,GOOD
287,2026-09-02,4,8.619,GOOD
287,2026-09-02,5,13.948,GOOD
287,2026-09-02,6,14.2,GOOD
287,2026-09-02,7,10.532,GOOD
287,2026-09-02,8,7.124,GOOD
287,2026-09-02,9,6.737,GOOD
287,2026-09-02,10,6.857,GOOD
287,2026-09-02,11,4.484,GOOD
287,2026-09-02,12,4.193,GOOD
287,2026-09-02,13,-1.273,GOOD
287,2026-09-02,14,1.881,GOOD
287,2026-09-02,15,3.145,GOOD
287,2026-09-02,16,3.034,GOOD
287,2026-09-02,17,6.116,GOOD
287,2026-09-02,18,5.117,GOOD
287,2026-09-02,19,6.449,GOOD
287,2026-09-02,20,5.664,GOOD
287,2026-09-02,21,0.085,GOOD
287,2026-09-02,22,0.281,GOOD
287,2026-09-02,23,5.374,GOOD
287,2026-09-02,24,6.426,GOOD
287,2026-09-03,1,6.231,GOOD
287,2026-09-03,2,4.559,GOOD
287,2026-09-03,3,5.745,GOOD
287,2026-09-03,4,5.243,GOOD
287,2026-09-03,5,10.414,GOOD
287,2026-09-03,6,10.147,GOOD
287,2026-09-03,7,6.416,GOOD
287,2026-09-03,8,7.83,GOOD
287,2026-09-03,9,9.017,GOOD
287,2026-09-03,10,5.621,GOOD
287,2026-09-03,11,4.955,GOOD
287,2026-09-03,12,3.2,GOOD
287,2026-09-03,13,-0.574,GOOD
287,2026-09-03,14,0.807,GOOD
287,2026-09-03,15,2.217,GOOD
287,2026-09-03,16,2.423,GOOD
287,2026-09-03,17,1.522,GOOD
287,2026-09-03,18,1.742,GOOD
287,2026-09-03,19,2.455,GOOD
287,2026-09-03,20,5.511,GOOD
287,2026-09-03,21,5.751,GOOD
287,2026-09-03,22,7.692,GOOD
287,2026-09-03,23,6.766,GOOD
287,2026-09-03,24,4.309,GOOD
287,2026-09-04,1,1.981,GOOD
287,2026-09-04,2,3.668,GOOD
287,2026-09-04,3,2.237,GOOD
287,2026-09-04,4,4.285,GOOD
287,2026-09-04,5,3.373,GOOD
287,2026-09-04,6,3.482,GOOD
287,2026-09-04,7,4.684,GOOD
287,2026-09-04,8,4.738,GOOD
287,2026-09-04,9,5.091,GOOD
287,2026-09-04,10,4.925,GOOD
287,2026-09-04,11,2.055,GOOD
287,2026-09-04,12,0.614,GOOD
287,2026-09-04,13,1.322,GOOD
287,2026-09-04,14,2.724,GOOD
287,2026-09-04,15,2.374,GOOD
287,2026-09-04,16,2.188,GOOD
287,2026-09-04,17,3.015,GOOD
287,2026-09-04,18,5.394,GOOD
287,2026-09-04,19,8.184,GOOD
287,2026-09-04,20,7.25,GOOD
287,2026-09-04,21,7.428,GOOD
287,2026-09-04,22,12.019,GOOD
287,2026-09-04,23,12.656,GOOD
287,2026-09-04,24,15.236,GOOD
287,2026-09-05,1,13.029,GOOD
287,2026-09-05,2,9.769,GOOD
287,2026-09-05,3,9.15,GOOD
287,2026-09-05,4,9.286,GOOD
287,2026-09-05,5,5.216,GOOD
287,2026-09-05,6,3.779,GOOD
287,2026-09-05,7,7.849,GOOD
287,2026-09-05,8,2.256,GOOD
287,2026-09-05,9,3.809,GOOD
287,2026-09-05,10,2.324,GOOD
287,2026-09-05,11,4.382,GOOD
287,2026-09-05,12,1.209,GOOD
287,2026-09-05,13,0.792,GOOD
287,2026-09-05,14,2.66,GOOD
287,2026-09-05,15,2.809,GOOD
287,2026-09-05,16,0.485,GOOD
287,2026-09-05,17,2.09,GOOD
287,2026-09-05,18,3.224,GOOD
287,2026-09-05,19,5.67,GOOD
287,2026-09-05,20,0.385,GOOD
287,2026-09-05,21,-2.646,GOOD
287,2026-09-05,22,0.523,GOOD
287,2026-09-05,23,3.73,GOOD
287,2026-09-05,24,4.155,GOOD
287,2026-09-06,1,5.112,GOOD
287,2026-09-06,2,4.101,GOOD
287,2026-09-06,3,5.755,GOOD
287,2026-09-06,4,6.075,GOOD
287,2026-09-06,5,9.632,GOOD
287,2026-09-06,6,10.044,GOOD
287,2026-09-06,7,7.802,GOOD
287,2026-09-06,8,2.696,GOOD
287,2026-09-06,9,-0.134,GOOD
287,2026-09-06,10,-0.429,GOOD
287,2026-09-06,11,-0.281,GOOD
287,2026-09-06,12,0.638,GOOD
287,2026-09-06,13,2.248,GOOD
287,2026-09-06,14,4.535,GOOD
287,2026-09-06,15,2.961,GOOD
287,2026-09-06,16,2.341,GOOD
287,2026-09-06,17,1.324,GOOD
287,2026-09-06,18,2.714,GOOD
287,2026-09-06,19,4.651,GOOD
287,2026-09-06,20,5.172,GOOD
287,2026-09-06,21,9.178,GOOD
287,2026-09-06,22,9.782,GOOD
287,2026-09-06,23,5.417,GOOD
287,2026-09-06,24,4.731,GOOD
287,2026-09-07,1,3.524,GOOD
287,2026-09-07,2,2.76,GOOD
287,2026-09-07,3,3.167,GOOD
287,2026-09-07,4,4.65,GOOD
287,2026-09-07,5,1.67,GOOD
287,2026-09-07,6,2.191,GOOD
287,2026-09-07,7,7.794,GOOD
287,2026-09-07,8,,
287,2026-09-07,9,4.18,GOOD
287,2026-09-07,10,5.111,GOOD
287,2026-09-07,11,3.152,GOOD
287,2026-09-07,12,2.752,GOOD
287,2026-09-07,13,-0.873,GOOD
287,2026-09-07,14,-1.009,GOOD
287,2026-09-07,15,5.205,GOOD
287,2026-09-07,16,4.317,GOOD
287,2026-09-07,17,6.327,GOOD
287,2026-09-07,18,4.517,GOOD
287,2026-09-07,19,3.092,GOOD
287,2026-09-07,20,4.171,GOOD
287,2026-09-07,21,2.691,GOOD
287,2026-09-07,22,3.114,GOOD
287,2026-09-07,23,4.152,GOOD
287,2026-09-07,24,4.198,GOOD
287,2026-09-08,1,5.815,GOOD
287,2026-09-08,2,4.006,GOOD
287,2026-09-08,3,3.664,GOOD
287,2026-09-08,4,3.607,GOOD
287,2026-09-08,5,6.617,GOOD
287,2026-09-08,6,6.21,GOOD
287,2026-09-08,7,4.197,GOOD
287,2026-09-08,8,-0.215,GOOD
287,2026-09-08,9,2.745,GOOD
287,2026-09-08,10,5.374,GOOD
287,2026-09-08,11,2.529,GOOD
287,2026-09-08,12,6.369,GOOD
287,2026-09-08,13,7.964,GOOD
287,2026-09-08,14,7.94,GOOD
287,2026-09-08,15,7.076,GOOD
287,2026-09-08,16,5.341,GOOD
287,2026-09-08,17,3.929,GOOD
287,2026-09-08,18,4.894,GOOD
287,2026-09-08,19,5.305,GOOD
287,2026-09-08,20,5.935,GOOD
287,2026-09-08,21,5.985,GOOD
287,2026-09-08,22,6.99,GOOD
287,2026-09-08,23,6.57,GOOD
287,2026-09-08,24,5.926,GOOD
287,2026-09-09,1,7.174,GOOD
287,2026-09-09,2,3.598,GOOD
287,2026-09-09,3,3.589,GOOD
287,2026-09-09,4,5.731,GOOD
287,2026-09-09,5,6.721,GOOD
287,2026-09-09,6,4.702,GOOD
287,2026-09-09,7,5.401,GOOD
287,2026-09-09,8,,
287,2026-09-09,9,4.176,GOOD
287,2026-09-09,10,7.512,GOOD
287,2026-09-09,11,8.596,GOOD
287,2026-09-09,12,7.33,GOOD
287,2026-09-09,13,8.057,GOOD
287,2026-09-09,14,9.378,GOOD
287,2026-09-09,15,6.962,GOOD
287,2026-09-09,16,9.156,GOOD
287,2026-09-09,17,8.39,GOOD
287,2026-09-09,18,10.267,GOOD
287,2026-09-09,19,9.668,GOOD
287,2026-09-09,20,8.96,GOOD
287,2026-09-09,21,10.527,GOOD
287,2026-09-09,22,8.436,GOOD
287,2026-09-09,23,8.974,GOOD
287,2026-09-09,24,5.746,GOOD
287,2026-09-10,1,8.256,GOOD
287,2026-09-10,2,6.157,GOOD
287,2026-09-10,3,2.202,GOOD
287,2026-09-10,4,4.114,GOOD
287,2026-09-10,5,8.023,GOOD
287,2026-09-10,6,10.411,GOOD
287,2026-09-10,7,6.658,GOOD
287,2026-09-10,8,7.231,GOOD
287,2026-09-10,9,4.091,GOOD
287,2026-09-10,10,2.936,GOOD
287,2026-09-10,11,4.866,GOOD
287,2026-09-10,12,3.874,GOOD
287,2026-09-10,13,3.548,GOOD
287,2026-09-10,14,2.932,GOOD
287,2026-09-10,15,2.834,GOOD
287,2026-09-10,16,3.075,GOOD
287,2026-09-10,17,4.999,GOOD
287,2026-09-10,18,5.339,GOOD
287,2026-09-10,19,6.318,GOOD
287,2026-09-10,20,8.716,GOOD
287,2026-09-10,21,5.756,GOOD
287,2026-09-10,22,7.897,GOOD
287,2026-09-10,23,5.815,GOOD
287,2026-09-10,24,5.503,GOOD
287,2026-09-11,1,8.038,GOOD
287,2026-09-11,2,5.78,GOOD
287,2026-09-11,3,4.257,GOOD
287,2026-09-11,4,4.684,GOOD
287,2026-09-11,5,2.529,GOOD
287,2026-09-11,6,0.161,GOOD
287,2026-09-11,7,5.587,GOOD
287,2026-09-11,8,,
287,2026-09-11,9,4.203,GOOD
287,2026-09-11,10,5.066,GOOD
287,2026-09-11,11,5.071,GOOD
287,2026-09-11,12,5.441,GOOD
287,2026-09-11,13,7.042,GOOD
287,2026-09-11,14,7.691,GOOD
287,2026-09-11,15,6.031,GOOD
287,2026-09-11,16,5.35,GOOD
287,2026-09-11,17,4.922,GOOD
287,2026-09-11,18,2.113,GOOD
287,2026-09-11,19,6.878,GOOD
287,2026-09-11,20,8.917,GOOD
287,2026-09-11,21,10.841,GOOD
287,2026-09-11,22,13.72,GOOD
287,2026-09-11,23,11.1,GOOD
287,2026-09-11,24,11.259,GOOD
287,2026-09-12,1,8.218,GOOD
287,2026-09-12,2,8.371,GOOD
287,2026-09-12,3,6.958,GOOD
287,2026-09-12,4,5.938,GOOD
287,2026-09-12,5,4.534,GOOD
287,2026-09-12,6,9.174,GOOD
287,2026-09-12,7,10.057,GOOD
287,2026-09-12,8,,
287,2026-09-12,9,4.216,GOOD
287,2026-09-12,10,6.529,GOOD
287,2026-09-12,11,6.87,GOOD
287,2026-09-12,12,8.939,GOOD
287,2026-09-12,13,7.13,GOOD
287,2026-09-12,14,7.643,GOOD
287,2026-09-12,15,7.67,GOOD
287,2026-09-12,16,4.27,GOOD
287,2026-09-12,17,4.04,GOOD
287,2026-09-12,18,2.232,GOOD
287,2026-09-12,19,3.84,GOOD
287,2026-09-12,20,8.825,GOOD
287,2026-09-12,21,4.827,GOOD
287,2026-09-12,22,6.817,GOOD
287,2026-09-12,23,6.561,GOOD
287,2026-09-12,24,5.532,GOOD
287,2026-09-13,1,5.529,GOOD
287,2026-09-13,2,6.223,GOOD
287,2026-09-13,3,6.968,GOOD
287,2026-09-13,4,7.732,GOOD
287,2026-09-13,5,5.803,GOOD
287,2026-09-13,6,4.907,GOOD
287,2026-09-13,7,4.077,GOOD
287,2026-09-13,8,,
287,2026-09-13,9,6.859,GOOD
287,2026-09-13,10,5.554,GOOD
287,2026-09-13,11,3.487,GOOD
287,2026-09-13,12,3.329,GOOD
287,2026-09-13,13,4.715,GOOD
287,2026-09-13,14,7.289,GOOD
287,2026-09-13,15,2.886,GOOD
287,2026-09-13,16,6.455,GOOD
287,2026-09-13,17,5.424,GOOD
287,2026-09-13,18,5.68,GOOD
287,2026-09-13,19,10.265,GOOD
287,2026-09-13,20,7.224,GOOD
287,2026-09-13,21,3.927,GOOD
287,2026-09-13,22,4.355,GOOD
287,2026-09-13,23,7.278,GOOD
287,2026-09-13,24,6.399,GOOD
287,2026-09-14,1,5.166,GOOD
287,2026-09-14,2,6.334,GOOD
287,2026-09-14,3,4.58,GOOD
287,2026-09-14,4,3.881,GOOD
287,2026-09-14,5,4.828,GOOD
287,2026-09-14,6,5.882,GOOD
287,2026-09-14,7,3.641,GOOD
287,2026-09-14,8,,
287,2026-09-14,9,4.116,GOOD
287,2026-09-14,10,5.94,GOOD
287,2026-09-14,11,7.845,GOOD
287,2026-09-14,12,7.118,GOOD
287,2026-09-14,13,3.657,GOOD
287,2026-09-14,14,1.278,GOOD
287,2026-09-14,15,1.85,GOOD
287,2026-09-14,16,,
287,2026-09-14,17,5.431,GOOD
287,2026-09-14,18,6.974,GOOD
287,2026-09-14,19,6.499,GOOD
287,2026-09-14,20,7.704,GOOD
287,2026-09-14,21,4.776,GOOD
287,2026-09-14,22,8.936,GOOD
287,2026-09-14,23,10.683,GOOD
287,2026-09-14,24,10.13,GOOD
287,2026-09-15,1,10.172,GOOD
287,2026-09-15,2,8.798,GOOD
287,2026-09-15,3,9.843,GOOD
287,2026-09-15,4,11.838,GOOD
287,2026-09-15,5,12.539,GOOD
287,2026-09-15,6,13.365,GOOD
287,2026-09-15,7,,
287,2026-09-15,8,9.384,GOOD
287,2026-09-15,9,13.293,GOOD
287,2026-09-15,10,12.18,GOOD
287,2026-09-15,11,5.192,GOOD
287,2026-09-15,12,,
287,2026-09-15,13,2.706,GOOD
287,2026-09-15,14,4.022,GOOD
287,2026-09-15,15,4.36,GOOD
287,2026-09-15,16,3.797,GOOD
287,2026-09-15,17,5.272,GOOD
287,2026-09-15,18,6.869,GOOD
287,2026-09-15,19,8.999,GOOD
287,2026-09-15,20,8.562,GOOD
287,2026-09-15,21,8.402,GOOD
287,2026-09-15,22,11.548,GOOD
287,2026-09-15,23,5.957,GOOD
287,2026-09-15,24,4.951,GOOD
287,2026-09-16,1,7.693,GOOD
287,2026-09-16,2,3.687,GOOD
287,2026-09-16,3,4.939,GOOD
287,2026-09-16,4,4.265,GOOD
287,2026-09-16,5,4.839,GOOD
287,2026-09-16,6,5.081,GOOD
287,2026-09-16,7,5.765,GOOD
287,2026-09-16,8,5.224,GOOD
287,2026-09-16,9,8.037,GOOD
287,2026-09-16,10,3.532,GOOD
287,2026-09-16,11,3.711,GOOD
287,2026-09-16,12,3.484,GOOD
287,2026-09-16,13,-4.772,GOOD
287,2026-09-16,14,-0.283,GOOD
287,2026-09-16,15,3.636,GOOD
287,2026-09-16,16,4.006,GOOD
287,2026-09-16,17,5.568,GOOD
287,2026-09-16,18,5.69,GOOD
287,2026-09-16,19,6.733,GOOD
287,2026-09-16,20,6.249,GOOD
287,2026-09-16,21,5.175,GOOD
287,2026-09-16,22,4.933,GOOD
287,2026-09-16,23,5.813,GOOD
287,2026-09-16,24,5.318,GOOD
287,2026-09-17,1,4.545,GOOD
287,2026-09-17,2,2.591,GOOD
287,2026-09-17,3,4.386,GOOD
287,2026-09-17,4,4.653,GOOD
287,2026-09-17,5,2.102,GOOD
287,2026-09-17,6,6.104,GOOD
287,2026-09-17,7,6.903,GOOD
287,2026-09-17,8,3.204,GOOD
287,2026-09-17,9,2.515,GOOD
287,2026-09-17,10,3.137,GOOD
287,2026-09-17,11,2.477,GOOD
287,2026-09-17,12,4.98,GOOD
287,2026-09-17,13,4.521,GOOD
287,2026-09-17,14,2.98,GOOD
287,2026-09-17,15,5.312,GOOD
287,2026-09-17,16,2.373,GOOD
287,2026-09-17,17,4.207,GOOD
287,2026-09-17,18,3.916,GOOD
287,2026-09-17,19,3.236,GOOD
287,2026-09-17,20,7.147,GOOD
287,2026-09-17,21,1.643,GOOD
287,2026-09-17,22,2.857,GOOD
287,2026-09-17,23,5.593,GOOD
287,2026-09-17,24,9.027,GOOD
287,2026-09-18,1,5.658,GOOD
287,2026-09-18,2,7.282,GOOD
287,2026-09-18,3,8.392,GOOD
287,2026-09-18,4,4.745,GOOD
287,2026-09-18,5,5.552,GOOD
287,2026-09-18,6,9.649,GOOD
287,2026-09-18,7,,
287,2026-09-18,8,,
287,2026-09-18,9,8.569,GOOD
287,2026-09-18,10,11.193,GOOD
287,2026-09-18,11,7.458,GOOD
287,2026-09-18,12,10.569,GOOD
287,2026-09-18,13,5.376,GOOD
287,2026-09-18,14,29.812,FAIR
287,2026-09-18,15,,
287,2026-09-18,16,,
287,2026-09-18,17,6.394,GOOD
287,2026-09-18,18,7.536,GOOD
287,2026-09-18,19,7.125,GOOD
287,2026-09-18,20,10.574,GOOD
287,2026-09-18,21,16.538,GOOD
287,2026-09-18,22,16.276,GOOD
287,2026-09-18,23,14.549,GOOD
287,2026-09-18,24,16.382,GOOD
287,2026-09-19,1,15.635,GOOD
287,2026-09-19,2,8.333,GOOD
287,2026-09-19,3,7.704,GOOD
287,2026-09-19,4,9.092,GOOD
287,2026-09-19,5,10.32,GOOD
287,2026-09-19,6,10.687,GOOD
287,2026-09-19,7,7.569,GOOD
287,2026-09-19,8,5.357,GOOD
287,2026-09-19,9,5.535,GOOD
287,2026-09-19,10,2.6,GOOD
287,2026-09-19,11,0.77,GOOD
287,2026-09-19,12,1.191,GOOD
287,2026-09-19,13,-1.855,GOOD
287,2026-09-19,14,0.986,GOOD
287,2026-09-19,15,3.631,GOOD
287,2026-09-19,16,4.551,GOOD
287,2026-09-19,17,2.065,GOOD
287,2026-09-19,18,4.138,GOOD
287,2026-09-19,19,5.359,GOOD
287,2026-09-19,20,10.133,GOOD
287,2026-09-19,21,,
287,2026-09-19,22,8.868,GOOD
287,2026-09-19,23,8.742,GOOD
287,2026-09-19,24,7.933,GOOD
287,2026-09-20,1,6.734,GOOD
287,2026-09-20,2,3.876,GOOD
287,2026-09-20,3,6.931,GOOD
287,2026-09-20,4,5.04,GOOD
287,2026-09-20,5,5.248,GOOD
287,2026-09-20,6,5.076,GOOD
287,2026-09-20,7,7.077,GOOD
287,2026-09-20,8,4.083,GOOD
287,2026-09-20,9,4.155,GOOD
287,2026-09-20,10,0.186,GOOD
287,2026-09-20,11,2.81,GOOD
287,2026-09-20,12,3.67,GOOD
287,2026-09-20,13,3.08,GOOD
287,2026-09-20,14,3.836,GOOD
287,2026-09-20,15,1.528,GOOD
287,2026-09-20,16,2.234,GOOD
287,2026-09-20,17,1.436,GOOD
287,2026-09-20,18,4.756,GOOD
287,2026-09-20,19,3.25,GOOD
287,2026-09-20,20,4.766,GOOD
287,2026-09-20,21,9.064,GOOD
287,2026-09-20,22,11.758,GOOD
287,2026-09-20,23,5.573,GOOD
287,2026-09-20,24,4.625,GOOD
287,2026-09-21,1,3.724,GOOD
287,2026-09-21,2,3.814,GOOD
287,2026-09-21,3,5.526,GOOD
287,2026-09-21,4,4.375,GOOD
287,2026-09-21,5,7.534,GOOD
287,2026-09-21,6,10.384,GOOD
287,2026-09-21,7,6.365,GOOD
287,2026-09-21,8,6.499,GOOD
287,2026-09-21,9,4.464,GOOD
287,2026-09-21,10,3.792,GOOD
287,2026-09-21,11,3.158,GOOD
287,2026-09-21,12,3.731,GOOD
287,2026-09-21,13,0.363,GOOD
287,2026-09-21,14,,
287,2026-09-21,15,,
287,2026-09-21,16,10.957,GOOD
287,2026-09-21,17,13.399,GOOD
287,2026-09-21,18,12.954,GOOD
287,2026-09-21,19,11.614,GOOD
287,2026-09-21,20,11.827,GOOD
287,2026-09-21,21,10.41,GOOD
287,2026-09-21,22,9.215,GOOD
287,2026-09-21,23,7.989,GOOD
287,2026-09-21,24,5.666,GOOD
287,2026-09-22,1,4.339,GOOD
287,2026-09-22,2,4.682,GOOD
287,2026-09-22,3,0.633,GOOD
287,2026-09-22,4,1.942,GOOD
287,2026-09-22,5,5.255,GOOD
287,2026-09-22,6,3.969,GOOD
287,2026-09-22,7,2.164,GOOD
287,2026-09-22,8,1.523,GOOD
287,2026-09-22,9,3.943,GOOD
287,2026-09-22,10,2.831,GOOD
287,2026-09-22,11,0.786,GOOD
287,2026-09-22,12,2.525,GOOD
287,2026-09-22,13,2.54,GOOD
287,2026-09-22,14,1.439,GOOD
287,2026-09-22,15,1.127,GOOD
287,2026-09-22,16,1.425,GOOD
287,2026-09-22,17,-0.085,GOOD
287,2026-09-22,18,3.935,GOOD
287,2026-09-22,19,2.314,GOOD
287,2026-09-22,20,0.737,GOOD
287,2026-09-22,21,2.454,GOOD
287,2026-09-22,22,1.089,GOOD
287,2026-09-22,23,3.024,GOOD
287,2026-09-22,24,3.51,GOOD
287,2026-09-23,1,1.655,GOOD
287,2026-09-23,2,1.185,GOOD
287,2026-09-23,3,0.016,GOOD
287,2026-09-23,4,2.567,GOOD
287,2026-09-23,5,-3.285,GOOD
287,2026-09-23,6,-6.973,GOOD
287,2026-09-23,7,-2.005,GOOD
287,2026-09-23,8,-2.21,GOOD
287,2026-09-23,9,5.498,GOOD
287,2026-09-23,10,8.834,GOOD
287,2026-09-23,11,7.237,GOOD
287,2026-09-23,12,5.248,GOOD
287,2026-09-23,13,10.595,GOOD
287,2026-09-23,14,11.726,GOOD
287,2026-09-23,15,11.625,GOOD
287,2026-09-23,16,8.957,GOOD
287,2026-09-23,17,9.177,GOOD
287,2026-09-23,18,9.948,GOOD
287,2026-09-23,19,9.741,GOOD
287,2026-09-23,20,9.547,GOOD
287,2026-09-23,21,21.158,GOOD
287,2026-09-23,22,24.118,GOOD
287,2026-09-23,23,13.456,GOOD
287,2026-09-23,24,8.406,GOOD
287,2026-09-24,1,8.266,GOOD
287,2026-09-24,2,5.973,GOOD
287,2026-09-24,3,6.93,GOOD
287,2026-09-24,4,6.347,GOOD
287,2026-09-24,5,6.712,GOOD
287,2026-09-24,6,7.104,GOOD
287,2026-09-24,7,5.691,GOOD
287,2026-09-24,8,7.585,GOOD
287,2026-09-24,9,9.144,GOOD
287,2026-09-24,10,8.617,GOOD
287,2026-09-24,11,8.032,GOOD
287,2026-09-24,12,7.862,GOOD
287,2026-09-24,13,5.033,GOOD
287,2026-09-24,14,10.032,GOOD
287,2026-09-24,15,10.421,GOOD
287,2026-09-24,16,8.208,GOOD
287,2026-09-24,17,5.927,GOOD
287,2026-09-24,18,5.858,GOOD
287,2026-09-24,19,5.987,GOOD
287,2026-09-24,20,5.815,GOOD
287,2026-09-24,21,2.802,GOOD
287,2026-09-24,22,4.991,GOOD
287,2026-09-24,23,6.018,GOOD
287,2026-09-24,24,4.825,GOOD
287,2026-09-25,1,1.79,GOOD
287,2026-09-25,2,2.952,GOOD
287,2026-09-25,3,2.498,GOOD
287,2026-09-25,4,2.056,GOOD
287,2026-09-25,5,1.931,GOOD
287,2026-09-25,6,3.839,GOOD
287,2026-09-25,7,3.96,GOOD
287,2026-09-25,8,4.454,GOOD
287,2026-09-25,9,5.1,GOOD
287,2026-09-25,10,4.519,GOOD
287,2026-09-25,11,5.965,GOOD
287,2026-09-25,12,6.789,GOOD
287,2026-09-25,13,8.13,GOOD
287,2026-09-25,14,8.267,GOOD
287,2026-09-25,15,11.998,GOOD
287,2026-09-25,16,8.764,GOOD
287,2026-09-25,17,7.87,GOOD
287,2026-09-25,18,4.825,GOOD
287,2026-09-25,19,7.523,GOOD
287,2026-09-25,20,5.864,GOOD
287,2026-09-25,21,10.836,GOOD
287,2026-09-25,22,10.484,GOOD
287,2026-09-25,23,13.283,GOOD
287,2026-09-25,24,21.501,GOOD
287,2026-09-26,1,23.047,GOOD
287,2026-09-26,2,22.221,GOOD
287,2026-09-26,3,21.123,GOOD
287,2026-09-26,4,20.383,GOOD
287,2026-09-26,5,23.603,GOOD
287,2026-09-26,6,22.504,GOOD
287,2026-09-26,7,18.548,GOOD
287,2026-09-26,8,7.336,GOOD
287,2026-09-26,9,7.955,GOOD
287,2026-09-26,10,12.02,GOOD
287,2026-09-26,11,9.902,GOOD
287,2026-09-26,12,9.84,GOOD
287,2026-09-26,13,9.725,GOOD
287,2026-09-26,14,,
287,2026-09-26,15,8.408,GOOD
287,2026-09-26,16,12.892,GOOD
287,2026-09-26,17,15.35,GOOD
287,2026-09-26,18,40.166,FAIR
287,2026-09-26,19,44.42,FAIR
287,2026-09-26,20,44.501,FAIR
287,2026-09-26,21,54.011,POOR
287,2026-09-26,22,37.354,FAIR
287,2026-09-26,23,20.726,GOOD
287,2026-09-26,24,10.591,GOOD
287,2026-09-27,1,9.702,GOOD
287,2026-09-27,2,7.316,GOOD
287,2026-09-27,3,5.476,GOOD
287,2026-09-27,4,6.91,GOOD
287,2026-09-27,5,5.743,GOOD
287,2026-09-27,6,4.731,GOOD
287,2026-09-27,7,4.6,GOOD
287,2026-09-27,8,3.078,GOOD
287,2026-09-27,9,3.995,GOOD
287,2026-09-27,10,2.222,GOOD
287,2026-09-27,11,3.025,GOOD
287,2026-09-27,12,2.248,GOOD
287,2026-09-27,13,2.269,GOOD
287,2026-09-27,14,3.626,GOOD
287,2026-09-27,15,,
287,2026-09-27,16,0.451,GOOD
287,2026-09-27,17,2.217,GOOD
287,2026-09-27,18,0.875,GOOD
287,2026-09-27,19,1.828,GOOD
287,2026-09-27,20,1.725,GOOD
287,2026-09-27,21,6.777,GOOD
287,2026-09-27,22,14.773,GOOD
287,2026-09-27,23,,
287,2026-09-27,24,1.657,GOOD
287,2026-09-28,1,1.755,GOOD
287,2026-09-28,2,-0.318,GOOD
287,2026-09-28,3,0.026,GOOD
287,2026-09-28,4,0.223,GOOD
287,2026-09-28,5,7.622,GOOD
287,2026-09-28,6,7.273,GOOD
287,2026-09-28,7,2.966,GOOD
287,2026-09-28,8,2.522,GOOD
287,2026-09-28,9,1.237,GOOD
287,2026-09-28,10,3.989,GOOD
287,2026-09-28,11,3.508,GOOD
287,2026-09-28,12,2.194,GOOD
287,2026-09-28,13,4.506,GOOD
287,2026-09-28,14,4.025,GOOD
287,2026-09-28,15,2.922,GOOD
287,2026-09-28,16,4.221,GOOD
287,2026-09-28,17,2.116,GOOD
287,2026-09-28,18,3.958,GOOD
287,2026-09-28,19,1.753,GOOD
287,2026-09-28,20,4.371,GOOD
287,2026-09-28,21,7.751,GOOD
287,2026-09-28,22,8.561,GOOD
287,2026-09-28,23,4.307,GOOD
287,2026-09-28,24,4.363,GOOD
287,2026-09-29,1,4.08,GOOD
287,2026-09-29,2,4.275,GOOD
287,2026-09-29,3,4.804,GOOD
287,2026-09-29,4,5.003,GOOD
287,2026-09-29,5,-0.89,GOOD
287,2026-09-29,6,2.164,GOOD
287,2026-09-29,7,1.301,GOOD
287,2026-09-29,8,4.46,GOOD
287,2026-09-29,9,4.696,GOOD
287,2026-09-29,10,2.383,GOOD
287,2026-09-29,11,-0.663,GOOD
287,2026-09-29,12,0.399,GOOD
287,2026-09-29,13,6.415,GOOD
287,2026-09-29,14,4.142,GOOD
287,2026-09-29,15,0.538,GOOD
287,2026-09-29,16,1.848,GOOD
287,2026-09-29,17,1.07,GOOD
287,2026-09-29,18,3.89,GOOD
287,2026-09-29,19,3.459,GOOD
287,2026-09-29,20,2.932,GOOD
287,2026-09-29,21,2.353,GOOD
287,2026-09-29,22,3.653,GOOD
287,2026-09-29,23,2.555,GOOD
287,2026-09-29,24,2.023,GOOD
287,2026-09-30,1,2.077,GOOD
287,2026-09-30,2,1.839,GOOD
287,2026-09-30,3,4.756,GOOD
287,2026-09-30,4,1.881,GOOD
287,2026-09-30,5,1.382,GOOD
287,2026-09-30,6,1.976,GOOD
287,2026-09-30,7,2.528,GOOD
287,2026-09-30,8,2.208,GOOD
287,2026-09-30,9,3.386,GOOD
287,2026-09-30,10,1.389,GOOD
287,2026-09-30,11,2.398,GOOD
287,2026-09-30,12,,
287,2026-09-30,13,,
287,2026-09-30,14,7.663,GOOD
287,2026-09-30,15,3.381,GOOD
287,2026-09-30,16,1.916,GOOD
287,2026-09-30,17,4.59,GOOD
287,2026-09-30,18,4.492,GOOD
287,2026-09-30,19,3.747,GOOD
287,2026-09-30,20,4.623,GOOD
287,2026-09-30,21,0.369,GOOD
287,2026-09-30,22,-0.04,GOOD
287,2026-09-30,23,2.373,GOOD
287,2026-09-30,24,7.116,GOOD
294,2026-09-01,1,15.432,GOOD
294,2026-09-01,2,14.675,GOOD
294,2026-09-01,3,13.795,GOOD
294,2026-09-01,4,16.414,GOOD
294,2026-09-01,5,19.095,GOOD
294,2026-09-01,6,20.749,GOOD
294,2026-09-01,7,15.525,GOOD
294,2026-09-01,8,14.533,GOOD
294,2026-09-01,9,8.255,GOOD
294,2026-09-01,10,6.339,GOOD
294,2026-09-01,11,12.617,GOOD
294,2026-09-01,12,17.78,GOOD
294,2026-09-01,13,22.567,GOOD
294,2026-09-01,14,13.724,GOOD
294,2026-09-01,15,7.989,GOOD
294,2026-09-01,16,7.309,GOOD
294,2026-09-01,17,10.363,GOOD
294,2026-09-01,18,12.451,GOOD
294,2026-09-01,19,12.519,GOOD
294,2026-09-01,20,6.837,GOOD
294,2026-09-01,21,8.359,GOOD
294,2026-09-01,22,8.528,GOOD
294,2026-09-01,23,13.047,GOOD
294,2026-09-01,24,13.217,GOOD
294,2026-09-02,1,12.837,GOOD
294,2026-09-02,2,13.012,GOOD
294,2026-09-02,3,10.514,GOOD
294,2026-09-02,4,10.525,GOOD
294,2026-09-02,5,17.253,GOOD
294,2026-09-02,6,15.554,GOOD
294,2026-09-02,7,12.97,GOOD
294,2026-09-02,8,11.994,GOOD
294,2026-09-02,9,9.196,GOOD
294,2026-09-02,10,9.173,GOOD
294,2026-09-02,11,8.068,GOOD
294,2026-09-02,12,3.376,GOOD
294,2026-09-02,13,7.563,GOOD
294,2026-09-02,14,9.552,GOOD
294,2026-09-02,15,7.045,GOOD
294,2026-09-02,16,6.496,GOOD
294,2026-09-02,17,8.542,GOOD
294,2026-09-02,18,7.754,GOOD
294,2026-09-02,19,4.395,GOOD
294,2026-09-02,20,3.855,GOOD
294,2026-09-02,21,14.064,GOOD
294,2026-09-02,22,16.588,GOOD
294,2026-09-02,23,12.062,GOOD
294,2026-09-02,24,10.917,GOOD
294,2026-09-03,1,9.668,GOOD
294,2026-09-03,2,7.786,GOOD
294,2026-09-03,3,2.546,GOOD
294,2026-09-03,4,2.327,GOOD
294,2026-09-03,5,5.231,GOOD
294,2026-09-03,6,10.662,GOOD
294,2026-09-03,7,11.854,GOOD
294,2026-09-03,8,9.933,GOOD
294,2026-09-03,9,12.305,GOOD
294,2026-09-03,10,16.118,GOOD
294,2026-09-03,11,16.778,GOOD
294,2026-09-03,12,10.884,GOOD
294,2026-09-03,13,10.925,GOOD
294,2026-09-03,14,7.935,GOOD
294,2026-09-03,15,4.288,GOOD
294,2026-09-03,16,3.747,GOOD
294,2026-09-03,17,4.686,GOOD
294,2026-09-03,18,6.995,GOOD
294,2026-09-03,19,9.29,GOOD
294,2026-09-03,20,4.928,GOOD
294,2026-09-03,21,3.386,GOOD
294,2026-09-03,22,4.473,GOOD
294,2026-09-03,23,5.225,GOOD
294,2026-09-03,24,7.536,GOOD
294,2026-09-04,1,5.879,GOOD
294,2026-09-04,2,2.739,GOOD
294,2026-09-04,3,5.744,GOOD
294,2026-09-04,4,4.772,GOOD
294,2026-09-04,5,2.18,GOOD
294,2026-09-04,6,3.288,GOOD
294,2026-09-04,7,3.753,GOOD
294,2026-09-04,8,3.168,GOOD
294,2026-09-04,9,10.537,GOOD
294,2026-09-04,10,6.002,GOOD
294,2026-09-04,11,-3.547,GOOD
294,2026-09-04,12,0.704,GOOD
294,2026-09-04,13,7.564,GOOD
294,2026-09-04,14,9.67,GOOD
294,2026-09-04,15,6.655,GOOD
294,2026-09-04,16,2.725,GOOD
294,2026-09-04,17,-2.337,GOOD
294,2026-09-04,18,-4.169,GOOD
294,2026-09-04,19,8.391,GOOD
294,2026-09-04,20,13.23,GOOD
294,2026-09-04,21,12.902,GOOD
294,2026-09-04,22,13.037,GOOD
294,2026-09-04,23,13.535,GOOD
294,2026-09-04,24,13.069,GOOD
294,2026-09-05,1,13.692,GOOD
294,2026-09-05,2,17.118,GOOD
294,2026-09-05,3,17.129,GOOD
294,2026-09-05,4,13.675,GOOD
294,2026-09-05,5,9.374,GOOD
294,2026-09-05,6,7.52,GOOD
294,2026-09-05,7,4.165,GOOD
294,2026-09-05,8,4.419,GOOD
294,2026-09-05,9,4.875,GOOD
294,2026-09-05,10,5.012,GOOD
294,2026-09-05,11,5.934,GOOD
294,2026-09-05,12,6.465,GOOD
294,2026-09-05,13,-7.244,GOOD
294,2026-09-05,14,-0.809,GOOD
294,2026-09-05,15,4.942,GOOD
294,2026-09-05,16,7.374,GOOD
294,2026-09-05,17,5.47,GOOD
294,2026-09-05,18,6.115,GOOD
294,2026-09-05,19,5.076,GOOD
294,2026-09-05,20,-1.649,GOOD
294,2026-09-05,21,-4.624,GOOD
294,2026-09-05,22,0.409,GOOD
294,2026-09-05,23,1.967,GOOD
294,2026-09-05,24,4.896,GOOD
294,2026-09-06,1,3.739,GOOD
294,2026-09-06,2,6.528,GOOD
294,2026-09-06,3,11.651,GOOD
294,2026-09-06,4,11.228,GOOD
294,2026-09-06,5,10.435,GOOD
294,2026-09-06,6,8.333,GOOD
294,2026-09-06,7,5.774,GOOD
294,2026-09-06,8,1.158,GOOD
294,2026-09-06,9,0.032,GOOD
294,2026-09-06,10,-0.009,GOOD
294,2026-09-06,11,-2.084,GOOD
294,2026-09-06,12,-0.228,GOOD
294,2026-09-06,13,-0.072,GOOD
294,2026-09-06,14,1.442,GOOD
294,2026-09-06,15,4.588,GOOD
294,2026-09-06,16,4.614,GOOD
294,2026-09-06,17,7.168,GOOD
294,2026-09-06,18,3.855,GOOD
294,2026-09-06,19,-3.476,GOOD
294,2026-09-06,20,-3.845,GOOD
294,2026-09-06,21,0.639,GOOD
294,2026-09-06,22,4.846,GOOD
294,2026-09-06,23,2.338,GOOD
294,2026-09-06,24,6.015,GOOD
294,2026-09-07,1,6.901,GOOD
294,2026-09-07,2,5.014,GOOD
294,2026-09-07,3,5.386,GOOD
294,2026-09-07,4,5.059,GOOD
294,2026-09-07,5,3.262,GOOD
294,2026-09-07,6,3.603,GOOD
294,2026-09-07,7,13.924,GOOD
294,2026-09-07,8,12.267,GOOD
294,2026-09-07,9,4.699,GOOD
294,2026-09-07,10,5.717,GOOD
294,2026-09-07,11,5.842,GOOD
294,2026-09-07,12,7.147,GOOD
294,2026-09-07,13,0.267,GOOD
294,2026-09-07,14,-0.13,GOOD
294,2026-09-07,15,3.729,GOOD
294,2026-09-07,16,4.287,GOOD
294,2026-09-07,17,6.728,GOOD
294,2026-09-07,18,,
294,2026-09-07,19,3.366,GOOD
294,2026-09-07,20,4.842,GOOD
294,2026-09-07,21,7.141,GOOD
294,2026-09-07,22,12.179,GOOD
294,2026-09-07,23,8.928,GOOD
294,2026-09-07,24,11.907,GOOD
294,2026-09-08,1,9.464,GOOD
294,2026-09-08,2,7.332,GOOD
294,2026-09-08,3,6.147,GOOD
294,2026-09-08,4,3.751,GOOD
294,2026-09-08,5,1.01,GOOD
294,2026-09-08,6,0.447,GOOD
294,2026-09-08,7,2.788,GOOD
294,2026-09-08,8,2.025,GOOD
294,2026-09-08,9,3.13,GOOD
294,2026-09-08,10,7.298,GOOD
294,2026-09-08,11,6.326,GOOD
294,2026-09-08,12,4.847,GOOD
294,2026-09-08,13,6.031,GOOD
294,2026-09-08,14,8.311,GOOD
294,2026-09-08,15,4.805,GOOD
294,2026-09-08,16,5.319,GOOD
294,2026-09-08,17,10.065,GOOD
294,2026-09-08,18,8.676,GOOD
294,2026-09-08,19,7.408,GOOD
294,2026-09-08,20,2.098,GOOD
294,2026-09-08,21,1.407,GOOD
294,2026-09-08,22,8.574,GOOD
294,2026-09-08,23,10.897,GOOD
294,2026-09-08,24,18.071,GOOD
294,2026-09-09,1,18.257,GOOD
294,2026-09-09,2,12.105,GOOD
294,2026-09-09,3,8.657,GOOD
294,2026-09-09,4,9.459,GOOD
294,2026-09-09,5,9.677,GOOD
294,2026-09-09,6,7.021,GOOD
294,2026-09-09,7,11.528,GOOD
294,2026-09-09,8,6.015,GOOD
294,2026-09-09,9,7.397,GOOD
294,2026-09-09,10,8.029,GOOD
294,2026-09-09,11,8.152,GOOD
294,2026-09-09,12,8.726,GOOD
294,2026-09-09,13,13.081,GOOD
294,2026-09-09,14,14.848,GOOD
294,2026-09-09,15,,
294,2026-09-09,16,7.636,GOOD
294,2026-09-09,17,10.033,GOOD
294,2026-09-09,18,12.074,GOOD
294,2026-09-09,19,14.576,GOOD
294,2026-09-09,20,12.945,GOOD
294,2026-09-09,21,10.163,GOOD
294,2026-09-09,22,14.278,GOOD
294,2026-09-09,23,12.672,GOOD
294,2026-09-09,24,9.205,GOOD
294,2026-09-10,1,9.313,GOOD
294,2026-09-10,2,6.489,GOOD
294,2026-09-10,3,5.544,GOOD
294,2026-09-10,4,4.209,GOOD
294,2026-09-10,5,10.825,GOOD
294,2026-09-10,6,14.9,GOOD
294,2026-09-10,7,5.778,GOOD
294,2026-09-10,8,6.65,GOOD
294,2026-09-10,9,3.67,GOOD
294,2026-09-10,10,1.04,GOOD
294,2026-09-10,11,1.77,GOOD
294,2026-09-10,12,1.955,GOOD
294,2026-09-10,13,1.339,GOOD
294,2026-09-10,14,2.356,GOOD
294,2026-09-10,15,3.386,GOOD
294,2026-09-10,16,4.194,GOOD
294,2026-09-10,17,5.645,GOOD
294,2026-09-10,18,6.437,GOOD
294,2026-09-10,19,5.211,GOOD
294,2026-09-10,20,6.119,GOOD
294,2026-09-10,21,4.136,GOOD
294,2026-09-10,22,4.495,GOOD
294,2026-09-10,23,7.035,GOOD
294,2026-09-10,24,4.269,GOOD
294,2026-09-11,1,7.049,GOOD
294,2026-09-11,2,7.512,GOOD
294,2026-09-11,3,5.326,GOOD
294,2026-09-11,4,5.947,GOOD
294,2026-09-11,5,9.235,GOOD
294,2026-09-11,6,9.3,GOOD
294,2026-09-11,7,10.475,GOOD
294,2026-09-11,8,11.083,GOOD
294,2026-09-11,9,6.469,GOOD
294,2026-09-11,10,3.708,GOOD
294,2026-09-11,11,6.096,GOOD
294,2026-09-11,12,11.753,GOOD
294,2026-09-11,13,9.486,GOOD
294,2026-09-11,14,9.44,GOOD
294,2026-09-11,15,8.278,GOOD
294,2026-09-11,16,4.704,GOOD
294,2026-09-11,17,4.509,GOOD
294,2026-09-11,18,5.675,GOOD
294,2026-09-11,19,3.226,GOOD
294,2026-09-11,20,2.139,GOOD
294,2026-09-11,21,6.107,GOOD
294,2026-09-11,22,10.987,GOOD
294,2026-09-11,23,15.406,GOOD
294,2026-09-11,24,15.25,GOOD
294,2026-09-12,1,10.779,GOOD
294,2026-09-12,2,9.645,GOOD
294,2026-09-12,3,7.347,GOOD
294,2026-09-12,4,8.711,GOOD
294,2026-09-12,5,9.99,GOOD
294,2026-09-12,6,12.587,GOOD
294,2026-09-12,7,15.959,GOOD
294,2026-09-12,8,11.292,GOOD
294,2026-09-12,9,7.394,GOOD
294,2026-09-12,10,4.172,GOOD
294,2026-09-12,11,6.441,GOOD
294,2026-09-12,12,11.816,GOOD
294,2026-09-12,13,5.762,GOOD
294,2026-09-12,14,8.691,GOOD
294,2026-09-12,15,10.269,GOOD
294,2026-09-12,16,6.398,GOOD
294,2026-09-12,17,3.635,GOOD
294,2026-09-12,18,0.873,GOOD
294,2026-09-12,19,1.774,GOOD
294,2026-09-12,20,8.014,GOOD
294,2026-09-12,21,11.909,GOOD
294,2026-09-12,22,12.959,GOOD
294,2026-09-12,23,9.794,GOOD
294,2026-09-12,24,8.744,GOOD
294,2026-09-13,1,5.549,GOOD
294,2026-09-13,2,6.862,GOOD
294,2026-09-13,3,6.504,GOOD
294,2026-09-13,4,8.149,GOOD
294,2026-09-13,5,9.316,GOOD
294,2026-09-13,6,10.46,GOOD
294,2026-09-13,7,8.476,GOOD
294,2026-09-13,8,3.549,GOOD
294,2026-09-13,9,11.341,GOOD
294,2026-09-13,10,12.061,GOOD
294,2026-09-13,11,8.35,GOOD
294,2026-09-13,12,9.107,GOOD
294,2026-09-13,13,6.81,GOOD
294,2026-09-13,14,6.873,GOOD
294,2026-09-13,15,6.83,GOOD
294,2026-09-13,16,3.623,GOOD
294,2026-09-13,17,6.394,GOOD
294,2026-09-13,18,5.999,GOOD
294,2026-09-13,19,9.414,GOOD
294,2026-09-13,20,11.202,GOOD
294,2026-09-13,21,13.312,GOOD
294,2026-09-13,22,12.917,GOOD
294,2026-09-13,23,10.147,GOOD
294,2026-09-13,24,7.323,GOOD
294,2026-09-14,1,7.676,GOOD
294,2026-09-14,2,7.088,GOOD
294,2026-09-14,3,5.616,GOOD
294,2026-09-14,4,8.12,GOOD
294,2026-09-14,5,7.262,GOOD
294,2026-09-14,6,8.397,GOOD
294,2026-09-14,7,13.421,GOOD
294,2026-09-14,8,13.19,GOOD
294,2026-09-14,9,11.157,GOOD
294,2026-09-14,10,10.994,GOOD
294,2026-09-14,11,16.613,GOOD
294,2026-09-14,12,15.727,GOOD
294,2026-09-14,13,,
294,2026-09-14,14,1.37,GOOD
294,2026-09-14,15,0.058,GOOD
294,2026-09-14,16,8.359,GOOD
294,2026-09-14,17,9.894,GOOD
294,2026-09-14,18,9.676,GOOD
294,2026-09-14,19,11.723,GOOD
294,2026-09-14,20,13.015,GOOD
294,2026-09-14,21,14.364,GOOD
294,2026-09-14,22,11.524,GOOD
294,2026-09-14,23,7.142,GOOD
294,2026-09-14,24,10.22,GOOD
294,2026-09-15,1,5.126,GOOD
294,2026-09-15,2,7.79,GOOD
294,2026-09-15,3,13.962,GOOD
294,2026-09-15,4,20.797,GOOD
294,2026-09-15,5,21.563,GOOD
294,2026-09-15,6,16.95,GOOD
294,2026-09-15,7,19.253,GOOD
294,2026-09-15,8,16.749,GOOD
294,2026-09-15,9,17.508,GOOD
294,2026-09-15,10,16.062,GOOD
294,2026-09-15,11,13.42,GOOD
294,2026-09-15,12,,
294,2026-09-15,13,-2.239,GOOD
294,2026-09-15,14,4.431,GOOD
294,2026-09-15,15,3.496,GOOD
294,2026-09-15,16,2.902,GOOD
294,2026-09-15,17,3.756,GOOD
294,2026-09-15,18,5.982,GOOD
294,2026-09-15,19,6.058,GOOD
294,2026-09-15,20,5.376,GOOD
294,2026-09-15,21,7.617,GOOD
294,2026-09-15,22,9.862,GOOD
294,2026-09-15,23,14.032,GOOD
294,2026-09-15,24,12.787,GOOD
294,2026-09-16,1,9.675,GOOD
294,2026-09-16,2,5.415,GOOD
294,2026-09-16,3,7.947,GOOD
294,2026-09-16,4,9.277,GOOD
294,2026-09-16,5,8.285,GOOD
294,2026-09-16,6,8.575,GOOD
294,2026-09-16,7,7.301,GOOD
294,2026-09-16,8,12.085,GOOD
294,2026-09-16,9,8.43,GOOD
294,2026-09-16,10,3.226,GOOD
294,2026-09-16,11,1.708,GOOD
294,2026-09-16,12,3.309,GOOD
294,2026-09-16,13,7.732,GOOD
294,2026-09-16,14,11.346,GOOD
294,2026-09-16,15,9.261,GOOD
294,2026-09-16,16,9.837,GOOD
294,2026-09-16,17,7.125,GOOD
294,2026-09-16,18,9.508,GOOD
294,2026-09-16,19,6.373,GOOD
294,2026-09-16,20,5.565,GOOD
294,2026-09-16,21,3.877,GOOD
294,2026-09-16,22,7.08,GOOD
294,2026-09-16,23,4.962,GOOD
294,2026-09-16,24,7.253,GOOD
294,2026-09-17,1,6.952,GOOD
294,2026-09-17,2,4.718,GOOD
294,2026-09-17,3,3.594,GOOD
294,2026-09-17,4,4.021,GOOD
294,2026-09-17,5,5.321,GOOD
294,2026-09-17,6,4.783,GOOD
294,2026-09-17,7,4.432,GOOD
294,2026-09-17,8,3.853,GOOD
294,2026-09-17,9,3,GOOD
294,2026-09-17,10,2.852,GOOD
294,2026-09-17,11,3.751,GOOD
294,2026-09-17,12,2.804,GOOD
294,2026-09-17,13,-1.545,GOOD
294,2026-09-17,14,3.789,GOOD
294,2026-09-17,15,4.094,GOOD
294,2026-09-17,16,2.94,GOOD
294,2026-09-17,17,4.99,GOOD
294,2026-09-17,18,4.769,GOOD
294,2026-09-17,19,3.225,GOOD
294,2026-09-17,20,2.118,GOOD
294,2026-09-17,21,6.127,GOOD
294,2026-09-17,22,8.551,GOOD
294,2026-09-17,23,10.183,GOOD
294,2026-09-17,24,7.089,GOOD
294,2026-09-18,1,8.854,GOOD
294,2026-09-18,2,8.956,GOOD
294,2026-09-18,3,11.541,GOOD
294,2026-09-18,4,13.617,GOOD
294,2026-09-18,5,9.872,GOOD
294,2026-09-18,6,12.796,GOOD
294,2026-09-18,7,11.553,GOOD
294,2026-09-18,8,12.117,GOOD
294,2026-09-18,9,9.858,GOOD
294,2026-09-18,10,13.198,GOOD
294,2026-09-18,11,12.372,GOOD
294,2026-09-18,12,8.464,GOOD
294,2026-09-18,13,3.867,GOOD
294,2026-09-18,14,5.653,GOOD
294,2026-09-18,15,10.637,GOOD
294,2026-09-18,16,5.258,GOOD
294,2026-09-18,17,6.24,GOOD
294,2026-09-18,18,3.743,GOOD
294,2026-09-18,19,12.314,GOOD
294,2026-09-18,20,13.43,GOOD
294,2026-09-18,21,11.104,GOOD
294,2026-09-18,22,10.865,GOOD
294,2026-09-18,23,23.543,GOOD
294,2026-09-18,24,35.381,FAIR
294,2026-09-19,1,19.134,GOOD
294,2026-09-19,2,7.18,GOOD
294,2026-09-19,3,8.581,GOOD
294,2026-09-19,4,6.572,GOOD
294,2026-09-19,5,-1.978,GOOD
294,2026-09-19,6,-4.508,GOOD
294,2026-09-19,7,5.486,GOOD
294,2026-09-19,8,4.817,GOOD
294,2026-09-19,9,2.673,GOOD
294,2026-09-19,10,0.807,GOOD
294,2026-09-19,11,-0.586,GOOD
294,2026-09-19,12,-0.4,GOOD
294,2026-09-19,13,-2.249,GOOD
294,2026-09-19,14,0.76,GOOD
294,2026-09-19,15,1.629,GOOD
294,2026-09-19,16,6.37,GOOD
294,2026-09-19,17,4.986,GOOD
294,2026-09-19,18,6.058,GOOD
294,2026-09-19,19,10.322,GOOD
294,2026-09-19,20,7.075,GOOD
294,2026-09-19,21,16.313,GOOD
294,2026-09-19,22,15.563,GOOD
294,2026-09-19,23,10.477,GOOD
294,2026-09-19,24,7.344,GOOD
294,2026-09-20,1,9.13,GOOD
294,2026-09-20,2,8.924,GOOD
294,2026-09-20,3,6.489,GOOD
294,2026-09-20,4,6.809,GOOD
294,2026-09-20,5,7.172,GOOD
294,2026-09-20,6,5.174,GOOD
294,2026-09-20,7,4.138,GOOD
294,2026-09-20,8,3.599,GOOD
294,2026-09-20,9,1.435,GOOD
294,2026-09-20,10,-0.939,GOOD
294,2026-09-20,11,-0.613,GOOD
294,2026-09-20,12,-0.09,GOOD
294,2026-09-20,13,3.7,GOOD
294,2026-09-20,14,3.006,GOOD
294,2026-09-20,15,1.644,GOOD
294,2026-09-20,16,6.168,GOOD
294,2026-09-20,17,13.819,GOOD
294,2026-09-20,18,8.516,GOOD
294,2026-09-20,19,12.833,GOOD
294,2026-09-20,20,5.861,GOOD
294,2026-09-20,21,6.028,GOOD
294,2026-09-20,22,8.264,GOOD
294,2026-09-20,23,6.097,GOOD
294,2026-09-20,24,3.824,GOOD
294,2026-09-21,1,4.479,GOOD
294,2026-09-21,2,4.675,GOOD
294,2026-09-21,3,4.091,GOOD
294,2026-09-21,4,6.954,GOOD
294,2026-09-21,5,12.072,GOOD
294,2026-09-21,6,12.676,GOOD
294,2026-09-21,7,10.035,GOOD
294,2026-09-21,8,7.41,GOOD
294,2026-09-21,9,5.12,GOOD
294,2026-09-21,10,2.567,GOOD
294,2026-09-21,11,2.273,GOOD
294,2026-09-21,12,3.092,GOOD
294,2026-09-21,13,-1.302,GOOD
294,2026-09-21,14,,
294,2026-09-21,15,,
294,2026-09-21,16,5.097,GOOD
294,2026-09-21,17,13.551,GOOD
294,2026-09-21,18,14.212,GOOD
294,2026-09-21,19,10.515,GOOD
294,2026-09-21,20,10.84,GOOD
294,2026-09-21,21,2.744,GOOD
294,2026-09-21,22,1.056,GOOD
294,2026-09-21,23,5.466,GOOD
294,2026-09-21,24,5.804,GOOD
294,2026-09-22,1,4.059,GOOD
294,2026-09-22,2,3.085,GOOD
294,2026-09-22,3,4.814,GOOD
294,2026-09-22,4,1.06,GOOD
294,2026-09-22,5,0.84,GOOD
294,2026-09-22,6,2.818,GOOD
294,2026-09-22,7,3.817,GOOD
294,2026-09-22,8,1.375,GOOD
294,2026-09-22,9,2.294,GOOD
294,2026-09-22,10,0.75,GOOD
294,2026-09-22,11,1.818,GOOD
294,2026-09-22,12,3.626,GOOD
294,2026-09-22,13,10.677,GOOD
294,2026-09-22,14,9.018,GOOD
294,2026-09-22,15,4.872,GOOD
294,2026-09-22,16,3.02,GOOD
294,2026-09-22,17,0.28,GOOD
294,2026-09-22,18,-2.12,GOOD
294,2026-09-22,19,1.007,GOOD
294,2026-09-22,20,1.156,GOOD
294,2026-09-22,21,2.174,GOOD
294,2026-09-22,22,1.401,GOOD
294,2026-09-22,23,,
294,2026-09-22,24,2.091,GOOD
294,2026-09-23,1,1.718,GOOD
294,2026-09-23,2,2.702,GOOD
294,2026-09-23,3,6.134,GOOD
294,2026-09-23,4,3.312,GOOD
294,2026-09-23,5,4.442,GOOD
294,2026-09-23,6,3.707,GOOD
294,2026-09-23,7,1.942,GOOD
294,2026-09-23,8,5.214,GOOD
294,2026-09-23,9,9.3,GOOD
294,2026-09-23,10,14.22,GOOD
294,2026-09-23,11,12.423,GOOD
294,2026-09-23,12,10.818,GOOD
294,2026-09-23,13,6.137,GOOD
294,2026-09-23,14,8.019,GOOD
294,2026-09-23,15,6.85,GOOD
294,2026-09-23,16,9.169,GOOD
294,2026-09-23,17,12.515,GOOD
294,2026-09-23,18,11.073,GOOD
294,2026-09-23,19,6.771,GOOD
294,2026-09-23,20,7.892,GOOD
294,2026-09-23,21,11.663,GOOD
294,2026-09-23,22,5.992,GOOD
294,2026-09-23,23,10.405,GOOD
294,2026-09-23,24,11.832,GOOD
294,2026-09-24,1,11.044,GOOD
294,2026-09-24,2,12.762,GOOD
294,2026-09-24,3,8.768,GOOD
294,2026-09-24,4,11.728,GOOD
294,2026-09-24,5,4.077,GOOD
294,2026-09-24,6,1.58,GOOD
294,2026-09-24,7,6.189,GOOD
294,2026-09-24,8,4.937,GOOD
294,2026-09-24,9,10.044,GOOD
294,2026-09-24,10,2.595,GOOD
294,2026-09-24,11,15.07,GOOD
294,2026-09-24,12,14.149,GOOD
294,2026-09-24,13,8.417,GOOD
294,2026-09-24,14,5.879,GOOD
294,2026-09-24,15,9.095,GOOD
294,2026-09-24,16,8.981,GOOD
294,2026-09-24,17,8.417,GOOD
294,2026-09-24,18,9.253,GOOD
294,2026-09-24,19,7.09,GOOD
294,2026-09-24,20,6.862,GOOD
294,2026-09-24,21,7.486,GOOD
294,2026-09-24,22,12.069,GOOD
294,2026-09-24,23,8.289,GOOD
294,2026-09-24,24,4.753,GOOD
294,2026-09-25,1,3.193,GOOD
294,2026-09-25,2,4.226,GOOD
294,2026-09-25,3,4.057,GOOD
294,2026-09-25,4,3.228,GOOD
294,2026-09-25,5,6.349,GOOD
294,2026-09-25,6,7.649,GOOD
294,2026-09-25,7,3.31,GOOD
294,2026-09-25,8,9.047,GOOD
294,2026-09-25,9,10.487,GOOD
294,2026-09-25,10,8.493,GOOD
294,2026-09-25,11,11.048,GOOD
294,2026-09-25,12,15.156,GOOD
294,2026-09-25,13,9.586,GOOD
294,2026-09-25,14,9.099,GOOD
294,2026-09-25,15,8.856,GOOD
294,2026-09-25,16,8.224,GOOD
294,2026-09-25,17,7.916,GOOD
294,2026-09-25,18,8.593,GOOD
294,2026-09-25,19,5.949,GOOD
294,2026-09-25,20,8.757,GOOD
294,2026-09-25,21,4.868,GOOD
294,2026-09-25,22,-2.901,GOOD
294,2026-09-25,23,0.094,GOOD
294,2026-09-25,24,5.826,GOOD
294,2026-09-26,1,5.781,GOOD
294,2026-09-26,2,5.32,GOOD
294,2026-09-26,3,7.247,GOOD
294,2026-09-26,4,7.341,GOOD
294,2026-09-26,5,8.165,GOOD
294,2026-09-26,6,15.199,GOOD
294,2026-09-26,7,14.657,GOOD
294,2026-09-26,8,14.43,GOOD
294,2026-09-26,9,15.753,GOOD
294,2026-09-26,10,15.418,GOOD
294,2026-09-26,11,12.446,GOOD
294,2026-09-26,12,9.547,GOOD
294,2026-09-26,13,12.756,GOOD
294,2026-09-26,14,9.209,GOOD
294,2026-09-26,15,10.863,GOOD
294,2026-09-26,16,12.993,GOOD
294,2026-09-26,17,11.143,GOOD
294,2026-09-26,18,11.41,GOOD
294,2026-09-26,19,12.949,GOOD
294,2026-09-26,20,12.773,GOOD
294,2026-09-26,21,19.123,GOOD
294,2026-09-26,22,26.663,FAIR
294,2026-09-26,23,17.933,GOOD
294,2026-09-26,24,15.116,GOOD
294,2026-09-27,1,12.68,GOOD
294,2026-09-27,2,10.872,GOOD
294,2026-09-27,3,10.147,GOOD
294,2026-09-27,4,8.797,GOOD
294,2026-09-27,5,9.2,GOOD
294,2026-09-27,6,7.747,GOOD
294,2026-09-27,7,3.743,GOOD
294,2026-09-27,8,1.57,GOOD
294,2026-09-27,9,3.413,GOOD
294,2026-09-27,10,5.05,GOOD
294,2026-09-27,11,8.927,GOOD
294,2026-09-27,12,5.904,GOOD
294,2026-09-27,13,2.102,GOOD
294,2026-09-27,14,2.012,GOOD
294,2026-09-27,15,-3.333,GOOD
294,2026-09-27,16,-1.797,GOOD
294,2026-09-27,17,3.683,GOOD
294,2026-09-27,18,2.96,GOOD
294,2026-09-27,19,3.511,GOOD
294,2026-09-27,20,6.212,GOOD
294,2026-09-27,21,6.622,GOOD
294,2026-09-27,22,3.529,GOOD
294,2026-09-27,23,-1.306,GOOD
294,2026-09-27,24,1.669,GOOD
294,2026-09-28,1,1.828,GOOD
294,2026-09-28,2,0.203,GOOD
294,2026-09-28,3,3.155,GOOD
294,2026-09-28,4,0.832,GOOD
294,2026-09-28,5,0.829,GOOD
294,2026-09-28,6,2.859,GOOD
294,2026-09-28,7,8.068,GOOD
294,2026-09-28,8,2.169,GOOD
294,2026-09-28,9,10.07,GOOD
294,2026-09-28,10,12.239,GOOD
294,2026-09-28,11,5.016,GOOD
294,2026-09-28,12,7.083,GOOD
294,2026-09-28,13,5.651,GOOD
294,2026-09-28,14,7.183,GOOD
294,2026-09-28,15,5.893,GOOD
294,2026-09-28,16,2.83,GOOD
294,2026-09-28,17,8.373,GOOD
294,2026-09-28,18,6.339,GOOD
294,2026-09-28,19,6.918,GOOD
294,2026-09-28,20,5.79,GOOD
294,2026-09-28,21,2.506,GOOD
294,2026-09-28,22,4.766,GOOD
294,2026-09-28,23,3.313,GOOD
294,2026-09-28,24,1.621,GOOD
294,2026-09-29,1,4.96,GOOD
294,2026-09-29,2,1.963,GOOD
294,2026-09-29,3,0.772,GOOD
294,2026-09-29,4,0.724,GOOD
294,2026-09-29,5,5.679,GOOD
294,2026-09-29,6,8.511,GOOD
294,2026-09-29,7,5.885,GOOD
294,2026-09-29,8,8.112,GOOD
294,2026-09-29,9,14.279,GOOD
294,2026-09-29,10,6.678,GOOD
294,2026-09-29,11,-0.047,GOOD
294,2026-09-29,12,0.102,GOOD
294,2026-09-29,13,4.318,GOOD
294,2026-09-29,14,4.381,GOOD
294,2026-09-29,15,-0.025,GOOD
294,2026-09-29,16,4.168,GOOD
294,2026-09-29,17,3.478,GOOD
294,2026-09-29,18,2.318,GOOD
294,2026-09-29,19,0.273,GOOD
294,2026-09-29,20,-2.421,GOOD
294,2026-09-29,21,7.982,GOOD
294,2026-09-29,22,7.65,GOOD
294,2026-09-29,23,4.707,GOOD
294,2026-09-29,24,3.588,GOOD
294,2026-09-30,1,2.954,GOOD
294,2026-09-30,2,2.79,GOOD
294,2026-09-30,3,0.431,GOOD
294,2026-09-30,4,4.133,GOOD
294,2026-09-30,5,4.248,GOOD
294,2026-09-30,6,3.009,GOOD
294,2026-09-30,7,,
294,2026-09-30,8,,
294,2026-09-30,9,,
294,2026-09-30,10,,
294,2026-09-30,11,10.58,GOOD
294,2026-09-30,12,12.786,GOOD
294,2026-09-30,13,11.266,GOOD
294,2026-09-30,14,-5.115,GOOD
294,2026-09-30,15,-2.875,GOOD
294,2026-09-30,16,-1.218,GOOD
294,2026-09-30,17,3.297,GOOD
294,2026-09-30,18,10.375,GOOD
294,2026-09-30,19,13.913,GOOD
294,2026-09-30,20,10.708,GOOD
294,2026-09-30,21,4.145,GOOD
294,2026-09-30,22,-1.628,GOOD
294,2026-09-30,23,3.203,GOOD
294,2026-09-30,24,7.704,GOOD
171,2026-09-01,1,16.493,GOOD
171,2026-09-01,2,16.257,GOOD
171,2026-09-01,3,17.454,GOOD
171,2026-09-01,4,18.234,GOOD
171,2026-09-01,5,13.964,GOOD
171,2026-09-01,6,12.53,GOOD
171,2026-09-01,7,12.268,GOOD
171,2026-09-01,8,,
171,2026-09-01,9,1.612,GOOD
171,2026-09-01,10,5.033,GOOD
171,2026-09-01,11,11.222,GOOD
171,2026-09-01,12,11.231,GOOD
171,2026-09-01,13,14.483,GOOD
171,2026-09-01,14,15.021,GOOD
171,2026-09-01,15,6.799,GOOD
171,2026-09-01,16,7.141,GOOD
171,2026-09-01,17,5.452,GOOD
171,2026-09-01,18,6.287,GOOD
171,2026-09-01,19,7.177,GOOD
171,2026-09-01,20,7.422,GOOD
171,2026-09-01,21,13.913,GOOD
171,2026-09-01,22,20.488,GOOD
171,2026-09-01,23,10.698,GOOD
171,2026-09-01,24,6.382,GOOD
171,2026-09-02,1,7.729,GOOD
171,2026-09-02,2,9.034,GOOD
171,2026-09-02,3,13.053,GOOD
171,2026-09-02,4,10.496,GOOD
171,2026-09-02,5,3.34,GOOD
171,2026-09-02,6,4.37,GOOD
171,2026-09-02,7,5.502,GOOD
171,2026-09-02,8,4.418,GOOD
171,2026-09-02,9,2.814,GOOD
171,2026-09-02,10,6.885,GOOD
171,2026-09-02,11,7.974,GOOD
171,2026-09-02,12,7.514,GOOD
171,2026-09-02,13,8.02,GOOD
171,2026-09-02,14,7.794,GOOD
171,2026-09-02,15,4.68,GOOD
171,2026-09-02,16,2.491,GOOD
171,2026-09-02,17,2.471,GOOD
171,2026-09-02,18,4.649,GOOD
171,2026-09-02,19,6.83,GOOD
171,2026-09-02,20,6.585,GOOD
171,2026-09-02,21,8.515,GOOD
171,2026-09-02,22,10.972,GOOD
171,2026-09-02,23,6.961,GOOD
171,2026-09-02,24,5.922,GOOD
171,2026-09-03,1,6.691,GOOD
171,2026-09-03,2,4.539,GOOD
171,2026-09-03,3,6.703,GOOD
171,2026-09-03,4,11.293,GOOD
171,2026-09-03,5,10.922,GOOD
171,2026-09-03,6,7.509,GOOD
171,2026-09-03,7,6.521,GOOD
171,2026-09-03,8,3.097,GOOD
171,2026-09-03,9,3.848,GOOD
171,2026-09-03,10,,
171,2026-09-03,11,,
171,2026-09-03,12,-2.236,GOOD
171,2026-09-03,13,1.924,GOOD
171,2026-09-03,14,0.714,GOOD
171,2026-09-03,15,0.929,GOOD
171,2026-09-03,16,3.43,GOOD
171,2026-09-03,17,2.959,GOOD
171,2026-09-03,18,3.692,GOOD
171,2026-09-03,19,7.265,GOOD
171,2026-09-03,20,6.822,GOOD
171,2026-09-03,21,6.355,GOOD
171,2026-09-03,22,5.172,GOOD
171,2026-09-03,23,6.706,GOOD
171,2026-09-03,24,7.176,GOOD
171,2026-09-04,1,5.096,GOOD
171,2026-09-04,2,5.727,GOOD
171,2026-09-04,3,7.146,GOOD
171,2026-09-04,4,6.048,GOOD
171,2026-09-04,5,3.606,GOOD
171,2026-09-04,6,7.976,GOOD
171,2026-09-04,7,9.183,GOOD
171,2026-09-04,8,4.569,GOOD
171,2026-09-04,9,1.319,GOOD
171,2026-09-04,10,-0.891,GOOD
171,2026-09-04,11,-1.793,GOOD
171,2026-09-04,12,-1.62,GOOD
171,2026-09-04,13,-3.771,GOOD
171,2026-09-04,14,-0.039,GOOD
171,2026-09-04,15,0.147,GOOD
171,2026-09-04,16,0.032,GOOD
171,2026-09-04,17,1.205,GOOD
171,2026-09-04,18,4.125,GOOD
171,2026-09-04,19,4.715,GOOD
171,2026-09-04,20,9.328,GOOD
171,2026-09-04,21,9.322,GOOD
171,2026-09-04,22,11.096,GOOD
171,2026-09-04,23,13.457,GOOD
171,2026-09-04,24,15.542,GOOD
171,2026-09-05,1,13.175,GOOD
171,2026-09-05,2,12.8,GOOD
171,2026-09-05,3,14.399,GOOD
171,2026-09-05,4,13.677,GOOD
171,2026-09-05,5,17.932,GOOD
171,2026-09-05,6,21.815,GOOD
171,2026-09-05,7,19.679,GOOD
171,2026-09-05,8,,
171,2026-09-05,9,5.002,GOOD
171,2026-09-05,10,1.356,GOOD
171,2026-09-05,11,-0.101,GOOD
171,2026-09-05,12,1.087,GOOD
171,2026-09-05,13,-0.967,GOOD
171,2026-09-05,14,-1.019,GOOD
171,2026-09-05,15,,
171,2026-09-05,16,,
171,2026-09-05,17,,
171,2026-09-05,18,,
171,2026-09-05,19,,
171,2026-09-05,20,,
171,2026-09-05,21,,
171,2026-09-05,22,,
171,2026-09-05,23,,
171,2026-09-05,24,,
171,2026-09-06,1,,
171,2026-09-06,2,,
171,2026-09-06,3,,
171,2026-09-06,4,,
171,2026-09-06,5,,
171,2026-09-06,6,0.057,GOOD
171,2026-09-06,7,-0.863,GOOD
171,2026-09-06,8,3.404,GOOD
171,2026-09-06,9,-5.238,GOOD
171,2026-09-06,10,-7.618,GOOD
171,2026-09-06,11,-6.39,GOOD
171,2026-09-06,12,-5.267,GOOD
171,2026-09-06,13,-0.992,GOOD
171,2026-09-06,14,0.03,GOOD
171,2026-09-06,15,0.435,GOOD
171,2026-09-06,16,0.664,GOOD
171,2026-09-06,17,0.255,GOOD
171,2026-09-06,18,4.779,GOOD
171,2026-09-06,19,6.27,GOOD
171,2026-09-06,20,4.45,GOOD
171,2026-09-06,21,8.086,GOOD
171,2026-09-06,22,10.399,GOOD
171,2026-09-06,23,9.498,GOOD
171,2026-09-06,24,6.929,GOOD
171,2026-09-07,1,3.569,GOOD
171,2026-09-07,2,3.961,GOOD
171,2026-09-07,3,4.376,GOOD
171,2026-09-07,4,2.347,GOOD
171,2026-09-07,5,3.603,GOOD
171,2026-09-07,6,2.506,GOOD
171,2026-09-07,7,5.434,GOOD
171,2026-09-07,8,-0.425,GOOD
171,2026-09-07,9,1.482,GOOD
171,2026-09-07,10,0.432,GOOD
171,2026-09-07,11,2.936,GOOD
171,2026-09-07,12,4.782,GOOD
171,2026-09-07,13,7.507,GOOD
171,2026-09-07,14,8.89,GOOD
171,2026-09-07,15,,
171,2026-09-07,16,,
171,2026-09-07,17,4.284,GOOD
171,2026-09-07,18,7.011,GOOD
171,2026-09-07,19,6.726,GOOD
171,2026-09-07,20,4.645,GOOD
171,2026-09-07,21,1.857,GOOD
171,2026-09-07,22,2.53,GOOD
171,2026-09-07,23,4.418,GOOD
171,2026-09-07,24,4.518,GOOD
171,2026-09-08,1,2.544,GOOD
171,2026-09-08,2,6.54,GOOD
171,2026-09-08,3,10.011,GOOD
171,2026-09-08,4,9.069,GOOD
171,2026-09-08,5,9.382,GOOD
171,2026-09-08,6,8.08,GOOD
171,2026-09-08,7,6.617,GOOD
171,2026-09-08,8,3.641,GOOD
171,2026-09-08,9,2.749,GOOD
171,2026-09-08,10,-1.128,GOOD
171,2026-09-08,11,2.424,GOOD
171,2026-09-08,12,2.597,GOOD
171,2026-09-08,13,0.525,GOOD
171,2026-09-08,14,2.103,GOOD
171,2026-09-08,15,4.597,GOOD
171,2026-09-08,16,4.402,GOOD
171,2026-09-08,17,4.048,GOOD
171,2026-09-08,18,4.165,GOOD
171,2026-09-08,19,6.205,GOOD
171,2026-09-08,20,8.791,GOOD
171,2026-09-08,21,13.989,GOOD
171,2026-09-08,22,11.114,GOOD
171,2026-09-08,23,11.335,GOOD
171,2026-09-08,24,9.503,GOOD
171,2026-09-09,1,7.324,GOOD
171,2026-09-09,2,5.855,GOOD
171,2026-09-09,3,6.4,GOOD
171,2026-09-09,4,12.58,GOOD
171,2026-09-09,5,12.512,GOOD
171,2026-09-09,6,15,GOOD
171,2026-09-09,7,13.169,GOOD
171,2026-09-09,8,,
171,2026-09-09,9,9.376,GOOD
171,2026-09-09,10,4.631,GOOD
171,2026-09-09,11,1.599,GOOD
171,2026-09-09,12,-1.425,GOOD
171,2026-09-09,13,0.493,GOOD
171,2026-09-09,14,8.453,GOOD
171,2026-09-09,15,11.239,GOOD
171,2026-09-09,16,14.226,GOOD
171,2026-09-09,17,11.657,GOOD
171,2026-09-09,18,9.706,GOOD
171,2026-09-09,19,9.532,GOOD
171,2026-09-09,20,9.831,GOOD
171,2026-09-09,21,10.292,GOOD
171,2026-09-09,22,11.522,GOOD
171,2026-09-09,23,10.311,GOOD
171,2026-09-09,24,10.52,GOOD
171,2026-09-10,1,10.844,GOOD
171,2026-09-10,2,6.907,GOOD
171,2026-09-10,3,5.46,GOOD
171,2026-09-10,4,4.6,GOOD
171,2026-09-10,5,6.644,GOOD
171,2026-09-10,6,7.939,GOOD
171,2026-09-10,7,4.698,GOOD
171,2026-09-10,8,1.031,GOOD
171,2026-09-10,9,-0.077,GOOD
171,2026-09-10,10,-2.315,GOOD
171,2026-09-10,11,1.568,GOOD
171,2026-09-10,12,1.372,GOOD
171,2026-09-10,13,4.973,GOOD
171,2026-09-10,14,9.827,GOOD
171,2026-09-10,15,7.006,GOOD
171,2026-09-10,16,6.088,GOOD
171,2026-09-10,17,2.807,GOOD
171,2026-09-10,18,5.802,GOOD
171,2026-09-10,19,8.91,GOOD
171,2026-09-10,20,10.093,GOOD
171,2026-09-10,21,8.199,GOOD
171,2026-09-10,22,6.927,GOOD
171,2026-09-10,23,12.929,GOOD
171,2026-09-10,24,17.297,GOOD
171,2026-09-11,1,15.767,GOOD
171,2026-09-11,2,10.675,GOOD
171,2026-09-11,3,6.019,GOOD
171,2026-09-11,4,4.641,GOOD
171,2026-09-11,5,8.93,GOOD
171,2026-09-11,6,13.053,GOOD
171,2026-09-11,7,7.794,GOOD
171,2026-09-11,8,7.734,GOOD
171,2026-09-11,9,2.844,GOOD
171,2026-09-11,10,3.255,GOOD
171,2026-09-11,11,4.109,GOOD
171,2026-09-11,12,2.182,GOOD
171,2026-09-11,13,9.556,GOOD
171,2026-09-11,14,9.81,GOOD
171,2026-09-11,15,6.459,GOOD
171,2026-09-11,16,6.727,GOOD
171,2026-09-11,17,8.265,GOOD
171,2026-09-11,18,7.58,GOOD
171,2026-09-11,19,12.206,GOOD
171,2026-09-11,20,14.868,GOOD
171,2026-09-11,21,10.943,GOOD
171,2026-09-11,22,11.138,GOOD
171,2026-09-11,23,,
171,2026-09-11,24,12.477,GOOD
171,2026-09-12,1,13.069,GOOD
171,2026-09-12,2,11.221,GOOD
171,2026-09-12,3,11.622,GOOD
171,2026-09-12,4,13.605,GOOD
171,2026-09-12,5,14.118,GOOD
171,2026-09-12,6,21.227,GOOD
171,2026-09-12,7,19.954,GOOD
171,2026-09-12,8,,
171,2026-09-12,9,18.129,GOOD
171,2026-09-12,10,11.783,GOOD
171,2026-09-12,11,5.425,GOOD
171,2026-09-12,12,3.672,GOOD
171,2026-09-12,13,5.314,GOOD
171,2026-09-12,14,4.228,GOOD
171,2026-09-12,15,4.512,GOOD
171,2026-09-12,16,5.003,GOOD
171,2026-09-12,17,6.376,GOOD
171,2026-09-12,18,14.379,GOOD
171,2026-09-12,19,13.543,GOOD
171,2026-09-12,20,15.04,GOOD
171,2026-09-12,21,15.579,GOOD
171,2026-09-12,22,16.072,GOOD
171,2026-09-12,23,12.929,GOOD
171,2026-09-12,24,13.238,GOOD
171,2026-09-13,1,11.707,GOOD
171,2026-09-13,2,12.355,GOOD
171,2026-09-13,3,11.168,GOOD
171,2026-09-13,4,11.641,GOOD
171,2026-09-13,5,15.025,GOOD
171,2026-09-13,6,17.524,GOOD
171,2026-09-13,7,13.508,GOOD
171,2026-09-13,8,,
171,2026-09-13,9,2.028,GOOD
171,2026-09-13,10,10.881,GOOD
171,2026-09-13,11,18.61,GOOD
171,2026-09-13,12,16.836,GOOD
171,2026-09-13,13,13.087,GOOD
171,2026-09-13,14,7.103,GOOD
171,2026-09-13,15,4.207,GOOD
171,2026-09-13,16,5.984,GOOD
171,2026-09-13,17,9.435,GOOD
171,2026-09-13,18,10.61,GOOD
171,2026-09-13,19,10.511,GOOD
171,2026-09-13,20,8.598,GOOD
171,2026-09-13,21,8.953,GOOD
171,2026-09-13,22,13.035,GOOD
171,2026-09-13,23,13.677,GOOD
171,2026-09-13,24,9.487,GOOD
171,2026-09-14,1,10.866,GOOD
171,2026-09-14,2,12.601,GOOD
171,2026-09-14,3,11.743,GOOD
171,2026-09-14,4,11,GOOD
171,2026-09-14,5,15.142,GOOD
171,2026-09-14,6,19.557,GOOD
171,2026-09-14,7,14.095,GOOD
171,2026-09-14,8,9.652,GOOD
171,2026-09-14,9,12.479,GOOD
171,2026-09-14,10,18.827,GOOD
171,2026-09-14,11,17.119,GOOD
171,2026-09-14,12,14.996,GOOD
171,2026-09-14,13,10.29,GOOD
171,2026-09-14,14,10.814,GOOD
171,2026-09-14,15,7.109,GOOD
171,2026-09-14,16,4.511,GOOD
171,2026-09-14,17,3.251,GOOD
171,2026-09-14,18,6.417,GOOD
171,2026-09-14,19,8.659,GOOD
171,2026-09-14,20,8.457,GOOD
171,2026-09-14,21,11.964,GOOD
171,2026-09-14,22,12.238,GOOD
171,2026-09-14,23,9.034,GOOD
171,2026-09-14,24,6.06,GOOD
171,2026-09-15,1,9.789,GOOD
171,2026-09-15,2,8.67,GOOD
171,2026-09-15,3,11.081,GOOD
171,2026-09-15,4,10.977,GOOD
171,2026-09-15,5,11.519,GOOD
171,2026-09-15,6,14.1,GOOD
171,2026-09-15,7,10.842,GOOD
171,2026-09-15,8,7.502,GOOD
171,2026-09-15,9,2.973,GOOD
171,2026-09-15,10,1.393,GOOD
171,2026-09-15,11,,
171,2026-09-15,12,0.905,GOOD
171,2026-09-15,13,3.254,GOOD
171,2026-09-15,14,5.429,GOOD
171,2026-09-15,15,4.523,GOOD
171,2026-09-15,16,7.998,GOOD
171,2026-09-15,17,9.177,GOOD
171,2026-09-15,18,7.239,GOOD
171,2026-09-15,19,9.491,GOOD
171,2026-09-15,20,9.22,GOOD
171,2026-09-15,21,11.501,GOOD
171,2026-09-15,22,16.205,GOOD
171,2026-09-15,23,13.102,GOOD
171,2026-09-15,24,7.046,GOOD
171,2026-09-16,1,8.772,GOOD
171,2026-09-16,2,8.181,GOOD
171,2026-09-16,3,6.838,GOOD
171,2026-09-16,4,5.844,GOOD
171,2026-09-16,5,6.781,GOOD
171,2026-09-16,6,9.263,GOOD
171,2026-09-16,7,6.44,GOOD
171,2026-09-16,8,1.797,GOOD
171,2026-09-16,9,-1.502,GOOD
171,2026-09-16,10,-0.508,GOOD
171,2026-09-16,11,-0.051,GOOD
171,2026-09-16,12,-2.078,GOOD
171,2026-09-16,13,2.046,GOOD
171,2026-09-16,14,1.587,GOOD
171,2026-09-16,15,2.507,GOOD
171,2026-09-16,16,1.575,GOOD
171,2026-09-16,17,2.267,GOOD
171,2026-09-16,18,4.82,GOOD
171,2026-09-16,19,7.732,GOOD
171,2026-09-16,20,9.115,GOOD
171,2026-09-16,21,7.151,GOOD
171,2026-09-16,22,11.222,GOOD
171,2026-09-16,23,8.722,GOOD
171,2026-09-16,24,8.05,GOOD
171,2026-09-17,1,6.709,GOOD
171,2026-09-17,2,5.632,GOOD
171,2026-09-17,3,3.058,GOOD
171,2026-09-17,4,1.711,GOOD
171,2026-09-17,5,1.806,GOOD
171,2026-09-17,6,1.561,GOOD
171,2026-09-17,7,4.664,GOOD
171,2026-09-17,8,-0.589,GOOD
171,2026-09-17,9,0.197,GOOD
171,2026-09-17,10,-0.469,GOOD
171,2026-09-17,11,-2.142,GOOD
171,2026-09-17,12,-2.005,GOOD
171,2026-09-17,13,2.669,GOOD
171,2026-09-17,14,6.334,GOOD
171,2026-09-17,15,0.875,GOOD
171,2026-09-17,16,2.614,GOOD
171,2026-09-17,17,4.192,GOOD
171,2026-09-17,18,7.419,GOOD
171,2026-09-17,19,6.953,GOOD
171,2026-09-17,20,10.554,GOOD
171,2026-09-17,21,10.675,GOOD
171,2026-09-17,22,10.513,GOOD
171,2026-09-17,23,10.928,GOOD
171,2026-09-17,24,10.886,GOOD
171,2026-09-18,1,7.313,GOOD
171,2026-09-18,2,8.412,GOOD
171,2026-09-18,3,8.372,GOOD
171,2026-09-18,4,7.392,GOOD
171,2026-09-18,5,11.198,GOOD
171,2026-09-18,6,20.251,GOOD
171,2026-09-18,7,27.117,FAIR
171,2026-09-18,8,21.255,GOOD
171,2026-09-18,9,4.277,GOOD
171,2026-09-18,10,-2.116,GOOD
171,2026-09-18,11,-1.427,GOOD
171,2026-09-18,12,1.223,GOOD
171,2026-09-18,13,1.841,GOOD
171,2026-09-18,14,1.629,GOOD
171,2026-09-18,15,-1.691,GOOD
171,2026-09-18,16,3.373,GOOD
171,2026-09-18,17,24.058,GOOD
171,2026-09-18,18,35.296,FAIR
171,2026-09-18,19,30.787,FAIR
171,2026-09-18,20,21.181,GOOD
171,2026-09-18,21,16.083,GOOD
171,2026-09-18,22,12.035,GOOD
171,2026-09-18,23,15.271,GOOD
171,2026-09-18,24,16.12,GOOD
171,2026-09-19,1,19.473,GOOD
171,2026-09-19,2,16.299,GOOD
171,2026-09-19,3,12.325,GOOD
171,2026-09-19,4,9.008,GOOD
171,2026-09-19,5,8.031,GOOD
171,2026-09-19,6,11.295,GOOD
171,2026-09-19,7,10.794,GOOD
171,2026-09-19,8,7.163,GOOD
171,2026-09-19,9,3.006,GOOD
171,2026-09-19,10,0.481,GOOD
171,2026-09-19,11,-1.126,GOOD
171,2026-09-19,12,-4.461,GOOD
171,2026-09-19,13,-6.69,GOOD
171,2026-09-19,14,-3.822,GOOD
171,2026-09-19,15,-2.077,GOOD
171,2026-09-19,16,-0.063,GOOD
171,2026-09-19,17,0.482,GOOD
171,2026-09-19,18,8.556,GOOD
171,2026-09-19,19,8.027,GOOD
171,2026-09-19,20,5.007,GOOD
171,2026-09-19,21,9.248,GOOD
171,2026-09-19,22,10.389,GOOD
171,2026-09-19,23,8.726,GOOD
171,2026-09-19,24,8.345,GOOD
171,2026-09-20,1,7.744,GOOD
171,2026-09-20,2,7.71,GOOD
171,2026-09-20,3,6.878,GOOD
171,2026-09-20,4,6.926,GOOD
171,2026-09-20,5,3.233,GOOD
171,2026-09-20,6,2.201,GOOD
171,2026-09-20,7,5.798,GOOD
171,2026-09-20,8,3.292,GOOD
171,2026-09-20,9,16.973,GOOD
171,2026-09-20,10,10.863,GOOD
171,2026-09-20,11,2.887,GOOD
171,2026-09-20,12,-0.318,GOOD
171,2026-09-20,13,-4.665,GOOD
171,2026-09-20,14,-5.655,GOOD
171,2026-09-20,15,-1.523,GOOD
171,2026-09-20,16,-0.057,GOOD
171,2026-09-20,17,1.622,GOOD
171,2026-09-20,18,3.962,GOOD
171,2026-09-20,19,8.475,GOOD
171,2026-09-20,20,6.601,GOOD
171,2026-09-20,21,11.993,GOOD
171,2026-09-20,22,11.868,GOOD
171,2026-09-20,23,8.512,GOOD
171,2026-09-20,24,7.455,GOOD
171,2026-09-21,1,6.104,GOOD
171,2026-09-21,2,3.684,GOOD
171,2026-09-21,3,5.293,GOOD
171,2026-09-21,4,5.886,GOOD
171,2026-09-21,5,11.527,GOOD
171,2026-09-21,6,17.653,GOOD
171,2026-09-21,7,12.016,GOOD
171,2026-09-21,8,0.808,GOOD
171,2026-09-21,9,3.236,GOOD
171,2026-09-21,10,6.148,GOOD
171,2026-09-21,11,3.733,GOOD
171,2026-09-21,12,2.858,GOOD
171,2026-09-21,13,10.48,GOOD
171,2026-09-21,14,12.787,GOOD
171,2026-09-21,15,12.495,GOOD
171,2026-09-21,16,14.12,GOOD
171,2026-09-21,17,13.347,GOOD
171,2026-09-21,18,10.73,GOOD
171,2026-09-21,19,11.27,GOOD
171,2026-09-21,20,5.284,GOOD
171,2026-09-21,21,0.01,GOOD
171,2026-09-21,22,0.984,GOOD
171,2026-09-21,23,3.798,GOOD
171,2026-09-21,24,2.634,GOOD
171,2026-09-22,1,2.319,GOOD
171,2026-09-22,2,2.396,GOOD
171,2026-09-22,3,3.764,GOOD
171,2026-09-22,4,1.439,GOOD
171,2026-09-22,5,1.573,GOOD
171,2026-09-22,6,5.45,GOOD
171,2026-09-22,7,9.163,GOOD
171,2026-09-22,8,6.601,GOOD
171,2026-09-22,9,5.246,GOOD
171,2026-09-22,10,5.787,GOOD
171,2026-09-22,11,5.715,GOOD
171,2026-09-22,12,3.853,GOOD
171,2026-09-22,13,5.021,GOOD
171,2026-09-22,14,5,GOOD
171,2026-09-22,15,2.993,GOOD
171,2026-09-22,16,3.079,GOOD
171,2026-09-22,17,2.957,GOOD
171,2026-09-22,18,2.783,GOOD
171,2026-09-22,19,3.084,GOOD
171,2026-09-22,20,4.127,GOOD
171,2026-09-22,21,6.936,GOOD
171,2026-09-22,22,3.885,GOOD
171,2026-09-22,23,1.871,GOOD
171,2026-09-22,24,1.029,GOOD
171,2026-09-23,1,1.004,GOOD
171,2026-09-23,2,0.149,GOOD
171,2026-09-23,3,0.622,GOOD
171,2026-09-23,4,-0.22,GOOD
171,2026-09-23,5,-3.277,GOOD
171,2026-09-23,6,-3.163,GOOD
171,2026-09-23,7,-2.18,GOOD
171,2026-09-23,8,-0.368,GOOD
171,2026-09-23,9,-2.589,GOOD
171,2026-09-23,10,-2.266,GOOD
171,2026-09-23,11,-0.179,GOOD
171,2026-09-23,12,2.131,GOOD
171,2026-09-23,13,2.402,GOOD
171,2026-09-23,14,2.467,GOOD
171,2026-09-23,15,6.683,GOOD
171,2026-09-23,16,9.773,GOOD
171,2026-09-23,17,9.88,GOOD
171,2026-09-23,18,9.499,GOOD
171,2026-09-23,19,11.771,GOOD
171,2026-09-23,20,11.57,GOOD
171,2026-09-23,21,13.554,GOOD
171,2026-09-23,22,12.05,GOOD
171,2026-09-23,23,12.007,GOOD
171,2026-09-23,24,11.69,GOOD
171,2026-09-24,1,11.028,GOOD
171,2026-09-24,2,12.735,GOOD
171,2026-09-24,3,11.311,GOOD
171,2026-09-24,4,11.953,GOOD
171,2026-09-24,5,11.51,GOOD
171,2026-09-24,6,11.38,GOOD
171,2026-09-24,7,10.954,GOOD
171,2026-09-24,8,,
171,2026-09-24,9,-5.622,GOOD
171,2026-09-24,10,1.84,GOOD
171,2026-09-24,11,9.846,GOOD
171,2026-09-24,12,9.952,GOOD
171,2026-09-24,13,14.733,GOOD
171,2026-09-24,14,15.511,GOOD
171,2026-09-24,15,10.038,GOOD
171,2026-09-24,16,13.766,GOOD
171,2026-09-24,17,12.484,GOOD
171,2026-09-24,18,9.169,GOOD
171,2026-09-24,19,10.984,GOOD
171,2026-09-24,20,7.394,GOOD
171,2026-09-24,21,10.285,GOOD
171,2026-09-24,22,11.111,GOOD
171,2026-09-24,23,9.186,GOOD
171,2026-09-24,24,8.126,GOOD
171,2026-09-25,1,6.954,GOOD
171,2026-09-25,2,4.363,GOOD
171,2026-09-25,3,6.542,GOOD
171,2026-09-25,4,4.475,GOOD
171,2026-09-25,5,-1.482,GOOD
171,2026-09-25,6,-0.81,GOOD
171,2026-09-25,7,2.552,GOOD
171,2026-09-25,8,5.555,GOOD
171,2026-09-25,9,11.698,GOOD
171,2026-09-25,10,10.34,GOOD
171,2026-09-25,11,11.527,GOOD
171,2026-09-25,12,13.171,GOOD
171,2026-09-25,13,8.793,GOOD
171,2026-09-25,14,14.415,GOOD
171,2026-09-25,15,15.367,GOOD
171,2026-09-25,16,16.642,GOOD
171,2026-09-25,17,16.837,GOOD
171,2026-09-25,18,11.229,GOOD
171,2026-09-25,19,8.707,GOOD
171,2026-09-25,20,6.407,GOOD
171,2026-09-25,21,5.345,GOOD
171,2026-09-25,22,3.376,GOOD
171,2026-09-25,23,5.644,GOOD
171,2026-09-25,24,8.632,GOOD
171,2026-09-26,1,10.358,GOOD
171,2026-09-26,2,12.934,GOOD
171,2026-09-26,3,12.037,GOOD
171,2026-09-26,4,12.738,GOOD
171,2026-09-26,5,15.429,GOOD
171,2026-09-26,6,16.939,GOOD
171,2026-09-26,7,13.552,GOOD
171,2026-09-26,8,3.534,GOOD
171,2026-09-26,9,3.892,GOOD
171,2026-09-26,10,3.615,GOOD
171,2026-09-26,11,7.745,GOOD
171,2026-09-26,12,10.329,GOOD
171,2026-09-26,13,10.377,GOOD
171,2026-09-26,14,10.902,GOOD
171,2026-09-26,15,10.614,GOOD
171,2026-09-26,16,7.096,GOOD
171,2026-09-26,17,3.71,GOOD
171,2026-09-26,18,8.705,GOOD
171,2026-09-26,19,,
171,2026-09-26,20,,
171,2026-09-26,21,17.938,GOOD
171,2026-09-26,22,13.801,GOOD
171,2026-09-26,23,12.66,GOOD
171,2026-09-26,24,10.81,GOOD
171,2026-09-27,1,9.104,GOOD
171,2026-09-27,2,9.26,GOOD
171,2026-09-27,3,6.966,GOOD
171,2026-09-27,4,5.6,GOOD
171,2026-09-27,5,3.222,GOOD
171,2026-09-27,6,2.061,GOOD
171,2026-09-27,7,3.959,GOOD
171,2026-09-27,8,4.906,GOOD
171,2026-09-27,9,2.427,GOOD
171,2026-09-27,10,2.359,GOOD
171,2026-09-27,11,3.461,GOOD
171,2026-09-27,12,1.417,GOOD
171,2026-09-27,13,2.811,GOOD
171,2026-09-27,14,0.072,GOOD
171,2026-09-27,15,-0.679,GOOD
171,2026-09-27,16,2.665,GOOD
171,2026-09-27,17,3.806,GOOD
171,2026-09-27,18,1.696,GOOD
171,2026-09-27,19,3.556,GOOD
171,2026-09-27,20,3.795,GOOD
171,2026-09-27,21,6.313,GOOD
171,2026-09-27,22,8.789,GOOD
171,2026-09-27,23,4.448,GOOD
171,2026-09-27,24,2.849,GOOD
171,2026-09-28,1,2.878,GOOD
171,2026-09-28,2,1.359,GOOD
171,2026-09-28,3,2.745,GOOD
171,2026-09-28,4,1.264,GOOD
171,2026-09-28,5,3.786,GOOD
171,2026-09-28,6,1.187,GOOD
171,2026-09-28,7,3.457,GOOD
171,2026-09-28,8,3.088,GOOD
171,2026-09-28,9,0.998,GOOD
171,2026-09-28,10,3.473,GOOD
171,2026-09-28,11,2.701,GOOD
171,2026-09-28,12,2.132,GOOD
171,2026-09-28,13,2.665,GOOD
171,2026-09-28,14,6.997,GOOD
171,2026-09-28,15,3.867,GOOD
171,2026-09-28,16,3.728,GOOD
171,2026-09-28,17,5.519,GOOD
171,2026-09-28,18,6.79,GOOD
171,2026-09-28,19,4.764,GOOD
171,2026-09-28,20,3.2,GOOD
171,2026-09-28,21,1.964,GOOD
171,2026-09-28,22,3.104,GOOD
171,2026-09-28,23,4.728,GOOD
171,2026-09-28,24,2.47,GOOD
171,2026-09-29,1,3.354,GOOD
171,2026-09-29,2,5.026,GOOD
171,2026-09-29,3,3.816,GOOD
171,2026-09-29,4,3.397,GOOD
171,2026-09-29,5,8.404,GOOD
171,2026-09-29,6,8.99,GOOD
171,2026-09-29,7,4.353,GOOD
171,2026-09-29,8,-1.251,GOOD
171,2026-09-29,9,0.113,GOOD
171,2026-09-29,10,4.17,GOOD
171,2026-09-29,11,3.688,GOOD
171,2026-09-29,12,3.174,GOOD
171,2026-09-29,13,-4.521,GOOD
171,2026-09-29,14,-1.795,GOOD
171,2026-09-29,15,2.658,GOOD
171,2026-09-29,16,4.378,GOOD
171,2026-09-29,17,4.602,GOOD
171,2026-09-29,18,5.54,GOOD
171,2026-09-29,19,8.766,GOOD
171,2026-09-29,20,6.937,GOOD
171,2026-09-29,21,7.013,GOOD
171,2026-09-29,22,5.896,GOOD
171,2026-09-29,23,8.387,GOOD
171,2026-09-29,24,5.44,GOOD
171,2026-09-30,1,6.391,GOOD
171,2026-09-30,2,7.514,GOOD
171,2026-09-30,3,7.95,GOOD
171,2026-09-30,4,5.684,GOOD
171,2026-09-30,5,7.475,GOOD
171,2026-09-30,6,10.983,GOOD
171,2026-09-30,7,8.205,GOOD
171,2026-09-30,8,-2.949,GOOD
171,2026-09-30,9,-0.425,GOOD
171,2026-09-30,10,1.557,GOOD
171,2026-09-30,11,4.987,GOOD
171,2026-09-30,12,4.127,GOOD
171,2026-09-30,13,1.976,GOOD
171,2026-09-30,14,1.471,GOOD
171,2026-09-30,15,2.126,GOOD
171,2026-09-30,16,3.35,GOOD
171,2026-09-30,17,1.97,GOOD
171,2026-09-30,18,4.652,GOOD
171,2026-09-30,19,8.041,GOOD
171,2026-09-30,20,7.047,GOOD
171,2026-09-30,21,11.413,GOOD
171,2026-09-30,22,10.68,GOOD
171,2026-09-30,23,8.531,GOOD
171,2026-09-30,24,8.483,GOOD
259,2026-09-01,1,0.818,GOOD
259,2026-09-01,2,2.429,GOOD
259,2026-09-01,3,0.333,GOOD
259,2026-09-01,4,1.998,GOOD
259,2026-09-01,5,5.972,GOOD
259,2026-09-01,6,1.072,GOOD
259,2026-09-01,7,-0.243,GOOD
259,2026-09-01,8,,
259,2026-09-01,9,23.441,GOOD
259,2026-09-01,10,16.92,GOOD
259,2026-09-01,11,13.355,GOOD
259,2026-09-01,12,12.172,GOOD
259,2026-09-01,13,8.08,GOOD
259,2026-09-01,14,4.745,GOOD
259,2026-09-01,15,2.902,GOOD
259,2026-09-01,16,-0.887,GOOD
259,2026-09-01,17,0.503,GOOD
259,2026-09-01,18,2.553,GOOD
259,2026-09-01,19,2.253,GOOD
259,2026-09-01,20,3.457,GOOD
259,2026-09-01,21,7.12,GOOD
259,2026-09-01,22,10.984,GOOD
259,2026-09-01,23,11.128,GOOD
259,2026-09-01,24,7.931,GOOD
259,2026-09-02,1,7.488,GOOD
259,2026-09-02,2,9.371,GOOD
259,2026-09-02,3,5.104,GOOD
259,2026-09-02,4,1.915,GOOD
259,2026-09-02,5,7.004,GOOD
259,2026-09-02,6,9.19,GOOD
259,2026-09-02,7,14.878,GOOD
259,2026-09-02,8,13.149,GOOD
259,2026-09-02,9,5.241,GOOD
259,2026-09-02,10,6.799,GOOD
259,2026-09-02,11,7.304,GOOD
259,2026-09-02,12,4.228,GOOD
259,2026-09-02,13,4.899,GOOD
259,2026-09-02,14,4.732,GOOD
259,2026-09-02,15,0.659,GOOD
259,2026-09-02,16,-0.363,GOOD
259,2026-09-02,17,1.157,GOOD
259,2026-09-02,18,1.269,GOOD
259,2026-09-02,19,6.716,GOOD
259,2026-09-02,20,9.444,GOOD
259,2026-09-02,21,14.172,GOOD
259,2026-09-02,22,13.726,GOOD
259,2026-09-02,23,9.1,GOOD
259,2026-09-02,24,6.705,GOOD
259,2026-09-03,1,2.635,GOOD
259,2026-09-03,2,3.126,GOOD
259,2026-09-03,3,5.523,GOOD
259,2026-09-03,4,4.778,GOOD
259,2026-09-03,5,3.01,GOOD
259,2026-09-03,6,6.871,GOOD
259,2026-09-03,7,5.567,GOOD
259,2026-09-03,8,5.307,GOOD
259,2026-09-03,9,7.226,GOOD
259,2026-09-03,10,4.427,GOOD
259,2026-09-03,11,2.151,GOOD
259,2026-09-03,12,1.671,GOOD
259,2026-09-03,13,-2.753,GOOD
259,2026-09-03,14,-8.632,GOOD
259,2026-09-03,15,-5.615,GOOD
259,2026-09-03,16,-2.027,GOOD
259,2026-09-03,17,3.625,GOOD
259,2026-09-03,18,3.565,GOOD
259,2026-09-03,19,3.903,GOOD
259,2026-09-03,20,3.364,GOOD
259,2026-09-03,21,1.456,GOOD
259,2026-09-03,22,2.771,GOOD
259,2026-09-03,23,2.908,GOOD
259,2026-09-03,24,4.858,GOOD
259,2026-09-04,1,7.239,GOOD
259,2026-09-04,2,8.739,GOOD
259,2026-09-04,3,6.323,GOOD
259,2026-09-04,4,4.182,GOOD
259,2026-09-04,5,1.161,GOOD
259,2026-09-04,6,2.172,GOOD
259,2026-09-04,7,4.601,GOOD
259,2026-09-04,8,6.341,GOOD
259,2026-09-04,9,7.295,GOOD
259,2026-09-04,10,3.64,GOOD
259,2026-09-04,11,1.354,GOOD
259,2026-09-04,12,1.478,GOOD
259,2026-09-04,13,0.438,GOOD
259,2026-09-04,14,2.58,GOOD
259,2026-09-04,15,,
259,2026-09-04,16,7.253,GOOD
259,2026-09-04,17,10.225,GOOD
259,2026-09-04,18,11.225,GOOD
259,2026-09-04,19,10.786,GOOD
259,2026-09-04,20,6.829,GOOD
259,2026-09-04,21,10.186,GOOD
259,2026-09-04,22,16.328,GOOD
259,2026-09-04,23,12.422,GOOD
259,2026-09-04,24,9.163,GOOD
259,2026-09-05,1,5.172,GOOD
259,2026-09-05,2,4.91,GOOD
259,2026-09-05,3,2.301,GOOD
259,2026-09-05,4,4.259,GOOD
259,2026-09-05,5,0.34,GOOD
259,2026-09-05,6,2.355,GOOD
259,2026-09-05,7,3.483,GOOD
259,2026-09-05,8,7.458,GOOD
259,2026-09-05,9,9.354,GOOD
259,2026-09-05,10,6.806,GOOD
259,2026-09-05,11,-1.461,GOOD
259,2026-09-05,12,-0.78,GOOD
259,2026-09-05,13,2.793,GOOD
259,2026-09-05,14,5.569,GOOD
259,2026-09-05,15,2.233,GOOD
259,2026-09-05,16,3.065,GOOD
259,2026-09-05,17,4.244,GOOD
259,2026-09-05,18,,
259,2026-09-05,19,9.521,GOOD
259,2026-09-05,20,8.765,GOOD
259,2026-09-05,21,17.043,GOOD
259,2026-09-05,22,11.866,GOOD
259,2026-09-05,23,3.395,GOOD
259,2026-09-05,24,2.368,GOOD
259,2026-09-06,1,-0.064,GOOD
259,2026-09-06,2,3.568,GOOD
259,2026-09-06,3,0.946,GOOD
259,2026-09-06,4,-1.605,GOOD
259,2026-09-06,5,-2.791,GOOD
259,2026-09-06,6,-3.611,GOOD
259,2026-09-06,7,-1.436,GOOD
259,2026-09-06,8,0.712,GOOD
259,2026-09-06,9,4.832,GOOD
259,2026-09-06,10,2.99,GOOD
259,2026-09-06,11,2.996,GOOD
259,2026-09-06,12,1.82,GOOD
259,2026-09-06,13,3.234,GOOD
259,2026-09-06,14,4.315,GOOD
259,2026-09-06,15,4.012,GOOD
259,2026-09-06,16,4.048,GOOD
259,2026-09-06,17,5.231,GOOD
259,2026-09-06,18,6.111,GOOD
259,2026-09-06,19,7.361,GOOD
259,2026-09-06,20,7.974,GOOD
259,2026-09-06,21,13.803,GOOD
259,2026-09-06,22,9.813,GOOD
259,2026-09-06,23,6.115,GOOD
259,2026-09-06,24,3.55,GOOD
259,2026-09-07,1,2.045,GOOD
259,2026-09-07,2,3.563,GOOD
259,2026-09-07,3,4.849,GOOD
259,2026-09-07,4,2.236,GOOD
259,2026-09-07,5,5.142,GOOD
259,2026-09-07,6,6.449,GOOD
259,2026-09-07,7,1.831,GOOD
259,2026-09-07,8,4.176,GOOD
259,2026-09-07,9,10.325,GOOD
259,2026-09-07,10,10.036,GOOD
259,2026-09-07,11,6.266,GOOD
259,2026-09-07,12,-0.998,GOOD
259,2026-09-07,13,2.222,GOOD
259,2026-09-07,14,7.059,GOOD
259,2026-09-07,15,8.833,GOOD
259,2026-09-07,16,6.353,GOOD
259,2026-09-07,17,6.9,GOOD
259,2026-09-07,18,7.341,GOOD
259,2026-09-07,19,8.107,GOOD
259,2026-09-07,20,6.59,GOOD
259,2026-09-07,21,6.711,GOOD
259,2026-09-07,22,4.516,GOOD
259,2026-09-07,23,1.832,GOOD
259,2026-09-07,24,3.79,GOOD
259,2026-09-08,1,1.364,GOOD
259,2026-09-08,2,2.758,GOOD
259,2026-09-08,3,0.279,GOOD
259,2026-09-08,4,-0.258,GOOD
259,2026-09-08,5,4.064,GOOD
259,2026-09-08,6,8.933,GOOD
259,2026-09-08,7,4.534,GOOD
259,2026-09-08,8,1.198,GOOD
259,2026-09-08,9,3.617,GOOD
259,2026-09-08,10,3.182,GOOD
259,2026-09-08,11,6.831,GOOD
259,2026-09-08,12,9.934,GOOD
259,2026-09-08,13,5.796,GOOD
259,2026-09-08,14,3.771,GOOD
259,2026-09-08,15,5.363,GOOD
259,2026-09-08,16,-0.465,GOOD
259,2026-09-08,17,4.026,GOOD
259,2026-09-08,18,4.642,GOOD
259,2026-09-08,19,6.394,GOOD
259,2026-09-08,20,5.949,GOOD
259,2026-09-08,21,5.828,GOOD
259,2026-09-08,22,6.798,GOOD
259,2026-09-08,23,1.566,GOOD
259,2026-09-08,24,-1.106,GOOD
259,2026-09-09,1,0.433,GOOD
259,2026-09-09,2,-2.31,GOOD
259,2026-09-09,3,-4.038,GOOD
259,2026-09-09,4,-2.381,GOOD
259,2026-09-09,5,2.217,GOOD
259,2026-09-09,6,1.821,GOOD
259,2026-09-09,7,-3.308,GOOD
259,2026-09-09,8,4.847,GOOD
259,2026-09-09,9,13.761,GOOD
259,2026-09-09,10,13.707,GOOD
259,2026-09-09,11,11.795,GOOD
259,2026-09-09,12,5.909,GOOD
259,2026-09-09,13,5.762,GOOD
259,2026-09-09,14,6.162,GOOD
259,2026-09-09,15,12.446,GOOD
259,2026-09-09,16,9.746,GOOD
259,2026-09-09,17,8.495,GOOD
259,2026-09-09,18,6.412,GOOD
259,2026-09-09,19,4.673,GOOD
259,2026-09-09,20,2.922,GOOD
259,2026-09-09,21,7.387,GOOD
259,2026-09-09,22,7.878,GOOD
259,2026-09-09,23,3.413,GOOD
259,2026-09-09,24,1.587,GOOD
259,2026-09-10,1,3.299,GOOD
259,2026-09-10,2,2.693,GOOD
259,2026-09-10,3,4.753,GOOD
259,2026-09-10,4,4.283,GOOD
259,2026-09-10,5,-2.978,GOOD
259,2026-09-10,6,-3.192,GOOD
259,2026-09-10,7,3.068,GOOD
259,2026-09-10,8,6.926,GOOD
259,2026-09-10,9,7.961,GOOD
259,2026-09-10,10,11.313,GOOD
259,2026-09-10,11,11.689,GOOD
259,2026-09-10,12,10.883,GOOD
259,2026-09-10,13,6.845,GOOD
259,2026-09-10,14,8.135,GOOD
259,2026-09-10,15,9.269,GOOD
259,2026-09-10,16,7.526,GOOD
259,2026-09-10,17,8.731,GOOD
259,2026-09-10,18,8.185,GOOD
259,2026-09-10,19,7.785,GOOD
259,2026-09-10,20,6.631,GOOD
259,2026-09-10,21,9.876,GOOD
259,2026-09-10,22,7.407,GOOD
259,2026-09-10,23,2.602,GOOD
259,2026-09-10,24,1.378,GOOD
259,2026-09-11,1,0.886,GOOD
259,2026-09-11,2,-0.917,GOOD
259,2026-09-11,3,-0.174,GOOD
259,2026-09-11,4,1.178,GOOD
259,2026-09-11,5,5.817,GOOD
259,2026-09-11,6,5.757,GOOD
259,2026-09-11,7,4.127,GOOD
259,2026-09-11,8,8.557,GOOD
259,2026-09-11,9,15.274,GOOD
259,2026-09-11,10,12.583,GOOD
259,2026-09-11,11,10.812,GOOD
259,2026-09-11,12,9.02,GOOD
259,2026-09-11,13,6.141,GOOD
259,2026-09-11,14,4.521,GOOD
259,2026-09-11,15,5.498,GOOD
259,2026-09-11,16,5.013,GOOD
259,2026-09-11,17,5.947,GOOD
259,2026-09-11,18,9.098,GOOD
259,2026-09-11,19,8.011,GOOD
259,2026-09-11,20,7.81,GOOD
259,2026-09-11,21,14.766,GOOD
259,2026-09-11,22,17.339,GOOD
259,2026-09-11,23,8.002,GOOD
259,2026-09-11,24,5.624,GOOD
259,2026-09-12,1,1.651,GOOD
259,2026-09-12,2,2.389,GOOD
259,2026-09-12,3,2.452,GOOD
259,2026-09-12,4,2.679,GOOD
259,2026-09-12,5,1.476,GOOD
259,2026-09-12,6,0.981,GOOD
259,2026-09-12,7,2.302,GOOD
259,2026-09-12,8,6.216,GOOD
259,2026-09-12,9,13.217,GOOD
259,2026-09-12,10,17.538,GOOD
259,2026-09-12,11,15.833,GOOD
259,2026-09-12,12,13.591,GOOD
259,2026-09-12,13,13.416,GOOD
259,2026-09-12,14,13.733,GOOD
259,2026-09-12,15,10.867,GOOD
259,2026-09-12,16,8.042,GOOD
259,2026-09-12,17,6.212,GOOD
259,2026-09-12,18,7.959,GOOD
259,2026-09-12,19,3.302,GOOD
259,2026-09-12,20,5.884,GOOD
259,2026-09-12,21,7.636,GOOD
259,2026-09-12,22,13.65,GOOD
259,2026-09-12,23,9.469,GOOD
259,2026-09-12,24,4.572,GOOD
259,2026-09-13,1,2.807,GOOD
259,2026-09-13,2,1.842,GOOD
259,2026-09-13,3,-0.388,GOOD
259,2026-09-13,4,0.416,GOOD
259,2026-09-13,5,-0.393,GOOD
259,2026-09-13,6,2.725,GOOD
259,2026-09-13,7,2.431,GOOD
259,2026-09-13,8,,
259,2026-09-13,9,16.568,GOOD
259,2026-09-13,10,20.35,GOOD
259,2026-09-13,11,14.359,GOOD
259,2026-09-13,12,10.445,GOOD
259,2026-09-13,13,18.117,GOOD
259,2026-09-13,14,22.62,GOOD
259,2026-09-13,15,12.928,GOOD
259,2026-09-13,16,7.106,GOOD
259,2026-09-13,17,7.201,GOOD
259,2026-09-13,18,2.7,GOOD
259,2026-09-13,19,2.383,GOOD
259,2026-09-13,20,2.32,GOOD
259,2026-09-13,21,0.875,GOOD
259,2026-09-13,22,1.189,GOOD
259,2026-09-13,23,3.879,GOOD
259,2026-09-13,24,2.16,GOOD
259,2026-09-14,1,0.686,GOOD
259,2026-09-14,2,1.208,GOOD
259,2026-09-14,3,2.012,GOOD
259,2026-09-14,4,2.388,GOOD
259,2026-09-14,5,5.783,GOOD
259,2026-09-14,6,6.993,GOOD
259,2026-09-14,7,,
259,2026-09-14,8,,
259,2026-09-14,9,20.677,GOOD
259,2026-09-14,10,19.518,GOOD
259,2026-09-14,11,18.097,GOOD
259,2026-09-14,12,13.933,GOOD
259,2026-09-14,13,12.531,GOOD
259,2026-09-14,14,,
259,2026-09-14,15,,
259,2026-09-14,16,8.811,GOOD
259,2026-09-14,17,15.562,GOOD
259,2026-09-14,18,11.493,GOOD
259,2026-09-14,19,12.607,GOOD
259,2026-09-14,20,10.24,GOOD
259,2026-09-14,21,9.395,GOOD
259,2026-09-14,22,9.091,GOOD
259,2026-09-14,23,9.292,GOOD
259,2026-09-14,24,15.523,GOOD
259,2026-09-15,1,15.351,GOOD
259,2026-09-15,2,20.535,GOOD
259,2026-09-15,3,15.363,GOOD
259,2026-09-15,4,18.666,GOOD
259,2026-09-15,5,17.526,GOOD
259,2026-09-15,6,25.228,FAIR
259,2026-09-15,7,,
259,2026-09-15,8,,
259,2026-09-15,9,23.942,GOOD
259,2026-09-15,10,16.763,GOOD
259,2026-09-15,11,14.03,GOOD
259,2026-09-15,12,9.445,GOOD
259,2026-09-15,13,6.757,GOOD
259,2026-09-15,14,4.951,GOOD
259,2026-09-15,15,1.904,GOOD
259,2026-09-15,16,9.686,GOOD
259,2026-09-15,17,11.683,GOOD
259,2026-09-15,18,12.661,GOOD
259,2026-09-15,19,11.464,GOOD
259,2026-09-15,20,11.074,GOOD
259,2026-09-15,21,12.856,GOOD
259,2026-09-15,22,12.925,GOOD
259,2026-09-15,23,7.933,GOOD
259,2026-09-15,24,1.958,GOOD
259,2026-09-16,1,0.448,GOOD
259,2026-09-16,2,-1.924,GOOD
259,2026-09-16,3,-3.604,GOOD
259,2026-09-16,4,-1.711,GOOD
259,2026-09-16,5,-2.524,GOOD
259,2026-09-16,6,-2.796,GOOD
259,2026-09-16,7,-7.735,GOOD
259,2026-09-16,8,,
259,2026-09-16,9,-8.958,GOOD
259,2026-09-16,10,1.664,GOOD
259,2026-09-16,11,5.545,GOOD
259,2026-09-16,12,4.896,GOOD
259,2026-09-16,13,8.068,GOOD
259,2026-09-16,14,11.449,GOOD
259,2026-09-16,15,9.319,GOOD
259,2026-09-16,16,8.72,GOOD
259,2026-09-16,17,7.518,GOOD
259,2026-09-16,18,4.559,GOOD
259,2026-09-16,19,3.367,GOOD
259,2026-09-16,20,5.501,GOOD
259,2026-09-16,21,5.8,GOOD
259,2026-09-16,22,8.794,GOOD
259,2026-09-16,23,7.731,GOOD
259,2026-09-16,24,7.203,GOOD
259,2026-09-17,1,3.551,GOOD
259,2026-09-17,2,3.034,GOOD
259,2026-09-17,3,4.299,GOOD
259,2026-09-17,4,2.229,GOOD
259,2026-09-17,5,2.163,GOOD
259,2026-09-17,6,7.656,GOOD
259,2026-09-17,7,5.483,GOOD
259,2026-09-17,8,6.556,GOOD
259,2026-09-17,9,3.923,GOOD
259,2026-09-17,10,6.676,GOOD
259,2026-09-17,11,8.851,GOOD
259,2026-09-17,12,9.613,GOOD
259,2026-09-17,13,11.167,GOOD
259,2026-09-17,14,9.422,GOOD
259,2026-09-17,15,9.487,GOOD
259,2026-09-17,16,8.08,GOOD
259,2026-09-17,17,9.425,GOOD
259,2026-09-17,18,5.828,GOOD
259,2026-09-17,19,4.417,GOOD
259,2026-09-17,20,4.374,GOOD
259,2026-09-17,21,3.487,GOOD
259,2026-09-17,22,3.151,GOOD
259,2026-09-17,23,2.722,GOOD
259,2026-09-17,24,3.307,GOOD
259,2026-09-18,1,1.117,GOOD
259,2026-09-18,2,-0.684,GOOD
259,2026-09-18,3,-1.11,GOOD
259,2026-09-18,4,-5.49,GOOD
259,2026-09-18,5,-5.41,GOOD
259,2026-09-18,6,-1.378,GOOD
259,2026-09-18,7,-2.09,GOOD
259,2026-09-18,8,,
259,2026-09-18,9,18.149,GOOD
259,2026-09-18,10,16.771,GOOD
259,2026-09-18,11,11.629,GOOD
259,2026-09-18,12,5.372,GOOD
259,2026-09-18,13,2.471,GOOD
259,2026-09-18,14,10.705,GOOD
259,2026-09-18,15,8.624,GOOD
259,2026-09-18,16,8.667,GOOD
259,2026-09-18,17,10.491,GOOD
259,2026-09-18,18,11.517,GOOD
259,2026-09-18,19,14.308,GOOD
259,2026-09-18,20,12.763,GOOD
259,2026-09-18,21,13.474,GOOD
259,2026-09-18,22,10.085,GOOD
259,2026-09-18,23,5.995,GOOD
259,2026-09-18,24,0.778,GOOD
259,2026-09-19,1,-6.761,GOOD
259,2026-09-19,2,-9.975,GOOD
259,2026-09-19,3,-5.9,GOOD
259,2026-09-19,4,-3.077,GOOD
259,2026-09-19,5,-5.446,GOOD
259,2026-09-19,6,-7.751,GOOD
259,2026-09-19,7,-2.108,GOOD
259,2026-09-19,8,5.441,GOOD
259,2026-09-19,9,12.001,GOOD
259,2026-09-19,10,9.609,GOOD
259,2026-09-19,11,6.64,GOOD
259,2026-09-19,12,6.938,GOOD
259,2026-09-19,13,5.409,GOOD
259,2026-09-19,14,3.264,GOOD
259,2026-09-19,15,3.024,GOOD
259,2026-09-19,16,1.804,GOOD
259,2026-09-19,17,3.71,GOOD
259,2026-09-19,18,4.344,GOOD
259,2026-09-19,19,4.601,GOOD
259,2026-09-19,20,6.895,GOOD
259,2026-09-19,21,10.264,GOOD
259,2026-09-19,22,10.806,GOOD
259,2026-09-19,23,3.023,GOOD
259,2026-09-19,24,-1.173,GOOD
259,2026-09-20,1,1.236,GOOD
259,2026-09-20,2,3.047,GOOD
259,2026-09-20,3,0.886,GOOD
259,2026-09-20,4,3.077,GOOD
259,2026-09-20,5,3.108,GOOD
259,2026-09-20,6,5.43,GOOD
259,2026-09-20,7,9.662,GOOD
259,2026-09-20,8,10.617,GOOD
259,2026-09-20,9,9.641,GOOD
259,2026-09-20,10,4.209,GOOD
259,2026-09-20,11,-2.113,GOOD
259,2026-09-20,12,4.211,GOOD
259,2026-09-20,13,8.465,GOOD
259,2026-09-20,14,6.737,GOOD
259,2026-09-20,15,2.399,GOOD
259,2026-09-20,16,0.973,GOOD
259,2026-09-20,17,,
259,2026-09-20,18,,
259,2026-09-20,19,21.324,GOOD
259,2026-09-20,20,18.628,GOOD
259,2026-09-20,21,15.559,GOOD
259,2026-09-20,22,11.065,GOOD
259,2026-09-20,23,-2.661,GOOD
259,2026-09-20,24,-9.054,GOOD
259,2026-09-21,1,-9.815,GOOD
259,2026-09-21,2,-5.767,GOOD
259,2026-09-21,3,-2.467,GOOD
259,2026-09-21,4,-0.61,GOOD
259,2026-09-21,5,6.461,GOOD
259,2026-09-21,6,12.646,GOOD
259,2026-09-21,7,10.78,GOOD
259,2026-09-21,8,8.668,GOOD
259,2026-09-21,9,8.832,GOOD
259,2026-09-21,10,9.312,GOOD
259,2026-09-21,11,7.378,GOOD
259,2026-09-21,12,7.683,GOOD
259,2026-09-21,13,,
259,2026-09-21,14,,
259,2026-09-21,15,29.588,FAIR
259,2026-09-21,16,23.171,GOOD
259,2026-09-21,17,18.985,GOOD
259,2026-09-21,18,19.112,GOOD
259,2026-09-21,19,15.328,GOOD
259,2026-09-21,20,12.135,GOOD
259,2026-09-21,21,13.499,GOOD
259,2026-09-21,22,12.391,GOOD
259,2026-09-21,23,10.681,GOOD
259,2026-09-21,24,7.738,GOOD
259,2026-09-22,1,5.81,GOOD
259,2026-09-22,2,3.369,GOOD
259,2026-09-22,3,5.541,GOOD
259,2026-09-22,4,4.062,GOOD
259,2026-09-22,5,-0.466,GOOD
259,2026-09-22,6,0.717,GOOD
259,2026-09-22,7,3.846,GOOD
259,2026-09-22,8,3.643,GOOD
259,2026-09-22,9,3.994,GOOD
259,2026-09-22,10,6.815,GOOD
259,2026-09-22,11,9.135,GOOD
259,2026-09-22,12,12.587,GOOD
259,2026-09-22,13,6.489,GOOD
259,2026-09-22,14,1.661,GOOD
259,2026-09-22,15,2.816,GOOD
259,2026-09-22,16,2.426,GOOD
259,2026-09-22,17,2.053,GOOD
259,2026-09-22,18,1.745,GOOD
259,2026-09-22,19,0.541,GOOD
259,2026-09-22,20,3.378,GOOD
259,2026-09-22,21,2.385,GOOD
259,2026-09-22,22,1.69,GOOD
259,2026-09-22,23,1.464,GOOD
259,2026-09-22,24,0.251,GOOD
259,2026-09-23,1,0.659,GOOD
259,2026-09-23,2,-0.553,GOOD
259,2026-09-23,3,-0.406,GOOD
259,2026-09-23,4,-1.705,GOOD
259,2026-09-23,5,-1.127,GOOD
259,2026-09-23,6,2.845,GOOD
259,2026-09-23,7,0.816,GOOD
259,2026-09-23,8,1.48,GOOD
259,2026-09-23,9,6.882,GOOD
259,2026-09-23,10,9.13,GOOD
259,2026-09-23,11,9.618,GOOD
259,2026-09-23,12,6.152,GOOD
259,2026-09-23,13,7.627,GOOD
259,2026-09-23,14,9.311,GOOD
259,2026-09-23,15,10.45,GOOD
259,2026-09-23,16,15.585,GOOD
259,2026-09-23,17,10.69,GOOD
259,2026-09-23,18,8.849,GOOD
259,2026-09-23,19,9.053,GOOD
259,2026-09-23,20,4.782,GOOD
259,2026-09-23,21,4.253,GOOD
259,2026-09-23,22,2.662,GOOD
259,2026-09-23,23,4.983,GOOD
259,2026-09-23,24,4.38,GOOD
259,2026-09-24,1,3.968,GOOD
259,2026-09-24,2,2.695,GOOD
259,2026-09-24,3,1.506,GOOD
259,2026-09-24,4,5.968,GOOD
259,2026-09-24,5,5.134,GOOD
259,2026-09-24,6,12.024,GOOD
259,2026-09-24,7,16.752,GOOD
259,2026-09-24,8,14.177,GOOD
259,2026-09-24,9,16.897,GOOD
259,2026-09-24,10,14.638,GOOD
259,2026-09-24,11,12.649,GOOD
259,2026-09-24,12,8.917,GOOD
259,2026-09-24,13,8.103,GOOD
259,2026-09-24,14,4.174,GOOD
259,2026-09-24,15,4.444,GOOD
259,2026-09-24,16,5.328,GOOD
259,2026-09-24,17,5.015,GOOD
259,2026-09-24,18,3.839,GOOD
259,2026-09-24,19,4.862,GOOD
259,2026-09-24,20,4.057,GOOD
259,2026-09-24,21,1.789,GOOD
259,2026-09-24,22,3.495,GOOD
259,2026-09-24,23,3.014,GOOD
259,2026-09-24,24,3.498,GOOD
259,2026-09-25,1,1.116,GOOD
259,2026-09-25,2,0.517,GOOD
259,2026-09-25,3,-2.345,GOOD
259,2026-09-25,4,-2.562,GOOD
259,2026-09-25,5,2.491,GOOD
259,2026-09-25,6,0.483,GOOD
259,2026-09-25,7,1.732,GOOD
259,2026-09-25,8,5.638,GOOD
259,2026-09-25,9,11.899,GOOD
259,2026-09-25,10,14.688,GOOD
259,2026-09-25,11,13.808,GOOD
259,2026-09-25,12,14.222,GOOD
259,2026-09-25,13,17.578,GOOD
259,2026-09-25,14,15.209,GOOD
259,2026-09-25,15,10.525,GOOD
259,2026-09-25,16,9.919,GOOD
259,2026-09-25,17,5.825,GOOD
259,2026-09-25,18,5.465,GOOD
259,2026-09-25,19,4.778,GOOD
259,2026-09-25,20,4.857,GOOD
259,2026-09-25,21,10.75,GOOD
259,2026-09-25,22,13.621,GOOD
259,2026-09-25,23,10.618,GOOD
259,2026-09-25,24,7.39,GOOD
259,2026-09-26,1,5.437,GOOD
259,2026-09-26,2,3.066,GOOD
259,2026-09-26,3,3.09,GOOD
259,2026-09-26,4,-0.709,GOOD
259,2026-09-26,5,-7.328,GOOD
259,2026-09-26,6,-1.069,GOOD
259,2026-09-26,7,1.898,GOOD
259,2026-09-26,8,,
259,2026-09-26,9,13.785,GOOD
259,2026-09-26,10,16.674,GOOD
259,2026-09-26,11,13.692,GOOD
259,2026-09-26,12,13.934,GOOD
259,2026-09-26,13,9.645,GOOD
259,2026-09-26,14,4.262,GOOD
259,2026-09-26,15,-0.297,GOOD
259,2026-09-26,16,0.741,GOOD
259,2026-09-26,17,2.348,GOOD
259,2026-09-26,18,9.577,GOOD
259,2026-09-26,19,11.688,GOOD
259,2026-09-26,20,9.248,GOOD
259,2026-09-26,21,17.113,GOOD
259,2026-09-26,22,21.945,GOOD
259,2026-09-26,23,16.68,GOOD
259,2026-09-26,24,12.225,GOOD
259,2026-09-27,1,8.541,GOOD
259,2026-09-27,2,4.975,GOOD
259,2026-09-27,3,2.795,GOOD
259,2026-09-27,4,0.54,GOOD
259,2026-09-27,5,-2.604,GOOD
259,2026-09-27,6,1.122,GOOD
259,2026-09-27,7,3.789,GOOD
259,2026-09-27,8,3.725,GOOD
259,2026-09-27,9,4.032,GOOD
259,2026-09-27,10,4.645,GOOD
259,2026-09-27,11,2.461,GOOD
259,2026-09-27,12,-0.334,GOOD
259,2026-09-27,13,4.018,GOOD
259,2026-09-27,14,9.511,GOOD
259,2026-09-27,15,5.654,GOOD
259,2026-09-27,16,5.229,GOOD
259,2026-09-27,17,4.3,GOOD
259,2026-09-27,18,2.951,GOOD
259,2026-09-27,19,3.812,GOOD
259,2026-09-27,20,-1.036,GOOD
259,2026-09-27,21,-0.854,GOOD
259,2026-09-27,22,0.206,GOOD
259,2026-09-27,23,3.846,GOOD
259,2026-09-27,24,3.161,GOOD
259,2026-09-28,1,-0.081,GOOD
259,2026-09-28,2,-2.179,GOOD
259,2026-09-28,3,1.391,GOOD
259,2026-09-28,4,0.988,GOOD
259,2026-09-28,5,6.904,GOOD
259,2026-09-28,6,9.479,GOOD
259,2026-09-28,7,3.862,GOOD
259,2026-09-28,8,3.272,GOOD
259,2026-09-28,9,5.176,GOOD
259,2026-09-28,10,7.384,GOOD
259,2026-09-28,11,5.442,GOOD
259,2026-09-28,12,-3.329,GOOD
259,2026-09-28,13,-9.101,GOOD
259,2026-09-28,14,-4.753,GOOD
259,2026-09-28,15,-2.449,GOOD
259,2026-09-28,16,-0.558,GOOD
259,2026-09-28,17,-0.685,GOOD
259,2026-09-28,18,0.851,GOOD
259,2026-09-28,19,0.141,GOOD
259,2026-09-28,20,3.36,GOOD
259,2026-09-28,21,4.468,GOOD
259,2026-09-28,22,7.245,GOOD
259,2026-09-28,23,5.851,GOOD
259,2026-09-28,24,8.149,GOOD
259,2026-09-29,1,6.474,GOOD
259,2026-09-29,2,6.483,GOOD
259,2026-09-29,3,3.843,GOOD
259,2026-09-29,4,2.353,GOOD
259,2026-09-29,5,-0.796,GOOD
259,2026-09-29,6,2.451,GOOD
259,2026-09-29,7,3.367,GOOD
259,2026-09-29,8,4.127,GOOD
259,2026-09-29,9,4.477,GOOD
259,2026-09-29,10,3.152,GOOD
259,2026-09-29,11,-4.223,GOOD
259,2026-09-29,12,-6.531,GOOD
259,2026-09-29,13,-7.707,GOOD
259,2026-09-29,14,-4.67,GOOD
259,2026-09-29,15,3.957,GOOD
259,2026-09-29,16,2.214,GOOD
259,2026-09-29,17,2.758,GOOD
259,2026-09-29,18,4.873,GOOD
259,2026-09-29,19,4.209,GOOD
259,2026-09-29,20,-0.38,GOOD
259,2026-09-29,21,-3.063,GOOD
259,2026-09-29,22,-1.464,GOOD
259,2026-09-29,23,2.708,GOOD
259,2026-09-29,24,2.728,GOOD
259,2026-09-30,1,3.529,GOOD
259,2026-09-30,2,0.723,GOOD
259,2026-09-30,3,-1.029,GOOD
259,2026-09-30,4,0.468,GOOD
259,2026-09-30,5,-2.391,GOOD
259,2026-09-30,6,-0.182,GOOD
259,2026-09-30,7,3.408,GOOD
259,2026-09-30,8,9.924,GOOD
259,2026-09-30,9,11.364,GOOD
259,2026-09-30,10,10.007,GOOD
259,2026-09-30,11,6.652,GOOD
259,2026-09-30,12,6.141,GOOD
259,2026-09-30,13,4.173,GOOD
259,2026-09-30,14,4.441,GOOD
259,2026-09-30,15,5.11,GOOD
259,2026-09-30,16,8.436,GOOD
259,2026-09-30,17,4.322,GOOD
259,2026-09-30,18,3.135,GOOD
259,2026-09-30,19,1.152,GOOD
259,2026-09-30,20,2.623,GOOD
259,2026-09-30,21,4.893,GOOD
259,2026-09-30,22,1.874,GOOD
259,2026-09-30,23,5.787,GOOD
259,2026-09-30,24,4.438,GOOD
206,2026-09-01,1,8.797,GOOD
206,2026-09-01,2,9.63,GOOD
206,2026-09-01,3,10.016,GOOD
206,2026-09-01,4,11.616,GOOD
206,2026-09-01,5,12.05,GOOD
206,2026-09-01,6,13.43,GOOD
206,2026-09-01,7,13.395,GOOD
206,2026-09-01,8,15.421,GOOD
206,2026-09-01,9,21.12,GOOD
206,2026-09-01,10,17.702,GOOD
206,2026-09-01,11,11.803,GOOD
206,2026-09-01,12,8.435,GOOD
206,2026-09-01,13,6.624,GOOD
206,2026-09-01,14,7.042,GOOD
206,2026-09-01,15,7.522,GOOD
206,2026-09-01,16,5.161,GOOD
206,2026-09-01,17,6.174,GOOD
206,2026-09-01,18,4.046,GOOD
206,2026-09-01,19,2.46,GOOD
206,2026-09-01,20,4.005,GOOD
206,2026-09-01,21,2.894,GOOD
206,2026-09-01,22,3.847,GOOD
206,2026-09-01,23,1.439,GOOD
206,2026-09-01,24,4.138,GOOD
206,2026-09-02,1,5.344,GOOD
206,2026-09-02,2,4.692,GOOD
206,2026-09-02,3,6.374,GOOD
206,2026-09-02,4,7.56,GOOD
206,2026-09-02,5,7.09,GOOD
206,2026-09-02,6,8.045,GOOD
206,2026-09-02,7,11.241,GOOD
206,2026-09-02,8,8.278,GOOD
206,2026-09-02,9,11.724,GOOD
206,2026-09-02,10,6.273,GOOD
206,2026-09-02,11,3.334,GOOD
206,2026-09-02,12,,
206,2026-09-02,13,13.19,GOOD
206,2026-09-02,14,10.215,GOOD
206,2026-09-02,15,6.83,GOOD
206,2026-09-02,16,4.839,GOOD
206,2026-09-02,17,4.492,GOOD
206,2026-09-02,18,2.371,GOOD
206,2026-09-02,19,0.363,GOOD
206,2026-09-02,20,4.44,GOOD
206,2026-09-02,21,5.683,GOOD
206,2026-09-02,22,7.269,GOOD
206,2026-09-02,23,8.953,GOOD
206,2026-09-02,24,9.434,GOOD
206,2026-09-03,1,8.159,GOOD
206,2026-09-03,2,11.658,GOOD
206,2026-09-03,3,8.42,GOOD
206,2026-09-03,4,1.308,GOOD
206,2026-09-03,5,-8.703,GOOD
206,2026-09-03,6,-3.012,GOOD
206,2026-09-03,7,0.593,GOOD
206,2026-09-03,8,3.05,GOOD
206,2026-09-03,9,5.233,GOOD
206,2026-09-03,10,3.384,GOOD
206,2026-09-03,11,4.49,GOOD
206,2026-09-03,12,6.678,GOOD
206,2026-09-03,13,6.913,GOOD
206,2026-09-03,14,8.545,GOOD
206,2026-09-03,15,5.326,GOOD
206,2026-09-03,16,4.564,GOOD
206,2026-09-03,17,2.224,GOOD
206,2026-09-03,18,0.168,GOOD
206,2026-09-03,19,3.144,GOOD
206,2026-09-03,20,1.094,GOOD
206,2026-09-03,21,3.627,GOOD
206,2026-09-03,22,5.977,GOOD
206,2026-09-03,23,5.078,GOOD
206,2026-09-03,24,2.689,GOOD
206,2026-09-04,1,1.096,GOOD
206,2026-09-04,2,2.827,GOOD
206,2026-09-04,3,1.806,GOOD
206,2026-09-04,4,3.631,GOOD
206,2026-09-04,5,3.584,GOOD
206,2026-09-04,6,2.796,GOOD
206,2026-09-04,7,1.517,GOOD
206,2026-09-04,8,5.432,GOOD
206,2026-09-04,9,4.199,GOOD
206,2026-09-04,10,4.401,GOOD
206,2026-09-04,11,4.219,GOOD
206,2026-09-04,12,,
206,2026-09-04,13,,
206,2026-09-04,14,,
206,2026-09-04,15,,
206,2026-09-04,16,,
206,2026-09-04,17,,
206,2026-09-04,18,15.426,GOOD
206,2026-09-04,19,10.841,GOOD
206,2026-09-04,20,8.473,GOOD
206,2026-09-04,21,13.272,GOOD
206,2026-09-04,22,14.371,GOOD
206,2026-09-04,23,14.013,GOOD
206,2026-09-04,24,12.397,GOOD
206,2026-09-05,1,13.122,GOOD
206,2026-09-05,2,12.517,GOOD
206,2026-09-05,3,16.12,GOOD
206,2026-09-05,4,15.192,GOOD
206,2026-09-05,5,17.229,GOOD
206,2026-09-05,6,15.512,GOOD
206,2026-09-05,7,13.951,GOOD
206,2026-09-05,8,11.728,GOOD
206,2026-09-05,9,10.775,GOOD
206,2026-09-05,10,5.713,GOOD
206,2026-09-05,11,1.42,GOOD
206,2026-09-05,12,0.057,GOOD
206,2026-09-05,13,3.344,GOOD
206,2026-09-05,14,8.647,GOOD
206,2026-09-05,15,4.458,GOOD
206,2026-09-05,16,4.562,GOOD
206,2026-09-05,17,,
206,2026-09-05,18,7.628,GOOD
206,2026-09-05,19,3.071,GOOD
206,2026-09-05,20,5.564,GOOD
206,2026-09-05,21,5.832,GOOD
206,2026-09-05,22,2.898,GOOD
206,2026-09-05,23,3.718,GOOD
206,2026-09-05,24,5.758,GOOD
206,2026-09-06,1,6.161,GOOD
206,2026-09-06,2,6.459,GOOD
206,2026-09-06,3,5.149,GOOD
206,2026-09-06,4,6.602,GOOD
206,2026-09-06,5,5.972,GOOD
206,2026-09-06,6,7.048,GOOD
206,2026-09-06,7,7.38,GOOD
206,2026-09-06,8,4.529,GOOD
206,2026-09-06,9,4.596,GOOD
206,2026-09-06,10,2.272,GOOD
206,2026-09-06,11,0.478,GOOD
206,2026-09-06,12,-1.934,GOOD
206,2026-09-06,13,-9.549,GOOD
206,2026-09-06,14,-6.635,GOOD
206,2026-09-06,15,0.235,GOOD
206,2026-09-06,16,1.609,GOOD
206,2026-09-06,17,2.858,GOOD
206,2026-09-06,18,5.395,GOOD
206,2026-09-06,19,6.688,GOOD
206,2026-09-06,20,7.094,GOOD
206,2026-09-06,21,8.069,GOOD
206,2026-09-06,22,9.979,GOOD
206,2026-09-06,23,5.675,GOOD
206,2026-09-06,24,4.921,GOOD
206,2026-09-07,1,5.536,GOOD
206,2026-09-07,2,5.433,GOOD
206,2026-09-07,3,4.988,GOOD
206,2026-09-07,4,4.358,GOOD
206,2026-09-07,5,11.103,GOOD
206,2026-09-07,6,9.746,GOOD
206,2026-09-07,7,3.612,GOOD
206,2026-09-07,8,3.774,GOOD
206,2026-09-07,9,7.081,GOOD
206,2026-09-07,10,4.449,GOOD
206,2026-09-07,11,4.828,GOOD
206,2026-09-07,12,4.003,GOOD
206,2026-09-07,13,6.255,GOOD
206,2026-09-07,14,9.343,GOOD
206,2026-09-07,15,6.282,GOOD
206,2026-09-07,16,7.135,GOOD
206,2026-09-07,17,5.794,GOOD
206,2026-09-07,18,7.991,GOOD
206,2026-09-07,19,7.45,GOOD
206,2026-09-07,20,6.419,GOOD
206,2026-09-07,21,6.873,GOOD
206,2026-09-07,22,7.027,GOOD
206,2026-09-07,23,3.941,GOOD
206,2026-09-07,24,6.593,GOOD
206,2026-09-08,1,7,GOOD
206,2026-09-08,2,9.425,GOOD
206,2026-09-08,3,5.763,GOOD
206,2026-09-08,4,4.191,GOOD
206,2026-09-08,5,4.521,GOOD
206,2026-09-08,6,7.008,GOOD
206,2026-09-08,7,7.49,GOOD
206,2026-09-08,8,4.534,GOOD
206,2026-09-08,9,2.882,GOOD
206,2026-09-08,10,5.261,GOOD
206,2026-09-08,11,4.043,GOOD
206,2026-09-08,12,7.036,GOOD
206,2026-09-08,13,6.843,GOOD
206,2026-09-08,14,6.734,GOOD
206,2026-09-08,15,6.06,GOOD
206,2026-09-08,16,5.674,GOOD
206,2026-09-08,17,7.043,GOOD
206,2026-09-08,18,6.575,GOOD
206,2026-09-08,19,5.35,GOOD
206,2026-09-08,20,7,GOOD
206,2026-09-08,21,2.238,GOOD
206,2026-09-08,22,5.366,GOOD
206,2026-09-08,23,8.142,GOOD
206,2026-09-08,24,9.773,GOOD
206,2026-09-09,1,5.829,GOOD
206,2026-09-09,2,9.686,GOOD
206,2026-09-09,3,7.498,GOOD
206,2026-09-09,4,6.492,GOOD
206,2026-09-09,5,9.068,GOOD
206,2026-09-09,6,9.012,GOOD
206,2026-09-09,7,7.645,GOOD
206,2026-09-09,8,6.614,GOOD
206,2026-09-09,9,6.021,GOOD
206,2026-09-09,10,7.958,GOOD
206,2026-09-09,11,6.04,GOOD
206,2026-09-09,12,3.054,GOOD
206,2026-09-09,13,9.259,GOOD
206,2026-09-09,14,12.494,GOOD
206,2026-09-09,15,13.424,GOOD
206,2026-09-09,16,11.485,GOOD
206,2026-09-09,17,9.266,GOOD
206,2026-09-09,18,9.241,GOOD
206,2026-09-09,19,7.634,GOOD
206,2026-09-09,20,8.681,GOOD
206,2026-09-09,21,5.967,GOOD
206,2026-09-09,22,7.938,GOOD
206,2026-09-09,23,8.007,GOOD
206,2026-09-09,24,6.591,GOOD
206,2026-09-10,1,5.802,GOOD
206,2026-09-10,2,6.621,GOOD
206,2026-09-10,3,6.89,GOOD
206,2026-09-10,4,1.59,GOOD
206,2026-09-10,5,5.371,GOOD
206,2026-09-10,6,8.025,GOOD
206,2026-09-10,7,5.239,GOOD
206,2026-09-10,8,5.992,GOOD
206,2026-09-10,9,8.213,GOOD
206,2026-09-10,10,3.233,GOOD
206,2026-09-10,11,4.78,GOOD
206,2026-09-10,12,4.595,GOOD
206,2026-09-10,13,7.417,GOOD
206,2026-09-10,14,7.697,GOOD
206,2026-09-10,15,5.741,GOOD
206,2026-09-10,16,5.231,GOOD
206,2026-09-10,17,5.127,GOOD
206,2026-09-10,18,7.33,GOOD
206,2026-09-10,19,7.746,GOOD
206,2026-09-10,20,7.148,GOOD
206,2026-09-10,21,2.272,GOOD
206,2026-09-10,22,5.173,GOOD
206,2026-09-10,23,9.117,GOOD
206,2026-09-10,24,9.655,GOOD
206,2026-09-11,1,8.061,GOOD
206,2026-09-11,2,6.706,GOOD
206,2026-09-11,3,5.748,GOOD
206,2026-09-11,4,7.201,GOOD
206,2026-09-11,5,3.427,GOOD
206,2026-09-11,6,1.776,GOOD
206,2026-09-11,7,5.477,GOOD
206,2026-09-11,8,8.259,GOOD
206,2026-09-11,9,10.31,GOOD
206,2026-09-11,10,7.333,GOOD
206,2026-09-11,11,7.586,GOOD
206,2026-09-11,12,9.55,GOOD
206,2026-09-11,13,11.373,GOOD
206,2026-09-11,14,11.111,GOOD
206,2026-09-11,15,10.841,GOOD
206,2026-09-11,16,11.369,GOOD
206,2026-09-11,17,13.217,GOOD
206,2026-09-11,18,12.873,GOOD
206,2026-09-11,19,13.52,GOOD
206,2026-09-11,20,8.634,GOOD
206,2026-09-11,21,9.978,GOOD
206,2026-09-11,22,9.483,GOOD
206,2026-09-11,23,14.133,GOOD
206,2026-09-11,24,12.203,GOOD
206,2026-09-12,1,13.721,GOOD
206,2026-09-12,2,21.709,GOOD
206,2026-09-12,3,42.29,FAIR
206,2026-09-12,4,56.843,POOR
206,2026-09-12,5,55.836,POOR
206,2026-09-12,6,47.581,FAIR
206,2026-09-12,7,44.433,FAIR
206,2026-09-12,8,28.422,FAIR
206,2026-09-12,9,20.564,GOOD
206,2026-09-12,10,17.988,GOOD
206,2026-09-12,11,13.921,GOOD
206,2026-09-12,12,7.642,GOOD
206,2026-09-12,13,9.073,GOOD
206,2026-09-12,14,11.418,GOOD
206,2026-09-12,15,9.42,GOOD
206,2026-09-12,16,10.06,GOOD
206,2026-09-12,17,8.468,GOOD
206,2026-09-12,18,5.075,GOOD
206,2026-09-12,19,6.898,GOOD
206,2026-09-12,20,8.253,GOOD
206,2026-09-12,21,6.91,GOOD
206,2026-09-12,22,4.924,GOOD
206,2026-09-12,23,6.1,GOOD
206,2026-09-12,24,6.108,GOOD
206,2026-09-13,1,4.959,GOOD
206,2026-09-13,2,5.194,GOOD
206,2026-09-13,3,4.626,GOOD
206,2026-09-13,4,7.701,GOOD
206,2026-09-13,5,12.063,GOOD
206,2026-09-13,6,13.663,GOOD
206,2026-09-13,7,15.666,GOOD
206,2026-09-13,8,19.796,GOOD
206,2026-09-13,9,21.295,GOOD
206,2026-09-13,10,23.484,GOOD
206,2026-09-13,11,22.65,GOOD
206,2026-09-13,12,17.98,GOOD
206,2026-09-13,13,14.504,GOOD
206,2026-09-13,14,11.775,GOOD
206,2026-09-13,15,10.98,GOOD
206,2026-09-13,16,7.905,GOOD
206,2026-09-13,17,7.136,GOOD
206,2026-09-13,18,5.261,GOOD
206,2026-09-13,19,5.913,GOOD
206,2026-09-13,20,7.62,GOOD
206,2026-09-13,21,10.749,GOOD
206,2026-09-13,22,10.129,GOOD
206,2026-09-13,23,9.504,GOOD
206,2026-09-13,24,5.264,GOOD
206,2026-09-14,1,4.167,GOOD
206,2026-09-14,2,6.365,GOOD
206,2026-09-14,3,3.321,GOOD
206,2026-09-14,4,4.117,GOOD
206,2026-09-14,5,9.797,GOOD
206,2026-09-14,6,14.399,GOOD
206,2026-09-14,7,13.052,GOOD
206,2026-09-14,8,13.209,GOOD
206,2026-09-14,9,16.996,GOOD
206,2026-09-14,10,13.591,GOOD
206,2026-09-14,11,8.47,GOOD
206,2026-09-14,12,5.429,GOOD
206,2026-09-14,13,2.719,GOOD
206,2026-09-14,14,4.771,GOOD
206,2026-09-14,15,11,GOOD
206,2026-09-14,16,9.466,GOOD
206,2026-09-14,17,11.391,GOOD
206,2026-09-14,18,9.814,GOOD
206,2026-09-14,19,12.06,GOOD
206,2026-09-14,20,13.66,GOOD
206,2026-09-14,21,11.055,GOOD
206,2026-09-14,22,13.967,GOOD
206,2026-09-14,23,15.485,GOOD
206,2026-09-14,24,18.136,GOOD
206,2026-09-15,1,21.835,GOOD
206,2026-09-15,2,22.181,GOOD
206,2026-09-15,3,23.146,GOOD
206,2026-09-15,4,20.321,GOOD
206,2026-09-15,5,13.942,GOOD
206,2026-09-15,6,13.272,GOOD
206,2026-09-15,7,11.624,GOOD
206,2026-09-15,8,13.066,GOOD
206,2026-09-15,9,5.648,GOOD
206,2026-09-15,10,4.09,GOOD
206,2026-09-15,11,3.748,GOOD
206,2026-09-15,12,2.294,GOOD
206,2026-09-15,13,8.533,GOOD
206,2026-09-15,14,6.201,GOOD
206,2026-09-15,15,7.567,GOOD
206,2026-09-15,16,7.592,GOOD
206,2026-09-15,17,9.234,GOOD
206,2026-09-15,18,6.699,GOOD
206,2026-09-15,19,6.302,GOOD
206,2026-09-15,20,7.803,GOOD
206,2026-09-15,21,10.817,GOOD
206,2026-09-15,22,9.773,GOOD
206,2026-09-15,23,9.739,GOOD
206,2026-09-15,24,5.607,GOOD
206,2026-09-16,1,7.856,GOOD
206,2026-09-16,2,3.787,GOOD
206,2026-09-16,3,5.766,GOOD
206,2026-09-16,4,6.736,GOOD
206,2026-09-16,5,3.312,GOOD
206,2026-09-16,6,7.365,GOOD
206,2026-09-16,7,5.264,GOOD
206,2026-09-16,8,5.408,GOOD
206,2026-09-16,9,4.587,GOOD
206,2026-09-16,10,4.457,GOOD
206,2026-09-16,11,5.314,GOOD
206,2026-09-16,12,5.964,GOOD
206,2026-09-16,13,3.593,GOOD
206,2026-09-16,14,5.548,GOOD
206,2026-09-16,15,2.967,GOOD
206,2026-09-16,16,4.237,GOOD
206,2026-09-16,17,3.882,GOOD
206,2026-09-16,18,6.666,GOOD
206,2026-09-16,19,7.913,GOOD
206,2026-09-16,20,5.114,GOOD
206,2026-09-16,21,2.863,GOOD
206,2026-09-16,22,6.613,GOOD
206,2026-09-16,23,6.493,GOOD
206,2026-09-16,24,5.855,GOOD
206,2026-09-17,1,7.181,GOOD
206,2026-09-17,2,4.376,GOOD
206,2026-09-17,3,2.802,GOOD
206,2026-09-17,4,5.284,GOOD
206,2026-09-17,5,8.89,GOOD
206,2026-09-17,6,11.387,GOOD
206,2026-09-17,7,6.81,GOOD
206,2026-09-17,8,6.813,GOOD
206,2026-09-17,9,4.718,GOOD
206,2026-09-17,10,6.438,GOOD
206,2026-09-17,11,3.16,GOOD
206,2026-09-17,12,2.827,GOOD
206,2026-09-17,13,1.931,GOOD
206,2026-09-17,14,1.078,GOOD
206,2026-09-17,15,3.208,GOOD
206,2026-09-17,16,6.059,GOOD
206,2026-09-17,17,4.116,GOOD
206,2026-09-17,18,6.389,GOOD
206,2026-09-17,19,7.661,GOOD
206,2026-09-17,20,6.785,GOOD
206,2026-09-17,21,6.405,GOOD
206,2026-09-17,22,7.802,GOOD
206,2026-09-17,23,8.529,GOOD
206,2026-09-17,24,9.762,GOOD
206,2026-09-18,1,9.799,GOOD
206,2026-09-18,2,8.083,GOOD
206,2026-09-18,3,8.005,GOOD
206,2026-09-18,4,12.723,GOOD
206,2026-09-18,5,7.985,GOOD
206,2026-09-18,6,11.129,GOOD
206,2026-09-18,7,13.695,GOOD
206,2026-09-18,8,12.066,GOOD
206,2026-09-18,9,12.185,GOOD
206,2026-09-18,10,7.744,GOOD
206,2026-09-18,11,4.441,GOOD
206,2026-09-18,12,1.042,GOOD
206,2026-09-18,13,4.618,GOOD
206,2026-09-18,14,7.693,GOOD
206,2026-09-18,15,8.289,GOOD
206,2026-09-18,16,7.42,GOOD
206,2026-09-18,17,7.111,GOOD
206,2026-09-18,18,7.952,GOOD
206,2026-09-18,19,10.982,GOOD
206,2026-09-18,20,10.891,GOOD
206,2026-09-18,21,10.588,GOOD
206,2026-09-18,22,11.523,GOOD
206,2026-09-18,23,15.88,GOOD
206,2026-09-18,24,13.968,GOOD
206,2026-09-19,1,14.123,GOOD
206,2026-09-19,2,10.531,GOOD
206,2026-09-19,3,6.849,GOOD
206,2026-09-19,4,3.982,GOOD
206,2026-09-19,5,8.012,GOOD
206,2026-09-19,6,9.73,GOOD
206,2026-09-19,7,8.523,GOOD
206,2026-09-19,8,8.008,GOOD
206,2026-09-19,9,7.962,GOOD
206,2026-09-19,10,4.386,GOOD
206,2026-09-19,11,-1.154,GOOD
206,2026-09-19,12,-1.497,GOOD
206,2026-09-19,13,-4.141,GOOD
206,2026-09-19,14,-2.861,GOOD
206,2026-09-19,15,0.783,GOOD
206,2026-09-19,16,2.248,GOOD
206,2026-09-19,17,5.713,GOOD
206,2026-09-19,18,6.494,GOOD
206,2026-09-19,19,8.001,GOOD
206,2026-09-19,20,9.686,GOOD
206,2026-09-19,21,3.544,GOOD
206,2026-09-19,22,2.861,GOOD
206,2026-09-19,23,5.129,GOOD
206,2026-09-19,24,2.759,GOOD
206,2026-09-20,1,4.517,GOOD
206,2026-09-20,2,6.886,GOOD
206,2026-09-20,3,8.065,GOOD
206,2026-09-20,4,7.602,GOOD
206,2026-09-20,5,9.529,GOOD
206,2026-09-20,6,11.482,GOOD
206,2026-09-20,7,10.712,GOOD
206,2026-09-20,8,15.134,GOOD
206,2026-09-20,9,11.194,GOOD
206,2026-09-20,10,5.538,GOOD
206,2026-09-20,11,2.644,GOOD
206,2026-09-20,12,1.306,GOOD
206,2026-09-20,13,-2.299,GOOD
206,2026-09-20,14,-2.032,GOOD
206,2026-09-20,15,4.393,GOOD
206,2026-09-20,16,6.515,GOOD
206,2026-09-20,17,8.162,GOOD
206,2026-09-20,18,3.675,GOOD
206,2026-09-20,19,5.784,GOOD
206,2026-09-20,20,6.54,GOOD
206,2026-09-20,21,6.609,GOOD
206,2026-09-20,22,6.532,GOOD
206,2026-09-20,23,5.481,GOOD
206,2026-09-20,24,6.158,GOOD
206,2026-09-21,1,8.399,GOOD
206,2026-09-21,2,6.616,GOOD
206,2026-09-21,3,4.93,GOOD
206,2026-09-21,4,7.808,GOOD
206,2026-09-21,5,11.591,GOOD
206,2026-09-21,6,11.24,GOOD
206,2026-09-21,7,7.73,GOOD
206,2026-09-21,8,9.408,GOOD
206,2026-09-21,9,3.246,GOOD
206,2026-09-21,10,-0.053,GOOD
206,2026-09-21,11,0.772,GOOD
206,2026-09-21,12,,
206,2026-09-21,13,19.457,GOOD
206,2026-09-21,14,17.4,GOOD
206,2026-09-21,15,17.123,GOOD
206,2026-09-21,16,12.753,GOOD
206,2026-09-21,17,11.611,GOOD
206,2026-09-21,18,11.812,GOOD
206,2026-09-21,19,10.523,GOOD
206,2026-09-21,20,9.564,GOOD
206,2026-09-21,21,9.137,GOOD
206,2026-09-21,22,5.615,GOOD
206,2026-09-21,23,8.53,GOOD
206,2026-09-21,24,7.03,GOOD
206,2026-09-22,1,7.446,GOOD
206,2026-09-22,2,8.542,GOOD
206,2026-09-22,3,7.557,GOOD
206,2026-09-22,4,5.771,GOOD
206,2026-09-22,5,4.062,GOOD
206,2026-09-22,6,6.608,GOOD
206,2026-09-22,7,6.399,GOOD
206,2026-09-22,8,8.198,GOOD
206,2026-09-22,9,8.107,GOOD
206,2026-09-22,10,6.23,GOOD
206,2026-09-22,11,3.013,GOOD
206,2026-09-22,12,3.046,GOOD
206,2026-09-22,13,4.318,GOOD
206,2026-09-22,14,5.471,GOOD
206,2026-09-22,15,4.553,GOOD
206,2026-09-22,16,2.298,GOOD
206,2026-09-22,17,1.876,GOOD
206,2026-09-22,18,-1.004,GOOD
206,2026-09-22,19,1.73,GOOD
206,2026-09-22,20,1.198,GOOD
206,2026-09-22,21,3.014,GOOD
206,2026-09-22,22,1.547,GOOD
206,2026-09-22,23,-3.062,GOOD
206,2026-09-22,24,-0.294,GOOD
206,2026-09-23,1,-0.464,GOOD
206,2026-09-23,2,1.583,GOOD
206,2026-09-23,3,5.364,GOOD
206,2026-09-23,4,5.754,GOOD
206,2026-09-23,5,10.86,GOOD
206,2026-09-23,6,12.141,GOOD
206,2026-09-23,7,8.03,GOOD
206,2026-09-23,8,5.686,GOOD
206,2026-09-23,9,5.137,GOOD
206,2026-09-23,10,6.074,GOOD
206,2026-09-23,11,3.442,GOOD
206,2026-09-23,12,5.175,GOOD
206,2026-09-23,13,3.931,GOOD
206,2026-09-23,14,3.221,GOOD
206,2026-09-23,15,5.771,GOOD
206,2026-09-23,16,3.475,GOOD
206,2026-09-23,17,7.711,GOOD
206,2026-09-23,18,7.491,GOOD
206,2026-09-23,19,6.212,GOOD
206,2026-09-23,20,6.452,GOOD
206,2026-09-23,21,10.685,GOOD
206,2026-09-23,22,11.578,GOOD
206,2026-09-23,23,11.443,GOOD
206,2026-09-23,24,9.388,GOOD
206,2026-09-24,1,9.869,GOOD
206,2026-09-24,2,5.014,GOOD
206,2026-09-24,3,6.612,GOOD
206,2026-09-24,4,7.005,GOOD
206,2026-09-24,5,2.799,GOOD
206,2026-09-24,6,4.387,GOOD
206,2026-09-24,7,9.375,GOOD
206,2026-09-24,8,8.537,GOOD
206,2026-09-24,9,8.413,GOOD
206,2026-09-24,10,10.779,GOOD
206,2026-09-24,11,10.345,GOOD
206,2026-09-24,12,9.582,GOOD
206,2026-09-24,13,15.194,GOOD
206,2026-09-24,14,16.001,GOOD
206,2026-09-24,15,12.328,GOOD
206,2026-09-24,16,7.932,GOOD
206,2026-09-24,17,10.033,GOOD
206,2026-09-24,18,7.433,GOOD
206,2026-09-24,19,6.217,GOOD
206,2026-09-24,20,7.571,GOOD
206,2026-09-24,21,11.143,GOOD
206,2026-09-24,22,9.911,GOOD
206,2026-09-24,23,7.289,GOOD
206,2026-09-24,24,6.158,GOOD
206,2026-09-25,1,5.91,GOOD
206,2026-09-25,2,4.925,GOOD
206,2026-09-25,3,0.761,GOOD
206,2026-09-25,4,2.294,GOOD
206,2026-09-25,5,5.292,GOOD
206,2026-09-25,6,5.305,GOOD
206,2026-09-25,7,1.7,GOOD
206,2026-09-25,8,5.304,GOOD
206,2026-09-25,9,9.663,GOOD
206,2026-09-25,10,9.34,GOOD
206,2026-09-25,11,7.623,GOOD
206,2026-09-25,12,5.567,GOOD
206,2026-09-25,13,6.107,GOOD
206,2026-09-25,14,10.733,GOOD
206,2026-09-25,15,12.763,GOOD
206,2026-09-25,16,18.175,GOOD
206,2026-09-25,17,14.777,GOOD
206,2026-09-25,18,9.94,GOOD
206,2026-09-25,19,10.843,GOOD
206,2026-09-25,20,12.839,GOOD
206,2026-09-25,21,14.573,GOOD
206,2026-09-25,22,16.201,GOOD
206,2026-09-25,23,15.723,GOOD
206,2026-09-25,24,13.474,GOOD
206,2026-09-26,1,10.052,GOOD
206,2026-09-26,2,8.94,GOOD
206,2026-09-26,3,10.497,GOOD
206,2026-09-26,4,7.096,GOOD
206,2026-09-26,5,5.345,GOOD
206,2026-09-26,6,9.17,GOOD
206,2026-09-26,7,10.672,GOOD
206,2026-09-26,8,12.468,GOOD
206,2026-09-26,9,13.391,GOOD
206,2026-09-26,10,10.982,GOOD
206,2026-09-26,11,9.316,GOOD
206,2026-09-26,12,7.677,GOOD
206,2026-09-26,13,6.446,GOOD
206,2026-09-26,14,6.353,GOOD
206,2026-09-26,15,7.358,GOOD
206,2026-09-26,16,11.147,GOOD
206,2026-09-26,17,13.26,GOOD
206,2026-09-26,18,10.787,GOOD
206,2026-09-26,19,11.508,GOOD
206,2026-09-26,20,16.006,GOOD
206,2026-09-26,21,14.454,GOOD
206,2026-09-26,22,11.91,GOOD
206,2026-09-26,23,10.457,GOOD
206,2026-09-26,24,8.631,GOOD
206,2026-09-27,1,8.45,GOOD
206,2026-09-27,2,6.456,GOOD
206,2026-09-27,3,6.184,GOOD
206,2026-09-27,4,3.914,GOOD
206,2026-09-27,5,8.451,GOOD
206,2026-09-27,6,8.723,GOOD
206,2026-09-27,7,6.999,GOOD
206,2026-09-27,8,3.728,GOOD
206,2026-09-27,9,3.493,GOOD
206,2026-09-27,10,1.269,GOOD
206,2026-09-27,11,3.134,GOOD
206,2026-09-27,12,1.642,GOOD
206,2026-09-27,13,0.578,GOOD
206,2026-09-27,14,1.537,GOOD
206,2026-09-27,15,1.986,GOOD
206,2026-09-27,16,1.922,GOOD
206,2026-09-27,17,3.77,GOOD
206,2026-09-27,18,2.154,GOOD
206,2026-09-27,19,3.694,GOOD
206,2026-09-27,20,3.993,GOOD
206,2026-09-27,21,,
206,2026-09-27,22,7.871,GOOD
206,2026-09-27,23,5.442,GOOD
206,2026-09-27,24,3.694,GOOD
206,2026-09-28,1,7.415,GOOD
206,2026-09-28,2,4.882,GOOD
206,2026-09-28,3,2.88,GOOD
206,2026-09-28,4,4.514,GOOD
206,2026-09-28,5,13.395,GOOD
206,2026-09-28,6,16.092,GOOD
206,2026-09-28,7,7.765,GOOD
206,2026-09-28,8,3.671,GOOD
206,2026-09-28,9,3.958,GOOD
206,2026-09-28,10,4.375,GOOD
206,2026-09-28,11,1.577,GOOD
206,2026-09-28,12,1.896,GOOD
206,2026-09-28,13,1.87,GOOD
206,2026-09-28,14,6.168,GOOD
206,2026-09-28,15,5.456,GOOD
206,2026-09-28,16,1.908,GOOD
206,2026-09-28,17,3.542,GOOD
206,2026-09-28,18,2.824,GOOD
206,2026-09-28,19,0.674,GOOD
206,2026-09-28,20,0.702,GOOD
206,2026-09-28,21,5.349,GOOD
206,2026-09-28,22,7.834,GOOD
206,2026-09-28,23,5.34,GOOD
206,2026-09-28,24,-0.397,GOOD
206,2026-09-29,1,0.513,GOOD
206,2026-09-29,2,1.912,GOOD
206,2026-09-29,3,2.558,GOOD
206,2026-09-29,4,2.789,GOOD
206,2026-09-29,5,1.519,GOOD
206,2026-09-29,6,3.724,GOOD
206,2026-09-29,7,5.542,GOOD
206,2026-09-29,8,5.434,GOOD
206,2026-09-29,9,8.502,GOOD
206,2026-09-29,10,3.335,GOOD
206,2026-09-29,11,3.916,GOOD
206,2026-09-29,12,2.03,GOOD
206,2026-09-29,13,-1.265,GOOD
206,2026-09-29,14,0.731,GOOD
206,2026-09-29,15,0.349,GOOD
206,2026-09-29,16,1.293,GOOD
206,2026-09-29,17,2.738,GOOD
206,2026-09-29,18,2.513,GOOD
206,2026-09-29,19,4.066,GOOD
206,2026-09-29,20,3.278,GOOD
206,2026-09-29,21,5.924,GOOD
206,2026-09-29,22,6.256,GOOD
206,2026-09-29,23,6.103,GOOD
206,2026-09-29,24,5.56,GOOD
206,2026-09-30,1,2.975,GOOD
206,2026-09-30,2,3.736,GOOD
206,2026-09-30,3,4.915,GOOD
206,2026-09-30,4,3.613,GOOD
206,2026-09-30,5,6.963,GOOD
206,2026-09-30,6,7.171,GOOD
206,2026-09-30,7,6.31,GOOD
206,2026-09-30,8,7.276,GOOD
206,2026-09-30,9,8.643,GOOD
206,2026-09-30,10,4.408,GOOD
206,2026-09-30,11,2.163,GOOD
206,2026-09-30,12,1.755,GOOD
206,2026-09-30,13,5.455,GOOD
206,2026-09-30,14,9.636,GOOD
206,2026-09-30,15,4.792,GOOD
206,2026-09-30,16,7.364,GOOD
206,2026-09-30,17,7.797,GOOD
206,2026-09-30,18,6.347,GOOD
206,2026-09-30,19,7.926,GOOD
206,2026-09-30,20,5.855,GOOD
206,2026-09-30,21,14.321,GOOD
206,2026-09-30,22,14.428,GOOD
206,2026-09-30,23,9.093,GOOD
206,2026-09-30,24,5.89,GOOD
295,2026-09-01,1,8.437,GOOD
295,2026-09-01,2,5.513,GOOD
295,2026-09-01,3,8.209,GOOD
295,2026-09-01,4,8.876,GOOD
295,2026-09-01,5,10.644,GOOD
295,2026-09-01,6,11.217,GOOD
295,2026-09-01,7,15.413,GOOD
295,2026-09-01,8,19.794,GOOD
295,2026-09-01,9,21.583,GOOD
295,2026-09-01,10,17.724,GOOD
295,2026-09-01,11,13.852,GOOD
295,2026-09-01,12,12.258,GOOD
295,2026-09-01,13,10.137,GOOD
295,2026-09-01,14,11.107,GOOD
295,2026-09-01,15,10.159,GOOD
295,2026-09-01,16,10.491,GOOD
295,2026-09-01,17,11.938,GOOD
295,2026-09-01,18,9.603,GOOD
295,2026-09-01,19,11.631,GOOD
295,2026-09-01,20,11.043,GOOD
295,2026-09-01,21,8.353,GOOD
295,2026-09-01,22,12.287,GOOD
295,2026-09-01,23,12.731,GOOD
295,2026-09-01,24,15.161,GOOD
295,2026-09-02,1,12.192,GOOD
295,2026-09-02,2,11.878,GOOD
295,2026-09-02,3,8.92,GOOD
295,2026-09-02,4,12.091,GOOD
295,2026-09-02,5,10.056,GOOD
295,2026-09-02,6,8.686,GOOD
295,2026-09-02,7,9.288,GOOD
295,2026-09-02,8,12.108,GOOD
295,2026-09-02,9,13.452,GOOD
295,2026-09-02,10,7.637,GOOD
295,2026-09-02,11,9.088,GOOD
295,2026-09-02,12,9.076,GOOD
295,2026-09-02,13,3.404,GOOD
295,2026-09-02,14,2.595,GOOD
295,2026-09-02,15,4.454,GOOD
295,2026-09-02,16,7.726,GOOD
295,2026-09-02,17,5.565,GOOD
295,2026-09-02,18,7.907,GOOD
295,2026-09-02,19,9.007,GOOD
295,2026-09-02,20,13.137,GOOD
295,2026-09-02,21,13.401,GOOD
295,2026-09-02,22,14.408,GOOD
295,2026-09-02,23,10.159,GOOD
295,2026-09-02,24,10.462,GOOD
295,2026-09-03,1,10.479,GOOD
295,2026-09-03,2,12.008,GOOD
295,2026-09-03,3,10.501,GOOD
295,2026-09-03,4,13.137,GOOD
295,2026-09-03,5,9.685,GOOD
295,2026-09-03,6,7.247,GOOD
295,2026-09-03,7,2.743,GOOD
295,2026-09-03,8,5.983,GOOD
295,2026-09-03,9,8.287,GOOD
295,2026-09-03,10,6.751,GOOD
295,2026-09-03,11,2.446,GOOD
295,2026-09-03,12,4.62,GOOD
295,2026-09-03,13,10.468,GOOD
295,2026-09-03,14,8.486,GOOD
295,2026-09-03,15,4.815,GOOD
295,2026-09-03,16,4.999,GOOD
295,2026-09-03,17,4.371,GOOD
295,2026-09-03,18,2.778,GOOD
295,2026-09-03,19,4.638,GOOD
295,2026-09-03,20,6.718,GOOD
295,2026-09-03,21,9.453,GOOD
295,2026-09-03,22,7.384,GOOD
295,2026-09-03,23,7.458,GOOD
295,2026-09-03,24,8.122,GOOD
295,2026-09-04,1,7.179,GOOD
295,2026-09-04,2,6.102,GOOD
295,2026-09-04,3,3.947,GOOD
295,2026-09-04,4,3.134,GOOD
295,2026-09-04,5,5.312,GOOD
295,2026-09-04,6,6.056,GOOD
295,2026-09-04,7,11.921,GOOD
295,2026-09-04,8,15.767,GOOD
295,2026-09-04,9,11.367,GOOD
295,2026-09-04,10,3.917,GOOD
295,2026-09-04,11,2.9,GOOD
295,2026-09-04,12,3.392,GOOD
295,2026-09-04,13,9.475,GOOD
295,2026-09-04,14,10.773,GOOD
295,2026-09-04,15,7.096,GOOD
295,2026-09-04,16,4.467,GOOD
295,2026-09-04,17,6.024,GOOD
295,2026-09-04,18,9.728,GOOD
295,2026-09-04,19,19.752,GOOD
295,2026-09-04,20,33.352,FAIR
295,2026-09-04,21,32.702,FAIR
295,2026-09-04,22,22.429,GOOD
295,2026-09-04,23,17.863,GOOD
295,2026-09-04,24,17.052,GOOD
295,2026-09-05,1,14.225,GOOD
295,2026-09-05,2,12.109,GOOD
295,2026-09-05,3,8.196,GOOD
295,2026-09-05,4,11.3,GOOD
295,2026-09-05,5,14.549,GOOD
295,2026-09-05,6,14.332,GOOD
295,2026-09-05,7,11.251,GOOD
295,2026-09-05,8,11.549,GOOD
295,2026-09-05,9,13.262,GOOD
295,2026-09-05,10,10.383,GOOD
295,2026-09-05,11,6.712,GOOD
295,2026-09-05,12,7.84,GOOD
295,2026-09-05,13,9.416,GOOD
295,2026-09-05,14,7.984,GOOD
295,2026-09-05,15,2.012,GOOD
295,2026-09-05,16,0.043,GOOD
295,2026-09-05,17,1.163,GOOD
295,2026-09-05,18,5.032,GOOD
295,2026-09-05,19,5.801,GOOD
295,2026-09-05,20,7.433,GOOD
295,2026-09-05,21,14.021,GOOD
295,2026-09-05,22,10.829,GOOD
295,2026-09-05,23,8.14,GOOD
295,2026-09-05,24,5.062,GOOD
295,2026-09-06,1,5.757,GOOD
295,2026-09-06,2,7.908,GOOD
295,2026-09-06,3,8.288,GOOD
295,2026-09-06,4,3.112,GOOD
295,2026-09-06,5,-0.095,GOOD
295,2026-09-06,6,0.587,GOOD
295,2026-09-06,7,5.176,GOOD
295,2026-09-06,8,6.394,GOOD
295,2026-09-06,9,4.283,GOOD
295,2026-09-06,10,2.589,GOOD
295,2026-09-06,11,1.618,GOOD
295,2026-09-06,12,2.649,GOOD
295,2026-09-06,13,-1.51,GOOD
295,2026-09-06,14,0.428,GOOD
295,2026-09-06,15,1.223,GOOD
295,2026-09-06,16,2.194,GOOD
295,2026-09-06,17,4.554,GOOD
295,2026-09-06,18,4.512,GOOD
295,2026-09-06,19,5.091,GOOD
295,2026-09-06,20,4.212,GOOD
295,2026-09-06,21,6.458,GOOD
295,2026-09-06,22,3.911,GOOD
295,2026-09-06,23,8.226,GOOD
295,2026-09-06,24,6.527,GOOD
295,2026-09-07,1,6.9,GOOD
295,2026-09-07,2,3.763,GOOD
295,2026-09-07,3,7.477,GOOD
295,2026-09-07,4,6.315,GOOD
295,2026-09-07,5,6.318,GOOD
295,2026-09-07,6,7.524,GOOD
295,2026-09-07,7,8.058,GOOD
295,2026-09-07,8,16.174,GOOD
295,2026-09-07,9,14.916,GOOD
295,2026-09-07,10,8.219,GOOD
295,2026-09-07,11,3.74,GOOD
295,2026-09-07,12,7.366,GOOD
295,2026-09-07,13,4.99,GOOD
295,2026-09-07,14,1.951,GOOD
295,2026-09-07,15,4.248,GOOD
295,2026-09-07,16,4.876,GOOD
295,2026-09-07,17,6.791,GOOD
295,2026-09-07,18,5.411,GOOD
295,2026-09-07,19,4.558,GOOD
295,2026-09-07,20,9.518,GOOD
295,2026-09-07,21,12.432,GOOD
295,2026-09-07,22,7.58,GOOD
295,2026-09-07,23,7.24,GOOD
295,2026-09-07,24,3.996,GOOD
295,2026-09-08,1,3.443,GOOD
295,2026-09-08,2,5.591,GOOD
295,2026-09-08,3,4.826,GOOD
295,2026-09-08,4,4.079,GOOD
295,2026-09-08,5,2.76,GOOD
295,2026-09-08,6,6.002,GOOD
295,2026-09-08,7,4.186,GOOD
295,2026-09-08,8,4.712,GOOD
295,2026-09-08,9,6.233,GOOD
295,2026-09-08,10,,
295,2026-09-08,11,3.497,GOOD
295,2026-09-08,12,7.921,GOOD
295,2026-09-08,13,-1.109,GOOD
295,2026-09-08,14,-0.362,GOOD
295,2026-09-08,15,5.757,GOOD
295,2026-09-08,16,7.062,GOOD
295,2026-09-08,17,6.325,GOOD
295,2026-09-08,18,4.958,GOOD
295,2026-09-08,19,4.521,GOOD
295,2026-09-08,20,2.691,GOOD
295,2026-09-08,21,4.766,GOOD
295,2026-09-08,22,11.851,GOOD
295,2026-09-08,23,16.974,GOOD
295,2026-09-08,24,13.237,GOOD
295,2026-09-09,1,12.451,GOOD
295,2026-09-09,2,11.853,GOOD
295,2026-09-09,3,10.985,GOOD
295,2026-09-09,4,7.829,GOOD
295,2026-09-09,5,15.796,GOOD
295,2026-09-09,6,20.752,GOOD
295,2026-09-09,7,17.075,GOOD
295,2026-09-09,8,16.138,GOOD
295,2026-09-09,9,17.881,GOOD
295,2026-09-09,10,11.87,GOOD
295,2026-09-09,11,11.461,GOOD
295,2026-09-09,12,11.071,GOOD
295,2026-09-09,13,5.818,GOOD
295,2026-09-09,14,6.544,GOOD
295,2026-09-09,15,10.359,GOOD
295,2026-09-09,16,14.021,GOOD
295,2026-09-09,17,10.565,GOOD
295,2026-09-09,18,8.33,GOOD
295,2026-09-09,19,7.449,GOOD
295,2026-09-09,20,8.907,GOOD
295,2026-09-09,21,11.603,GOOD
295,2026-09-09,22,11.905,GOOD
295,2026-09-09,23,11.516,GOOD
295,2026-09-09,24,10.312,GOOD
295,2026-09-10,1,8.525,GOOD
295,2026-09-10,2,4.56,GOOD
295,2026-09-10,3,7.562,GOOD
295,2026-09-10,4,3.879,GOOD
295,2026-09-10,5,11.184,GOOD
295,2026-09-10,6,14.021,GOOD
295,2026-09-10,7,8.849,GOOD
295,2026-09-10,8,7.027,GOOD
295,2026-09-10,9,6.767,GOOD
295,2026-09-10,10,5.113,GOOD
295,2026-09-10,11,6.273,GOOD
295,2026-09-10,12,6.504,GOOD
295,2026-09-10,13,4.582,GOOD
295,2026-09-10,14,4.268,GOOD
295,2026-09-10,15,6.61,GOOD
295,2026-09-10,16,6.202,GOOD
295,2026-09-10,17,5.737,GOOD
295,2026-09-10,18,4.017,GOOD
295,2026-09-10,19,5.424,GOOD
295,2026-09-10,20,9.518,GOOD
295,2026-09-10,21,8.372,GOOD
295,2026-09-10,22,8.298,GOOD
295,2026-09-10,23,8.009,GOOD
295,2026-09-10,24,9.084,GOOD
295,2026-09-11,1,9.618,GOOD
295,2026-09-11,2,7.318,GOOD
295,2026-09-11,3,5.5,GOOD
295,2026-09-11,4,5.433,GOOD
295,2026-09-11,5,6.039,GOOD
295,2026-09-11,6,8.819,GOOD
295,2026-09-11,7,9.658,GOOD
295,2026-09-11,8,15.407,GOOD
295,2026-09-11,9,16.33,GOOD
295,2026-09-11,10,11.392,GOOD
295,2026-09-11,11,8.224,GOOD
295,2026-09-11,12,2.154,GOOD
295,2026-09-11,13,5.193,GOOD
295,2026-09-11,14,5.832,GOOD
295,2026-09-11,15,6.054,GOOD
295,2026-09-11,16,6.306,GOOD
295,2026-09-11,17,5.437,GOOD
295,2026-09-11,18,8.983,GOOD
295,2026-09-11,19,9.135,GOOD
295,2026-09-11,20,10.212,GOOD
295,2026-09-11,21,4.58,GOOD
295,2026-09-11,22,6.684,GOOD
295,2026-09-11,23,9.56,GOOD
295,2026-09-11,24,14.574,GOOD
295,2026-09-12,1,13.958,GOOD
295,2026-09-12,2,12.352,GOOD
295,2026-09-12,3,8.447,GOOD
295,2026-09-12,4,14.337,GOOD
295,2026-09-12,5,8.937,GOOD
295,2026-09-12,6,8.915,GOOD
295,2026-09-12,7,16.414,GOOD
295,2026-09-12,8,18.858,GOOD
295,2026-09-12,9,19.429,GOOD
295,2026-09-12,10,16.012,GOOD
295,2026-09-12,11,12.962,GOOD
295,2026-09-12,12,10.471,GOOD
295,2026-09-12,13,10.965,GOOD
295,2026-09-12,14,10.025,GOOD
295,2026-09-12,15,10.625,GOOD
295,2026-09-12,16,7.714,GOOD
295,2026-09-12,17,5.594,GOOD
295,2026-09-12,18,4.413,GOOD
295,2026-09-12,19,8,GOOD
295,2026-09-12,20,7.361,GOOD
295,2026-09-12,21,4.994,GOOD
295,2026-09-12,22,11.4,GOOD
295,2026-09-12,23,15.188,GOOD
295,2026-09-12,24,10.263,GOOD
295,2026-09-13,1,4.8,GOOD
295,2026-09-13,2,9.03,GOOD
295,2026-09-13,3,10.721,GOOD
295,2026-09-13,4,6.761,GOOD
295,2026-09-13,5,9.879,GOOD
295,2026-09-13,6,8.309,GOOD
295,2026-09-13,7,5.453,GOOD
295,2026-09-13,8,4.576,GOOD
295,2026-09-13,9,7.051,GOOD
295,2026-09-13,10,5.836,GOOD
295,2026-09-13,11,7.288,GOOD
295,2026-09-13,12,8.046,GOOD
295,2026-09-13,13,12.524,GOOD
295,2026-09-13,14,11.892,GOOD
295,2026-09-13,15,7.947,GOOD
295,2026-09-13,16,9.362,GOOD
295,2026-09-13,17,7.962,GOOD
295,2026-09-13,18,10.513,GOOD
295,2026-09-13,19,9.779,GOOD
295,2026-09-13,20,10.676,GOOD
295,2026-09-13,21,6.629,GOOD
295,2026-09-13,22,5.37,GOOD
295,2026-09-13,23,3.65,GOOD
295,2026-09-13,24,7.703,GOOD
295,2026-09-14,1,4.976,GOOD
295,2026-09-14,2,5.774,GOOD
295,2026-09-14,3,4.283,GOOD
295,2026-09-14,4,5.684,GOOD
295,2026-09-14,5,2.399,GOOD
295,2026-09-14,6,0.818,GOOD
295,2026-09-14,7,4.946,GOOD
295,2026-09-14,8,8.992,GOOD
295,2026-09-14,9,8.465,GOOD
295,2026-09-14,10,10.097,GOOD
295,2026-09-14,11,8.838,GOOD
295,2026-09-14,12,9.324,GOOD
295,2026-09-14,13,,
295,2026-09-14,14,10.354,GOOD
295,2026-09-14,15,12.12,GOOD
295,2026-09-14,16,11.616,GOOD
295,2026-09-14,17,10.435,GOOD
295,2026-09-14,18,10.739,GOOD
295,2026-09-14,19,12.477,GOOD
295,2026-09-14,20,9.361,GOOD
295,2026-09-14,21,6.279,GOOD
295,2026-09-14,22,5.747,GOOD
295,2026-09-14,23,6.804,GOOD
295,2026-09-14,24,8.305,GOOD
295,2026-09-15,1,10.339,GOOD
295,2026-09-15,2,7.942,GOOD
295,2026-09-15,3,11.869,GOOD
295,2026-09-15,4,17.886,GOOD
295,2026-09-15,5,15.826,GOOD
295,2026-09-15,6,14.806,GOOD
295,2026-09-15,7,20.837,GOOD
295,2026-09-15,8,21.522,GOOD
295,2026-09-15,9,22.183,GOOD
295,2026-09-15,10,13.925,GOOD
295,2026-09-15,11,10.074,GOOD
295,2026-09-15,12,,
295,2026-09-15,13,4.824,GOOD
295,2026-09-15,14,3.12,GOOD
295,2026-09-15,15,3.995,GOOD
295,2026-09-15,16,12.117,GOOD
295,2026-09-15,17,12.156,GOOD
295,2026-09-15,18,14.471,GOOD
295,2026-09-15,19,12.255,GOOD
295,2026-09-15,20,7.305,GOOD
295,2026-09-15,21,7.908,GOOD
295,2026-09-15,22,6.541,GOOD
295,2026-09-15,23,5.082,GOOD
295,2026-09-15,24,0.792,GOOD
295,2026-09-16,1,0.989,GOOD
295,2026-09-16,2,4.043,GOOD
295,2026-09-16,3,2.078,GOOD
295,2026-09-16,4,3.377,GOOD
295,2026-09-16,5,6.053,GOOD
295,2026-09-16,6,7.989,GOOD
295,2026-09-16,7,6.835,GOOD
295,2026-09-16,8,8.42,GOOD
295,2026-09-16,9,6.812,GOOD
295,2026-09-16,10,4.263,GOOD
295,2026-09-16,11,6.645,GOOD
295,2026-09-16,12,5.274,GOOD
295,2026-09-16,13,1.855,GOOD
295,2026-09-16,14,3.756,GOOD
295,2026-09-16,15,7.196,GOOD
295,2026-09-16,16,6.856,GOOD
295,2026-09-16,17,5.557,GOOD
295,2026-09-16,18,7.232,GOOD
295,2026-09-16,19,4.348,GOOD
295,2026-09-16,20,4.821,GOOD
295,2026-09-16,21,10.932,GOOD
295,2026-09-16,22,13.407,GOOD
295,2026-09-16,23,8.817,GOOD
295,2026-09-16,24,4.219,GOOD
295,2026-09-17,1,4.788,GOOD
295,2026-09-17,2,4.215,GOOD
295,2026-09-17,3,6.381,GOOD
295,2026-09-17,4,2.175,GOOD
295,2026-09-17,5,4.725,GOOD
295,2026-09-17,6,4.181,GOOD
295,2026-09-17,7,4.846,GOOD
295,2026-09-17,8,7.873,GOOD
295,2026-09-17,9,6.04,GOOD
295,2026-09-17,10,6.165,GOOD
295,2026-09-17,11,5.225,GOOD
295,2026-09-17,12,4.165,GOOD
295,2026-09-17,13,2.15,GOOD
295,2026-09-17,14,4.526,GOOD
295,2026-09-17,15,4.565,GOOD
295,2026-09-17,16,4.834,GOOD
295,2026-09-17,17,4.437,GOOD
295,2026-09-17,18,5.278,GOOD
295,2026-09-17,19,5.794,GOOD
295,2026-09-17,20,6.914,GOOD
295,2026-09-17,21,7.007,GOOD
295,2026-09-17,22,12.376,GOOD
295,2026-09-17,23,14.999,GOOD
295,2026-09-17,24,10.207,GOOD
295,2026-09-18,1,13.381,GOOD
295,2026-09-18,2,10.942,GOOD
295,2026-09-18,3,10.181,GOOD
295,2026-09-18,4,11.281,GOOD
295,2026-09-18,5,13.548,GOOD
295,2026-09-18,6,15.243,GOOD
295,2026-09-18,7,16.542,GOOD
295,2026-09-18,8,18.192,GOOD
295,2026-09-18,9,21.227,GOOD
295,2026-09-18,10,,
295,2026-09-18,11,13.792,GOOD
295,2026-09-18,12,15.197,GOOD
295,2026-09-18,13,9.767,GOOD
295,2026-09-18,14,8.215,GOOD
295,2026-09-18,15,15.354,GOOD
295,2026-09-18,16,15.093,GOOD
295,2026-09-18,17,12.153,GOOD
295,2026-09-18,18,12.001,GOOD
295,2026-09-18,19,15.764,GOOD
295,2026-09-18,20,15.293,GOOD
295,2026-09-18,21,14.186,GOOD
295,2026-09-18,22,15.588,GOOD
295,2026-09-18,23,23.188,GOOD
295,2026-09-18,24,28.862,FAIR
295,2026-09-19,1,24.403,GOOD
295,2026-09-19,2,17.216,GOOD
295,2026-09-19,3,14.941,GOOD
295,2026-09-19,4,12.092,GOOD
295,2026-09-19,5,17.976,GOOD
295,2026-09-19,6,16.178,GOOD
295,2026-09-19,7,12.869,GOOD
295,2026-09-19,8,10.071,GOOD
295,2026-09-19,9,7.056,GOOD
295,2026-09-19,10,5.622,GOOD
295,2026-09-19,11,4.898,GOOD
295,2026-09-19,12,2.861,GOOD
295,2026-09-19,13,8.239,GOOD
295,2026-09-19,14,8.627,GOOD
295,2026-09-19,15,5.712,GOOD
295,2026-09-19,16,5.95,GOOD
295,2026-09-19,17,4.214,GOOD
295,2026-09-19,18,6.349,GOOD
295,2026-09-19,19,8.877,GOOD
295,2026-09-19,20,6.62,GOOD
295,2026-09-19,21,17.255,GOOD
295,2026-09-19,22,21.809,GOOD
295,2026-09-19,23,14.008,GOOD
295,2026-09-19,24,12.399,GOOD
295,2026-09-20,1,11.181,GOOD
295,2026-09-20,2,8.316,GOOD
295,2026-09-20,3,5.74,GOOD
295,2026-09-20,4,8.032,GOOD
295,2026-09-20,5,4.658,GOOD
295,2026-09-20,6,7.446,GOOD
295,2026-09-20,7,7.758,GOOD
295,2026-09-20,8,8.914,GOOD
295,2026-09-20,9,6.272,GOOD
295,2026-09-20,10,5.949,GOOD
295,2026-09-20,11,4.732,GOOD
295,2026-09-20,12,4.556,GOOD
295,2026-09-20,13,2.25,GOOD
295,2026-09-20,14,3.458,GOOD
295,2026-09-20,15,16.707,GOOD
295,2026-09-20,16,20.486,GOOD
295,2026-09-20,17,13.807,GOOD
295,2026-09-20,18,13.972,GOOD
295,2026-09-20,19,10.445,GOOD
295,2026-09-20,20,16.556,GOOD
295,2026-09-20,21,11.926,GOOD
295,2026-09-20,22,8.322,GOOD
295,2026-09-20,23,8.201,GOOD
295,2026-09-20,24,3.993,GOOD
295,2026-09-21,1,4.112,GOOD
295,2026-09-21,2,7.811,GOOD
295,2026-09-21,3,5.063,GOOD
295,2026-09-21,4,4.933,GOOD
295,2026-09-21,5,6.32,GOOD
295,2026-09-21,6,8.158,GOOD
295,2026-09-21,7,9.783,GOOD
295,2026-09-21,8,8.173,GOOD
295,2026-09-21,9,10.776,GOOD
295,2026-09-21,10,8.838,GOOD
295,2026-09-21,11,7.512,GOOD
295,2026-09-21,12,3.661,GOOD
295,2026-09-21,13,5.971,GOOD
295,2026-09-21,14,,
295,2026-09-21,15,,
295,2026-09-21,16,25.314,FAIR
295,2026-09-21,17,19.489,GOOD
295,2026-09-21,18,13.655,GOOD
295,2026-09-21,19,9.652,GOOD
295,2026-09-21,20,12.146,GOOD
295,2026-09-21,21,9.511,GOOD
295,2026-09-21,22,9.694,GOOD
295,2026-09-21,23,7.399,GOOD
295,2026-09-21,24,6.061,GOOD
295,2026-09-22,1,3.112,GOOD
295,2026-09-22,2,1.133,GOOD
295,2026-09-22,3,1.925,GOOD
295,2026-09-22,4,1.696,GOOD
295,2026-09-22,5,-2.52,GOOD
295,2026-09-22,6,-0.793,GOOD
295,2026-09-22,7,2.46,GOOD
295,2026-09-22,8,3.14,GOOD
295,2026-09-22,9,5.856,GOOD
295,2026-09-22,10,4.714,GOOD
295,2026-09-22,11,1.662,GOOD
295,2026-09-22,12,2.095,GOOD
295,2026-09-22,13,-1.049,GOOD
295,2026-09-22,14,-1.749,GOOD
295,2026-09-22,15,0.785,GOOD
295,2026-09-22,16,2.27,GOOD
295,2026-09-22,17,2.416,GOOD
295,2026-09-22,18,4.932,GOOD
295,2026-09-22,19,4.406,GOOD
295,2026-09-22,20,3.692,GOOD
295,2026-09-22,21,4.939,GOOD
295,2026-09-22,22,5.021,GOOD
295,2026-09-22,23,3.959,GOOD
295,2026-09-22,24,2.986,GOOD
295,2026-09-23,1,3.332,GOOD
295,2026-09-23,2,3.677,GOOD
295,2026-09-23,3,1.589,GOOD
295,2026-09-23,4,3.272,GOOD
295,2026-09-23,5,9.374,GOOD
295,2026-09-23,6,10.989,GOOD
295,2026-09-23,7,6.417,GOOD
295,2026-09-23,8,9.944,GOOD
295,2026-09-23,9,13.96,GOOD
295,2026-09-23,10,8.412,GOOD
295,2026-09-23,11,3.69,GOOD
295,2026-09-23,12,4.466,GOOD
295,2026-09-23,13,15.817,GOOD
295,2026-09-23,14,18.142,GOOD
295,2026-09-23,15,13.416,GOOD
295,2026-09-23,16,13.919,GOOD
295,2026-09-23,17,11.109,GOOD
295,2026-09-23,18,10.99,GOOD
295,2026-09-23,19,12.889,GOOD
295,2026-09-23,20,12.353,GOOD
295,2026-09-23,21,8.751,GOOD
295,2026-09-23,22,10.529,GOOD
295,2026-09-23,23,15.657,GOOD
295,2026-09-23,24,16.382,GOOD
295,2026-09-24,1,22.169,GOOD
295,2026-09-24,2,16.969,GOOD
295,2026-09-24,3,17.758,GOOD
295,2026-09-24,4,16.928,GOOD
295,2026-09-24,5,16.728,GOOD
295,2026-09-24,6,16.776,GOOD
295,2026-09-24,7,15.973,GOOD
295,2026-09-24,8,13.877,GOOD
295,2026-09-24,9,11.064,GOOD
295,2026-09-24,10,8.964,GOOD
295,2026-09-24,11,6.855,GOOD
295,2026-09-24,12,6.459,GOOD
295,2026-09-24,13,3.506,GOOD
295,2026-09-24,14,6.864,GOOD
295,2026-09-24,15,10.014,GOOD
295,2026-09-24,16,9.813,GOOD
295,2026-09-24,17,9.735,GOOD
295,2026-09-24,18,11.381,GOOD
295,2026-09-24,19,8.487,GOOD
295,2026-09-24,20,10.218,GOOD
295,2026-09-24,21,6.001,GOOD
295,2026-09-24,22,6.774,GOOD
295,2026-09-24,23,8.545,GOOD
295,2026-09-24,24,6.638,GOOD
295,2026-09-25,1,8.004,GOOD
295,2026-09-25,2,4.793,GOOD
295,2026-09-25,3,8.204,GOOD
295,2026-09-25,4,9.223,GOOD
295,2026-09-25,5,3.386,GOOD
295,2026-09-25,6,1.106,GOOD
295,2026-09-25,7,3.122,GOOD
295,2026-09-25,8,4.835,GOOD
295,2026-09-25,9,7.408,GOOD
295,2026-09-25,10,9.644,GOOD
295,2026-09-25,11,10.453,GOOD
295,2026-09-25,12,7.313,GOOD
295,2026-09-25,13,7.305,GOOD
295,2026-09-25,14,8.844,GOOD
295,2026-09-25,15,9.526,GOOD
295,2026-09-25,16,9.237,GOOD
295,2026-09-25,17,10.192,GOOD
295,2026-09-25,18,11.965,GOOD
295,2026-09-25,19,10.652,GOOD
295,2026-09-25,20,7.748,GOOD
295,2026-09-25,21,13.052,GOOD
295,2026-09-25,22,14.865,GOOD
295,2026-09-25,23,8.354,GOOD
295,2026-09-25,24,7.373,GOOD
295,2026-09-26,1,3.357,GOOD
295,2026-09-26,2,4.645,GOOD
295,2026-09-26,3,5.048,GOOD
295,2026-09-26,4,5.599,GOOD
295,2026-09-26,5,0.69,GOOD
295,2026-09-26,6,3.496,GOOD
295,2026-09-26,7,13.924,GOOD
295,2026-09-26,8,8.508,GOOD
295,2026-09-26,9,12.861,GOOD
295,2026-09-26,10,12.182,GOOD
295,2026-09-26,11,12.708,GOOD
295,2026-09-26,12,13.811,GOOD
295,2026-09-26,13,13.808,GOOD
295,2026-09-26,14,11.588,GOOD
295,2026-09-26,15,9.862,GOOD
295,2026-09-26,16,10.985,GOOD
295,2026-09-26,17,10.319,GOOD
295,2026-09-26,18,11.813,GOOD
295,2026-09-26,19,11.118,GOOD
295,2026-09-26,20,17.439,GOOD
295,2026-09-26,21,17.837,GOOD
295,2026-09-26,22,23.953,GOOD
295,2026-09-26,23,21.539,GOOD
295,2026-09-26,24,13.763,GOOD
295,2026-09-27,1,8.737,GOOD
295,2026-09-27,2,5.265,GOOD
295,2026-09-27,3,7.264,GOOD
295,2026-09-27,4,3.736,GOOD
295,2026-09-27,5,0.825,GOOD
295,2026-09-27,6,2.792,GOOD
295,2026-09-27,7,4.336,GOOD
295,2026-09-27,8,4.551,GOOD
295,2026-09-27,9,5.275,GOOD
295,2026-09-27,10,6.832,GOOD
295,2026-09-27,11,3.777,GOOD
295,2026-09-27,12,1.808,GOOD
295,2026-09-27,13,3.871,GOOD
295,2026-09-27,14,4.165,GOOD
295,2026-09-27,15,6.756,GOOD
295,2026-09-27,16,9.696,GOOD
295,2026-09-27,17,6.221,GOOD
295,2026-09-27,18,2.681,GOOD
295,2026-09-27,19,1.961,GOOD
295,2026-09-27,20,-1.458,GOOD
295,2026-09-27,21,4.468,GOOD
295,2026-09-27,22,6.105,GOOD
295,2026-09-27,23,4.786,GOOD
295,2026-09-27,24,5.701,GOOD
295,2026-09-28,1,1.554,GOOD
295,2026-09-28,2,4.539,GOOD
295,2026-09-28,3,4.156,GOOD
295,2026-09-28,4,4.656,GOOD
295,2026-09-28,5,4.591,GOOD
295,2026-09-28,6,1.076,GOOD
295,2026-09-28,7,1.884,GOOD
295,2026-09-28,8,1.974,GOOD
295,2026-09-28,9,1.908,GOOD
295,2026-09-28,10,4.235,GOOD
295,2026-09-28,11,5.93,GOOD
295,2026-09-28,12,5.179,GOOD
295,2026-09-28,13,-1.335,GOOD
295,2026-09-28,14,-2.114,GOOD
295,2026-09-28,15,4.097,GOOD
295,2026-09-28,16,3.856,GOOD
295,2026-09-28,17,7.283,GOOD
295,2026-09-28,18,7.63,GOOD
295,2026-09-28,19,4.699,GOOD
295,2026-09-28,20,5.078,GOOD
295,2026-09-28,21,1.696,GOOD
295,2026-09-28,22,1.642,GOOD
295,2026-09-28,23,2.152,GOOD
295,2026-09-28,24,5.06,GOOD
295,2026-09-29,1,5.097,GOOD
295,2026-09-29,2,3.454,GOOD
295,2026-09-29,3,3.737,GOOD
295,2026-09-29,4,5.652,GOOD
295,2026-09-29,5,4.64,GOOD
295,2026-09-29,6,6.915,GOOD
295,2026-09-29,7,16.944,GOOD
295,2026-09-29,8,18.702,GOOD
295,2026-09-29,9,6.679,GOOD
295,2026-09-29,10,3.917,GOOD
295,2026-09-29,11,5.646,GOOD
295,2026-09-29,12,0.855,GOOD
295,2026-09-29,13,6.052,GOOD
295,2026-09-29,14,7.655,GOOD
295,2026-09-29,15,3.752,GOOD
295,2026-09-29,16,1.611,GOOD
295,2026-09-29,17,3.078,GOOD
295,2026-09-29,18,7.379,GOOD
295,2026-09-29,19,4.512,GOOD
295,2026-09-29,20,6.485,GOOD
295,2026-09-29,21,4.167,GOOD
295,2026-09-29,22,6.078,GOOD
295,2026-09-29,23,6.461,GOOD
295,2026-09-29,24,9.392,GOOD
295,2026-09-30,1,5.64,GOOD
295,2026-09-30,2,1.991,GOOD
295,2026-09-30,3,1.851,GOOD
295,2026-09-30,4,3.298,GOOD
295,2026-09-30,5,-1.156,GOOD
295,2026-09-30,6,-0.496,GOOD
295,2026-09-30,7,8.468,GOOD
295,2026-09-30,8,10.126,GOOD
295,2026-09-30,9,14.021,GOOD
295,2026-09-30,10,,
295,2026-09-30,11,3.994,GOOD
295,2026-09-30,12,1.522,GOOD
295,2026-09-30,13,,
295,2026-09-30,14,4.249,GOOD
295,2026-09-30,15,9.563,GOOD
295,2026-09-30,16,10.466,GOOD
295,2026-09-30,17,10.02,GOOD
295,2026-09-30,18,8.249,GOOD
295,2026-09-30,19,9.637,GOOD
295,2026-09-30,20,9.596,GOOD
295,2026-09-30,21,6.609,GOOD
295,2026-09-30,22,14,GOOD
295,2026-09-30,23,7.983,GOOD
295,2026-09-30,24,6.688,GOOD
304,2026-09-01,1,0.358,GOOD
304,2026-09-01,2,0.215,GOOD
304,2026-09-01,3,0.49,GOOD
304,2026-09-01,4,-4.538,GOOD
304,2026-09-01,5,-2.829,GOOD
304,2026-09-01,6,2.956,GOOD
304,2026-09-01,7,10.152,GOOD
304,2026-09-01,8,20.095,GOOD
304,2026-09-01,9,42.183,FAIR
304,2026-09-01,10,27.875,FAIR
304,2026-09-01,11,4.618,GOOD
304,2026-09-01,12,-4.945,GOOD
304,2026-09-01,13,-5.926,GOOD
304,2026-09-01,14,5.321,GOOD
304,2026-09-01,15,8.768,GOOD
304,2026-09-01,16,5.873,GOOD
304,2026-09-01,17,5.685,GOOD
304,2026-09-01,18,6.215,GOOD
304,2026-09-01,19,4.414,GOOD
304,2026-09-01,20,10.747,GOOD
304,2026-09-01,21,12.332,GOOD
304,2026-09-01,22,15.758,GOOD
304,2026-09-01,23,16.9,GOOD
304,2026-09-01,24,21.144,GOOD
304,2026-09-02,1,14.012,GOOD
304,2026-09-02,2,12.461,GOOD
304,2026-09-02,3,11.67,GOOD
304,2026-09-02,4,11.662,GOOD
304,2026-09-02,5,9.202,GOOD
304,2026-09-02,6,6.496,GOOD
304,2026-09-02,7,7.533,GOOD
304,2026-09-02,8,16.764,GOOD
304,2026-09-02,9,12.185,GOOD
304,2026-09-02,10,0.386,GOOD
304,2026-09-02,11,-2.245,GOOD
304,2026-09-02,12,-0.441,GOOD
304,2026-09-02,13,2.988,GOOD
304,2026-09-02,14,9.141,GOOD
304,2026-09-02,15,6.542,GOOD
304,2026-09-02,16,4.441,GOOD
304,2026-09-02,17,3.574,GOOD
304,2026-09-02,18,1.108,GOOD
304,2026-09-02,19,6.053,GOOD
304,2026-09-02,20,15.309,GOOD
304,2026-09-02,21,17.842,GOOD
304,2026-09-02,22,7.995,GOOD
304,2026-09-02,23,9.245,GOOD
304,2026-09-02,24,2.955,GOOD
304,2026-09-03,1,8.593,GOOD
304,2026-09-03,2,13.494,GOOD
304,2026-09-03,3,11.911,GOOD
304,2026-09-03,4,16.437,GOOD
304,2026-09-03,5,11.843,GOOD
304,2026-09-03,6,8.302,GOOD
304,2026-09-03,7,8.782,GOOD
304,2026-09-03,8,15.706,GOOD
304,2026-09-03,9,5.696,GOOD
304,2026-09-03,10,-5.692,GOOD
304,2026-09-03,11,-3.192,GOOD
304,2026-09-03,12,5.132,GOOD
304,2026-09-03,13,4.785,GOOD
304,2026-09-03,14,6.845,GOOD
304,2026-09-03,15,4.172,GOOD
304,2026-09-03,16,2.086,GOOD
304,2026-09-03,17,1.741,GOOD
304,2026-09-03,18,-2.89,GOOD
304,2026-09-03,19,-5.357,GOOD
304,2026-09-03,20,-0.528,GOOD
304,2026-09-03,21,-3.015,GOOD
304,2026-09-03,22,0.219,GOOD
304,2026-09-03,23,9.063,GOOD
304,2026-09-03,24,2.4,GOOD
304,2026-09-04,1,2.145,GOOD
304,2026-09-04,2,10.538,GOOD
304,2026-09-04,3,2.337,GOOD
304,2026-09-04,4,-1.232,GOOD
304,2026-09-04,5,-0.789,GOOD
304,2026-09-04,6,13.362,GOOD
304,2026-09-04,7,15.139,GOOD
304,2026-09-04,8,22.789,GOOD
304,2026-09-04,9,9.244,GOOD
304,2026-09-04,10,-2.466,GOOD
304,2026-09-04,11,0.634,GOOD
304,2026-09-04,12,4.785,GOOD
304,2026-09-04,13,0.834,GOOD
304,2026-09-04,14,2.352,GOOD
304,2026-09-04,15,1.186,GOOD
304,2026-09-04,16,1.958,GOOD
304,2026-09-04,17,15.434,GOOD
304,2026-09-04,18,21.093,GOOD
304,2026-09-04,19,13.651,GOOD
304,2026-09-04,20,13.721,GOOD
304,2026-09-04,21,11.966,GOOD
304,2026-09-04,22,11.004,GOOD
304,2026-09-04,23,11.239,GOOD
304,2026-09-04,24,10.011,GOOD
304,2026-09-05,1,5.872,GOOD
304,2026-09-05,2,8.698,GOOD
304,2026-09-05,3,9.657,GOOD
304,2026-09-05,4,2.101,GOOD
304,2026-09-05,5,-0.278,GOOD
304,2026-09-05,6,2.473,GOOD
304,2026-09-05,7,7.033,GOOD
304,2026-09-05,8,16.634,GOOD
304,2026-09-05,9,14.358,GOOD
304,2026-09-05,10,1.409,GOOD
304,2026-09-05,11,-2.007,GOOD
304,2026-09-05,12,4.301,GOOD
304,2026-09-05,13,9.831,GOOD
304,2026-09-05,14,7.317,GOOD
304,2026-09-05,15,3.415,GOOD
304,2026-09-05,16,0.119,GOOD
304,2026-09-05,17,1.026,GOOD
304,2026-09-05,18,2.329,GOOD
304,2026-09-05,19,,
304,2026-09-05,20,19.267,GOOD
304,2026-09-05,21,28.799,FAIR
304,2026-09-05,22,12.474,GOOD
304,2026-09-05,23,3.137,GOOD
304,2026-09-05,24,5.638,GOOD
304,2026-09-06,1,-1.502,GOOD
304,2026-09-06,2,,
304,2026-09-06,3,-3.135,GOOD
304,2026-09-06,4,-8.287,GOOD
304,2026-09-06,5,,
304,2026-09-06,6,-6.877,GOOD
304,2026-09-06,7,2.494,GOOD
304,2026-09-06,8,9.238,GOOD
304,2026-09-06,9,12.385,GOOD
304,2026-09-06,10,10.043,GOOD
304,2026-09-06,11,3.978,GOOD
304,2026-09-06,12,2.209,GOOD
304,2026-09-06,13,2.836,GOOD
304,2026-09-06,14,5.883,GOOD
304,2026-09-06,15,1.806,GOOD
304,2026-09-06,16,-0.356,GOOD
304,2026-09-06,17,1.079,GOOD
304,2026-09-06,18,1.954,GOOD
304,2026-09-06,19,11.279,GOOD
304,2026-09-06,20,26.55,FAIR
304,2026-09-06,21,25.905,FAIR
304,2026-09-06,22,12.242,GOOD
304,2026-09-06,23,9.431,GOOD
304,2026-09-06,24,8.705,GOOD
304,2026-09-07,1,6.846,GOOD
304,2026-09-07,2,7.252,GOOD
304,2026-09-07,3,5.749,GOOD
304,2026-09-07,4,5.297,GOOD
304,2026-09-07,5,2.691,GOOD
304,2026-09-07,6,-0.365,GOOD
304,2026-09-07,7,-0.143,GOOD
304,2026-09-07,8,21.209,GOOD
304,2026-09-07,9,31.131,FAIR
304,2026-09-07,10,5.782,GOOD
304,2026-09-07,11,-8.319,GOOD
304,2026-09-07,12,-0.46,GOOD
304,2026-09-07,13,,
304,2026-09-07,14,,
304,2026-09-07,15,,
304,2026-09-07,16,,
304,2026-09-07,17,,
304,2026-09-07,18,,
304,2026-09-07,19,,
304,2026-09-07,20,,
304,2026-09-07,21,,
304,2026-09-07,22,,
304,2026-09-07,23,,
304,2026-09-07,24,,
304,2026-09-08,1,,
304,2026-09-08,2,,
304,2026-09-08,3,,
304,2026-09-08,4,,
304,2026-09-08,5,,
304,2026-09-08,6,,
304,2026-09-08,7,,
304,2026-09-08,8,,
304,2026-09-08,9,,
304,2026-09-08,10,,
304,2026-09-08,11,,
304,2026-09-08,12,,
304,2026-09-08,13,,
304,2026-09-08,14,,
304,2026-09-08,15,,
304,2026-09-08,16,,
304,2026-09-08,17,,
304,2026-09-08,18,,
304,2026-09-08,19,,
304,2026-09-08,20,,
304,2026-09-08,21,,
304,2026-09-08,22,,
304,2026-09-08,23,,
304,2026-09-08,24,,
304,2026-09-09,1,,
304,2026-09-09,2,,
304,2026-09-09,3,,
304,2026-09-09,4,,
304,2026-09-09,5,,
304,2026-09-09,6,,
304,2026-09-09,7,,
304,2026-09-09,8,,
304,2026-09-09,9,,
304,2026-09-09,10,6.169,GOOD
304,2026-09-09,11,1.513,GOOD
304,2026-09-09,12,3.601,GOOD
304,2026-09-09,13,8.63,GOOD
304,2026-09-09,14,13.971,GOOD
304,2026-09-09,15,,
304,2026-09-09,16,,
304,2026-09-09,17,,
304,2026-09-09,18,,
304,2026-09-09,19,,
304,2026-09-09,20,,
304,2026-09-09,21,,
304,2026-09-09,22,,
304,2026-09-09,23,,
304,2026-09-09,24,,
304,2026-09-10,1,,
304,2026-09-10,2,,
304,2026-09-10,3,,
304,2026-09-10,4,,
304,2026-09-10,5,,
304,2026-09-10,6,,
304,2026-09-10,7,,
304,2026-09-10,8,,
304,2026-09-10,9,,
304,2026-09-10,10,,
304,2026-09-10,11,,
304,2026-09-10,12,,
304,2026-09-10,13,,
304,2026-09-10,14,,
304,2026-09-10,15,,
304,2026-09-10,16,,
304,2026-09-10,17,,
304,2026-09-10,18,,
304,2026-09-10,19,,
304,2026-09-10,20,,
304,2026-09-10,21,,
304,2026-09-10,22,,
304,2026-09-10,23,,
304,2026-09-10,24,,
304,2026-09-11,1,,
304,2026-09-11,2,,
304,2026-09-11,3,,
304,2026-09-11,4,,
304,2026-09-11,5,,
304,2026-09-11,6,,
304,2026-09-11,7,,
304,2026-09-11,8,,
304,2026-09-11,9,,
304,2026-09-11,10,,
304,2026-09-11,11,,
304,2026-09-11,12,,
304,2026-09-11,13,,
304,2026-09-11,14,,
304,2026-09-11,15,,
304,2026-09-11,16,8.836,GOOD
304,2026-09-11,17,6.283,GOOD
304,2026-09-11,18,5.027,GOOD
304,2026-09-11,19,10.029,GOOD
304,2026-09-11,20,15.452,GOOD
304,2026-09-11,21,19.282,GOOD
304,2026-09-11,22,20.729,GOOD
304,2026-09-11,23,17.339,GOOD
304,2026-09-11,24,17.247,GOOD
304,2026-09-12,1,15.837,GOOD
304,2026-09-12,2,9.871,GOOD
304,2026-09-12,3,7.636,GOOD
304,2026-09-12,4,9.447,GOOD
304,2026-09-12,5,9.227,GOOD
304,2026-09-12,6,8.961,GOOD
304,2026-09-12,7,15.155,GOOD
304,2026-09-12,8,17.259,GOOD
304,2026-09-12,9,14.41,GOOD
304,2026-09-12,10,8.674,GOOD
304,2026-09-12,11,9.191,GOOD
304,2026-09-12,12,8.13,GOOD
304,2026-09-12,13,8.189,GOOD
304,2026-09-12,14,7.845,GOOD
304,2026-09-12,15,6.641,GOOD
304,2026-09-12,16,7.208,GOOD
304,2026-09-12,17,5.224,GOOD
304,2026-09-12,18,6.405,GOOD
304,2026-09-12,19,6.888,GOOD
304,2026-09-12,20,5.557,GOOD
304,2026-09-12,21,5.432,GOOD
304,2026-09-12,22,8.025,GOOD
304,2026-09-12,23,3.839,GOOD
304,2026-09-12,24,9.335,GOOD
304,2026-09-13,1,19.411,GOOD
304,2026-09-13,2,5.11,GOOD
304,2026-09-13,3,1.25,GOOD
304,2026-09-13,4,3.428,GOOD
304,2026-09-13,5,-1.777,GOOD
304,2026-09-13,6,0.152,GOOD
304,2026-09-13,7,12.833,GOOD
304,2026-09-13,8,20.945,GOOD
304,2026-09-13,9,6.832,GOOD
304,2026-09-13,10,-0.234,GOOD
304,2026-09-13,11,1.451,GOOD
304,2026-09-13,12,2.421,GOOD
304,2026-09-13,13,5.856,GOOD
304,2026-09-13,14,9.262,GOOD
304,2026-09-13,15,9.441,GOOD
304,2026-09-13,16,6.576,GOOD
304,2026-09-13,17,3.057,GOOD
304,2026-09-13,18,8.499,GOOD
304,2026-09-13,19,7.281,GOOD
304,2026-09-13,20,6.432,GOOD
304,2026-09-13,21,3.658,GOOD
304,2026-09-13,22,1.718,GOOD
304,2026-09-13,23,4.036,GOOD
304,2026-09-13,24,6.112,GOOD
304,2026-09-14,1,7.964,GOOD
304,2026-09-14,2,5.144,GOOD
304,2026-09-14,3,6.37,GOOD
304,2026-09-14,4,8.939,GOOD
304,2026-09-14,5,3.074,GOOD
304,2026-09-14,6,4.961,GOOD
304,2026-09-14,7,9.49,GOOD
304,2026-09-14,8,11.756,GOOD
304,2026-09-14,9,10.969,GOOD
304,2026-09-14,10,14.11,GOOD
304,2026-09-14,11,13.439,GOOD
304,2026-09-14,12,7.371,GOOD
304,2026-09-14,13,3.472,GOOD
304,2026-09-14,14,-0.005,GOOD
304,2026-09-14,15,2.755,GOOD
304,2026-09-14,16,11.267,GOOD
304,2026-09-14,17,10.907,GOOD
304,2026-09-14,18,10.367,GOOD
304,2026-09-14,19,2.804,GOOD
304,2026-09-14,20,6.799,GOOD
304,2026-09-14,21,8.5,GOOD
304,2026-09-14,22,10.095,GOOD
304,2026-09-14,23,9.104,GOOD
304,2026-09-14,24,11.099,GOOD
304,2026-09-15,1,10.421,GOOD
304,2026-09-15,2,13.253,GOOD
304,2026-09-15,3,14.805,GOOD
304,2026-09-15,4,14.808,GOOD
304,2026-09-15,5,12.696,GOOD
304,2026-09-15,6,13.809,GOOD
304,2026-09-15,7,15.793,GOOD
304,2026-09-15,8,17.386,GOOD
304,2026-09-15,9,15.189,GOOD
304,2026-09-15,10,9.61,GOOD
304,2026-09-15,11,7.357,GOOD
304,2026-09-15,12,4.288,GOOD
304,2026-09-15,13,5.35,GOOD
304,2026-09-15,14,10.812,GOOD
304,2026-09-15,15,7.051,GOOD
304,2026-09-15,16,7.184,GOOD
304,2026-09-15,17,8.856,GOOD
304,2026-09-15,18,10.053,GOOD
304,2026-09-15,19,9.875,GOOD
304,2026-09-15,20,9.475,GOOD
304,2026-09-15,21,8.846,GOOD
304,2026-09-15,22,6.027,GOOD
304,2026-09-15,23,3.821,GOOD
304,2026-09-15,24,0.411,GOOD
304,2026-09-16,1,-0.742,GOOD
304,2026-09-16,2,0.868,GOOD
304,2026-09-16,3,1.167,GOOD
304,2026-09-16,4,1.25,GOOD
304,2026-09-16,5,2.484,GOOD
304,2026-09-16,6,6.209,GOOD
304,2026-09-16,7,7.224,GOOD
304,2026-09-16,8,13.287,GOOD
304,2026-09-16,9,4.611,GOOD
304,2026-09-16,10,1.403,GOOD
304,2026-09-16,11,1.518,GOOD
304,2026-09-16,12,5.987,GOOD
304,2026-09-16,13,-0.85,GOOD
304,2026-09-16,14,-0.355,GOOD
304,2026-09-16,15,4.223,GOOD
304,2026-09-16,16,4.352,GOOD
304,2026-09-16,17,6.177,GOOD
304,2026-09-16,18,5.187,GOOD
304,2026-09-16,19,5.162,GOOD
304,2026-09-16,20,5.567,GOOD
304,2026-09-16,21,6.085,GOOD
304,2026-09-16,22,7.643,GOOD
304,2026-09-16,23,6.595,GOOD
304,2026-09-16,24,4.792,GOOD
304,2026-09-17,1,4.14,GOOD
304,2026-09-17,2,4.377,GOOD
304,2026-09-17,3,2.732,GOOD
304,2026-09-17,4,3.055,GOOD
304,2026-09-17,5,5.214,GOOD
304,2026-09-17,6,6.415,GOOD
304,2026-09-17,7,5.847,GOOD
304,2026-09-17,8,8.704,GOOD
304,2026-09-17,9,9.203,GOOD
304,2026-09-17,10,6.538,GOOD
304,2026-09-17,11,4.494,GOOD
304,2026-09-17,12,7.44,GOOD
304,2026-09-17,13,12.505,GOOD
304,2026-09-17,14,13.106,GOOD
304,2026-09-17,15,7.814,GOOD
304,2026-09-17,16,6.152,GOOD
304,2026-09-17,17,6.499,GOOD
304,2026-09-17,18,3.465,GOOD
304,2026-09-17,19,3.844,GOOD
304,2026-09-17,20,5.561,GOOD
304,2026-09-17,21,7.353,GOOD
304,2026-09-17,22,8.358,GOOD
304,2026-09-17,23,9.64,GOOD
304,2026-09-17,24,8.014,GOOD
304,2026-09-18,1,8.222,GOOD
304,2026-09-18,2,7.456,GOOD
304,2026-09-18,3,11.692,GOOD
304,2026-09-18,4,11.112,GOOD
304,2026-09-18,5,12.649,GOOD
304,2026-09-18,6,12.892,GOOD
304,2026-09-18,7,13.194,GOOD
304,2026-09-18,8,17.348,GOOD
304,2026-09-18,9,17.623,GOOD
304,2026-09-18,10,10.1,GOOD
304,2026-09-18,11,11.325,GOOD
304,2026-09-18,12,12.044,GOOD
304,2026-09-18,13,15.005,GOOD
304,2026-09-18,14,11.913,GOOD
304,2026-09-18,15,10.934,GOOD
304,2026-09-18,16,23.005,GOOD
304,2026-09-18,17,21.507,GOOD
304,2026-09-18,18,8.842,GOOD
304,2026-09-18,19,8.256,GOOD
304,2026-09-18,20,6.397,GOOD
304,2026-09-18,21,4.689,GOOD
304,2026-09-18,22,8.152,GOOD
304,2026-09-18,23,17.438,GOOD
304,2026-09-18,24,17.355,GOOD
304,2026-09-19,1,13.444,GOOD
304,2026-09-19,2,10.58,GOOD
304,2026-09-19,3,8.779,GOOD
304,2026-09-19,4,4.79,GOOD
304,2026-09-19,5,1.563,GOOD
304,2026-09-19,6,3.69,GOOD
304,2026-09-19,7,8.783,GOOD
304,2026-09-19,8,8.429,GOOD
304,2026-09-19,9,6.749,GOOD
304,2026-09-19,10,2.526,GOOD
304,2026-09-19,11,4.311,GOOD
304,2026-09-19,12,4.053,GOOD
304,2026-09-19,13,4.08,GOOD
304,2026-09-19,14,1.675,GOOD
304,2026-09-19,15,3.05,GOOD
304,2026-09-19,16,2.147,GOOD
304,2026-09-19,17,4.722,GOOD
304,2026-09-19,18,4.706,GOOD
304,2026-09-19,19,4.731,GOOD
304,2026-09-19,20,6.542,GOOD
304,2026-09-19,21,10.291,GOOD
304,2026-09-19,22,12.12,GOOD
304,2026-09-19,23,10.007,GOOD
304,2026-09-19,24,7.963,GOOD
304,2026-09-20,1,8.633,GOOD
304,2026-09-20,2,5.249,GOOD
304,2026-09-20,3,6.72,GOOD
304,2026-09-20,4,6.901,GOOD
304,2026-09-20,5,12.044,GOOD
304,2026-09-20,6,10.952,GOOD
304,2026-09-20,7,5.486,GOOD
304,2026-09-20,8,4.789,GOOD
304,2026-09-20,9,6.221,GOOD
304,2026-09-20,10,5.395,GOOD
304,2026-09-20,11,5.621,GOOD
304,2026-09-20,12,3.188,GOOD
304,2026-09-20,13,5.908,GOOD
304,2026-09-20,14,5.619,GOOD
304,2026-09-20,15,2.798,GOOD
304,2026-09-20,16,2.302,GOOD
304,2026-09-20,17,3.488,GOOD
304,2026-09-20,18,1.488,GOOD
304,2026-09-20,19,3.521,GOOD
304,2026-09-20,20,3.494,GOOD
304,2026-09-20,21,0.74,GOOD
304,2026-09-20,22,6.317,GOOD
304,2026-09-20,23,2.111,GOOD
304,2026-09-20,24,4.546,GOOD
304,2026-09-21,1,3.294,GOOD
304,2026-09-21,2,3.841,GOOD
304,2026-09-21,3,6.4,GOOD
304,2026-09-21,4,7.362,GOOD
304,2026-09-21,5,5.864,GOOD
304,2026-09-21,6,6.964,GOOD
304,2026-09-21,7,8.796,GOOD
304,2026-09-21,8,10.746,GOOD
304,2026-09-21,9,9.947,GOOD
304,2026-09-21,10,8.95,GOOD
304,2026-09-21,11,7.583,GOOD
304,2026-09-21,12,4.572,GOOD
304,2026-09-21,13,6.522,GOOD
304,2026-09-21,14,6.113,GOOD
304,2026-09-21,15,,
304,2026-09-21,16,20.574,GOOD
304,2026-09-21,17,17.677,GOOD
304,2026-09-21,18,13.337,GOOD
304,2026-09-21,19,10.815,GOOD
304,2026-09-21,20,9.692,GOOD
304,2026-09-21,21,12.119,GOOD
304,2026-09-21,22,10.135,GOOD
304,2026-09-21,23,9.332,GOOD
304,2026-09-21,24,3.598,GOOD
304,2026-09-22,1,2.457,GOOD
304,2026-09-22,2,0.956,GOOD
304,2026-09-22,3,2.653,GOOD
304,2026-09-22,4,2.741,GOOD
304,2026-09-22,5,-4.17,GOOD
304,2026-09-22,6,-1.178,GOOD
304,2026-09-22,7,2.49,GOOD
304,2026-09-22,8,1.975,GOOD
304,2026-09-22,9,3.093,GOOD
304,2026-09-22,10,6.158,GOOD
304,2026-09-22,11,4.638,GOOD
304,2026-09-22,12,1.837,GOOD
304,2026-09-22,13,2.461,GOOD
304,2026-09-22,14,2.893,GOOD
304,2026-09-22,15,2.589,GOOD
304,2026-09-22,16,3.283,GOOD
304,2026-09-22,17,3.132,GOOD
304,2026-09-22,18,6.076,GOOD
304,2026-09-22,19,3.788,GOOD
304,2026-09-22,20,5.249,GOOD
304,2026-09-22,21,3.288,GOOD
304,2026-09-22,22,0.927,GOOD
304,2026-09-22,23,2.796,GOOD
304,2026-09-22,24,2.442,GOOD
304,2026-09-23,1,1.584,GOOD
304,2026-09-23,2,3.795,GOOD
304,2026-09-23,3,2.892,GOOD
304,2026-09-23,4,0.663,GOOD
304,2026-09-23,5,5.952,GOOD
304,2026-09-23,6,7.01,GOOD
304,2026-09-23,7,10.843,GOOD
304,2026-09-23,8,28.941,FAIR
304,2026-09-23,9,13.496,GOOD
304,2026-09-23,10,6,GOOD
304,2026-09-23,11,2.448,GOOD
304,2026-09-23,12,6.26,GOOD
304,2026-09-23,13,6.587,GOOD
304,2026-09-23,14,6.949,GOOD
304,2026-09-23,15,9.725,GOOD
304,2026-09-23,16,18.396,GOOD
304,2026-09-23,17,22.687,GOOD
304,2026-09-23,18,8.349,GOOD
304,2026-09-23,19,7.361,GOOD
304,2026-09-23,20,9.198,GOOD
304,2026-09-23,21,13.435,GOOD
304,2026-09-23,22,9.638,GOOD
304,2026-09-23,23,4.713,GOOD
304,2026-09-23,24,4.857,GOOD
304,2026-09-24,1,4.362,GOOD
304,2026-09-24,2,4.764,GOOD
304,2026-09-24,3,6.082,GOOD
304,2026-09-24,4,5.244,GOOD
304,2026-09-24,5,3.449,GOOD
304,2026-09-24,6,7.089,GOOD
304,2026-09-24,7,11.17,GOOD
304,2026-09-24,8,15.051,GOOD
304,2026-09-24,9,12.342,GOOD
304,2026-09-24,10,9.909,GOOD
304,2026-09-24,11,5.997,GOOD
304,2026-09-24,12,4.339,GOOD
304,2026-09-24,13,10.651,GOOD
304,2026-09-24,14,13.017,GOOD
304,2026-09-24,15,11.546,GOOD
304,2026-09-24,16,9.351,GOOD
304,2026-09-24,17,8.239,GOOD
304,2026-09-24,18,6.033,GOOD
304,2026-09-24,19,5.451,GOOD
304,2026-09-24,20,3.96,GOOD
304,2026-09-24,21,5.787,GOOD
304,2026-09-24,22,3.956,GOOD
304,2026-09-24,23,3.278,GOOD
304,2026-09-24,24,5.028,GOOD
304,2026-09-25,1,2.739,GOOD
304,2026-09-25,2,4.325,GOOD
304,2026-09-25,3,2.185,GOOD
304,2026-09-25,4,3.291,GOOD
304,2026-09-25,5,2.448,GOOD
304,2026-09-25,6,5.331,GOOD
304,2026-09-25,7,5.027,GOOD
304,2026-09-25,8,12.178,GOOD
304,2026-09-25,9,13.364,GOOD
304,2026-09-25,10,14.718,GOOD
304,2026-09-25,11,11.943,GOOD
304,2026-09-25,12,9.892,GOOD
304,2026-09-25,13,10.24,GOOD
304,2026-09-25,14,12.947,GOOD
304,2026-09-25,15,11.004,GOOD
304,2026-09-25,16,11.582,GOOD
304,2026-09-25,17,9.683,GOOD
304,2026-09-25,18,8.364,GOOD
304,2026-09-25,19,6.374,GOOD
304,2026-09-25,20,3.828,GOOD
304,2026-09-25,21,-0.327,GOOD
304,2026-09-25,22,1.442,GOOD
304,2026-09-25,23,2.097,GOOD
304,2026-09-25,24,16.539,GOOD
304,2026-09-26,1,15.952,GOOD
304,2026-09-26,2,5.758,GOOD
304,2026-09-26,3,7.061,GOOD
304,2026-09-26,4,19.282,GOOD
304,2026-09-26,5,37.571,FAIR
304,2026-09-26,6,28.929,FAIR
304,2026-09-26,7,20.022,GOOD
304,2026-09-26,8,18.96,GOOD
304,2026-09-26,9,15.249,GOOD
304,2026-09-26,10,7.893,GOOD
304,2026-09-26,11,4.22,GOOD
304,2026-09-26,12,2.915,GOOD
304,2026-09-26,13,7.007,GOOD
304,2026-09-26,14,12.305,GOOD
304,2026-09-26,15,18.349,GOOD
304,2026-09-26,16,14.698,GOOD
304,2026-09-26,17,14.09,GOOD
304,2026-09-26,18,9.675,GOOD
304,2026-09-26,19,12.322,GOOD
304,2026-09-26,20,36.14,FAIR
304,2026-09-26,21,69.963,POOR
304,2026-09-26,22,44.635,FAIR
304,2026-09-26,23,23.149,GOOD
304,2026-09-26,24,13.501,GOOD
304,2026-09-27,1,6.051,GOOD
304,2026-09-27,2,4.124,GOOD
304,2026-09-27,3,3.916,GOOD
304,2026-09-27,4,5.255,GOOD
304,2026-09-27,5,2.495,GOOD
304,2026-09-27,6,1.871,GOOD
304,2026-09-27,7,2.864,GOOD
304,2026-09-27,8,4.721,GOOD
304,2026-09-27,9,5.123,GOOD
304,2026-09-27,10,3.777,GOOD
304,2026-09-27,11,1.642,GOOD
304,2026-09-27,12,0.178,GOOD
304,2026-09-27,13,1.724,GOOD
304,2026-09-27,14,0.866,GOOD
304,2026-09-27,15,,
304,2026-09-27,16,4.75,GOOD
304,2026-09-27,17,4.045,GOOD
304,2026-09-27,18,2.348,GOOD
304,2026-09-27,19,0.807,GOOD
304,2026-09-27,20,2.603,GOOD
304,2026-09-27,21,0.226,GOOD
304,2026-09-27,22,0.548,GOOD
304,2026-09-27,23,4.084,GOOD
304,2026-09-27,24,2.34,GOOD
304,2026-09-28,1,0.851,GOOD
304,2026-09-28,2,2.698,GOOD
304,2026-09-28,3,1.057,GOOD
304,2026-09-28,4,1.342,GOOD
304,2026-09-28,5,3.394,GOOD
304,2026-09-28,6,2.04,GOOD
304,2026-09-28,7,2.48,GOOD
304,2026-09-28,8,3.555,GOOD
304,2026-09-28,9,1.602,GOOD
304,2026-09-28,10,4.931,GOOD
304,2026-09-28,11,2.657,GOOD
304,2026-09-28,12,3.684,GOOD
304,2026-09-28,13,7.895,GOOD
304,2026-09-28,14,9.582,GOOD
304,2026-09-28,15,5.838,GOOD
304,2026-09-28,16,3.049,GOOD
304,2026-09-28,17,3.505,GOOD
304,2026-09-28,18,5.358,GOOD
304,2026-09-28,19,3.079,GOOD
304,2026-09-28,20,1.001,GOOD
304,2026-09-28,21,5.663,GOOD
304,2026-09-28,22,9.137,GOOD
304,2026-09-28,23,5.62,GOOD
304,2026-09-28,24,6.017,GOOD
304,2026-09-29,1,6.114,GOOD
304,2026-09-29,2,4.55,GOOD
304,2026-09-29,3,4.215,GOOD
304,2026-09-29,4,6.851,GOOD
304,2026-09-29,5,6.676,GOOD
304,2026-09-29,6,10.045,GOOD
304,2026-09-29,7,10.191,GOOD
304,2026-09-29,8,9.203,GOOD
304,2026-09-29,9,7.733,GOOD
304,2026-09-29,10,,
304,2026-09-29,11,,
304,2026-09-29,12,0.071,GOOD
304,2026-09-29,13,3.167,GOOD
304,2026-09-29,14,5.382,GOOD
304,2026-09-29,15,4.892,GOOD
304,2026-09-29,16,2.849,GOOD
304,2026-09-29,17,5.118,GOOD
304,2026-09-29,18,2.671,GOOD
304,2026-09-29,19,3.003,GOOD
304,2026-09-29,20,4.808,GOOD
304,2026-09-29,21,8.649,GOOD
304,2026-09-29,22,8.366,GOOD
304,2026-09-29,23,5.647,GOOD
304,2026-09-29,24,2.913,GOOD
304,2026-09-30,1,5.544,GOOD
304,2026-09-30,2,0.873,GOOD
304,2026-09-30,3,4.064,GOOD
304,2026-09-30,4,4.133,GOOD
304,2026-09-30,5,3.543,GOOD
304,2026-09-30,6,8.963,GOOD
304,2026-09-30,7,9.137,GOOD
304,2026-09-30,8,9.323,GOOD
304,2026-09-30,9,8.055,GOOD
304,2026-09-30,10,5.463,GOOD
304,2026-09-30,11,4.479,GOOD
304,2026-09-30,12,3.835,GOOD
304,2026-09-30,13,7.591,GOOD
304,2026-09-30,14,5.763,GOOD
304,2026-09-30,15,3.794,GOOD
304,2026-09-30,16,3.726,GOOD
304,2026-09-30,17,19.997,GOOD
304,2026-09-30,18,19.3,GOOD
304,2026-09-30,19,,
304,2026-09-30,20,2.826,GOOD
304,2026-09-30,21,2.073,GOOD
304,2026-09-30,22,2.903,GOOD
304,2026-09-30,23,2.071,GOOD
304,2026-09-30,24,5.169,GOOD
300,2026-09-01,1,10.224,GOOD
300,2026-09-01,2,14.347,GOOD
300,2026-09-01,3,12.319,GOOD
300,2026-09-01,4,12.552,GOOD
300,2026-09-01,5,13.634,GOOD
300,2026-09-01,6,11.235,GOOD
300,2026-09-01,7,10.652,GOOD
300,2026-09-01,8,13.169,GOOD
300,2026-09-01,9,12.867,GOOD
300,2026-09-01,10,13.949,GOOD
300,2026-09-01,11,15.22,GOOD
300,2026-09-01,12,9.242,GOOD
300,2026-09-01,13,6.975,GOOD
300,2026-09-01,14,8.656,GOOD
300,2026-09-01,15,7.965,GOOD
300,2026-09-01,16,6.785,GOOD
300,2026-09-01,17,5.219,GOOD
300,2026-09-01,18,5.622,GOOD
300,2026-09-01,19,12.405,GOOD
300,2026-09-01,20,11.157,GOOD
300,2026-09-01,21,11.053,GOOD
300,2026-09-01,22,12.495,GOOD
300,2026-09-01,23,12.455,GOOD
300,2026-09-01,24,11.74,GOOD
300,2026-09-02,1,13.548,GOOD
300,2026-09-02,2,15.188,GOOD
300,2026-09-02,3,14.331,GOOD
300,2026-09-02,4,9.568,GOOD
300,2026-09-02,5,10.402,GOOD
300,2026-09-02,6,11.107,GOOD
300,2026-09-02,7,13.697,GOOD
300,2026-09-02,8,9.178,GOOD
300,2026-09-02,9,8.108,GOOD
300,2026-09-02,10,6.898,GOOD
300,2026-09-02,11,5.847,GOOD
300,2026-09-02,12,4.987,GOOD
300,2026-09-02,13,-3.329,GOOD
300,2026-09-02,14,-1.21,GOOD
300,2026-09-02,15,2.866,GOOD
300,2026-09-02,16,4.989,GOOD
300,2026-09-02,17,5.943,GOOD
300,2026-09-02,18,5.498,GOOD
300,2026-09-02,19,9.261,GOOD
300,2026-09-02,20,7.11,GOOD
300,2026-09-02,21,5.038,GOOD
300,2026-09-02,22,3.884,GOOD
300,2026-09-02,23,7.964,GOOD
300,2026-09-02,24,7.261,GOOD
300,2026-09-03,1,6.067,GOOD
300,2026-09-03,2,7.687,GOOD
300,2026-09-03,3,4.654,GOOD
300,2026-09-03,4,3.474,GOOD
300,2026-09-03,5,8.642,GOOD
300,2026-09-03,6,11.106,GOOD
300,2026-09-03,7,9.145,GOOD
300,2026-09-03,8,10.307,GOOD
300,2026-09-03,9,13.32,GOOD
300,2026-09-03,10,10.192,GOOD
300,2026-09-03,11,7.098,GOOD
300,2026-09-03,12,0.903,GOOD
300,2026-09-03,13,6.365,GOOD
300,2026-09-03,14,9.315,GOOD
300,2026-09-03,15,4.503,GOOD
300,2026-09-03,16,2.691,GOOD
300,2026-09-03,17,3.459,GOOD
300,2026-09-03,18,4.478,GOOD
300,2026-09-03,19,3.919,GOOD
300,2026-09-03,20,7.859,GOOD
300,2026-09-03,21,3.911,GOOD
300,2026-09-03,22,6.457,GOOD
300,2026-09-03,23,8.71,GOOD
300,2026-09-03,24,5.463,GOOD
300,2026-09-04,1,3.967,GOOD
300,2026-09-04,2,3.117,GOOD
300,2026-09-04,3,3.322,GOOD
300,2026-09-04,4,3.96,GOOD
300,2026-09-04,5,3.969,GOOD
300,2026-09-04,6,5.848,GOOD
300,2026-09-04,7,6.879,GOOD
300,2026-09-04,8,1.226,GOOD
300,2026-09-04,9,2.729,GOOD
300,2026-09-04,10,7.541,GOOD
300,2026-09-04,11,4.081,GOOD
300,2026-09-04,12,-0.178,GOOD
300,2026-09-04,13,0.66,GOOD
300,2026-09-04,14,-1.541,GOOD
300,2026-09-04,15,1.622,GOOD
300,2026-09-04,16,2.2,GOOD
300,2026-09-04,17,-2.399,GOOD
300,2026-09-04,18,,
300,2026-09-04,19,9.636,GOOD
300,2026-09-04,20,29.669,FAIR
300,2026-09-04,21,30.036,FAIR
300,2026-09-04,22,19.102,GOOD
300,2026-09-04,23,14.611,GOOD
300,2026-09-04,24,11.844,GOOD
300,2026-09-05,1,14.904,GOOD
300,2026-09-05,2,9.761,GOOD
300,2026-09-05,3,13.973,GOOD
300,2026-09-05,4,12.441,GOOD
300,2026-09-05,5,7.542,GOOD
300,2026-09-05,6,4.937,GOOD
300,2026-09-05,7,5.967,GOOD
300,2026-09-05,8,2.036,GOOD
300,2026-09-05,9,4.538,GOOD
300,2026-09-05,10,6.433,GOOD
300,2026-09-05,11,4.971,GOOD
300,2026-09-05,12,3.37,GOOD
300,2026-09-05,13,8.498,GOOD
300,2026-09-05,14,13.771,GOOD
300,2026-09-05,15,5.084,GOOD
300,2026-09-05,16,6.269,GOOD
300,2026-09-05,17,0.774,GOOD
300,2026-09-05,18,3.723,GOOD
300,2026-09-05,19,7.256,GOOD
300,2026-09-05,20,4.758,GOOD
300,2026-09-05,21,3.35,GOOD
300,2026-09-05,22,3.269,GOOD
300,2026-09-05,23,4.211,GOOD
300,2026-09-05,24,4.272,GOOD
300,2026-09-06,1,4.415,GOOD
300,2026-09-06,2,4.734,GOOD
300,2026-09-06,3,4.758,GOOD
300,2026-09-06,4,5.649,GOOD
300,2026-09-06,5,6.306,GOOD
300,2026-09-06,6,4.393,GOOD
300,2026-09-06,7,2.58,GOOD
300,2026-09-06,8,1.179,GOOD
300,2026-09-06,9,2.184,GOOD
300,2026-09-06,10,0.467,GOOD
300,2026-09-06,11,1.988,GOOD
300,2026-09-06,12,1.036,GOOD
300,2026-09-06,13,6.112,GOOD
300,2026-09-06,14,7.396,GOOD
300,2026-09-06,15,3.738,GOOD
300,2026-09-06,16,4.644,GOOD
300,2026-09-06,17,1.054,GOOD
300,2026-09-06,18,-0.406,GOOD
300,2026-09-06,19,5.196,GOOD
300,2026-09-06,20,4.133,GOOD
300,2026-09-06,21,9.737,GOOD
300,2026-09-06,22,8.004,GOOD
300,2026-09-06,23,5.821,GOOD
300,2026-09-06,24,10.798,GOOD
300,2026-09-07,1,7.885,GOOD
300,2026-09-07,2,4.307,GOOD
300,2026-09-07,3,3.992,GOOD
300,2026-09-07,4,4.332,GOOD
300,2026-09-07,5,7.536,GOOD
300,2026-09-07,6,7.745,GOOD
300,2026-09-07,7,7.864,GOOD
300,2026-09-07,8,9.807,GOOD
300,2026-09-07,9,10.306,GOOD
300,2026-09-07,10,9.664,GOOD
300,2026-09-07,11,3.714,GOOD
300,2026-09-07,12,0.767,GOOD
300,2026-09-07,13,3.943,GOOD
300,2026-09-07,14,4.029,GOOD
300,2026-09-07,15,2.981,GOOD
300,2026-09-07,16,1.762,GOOD
300,2026-09-07,17,1.154,GOOD
300,2026-09-07,18,4.935,GOOD
300,2026-09-07,19,7.009,GOOD
300,2026-09-07,20,8.77,GOOD
300,2026-09-07,21,13.554,GOOD
300,2026-09-07,22,12.634,GOOD
300,2026-09-07,23,8.165,GOOD
300,2026-09-07,24,9.123,GOOD
300,2026-09-08,1,5.077,GOOD
300,2026-09-08,2,4.746,GOOD
300,2026-09-08,3,6.729,GOOD
300,2026-09-08,4,5.569,GOOD
300,2026-09-08,5,10.469,GOOD
300,2026-09-08,6,14.553,GOOD
300,2026-09-08,7,7.579,GOOD
300,2026-09-08,8,3.776,GOOD
300,2026-09-08,9,2.612,GOOD
300,2026-09-08,10,2.666,GOOD
300,2026-09-08,11,8.331,GOOD
300,2026-09-08,12,4.765,GOOD
300,2026-09-08,13,,
300,2026-09-08,14,11.481,GOOD
300,2026-09-08,15,7.362,GOOD
300,2026-09-08,16,6.798,GOOD
300,2026-09-08,17,1.362,GOOD
300,2026-09-08,18,6.699,GOOD
300,2026-09-08,19,9.001,GOOD
300,2026-09-08,20,10.214,GOOD
300,2026-09-08,21,7.391,GOOD
300,2026-09-08,22,7.408,GOOD
300,2026-09-08,23,8.304,GOOD
300,2026-09-08,24,8.394,GOOD
300,2026-09-09,1,9.839,GOOD
300,2026-09-09,2,8.154,GOOD
300,2026-09-09,3,7.738,GOOD
300,2026-09-09,4,7.992,GOOD
300,2026-09-09,5,10.974,GOOD
300,2026-09-09,6,14.867,GOOD
300,2026-09-09,7,11.69,GOOD
300,2026-09-09,8,4.605,GOOD
300,2026-09-09,9,7.939,GOOD
300,2026-09-09,10,8.67,GOOD
300,2026-09-09,11,8.396,GOOD
300,2026-09-09,12,7.862,GOOD
300,2026-09-09,13,-0.24,GOOD
300,2026-09-09,14,2.206,GOOD
300,2026-09-09,15,3.076,GOOD
300,2026-09-09,16,13.906,GOOD
300,2026-09-09,17,13.361,GOOD
300,2026-09-09,18,13.275,GOOD
300,2026-09-09,19,9.763,GOOD
300,2026-09-09,20,10.954,GOOD
300,2026-09-09,21,11.268,GOOD
300,2026-09-09,22,14.416,GOOD
300,2026-09-09,23,14.553,GOOD
300,2026-09-09,24,10.162,GOOD
300,2026-09-10,1,9.75,GOOD
300,2026-09-10,2,8.478,GOOD
300,2026-09-10,3,4.693,GOOD
300,2026-09-10,4,5.377,GOOD
300,2026-09-10,5,10.745,GOOD
300,2026-09-10,6,13.822,GOOD
300,2026-09-10,7,4.655,GOOD
300,2026-09-10,8,3.325,GOOD
300,2026-09-10,9,2.202,GOOD
300,2026-09-10,10,3.613,GOOD
300,2026-09-10,11,7.725,GOOD
300,2026-09-10,12,5.642,GOOD
300,2026-09-10,13,2.643,GOOD
300,2026-09-10,14,3.669,GOOD
300,2026-09-10,15,-3.319,GOOD
300,2026-09-10,16,5.316,GOOD
300,2026-09-10,17,6.479,GOOD
300,2026-09-10,18,7.966,GOOD
300,2026-09-10,19,8.291,GOOD
300,2026-09-10,20,7.805,GOOD
300,2026-09-10,21,9.602,GOOD
300,2026-09-10,22,10.021,GOOD
300,2026-09-10,23,9.775,GOOD
300,2026-09-10,24,8.627,GOOD
300,2026-09-11,1,6.709,GOOD
300,2026-09-11,2,5.721,GOOD
300,2026-09-11,3,4.692,GOOD
300,2026-09-11,4,3.557,GOOD
300,2026-09-11,5,8.155,GOOD
300,2026-09-11,6,9.035,GOOD
300,2026-09-11,7,4.373,GOOD
300,2026-09-11,8,4.54,GOOD
300,2026-09-11,9,5.252,GOOD
300,2026-09-11,10,9.481,GOOD
300,2026-09-11,11,9.256,GOOD
300,2026-09-11,12,4.916,GOOD
300,2026-09-11,13,8.542,GOOD
300,2026-09-11,14,10.517,GOOD
300,2026-09-11,15,1.054,GOOD
300,2026-09-11,16,-0.275,GOOD
300,2026-09-11,17,-0.249,GOOD
300,2026-09-11,18,9.798,GOOD
300,2026-09-11,19,14.38,GOOD
300,2026-09-11,20,10.948,GOOD
300,2026-09-11,21,12.245,GOOD
300,2026-09-11,22,10.317,GOOD
300,2026-09-11,23,14.268,GOOD
300,2026-09-11,24,16.381,GOOD
300,2026-09-12,1,11.528,GOOD
300,2026-09-12,2,10.322,GOOD
300,2026-09-12,3,6.221,GOOD
300,2026-09-12,4,4.891,GOOD
300,2026-09-12,5,1.422,GOOD
300,2026-09-12,6,3.542,GOOD
300,2026-09-12,7,9.618,GOOD
300,2026-09-12,8,10.882,GOOD
300,2026-09-12,9,9.602,GOOD
300,2026-09-12,10,10.244,GOOD
300,2026-09-12,11,12.235,GOOD
300,2026-09-12,12,7.273,GOOD
300,2026-09-12,13,5.765,GOOD
300,2026-09-12,14,5.943,GOOD
300,2026-09-12,15,1.867,GOOD
300,2026-09-12,16,4.79,GOOD
300,2026-09-12,17,4.393,GOOD
300,2026-09-12,18,5.42,GOOD
300,2026-09-12,19,8.748,GOOD
300,2026-09-12,20,7.092,GOOD
300,2026-09-12,21,3.513,GOOD
300,2026-09-12,22,8.78,GOOD
300,2026-09-12,23,7.789,GOOD
300,2026-09-12,24,5.529,GOOD
300,2026-09-13,1,4.524,GOOD
300,2026-09-13,2,2.504,GOOD
300,2026-09-13,3,5.005,GOOD
300,2026-09-13,4,3.871,GOOD
300,2026-09-13,5,9.326,GOOD
300,2026-09-13,6,8.795,GOOD
300,2026-09-13,7,6.236,GOOD
300,2026-09-13,8,5.292,GOOD
300,2026-09-13,9,8.134,GOOD
300,2026-09-13,10,10.114,GOOD
300,2026-09-13,11,8.572,GOOD
300,2026-09-13,12,5.334,GOOD
300,2026-09-13,13,4.198,GOOD
300,2026-09-13,14,5.372,GOOD
300,2026-09-13,15,0.544,GOOD
300,2026-09-13,16,3.458,GOOD
300,2026-09-13,17,1.799,GOOD
300,2026-09-13,18,7.85,GOOD
300,2026-09-13,19,12.201,GOOD
300,2026-09-13,20,9.318,GOOD
300,2026-09-13,21,8.384,GOOD
300,2026-09-13,22,4.825,GOOD
300,2026-09-13,23,6.296,GOOD
300,2026-09-13,24,8.285,GOOD
300,2026-09-14,1,5.284,GOOD
300,2026-09-14,2,5.712,GOOD
300,2026-09-14,3,5.673,GOOD
300,2026-09-14,4,6.083,GOOD
300,2026-09-14,5,4.902,GOOD
300,2026-09-14,6,6.913,GOOD
300,2026-09-14,7,12.664,GOOD
300,2026-09-14,8,7.563,GOOD
300,2026-09-14,9,13.489,GOOD
300,2026-09-14,10,9.41,GOOD
300,2026-09-14,11,14.282,GOOD
300,2026-09-14,12,10.466,GOOD
300,2026-09-14,13,6.008,GOOD
300,2026-09-14,14,0.659,GOOD
300,2026-09-14,15,-1.03,GOOD
300,2026-09-14,16,4.29,GOOD
300,2026-09-14,17,11.07,GOOD
300,2026-09-14,18,11.132,GOOD
300,2026-09-14,19,12.595,GOOD
300,2026-09-14,20,12.153,GOOD
300,2026-09-14,21,13.735,GOOD
300,2026-09-14,22,11.114,GOOD
300,2026-09-14,23,6.026,GOOD
300,2026-09-14,24,7.573,GOOD
300,2026-09-15,1,9.905,GOOD
300,2026-09-15,2,10.127,GOOD
300,2026-09-15,3,12.082,GOOD
300,2026-09-15,4,18.955,GOOD
300,2026-09-15,5,16.531,GOOD
300,2026-09-15,6,13.44,GOOD
300,2026-09-15,7,11.371,GOOD
300,2026-09-15,8,10.855,GOOD
300,2026-09-15,9,11.921,GOOD
300,2026-09-15,10,9.872,GOOD
300,2026-09-15,11,5.547,GOOD
300,2026-09-15,12,,
300,2026-09-15,13,0.86,GOOD
300,2026-09-15,14,1.397,GOOD
300,2026-09-15,15,-0.883,GOOD
300,2026-09-15,16,1.75,GOOD
300,2026-09-15,17,6.262,GOOD
300,2026-09-15,18,16.093,GOOD
300,2026-09-15,19,17.332,GOOD
300,2026-09-15,20,10.525,GOOD
300,2026-09-15,21,15.055,GOOD
300,2026-09-15,22,7.249,GOOD
300,2026-09-15,23,5.01,GOOD
300,2026-09-15,24,4.028,GOOD
300,2026-09-16,1,5.981,GOOD
300,2026-09-16,2,5.974,GOOD
300,2026-09-16,3,6.47,GOOD
300,2026-09-16,4,6.453,GOOD
300,2026-09-16,5,9.238,GOOD
300,2026-09-16,6,9.736,GOOD
300,2026-09-16,7,7.832,GOOD
300,2026-09-16,8,8.406,GOOD
300,2026-09-16,9,6.762,GOOD
300,2026-09-16,10,2.914,GOOD
300,2026-09-16,11,4.76,GOOD
300,2026-09-16,12,7.367,GOOD
300,2026-09-16,13,2.94,GOOD
300,2026-09-16,14,4.612,GOOD
300,2026-09-16,15,4.868,GOOD
300,2026-09-16,16,7.143,GOOD
300,2026-09-16,17,7.661,GOOD
300,2026-09-16,18,10.281,GOOD
300,2026-09-16,19,7.823,GOOD
300,2026-09-16,20,8.8,GOOD
300,2026-09-16,21,10.473,GOOD
300,2026-09-16,22,7.595,GOOD
300,2026-09-16,23,8.088,GOOD
300,2026-09-16,24,5.689,GOOD
300,2026-09-17,1,7.618,GOOD
300,2026-09-17,2,4.965,GOOD
300,2026-09-17,3,6.983,GOOD
300,2026-09-17,4,4.325,GOOD
300,2026-09-17,5,7.942,GOOD
300,2026-09-17,6,8.931,GOOD
300,2026-09-17,7,8.453,GOOD
300,2026-09-17,8,3.841,GOOD
300,2026-09-17,9,2.969,GOOD
300,2026-09-17,10,3.644,GOOD
300,2026-09-17,11,4.819,GOOD
300,2026-09-17,12,4.894,GOOD
300,2026-09-17,13,8.187,GOOD
300,2026-09-17,14,9.268,GOOD
300,2026-09-17,15,4.366,GOOD
300,2026-09-17,16,2.237,GOOD
300,2026-09-17,17,2.391,GOOD
300,2026-09-17,18,7.164,GOOD
300,2026-09-17,19,9.394,GOOD
300,2026-09-17,20,7.466,GOOD
300,2026-09-17,21,1.995,GOOD
300,2026-09-17,22,4.913,GOOD
300,2026-09-17,23,8.362,GOOD
300,2026-09-17,24,6.453,GOOD
300,2026-09-18,1,6.646,GOOD
300,2026-09-18,2,7.974,GOOD
300,2026-09-18,3,7.163,GOOD
300,2026-09-18,4,8.667,GOOD
300,2026-09-18,5,6.347,GOOD
300,2026-09-18,6,6.854,GOOD
300,2026-09-18,7,10.257,GOOD
300,2026-09-18,8,10.431,GOOD
300,2026-09-18,9,11.701,GOOD
300,2026-09-18,10,11.368,GOOD
300,2026-09-18,11,10.775,GOOD
300,2026-09-18,12,9.825,GOOD
300,2026-09-18,13,4.558,GOOD
300,2026-09-18,14,10.733,GOOD
300,2026-09-18,15,3.858,GOOD
300,2026-09-18,16,,
300,2026-09-18,17,5.44,GOOD
300,2026-09-18,18,12.346,GOOD
300,2026-09-18,19,14.499,GOOD
300,2026-09-18,20,13.612,GOOD
300,2026-09-18,21,13.164,GOOD
300,2026-09-18,22,18.135,GOOD
300,2026-09-18,23,14.295,GOOD
300,2026-09-18,24,18.575,GOOD
300,2026-09-19,1,15.661,GOOD
300,2026-09-19,2,8.037,GOOD
300,2026-09-19,3,5.07,GOOD
300,2026-09-19,4,5.959,GOOD
300,2026-09-19,5,8.159,GOOD
300,2026-09-19,6,6.374,GOOD
300,2026-09-19,7,4.977,GOOD
300,2026-09-19,8,5.508,GOOD
300,2026-09-19,9,3.387,GOOD
300,2026-09-19,10,1.854,GOOD
300,2026-09-19,11,3.122,GOOD
300,2026-09-19,12,2.483,GOOD
300,2026-09-19,13,1.638,GOOD
300,2026-09-19,14,2.006,GOOD
300,2026-09-19,15,2.835,GOOD
300,2026-09-19,16,2.848,GOOD
300,2026-09-19,17,2.517,GOOD
300,2026-09-19,18,3.504,GOOD
300,2026-09-19,19,8.01,GOOD
300,2026-09-19,20,11.475,GOOD
300,2026-09-19,21,16.259,GOOD
300,2026-09-19,22,18.898,GOOD
300,2026-09-19,23,13.967,GOOD
300,2026-09-19,24,9.584,GOOD
300,2026-09-20,1,8.298,GOOD
300,2026-09-20,2,6.453,GOOD
300,2026-09-20,3,5.534,GOOD
300,2026-09-20,4,5.47,GOOD
300,2026-09-20,5,1.948,GOOD
300,2026-09-20,6,1.244,GOOD
300,2026-09-20,7,3.634,GOOD
300,2026-09-20,8,4.81,GOOD
300,2026-09-20,9,5.485,GOOD
300,2026-09-20,10,5.473,GOOD
300,2026-09-20,11,1.869,GOOD
300,2026-09-20,12,0.543,GOOD
300,2026-09-20,13,-2.473,GOOD
300,2026-09-20,14,-1.953,GOOD
300,2026-09-20,15,1.953,GOOD
300,2026-09-20,16,10.593,GOOD
300,2026-09-20,17,11.951,GOOD
300,2026-09-20,18,6.832,GOOD
300,2026-09-20,19,15.99,GOOD
300,2026-09-20,20,14.864,GOOD
300,2026-09-20,21,0.202,GOOD
300,2026-09-20,22,1.92,GOOD
300,2026-09-20,23,3.144,GOOD
300,2026-09-20,24,5.257,GOOD
300,2026-09-21,1,4.895,GOOD
300,2026-09-21,2,5.412,GOOD
300,2026-09-21,3,2.719,GOOD
300,2026-09-21,4,4.7,GOOD
300,2026-09-21,5,10.783,GOOD
300,2026-09-21,6,12.868,GOOD
300,2026-09-21,7,9.14,GOOD
300,2026-09-21,8,9.244,GOOD
300,2026-09-21,9,7.292,GOOD
300,2026-09-21,10,2.444,GOOD
300,2026-09-21,11,0.863,GOOD
300,2026-09-21,12,4.162,GOOD
300,2026-09-21,13,3.459,GOOD
300,2026-09-21,14,,
300,2026-09-21,15,,
300,2026-09-21,16,21.452,GOOD
300,2026-09-21,17,22.994,GOOD
300,2026-09-21,18,16.658,GOOD
300,2026-09-21,19,14.447,GOOD
300,2026-09-21,20,13.904,GOOD
300,2026-09-21,21,7.712,GOOD
300,2026-09-21,22,8.412,GOOD
300,2026-09-21,23,7.942,GOOD
300,2026-09-21,24,6.474,GOOD
300,2026-09-22,1,5.487,GOOD
300,2026-09-22,2,5.772,GOOD
300,2026-09-22,3,4.165,GOOD
300,2026-09-22,4,3.295,GOOD
300,2026-09-22,5,1.631,GOOD
300,2026-09-22,6,4.598,GOOD
300,2026-09-22,7,5.829,GOOD
300,2026-09-22,8,2.897,GOOD
300,2026-09-22,9,3.966,GOOD
300,2026-09-22,10,1.088,GOOD
300,2026-09-22,11,3.945,GOOD
300,2026-09-22,12,5.389,GOOD
300,2026-09-22,13,4.236,GOOD
300,2026-09-22,14,8.293,GOOD
300,2026-09-22,15,4.777,GOOD
300,2026-09-22,16,5.358,GOOD
300,2026-09-22,17,1.961,GOOD
300,2026-09-22,18,1.81,GOOD
300,2026-09-22,19,3.309,GOOD
300,2026-09-22,20,5.235,GOOD
300,2026-09-22,21,2.889,GOOD
300,2026-09-22,22,3.056,GOOD
300,2026-09-22,23,1.579,GOOD
300,2026-09-22,24,-0.195,GOOD
300,2026-09-23,1,3.682,GOOD
300,2026-09-23,2,3.287,GOOD
300,2026-09-23,3,2.613,GOOD
300,2026-09-23,4,4.647,GOOD
300,2026-09-23,5,4.302,GOOD
300,2026-09-23,6,1.258,GOOD
300,2026-09-23,7,0.002,GOOD
300,2026-09-23,8,0.52,GOOD
300,2026-09-23,9,13.036,GOOD
300,2026-09-23,10,12.066,GOOD
300,2026-09-23,11,4.705,GOOD
300,2026-09-23,12,6.665,GOOD
300,2026-09-23,13,10.076,GOOD
300,2026-09-23,14,15.972,GOOD
300,2026-09-23,15,9.869,GOOD
300,2026-09-23,16,12.835,GOOD
300,2026-09-23,17,5.25,GOOD
300,2026-09-23,18,7.173,GOOD
300,2026-09-23,19,12.695,GOOD
300,2026-09-23,20,9.832,GOOD
300,2026-09-23,21,10.831,GOOD
300,2026-09-23,22,12.758,GOOD
300,2026-09-23,23,14.259,GOOD
300,2026-09-23,24,11.326,GOOD
300,2026-09-24,1,5.884,GOOD
300,2026-09-24,2,5.749,GOOD
300,2026-09-24,3,5.576,GOOD
300,2026-09-24,4,6.737,GOOD
300,2026-09-24,5,5.658,GOOD
300,2026-09-24,6,5.116,GOOD
300,2026-09-24,7,4.421,GOOD
300,2026-09-24,8,6.614,GOOD
300,2026-09-24,9,10.068,GOOD
300,2026-09-24,10,7.104,GOOD
300,2026-09-24,11,6.134,GOOD
300,2026-09-24,12,6.612,GOOD
300,2026-09-24,13,1.529,GOOD
300,2026-09-24,14,-1.805,GOOD
300,2026-09-24,15,1.193,GOOD
300,2026-09-24,16,4.53,GOOD
300,2026-09-24,17,3.673,GOOD
300,2026-09-24,18,10.02,GOOD
300,2026-09-24,19,16.744,GOOD
300,2026-09-24,20,7.9,GOOD
300,2026-09-24,21,1.125,GOOD
300,2026-09-24,22,-0.864,GOOD
300,2026-09-24,23,1.941,GOOD
300,2026-09-24,24,4.357,GOOD
300,2026-09-25,1,4.256,GOOD
300,2026-09-25,2,2.484,GOOD
300,2026-09-25,3,2.661,GOOD
300,2026-09-25,4,3.681,GOOD
300,2026-09-25,5,9.935,GOOD
300,2026-09-25,6,11.903,GOOD
300,2026-09-25,7,6.972,GOOD
300,2026-09-25,8,6.968,GOOD
300,2026-09-25,9,14.792,GOOD
300,2026-09-25,10,10.423,GOOD
300,2026-09-25,11,9.656,GOOD
300,2026-09-25,12,7.929,GOOD
300,2026-09-25,13,7.105,GOOD
300,2026-09-25,14,-1.549,GOOD
300,2026-09-25,15,-1.971,GOOD
300,2026-09-25,16,2.416,GOOD
300,2026-09-25,17,6.446,GOOD
300,2026-09-25,18,17.136,GOOD
300,2026-09-25,19,18.022,GOOD
300,2026-09-25,20,10.807,GOOD
300,2026-09-25,21,8.067,GOOD
300,2026-09-25,22,6.086,GOOD
300,2026-09-25,23,8.232,GOOD
300,2026-09-25,24,5.832,GOOD
300,2026-09-26,1,6.137,GOOD
300,2026-09-26,2,5.173,GOOD
300,2026-09-26,3,7.309,GOOD
300,2026-09-26,4,7.233,GOOD
300,2026-09-26,5,5.739,GOOD
300,2026-09-26,6,11.803,GOOD
300,2026-09-26,7,15.148,GOOD
300,2026-09-26,8,14.386,GOOD
300,2026-09-26,9,13.242,GOOD
300,2026-09-26,10,9.286,GOOD
300,2026-09-26,11,8.066,GOOD
300,2026-09-26,12,9.172,GOOD
300,2026-09-26,13,5.328,GOOD
300,2026-09-26,14,12.224,GOOD
300,2026-09-26,15,12.639,GOOD
300,2026-09-26,16,12.593,GOOD
300,2026-09-26,17,9.604,GOOD
300,2026-09-26,18,8.566,GOOD
300,2026-09-26,19,18.717,GOOD
300,2026-09-26,20,15.787,GOOD
300,2026-09-26,21,10.867,GOOD
300,2026-09-26,22,18.856,GOOD
300,2026-09-26,23,25.241,FAIR
300,2026-09-26,24,16.041,GOOD
300,2026-09-27,1,10.028,GOOD
300,2026-09-27,2,6.744,GOOD
300,2026-09-27,3,6.698,GOOD
300,2026-09-27,4,7.986,GOOD
300,2026-09-27,5,3.801,GOOD
300,2026-09-27,6,4.092,GOOD
300,2026-09-27,7,5.54,GOOD
300,2026-09-27,8,0.569,GOOD
300,2026-09-27,9,2.932,GOOD
300,2026-09-27,10,8.079,GOOD
300,2026-09-27,11,6.71,GOOD
300,2026-09-27,12,3.806,GOOD
300,2026-09-27,13,0.715,GOOD
300,2026-09-27,14,1.457,GOOD
300,2026-09-27,15,1.841,GOOD
300,2026-09-27,16,7.607,GOOD
300,2026-09-27,17,3.08,GOOD
300,2026-09-27,18,1.382,GOOD
300,2026-09-27,19,0.1,GOOD
300,2026-09-27,20,4.22,GOOD
300,2026-09-27,21,3.364,GOOD
300,2026-09-27,22,0.775,GOOD
300,2026-09-27,23,,
300,2026-09-27,24,1.016,GOOD
300,2026-09-28,1,3.014,GOOD
300,2026-09-28,2,2.476,GOOD
300,2026-09-28,3,2.52,GOOD
300,2026-09-28,4,1.24,GOOD
300,2026-09-28,5,5.674,GOOD
300,2026-09-28,6,9.717,GOOD
300,2026-09-28,7,4.7,GOOD
300,2026-09-28,8,3.666,GOOD
300,2026-09-28,9,1.61,GOOD
300,2026-09-28,10,4.687,GOOD
300,2026-09-28,11,5.719,GOOD
300,2026-09-28,12,3.517,GOOD
300,2026-09-28,13,-0.234,GOOD
300,2026-09-28,14,-0.732,GOOD
300,2026-09-28,15,5.074,GOOD
300,2026-09-28,16,4.848,GOOD
300,2026-09-28,17,0.659,GOOD
300,2026-09-28,18,2.902,GOOD
300,2026-09-28,19,9.245,GOOD
300,2026-09-28,20,8.22,GOOD
300,2026-09-28,21,7.805,GOOD
300,2026-09-28,22,7.882,GOOD
300,2026-09-28,23,1.89,GOOD
300,2026-09-28,24,2.183,GOOD
300,2026-09-29,1,0.543,GOOD
300,2026-09-29,2,0.433,GOOD
300,2026-09-29,3,3.926,GOOD
300,2026-09-29,4,6.953,GOOD
300,2026-09-29,5,6.208,GOOD
300,2026-09-29,6,7.839,GOOD
300,2026-09-29,7,5.161,GOOD
300,2026-09-29,8,2.6,GOOD
300,2026-09-29,9,5.677,GOOD
300,2026-09-29,10,7.16,GOOD
300,2026-09-29,11,2.274,GOOD
300,2026-09-29,12,-1.547,GOOD
300,2026-09-29,13,,
300,2026-09-29,14,8.079,GOOD
300,2026-09-29,15,1.511,GOOD
300,2026-09-29,16,-3.333,GOOD
300,2026-09-29,17,-0.761,GOOD
300,2026-09-29,18,-0.129,GOOD
300,2026-09-29,19,6.56,GOOD
300,2026-09-29,20,4.295,GOOD
300,2026-09-29,21,3.888,GOOD
300,2026-09-29,22,6.12,GOOD
300,2026-09-29,23,3.036,GOOD
300,2026-09-29,24,3.866,GOOD
300,2026-09-30,1,3.009,GOOD
300,2026-09-30,2,2.318,GOOD
300,2026-09-30,3,2.029,GOOD
300,2026-09-30,4,2.258,GOOD
300,2026-09-30,5,3.738,GOOD
300,2026-09-30,6,4.944,GOOD
300,2026-09-30,7,6.823,GOOD
300,2026-09-30,8,7.281,GOOD
300,2026-09-30,9,4.143,GOOD
300,2026-09-30,10,6.441,GOOD
300,2026-09-30,11,10.967,GOOD
300,2026-09-30,12,6.577,GOOD
300,2026-09-30,13,,
300,2026-09-30,14,,
300,2026-09-30,15,2.942,GOOD
300,2026-09-30,16,6.597,GOOD
300,2026-09-30,17,11.835,GOOD
300,2026-09-30,18,12.745,GOOD
300,2026-09-30,19,14.169,GOOD
300,2026-09-30,20,11.957,GOOD
300,2026-09-30,21,9.001,GOOD
300,2026-09-30,22,8.854,GOOD
300,2026-09-30,23,5.503,GOOD
300,2026-09-30,24,6.429,GOOD
322,2026-09-01,1,9.579,GOOD
322,2026-09-01,2,13.281,GOOD
322,2026-09-01,3,8.831,GOOD
322,2026-09-01,4,4.37,GOOD
322,2026-09-01,5,6.372,GOOD
322,2026-09-01,6,10.396,GOOD
322,2026-09-01,7,,
322,2026-09-01,8,,
322,2026-09-01,9,,
322,2026-09-01,10,,
322,2026-09-01,11,,
322,2026-09-01,12,,
322,2026-09-01,13,,
322,2026-09-01,14,,
322,2026-09-01,15,,
322,2026-09-01,16,,
322,2026-09-01,17,,
322,2026-09-01,18,,
322,2026-09-01,19,31.95,FAIR
322,2026-09-01,20,26.428,FAIR
322,2026-09-01,21,17.519,GOOD
322,2026-09-01,22,14.243,GOOD
322,2026-09-01,23,5.255,GOOD
322,2026-09-01,24,9.733,GOOD
322,2026-09-02,1,26.15,FAIR
322,2026-09-02,2,23.864,GOOD
322,2026-09-02,3,18.981,GOOD
322,2026-09-02,4,16.218,GOOD
322,2026-09-02,5,13.229,GOOD
322,2026-09-02,6,8.786,GOOD
322,2026-09-02,7,11.502,GOOD
322,2026-09-02,8,8.489,GOOD
322,2026-09-02,9,9.243,GOOD
322,2026-09-02,10,4.204,GOOD
322,2026-09-02,11,3.417,GOOD
322,2026-09-02,12,2.839,GOOD
322,2026-09-02,13,8.45,GOOD
322,2026-09-02,14,10.945,GOOD
322,2026-09-02,15,6.349,GOOD
322,2026-09-02,16,7.912,GOOD
322,2026-09-02,17,5.086,GOOD
322,2026-09-02,18,6.709,GOOD
322,2026-09-02,19,10.745,GOOD
322,2026-09-02,20,6.841,GOOD
322,2026-09-02,21,9.917,GOOD
322,2026-09-02,22,12.689,GOOD
322,2026-09-02,23,11.929,GOOD
322,2026-09-02,24,10.634,GOOD
322,2026-09-03,1,10.366,GOOD
322,2026-09-03,2,9.149,GOOD
322,2026-09-03,3,4.08,GOOD
322,2026-09-03,4,2.708,GOOD
322,2026-09-03,5,8.933,GOOD
322,2026-09-03,6,8.917,GOOD
322,2026-09-03,7,8.575,GOOD
322,2026-09-03,8,4.694,GOOD
322,2026-09-03,9,4.381,GOOD
322,2026-09-03,10,5.824,GOOD
322,2026-09-03,11,8.625,GOOD
322,2026-09-03,12,7.289,GOOD
322,2026-09-03,13,-0.226,GOOD
322,2026-09-03,14,-2.035,GOOD
322,2026-09-03,15,4.053,GOOD
322,2026-09-03,16,6.892,GOOD
322,2026-09-03,17,5.598,GOOD
322,2026-09-03,18,5.844,GOOD
322,2026-09-03,19,4.967,GOOD
322,2026-09-03,20,5.726,GOOD
322,2026-09-03,21,4.433,GOOD
322,2026-09-03,22,6.154,GOOD
322,2026-09-03,23,4.389,GOOD
322,2026-09-03,24,2.588,GOOD
322,2026-09-04,1,4.284,GOOD
322,2026-09-04,2,6.941,GOOD
322,2026-09-04,3,5.323,GOOD
322,2026-09-04,4,2.296,GOOD
322,2026-09-04,5,2.013,GOOD
322,2026-09-04,6,2.017,GOOD
322,2026-09-04,7,5.038,GOOD
322,2026-09-04,8,4.469,GOOD
322,2026-09-04,9,9.128,GOOD
322,2026-09-04,10,9.144,GOOD
322,2026-09-04,11,2.579,GOOD
322,2026-09-04,12,5.066,GOOD
322,2026-09-04,13,6.28,GOOD
322,2026-09-04,14,4.814,GOOD
322,2026-09-04,15,9.86,GOOD
322,2026-09-04,16,8.791,GOOD
322,2026-09-04,17,9.446,GOOD
322,2026-09-04,18,10.452,GOOD
322,2026-09-04,19,7.477,GOOD
322,2026-09-04,20,8.22,GOOD
322,2026-09-04,21,13.028,GOOD
322,2026-09-04,22,16.062,GOOD
322,2026-09-04,23,17.131,GOOD
322,2026-09-04,24,13.819,GOOD
322,2026-09-05,1,10.381,GOOD
322,2026-09-05,2,10.994,GOOD
322,2026-09-05,3,11.044,GOOD
322,2026-09-05,4,8.9,GOOD
322,2026-09-05,5,20.835,GOOD
322,2026-09-05,6,16.403,GOOD
322,2026-09-05,7,8.758,GOOD
322,2026-09-05,8,4.073,GOOD
322,2026-09-05,9,5.256,GOOD
322,2026-09-05,10,5.54,GOOD
322,2026-09-05,11,4.443,GOOD
322,2026-09-05,12,1.398,GOOD
322,2026-09-05,13,0.399,GOOD
322,2026-09-05,14,3.643,GOOD
322,2026-09-05,15,6.96,GOOD
322,2026-09-05,16,4.084,GOOD
322,2026-09-05,17,6.367,GOOD
322,2026-09-05,18,6.082,GOOD
322,2026-09-05,19,7.501,GOOD
322,2026-09-05,20,6.628,GOOD
322,2026-09-05,21,-1.282,GOOD
322,2026-09-05,22,3.995,GOOD
322,2026-09-05,23,2.75,GOOD
322,2026-09-05,24,3.898,GOOD
322,2026-09-06,1,6.9,GOOD
322,2026-09-06,2,7.534,GOOD
322,2026-09-06,3,6.111,GOOD
322,2026-09-06,4,5.946,GOOD
322,2026-09-06,5,6.481,GOOD
322,2026-09-06,6,2.954,GOOD
322,2026-09-06,7,2.232,GOOD
322,2026-09-06,8,-0.931,GOOD
322,2026-09-06,9,0.733,GOOD
322,2026-09-06,10,0.306,GOOD
322,2026-09-06,11,1.353,GOOD
322,2026-09-06,12,2.652,GOOD
322,2026-09-06,13,6.755,GOOD
322,2026-09-06,14,9.182,GOOD
322,2026-09-06,15,7.736,GOOD
322,2026-09-06,16,8.766,GOOD
322,2026-09-06,17,9.043,GOOD
322,2026-09-06,18,10.028,GOOD
322,2026-09-06,19,15.75,GOOD
322,2026-09-06,20,12.251,GOOD
322,2026-09-06,21,4.656,GOOD
322,2026-09-06,22,5.013,GOOD
322,2026-09-06,23,7.067,GOOD
322,2026-09-06,24,5.103,GOOD
322,2026-09-07,1,2.905,GOOD
322,2026-09-07,2,2.637,GOOD
322,2026-09-07,3,5.214,GOOD
322,2026-09-07,4,4.063,GOOD
322,2026-09-07,5,2.473,GOOD
322,2026-09-07,6,4.163,GOOD
322,2026-09-07,7,7.777,GOOD
322,2026-09-07,8,5.198,GOOD
322,2026-09-07,9,7.418,GOOD
322,2026-09-07,10,5.092,GOOD
322,2026-09-07,11,8.683,GOOD
322,2026-09-07,12,8.173,GOOD
322,2026-09-07,13,7.094,GOOD
322,2026-09-07,14,6.966,GOOD
322,2026-09-07,15,3.394,GOOD
322,2026-09-07,16,7.528,GOOD
322,2026-09-07,17,5.478,GOOD
322,2026-09-07,18,6.268,GOOD
322,2026-09-07,19,7.675,GOOD
322,2026-09-07,20,5.391,GOOD
322,2026-09-07,21,6.161,GOOD
322,2026-09-07,22,6.5,GOOD
322,2026-09-07,23,5.803,GOOD
322,2026-09-07,24,7.571,GOOD
322,2026-09-08,1,8.102,GOOD
322,2026-09-08,2,4.685,GOOD
322,2026-09-08,3,4.457,GOOD
322,2026-09-08,4,2.7,GOOD
322,2026-09-08,5,2.191,GOOD
322,2026-09-08,6,7.254,GOOD
322,2026-09-08,7,4.698,GOOD
322,2026-09-08,8,3.631,GOOD
322,2026-09-08,9,2.965,GOOD
322,2026-09-08,10,4.681,GOOD
322,2026-09-08,11,5.167,GOOD
322,2026-09-08,12,6.501,GOOD
322,2026-09-08,13,4.803,GOOD
322,2026-09-08,14,7.568,GOOD
322,2026-09-08,15,6.931,GOOD
322,2026-09-08,16,6.004,GOOD
322,2026-09-08,17,6.274,GOOD
322,2026-09-08,18,6.94,GOOD
322,2026-09-08,19,6.723,GOOD
322,2026-09-08,20,8.094,GOOD
322,2026-09-08,21,11.576,GOOD
322,2026-09-08,22,13.709,GOOD
322,2026-09-08,23,7.707,GOOD
322,2026-09-08,24,4.212,GOOD
322,2026-09-09,1,2.641,GOOD
322,2026-09-09,2,3.096,GOOD
322,2026-09-09,3,3.168,GOOD
322,2026-09-09,4,4.044,GOOD
322,2026-09-09,5,1.199,GOOD
322,2026-09-09,6,7.099,GOOD
322,2026-09-09,7,5.214,GOOD
322,2026-09-09,8,7.958,GOOD
322,2026-09-09,9,8.288,GOOD
322,2026-09-09,10,10.451,GOOD
322,2026-09-09,11,11.023,GOOD
322,2026-09-09,12,9.97,GOOD
322,2026-09-09,13,6.49,GOOD
322,2026-09-09,14,7.731,GOOD
322,2026-09-09,15,10.925,GOOD
322,2026-09-09,16,9.579,GOOD
322,2026-09-09,17,13.26,GOOD
322,2026-09-09,18,12.905,GOOD
322,2026-09-09,19,11.134,GOOD
322,2026-09-09,20,10.568,GOOD
322,2026-09-09,21,9.906,GOOD
322,2026-09-09,22,11.327,GOOD
322,2026-09-09,23,7.98,GOOD
322,2026-09-09,24,5.899,GOOD
322,2026-09-10,1,4.693,GOOD
322,2026-09-10,2,5.825,GOOD
322,2026-09-10,3,5.343,GOOD
322,2026-09-10,4,3.215,GOOD
322,2026-09-10,5,9.375,GOOD
322,2026-09-10,6,10.485,GOOD
322,2026-09-10,7,6.942,GOOD
322,2026-09-10,8,5.63,GOOD
322,2026-09-10,9,8.192,GOOD
322,2026-09-10,10,6.47,GOOD
322,2026-09-10,11,6.878,GOOD
322,2026-09-10,12,7.875,GOOD
322,2026-09-10,13,2.003,GOOD
322,2026-09-10,14,5.252,GOOD
322,2026-09-10,15,4.522,GOOD
322,2026-09-10,16,8.986,GOOD
322,2026-09-10,17,5.954,GOOD
322,2026-09-10,18,8.111,GOOD
322,2026-09-10,19,4.985,GOOD
322,2026-09-10,20,8.109,GOOD
322,2026-09-10,21,14.257,GOOD
322,2026-09-10,22,13.422,GOOD
322,2026-09-10,23,9.298,GOOD
322,2026-09-10,24,9.086,GOOD
322,2026-09-11,1,7.875,GOOD
322,2026-09-11,2,5.546,GOOD
322,2026-09-11,3,4.109,GOOD
322,2026-09-11,4,4.433,GOOD
322,2026-09-11,5,2.856,GOOD
322,2026-09-11,6,0.199,GOOD
322,2026-09-11,7,5.858,GOOD
322,2026-09-11,8,4.94,GOOD
322,2026-09-11,9,7.088,GOOD
322,2026-09-11,10,7.273,GOOD
322,2026-09-11,11,7.41,GOOD
322,2026-09-11,12,9.15,GOOD
322,2026-09-11,13,8.504,GOOD
322,2026-09-11,14,5.88,GOOD
322,2026-09-11,15,8.319,GOOD
322,2026-09-11,16,7.298,GOOD
322,2026-09-11,17,10.065,GOOD
322,2026-09-11,18,5.843,GOOD
322,2026-09-11,19,8.018,GOOD
322,2026-09-11,20,8.184,GOOD
322,2026-09-11,21,6.971,GOOD
322,2026-09-11,22,10.479,GOOD
322,2026-09-11,23,14.702,GOOD
322,2026-09-11,24,14.606,GOOD
322,2026-09-12,1,9.717,GOOD
322,2026-09-12,2,13.238,GOOD
322,2026-09-12,3,10.646,GOOD
322,2026-09-12,4,12.02,GOOD
322,2026-09-12,5,5.038,GOOD
322,2026-09-12,6,5.223,GOOD
322,2026-09-12,7,8.241,GOOD
322,2026-09-12,8,6.919,GOOD
322,2026-09-12,9,8.91,GOOD
322,2026-09-12,10,9.642,GOOD
322,2026-09-12,11,10.587,GOOD
322,2026-09-12,12,11.68,GOOD
322,2026-09-12,13,14.7,GOOD
322,2026-09-12,14,17.981,GOOD
322,2026-09-12,15,13.429,GOOD
322,2026-09-12,16,11.906,GOOD
322,2026-09-12,17,7.572,GOOD
322,2026-09-12,18,7.278,GOOD
322,2026-09-12,19,6.51,GOOD
322,2026-09-12,20,5.184,GOOD
322,2026-09-12,21,4.354,GOOD
322,2026-09-12,22,1.335,GOOD
322,2026-09-12,23,4.346,GOOD
322,2026-09-12,24,2.982,GOOD
322,2026-09-13,1,4.434,GOOD
322,2026-09-13,2,3.183,GOOD
322,2026-09-13,3,4.791,GOOD
322,2026-09-13,4,4.141,GOOD
322,2026-09-13,5,0.373,GOOD
322,2026-09-13,6,-2.974,GOOD
322,2026-09-13,7,2.35,GOOD
322,2026-09-13,8,4.186,GOOD
322,2026-09-13,9,5.923,GOOD
322,2026-09-13,10,2.674,GOOD
322,2026-09-13,11,6.857,GOOD
322,2026-09-13,12,7.636,GOOD
322,2026-09-13,13,21.358,GOOD
322,2026-09-13,14,17.968,GOOD
322,2026-09-13,15,9.047,GOOD
322,2026-09-13,16,4.13,GOOD
322,2026-09-13,17,2.991,GOOD
322,2026-09-13,18,5.629,GOOD
322,2026-09-13,19,9.306,GOOD
322,2026-09-13,20,4.816,GOOD
322,2026-09-13,21,9.327,GOOD
322,2026-09-13,22,9.975,GOOD
322,2026-09-13,23,2.619,GOOD
322,2026-09-13,24,2.295,GOOD
322,2026-09-14,1,-0.158,GOOD
322,2026-09-14,2,0.082,GOOD
322,2026-09-14,3,6.42,GOOD
322,2026-09-14,4,5.785,GOOD
322,2026-09-14,5,5.784,GOOD
322,2026-09-14,6,7.252,GOOD
322,2026-09-14,7,6.826,GOOD
322,2026-09-14,8,5.448,GOOD
322,2026-09-14,9,8.932,GOOD
322,2026-09-14,10,8.736,GOOD
322,2026-09-14,11,11.821,GOOD
322,2026-09-14,12,9.041,GOOD
322,2026-09-14,13,-0.932,GOOD
322,2026-09-14,14,-4.5,GOOD
322,2026-09-14,15,1.686,GOOD
322,2026-09-14,16,4.827,GOOD
322,2026-09-14,17,8.433,GOOD
322,2026-09-14,18,4.511,GOOD
322,2026-09-14,19,4.211,GOOD
322,2026-09-14,20,9.974,GOOD
322,2026-09-14,21,8.405,GOOD
322,2026-09-14,22,10.426,GOOD
322,2026-09-14,23,13.392,GOOD
322,2026-09-14,24,14.53,GOOD
322,2026-09-15,1,14.506,GOOD
322,2026-09-15,2,14.967,GOOD
322,2026-09-15,3,15.79,GOOD
322,2026-09-15,4,11.742,GOOD
322,2026-09-15,5,11.83,GOOD
322,2026-09-15,6,10.986,GOOD
322,2026-09-15,7,9.929,GOOD
322,2026-09-15,8,14.308,GOOD
322,2026-09-15,9,13.151,GOOD
322,2026-09-15,10,11.751,GOOD
322,2026-09-15,11,8.629,GOOD
322,2026-09-15,12,4.29,GOOD
322,2026-09-15,13,10.142,GOOD
322,2026-09-15,14,12.188,GOOD
322,2026-09-15,15,10.106,GOOD
322,2026-09-15,16,8.136,GOOD
322,2026-09-15,17,10.279,GOOD
322,2026-09-15,18,7.738,GOOD
322,2026-09-15,19,10.241,GOOD
322,2026-09-15,20,9.313,GOOD
322,2026-09-15,21,8.97,GOOD
322,2026-09-15,22,6.648,GOOD
322,2026-09-15,23,10.67,GOOD
322,2026-09-15,24,8.533,GOOD
322,2026-09-16,1,9.102,GOOD
322,2026-09-16,2,8.185,GOOD
322,2026-09-16,3,3.815,GOOD
322,2026-09-16,4,1.467,GOOD
322,2026-09-16,5,3.214,GOOD
322,2026-09-16,6,5.47,GOOD
322,2026-09-16,7,5.394,GOOD
322,2026-09-16,8,3.215,GOOD
322,2026-09-16,9,1.117,GOOD
322,2026-09-16,10,2.535,GOOD
322,2026-09-16,11,5.837,GOOD
322,2026-09-16,12,3.618,GOOD
322,2026-09-16,13,5.129,GOOD
322,2026-09-16,14,7.483,GOOD
322,2026-09-16,15,6.556,GOOD
322,2026-09-16,16,4.004,GOOD
322,2026-09-16,17,7.378,GOOD
322,2026-09-16,18,6.869,GOOD
322,2026-09-16,19,5.153,GOOD
322,2026-09-16,20,3.9,GOOD
322,2026-09-16,21,3.439,GOOD
322,2026-09-16,22,2.409,GOOD
322,2026-09-16,23,4.795,GOOD
322,2026-09-16,24,5.97,GOOD
322,2026-09-17,1,6.349,GOOD
322,2026-09-17,2,4.136,GOOD
322,2026-09-17,3,2.933,GOOD
322,2026-09-17,4,3.413,GOOD
322,2026-09-17,5,0.376,GOOD
322,2026-09-17,6,3.861,GOOD
322,2026-09-17,7,4.279,GOOD
322,2026-09-17,8,5.475,GOOD
322,2026-09-17,9,10.117,GOOD
322,2026-09-17,10,10.702,GOOD
322,2026-09-17,11,7.431,GOOD
322,2026-09-17,12,8.435,GOOD
322,2026-09-17,13,10.299,GOOD
322,2026-09-17,14,12.03,GOOD
322,2026-09-17,15,11.781,GOOD
322,2026-09-17,16,6.659,GOOD
322,2026-09-17,17,7.549,GOOD
322,2026-09-17,18,9.62,GOOD
322,2026-09-17,19,4.356,GOOD
322,2026-09-17,20,2.704,GOOD
322,2026-09-17,21,11.468,GOOD
322,2026-09-17,22,13.415,GOOD
322,2026-09-17,23,10.254,GOOD
322,2026-09-17,24,7.093,GOOD
322,2026-09-18,1,6.49,GOOD
322,2026-09-18,2,4.457,GOOD
322,2026-09-18,3,3.064,GOOD
322,2026-09-18,4,3.105,GOOD
322,2026-09-18,5,11.917,GOOD
322,2026-09-18,6,14.213,GOOD
322,2026-09-18,7,10.701,GOOD
322,2026-09-18,8,11.613,GOOD
322,2026-09-18,9,13.877,GOOD
322,2026-09-18,10,10.077,GOOD
322,2026-09-18,11,12.478,GOOD
322,2026-09-18,12,8.832,GOOD
322,2026-09-18,13,-0.906,GOOD
322,2026-09-18,14,-1.986,GOOD
322,2026-09-18,15,1.019,GOOD
322,2026-09-18,16,3.957,GOOD
322,2026-09-18,17,4.587,GOOD
322,2026-09-18,18,12.382,GOOD
322,2026-09-18,19,12.972,GOOD
322,2026-09-18,20,13.014,GOOD
322,2026-09-18,21,11.883,GOOD
322,2026-09-18,22,15.478,GOOD
322,2026-09-18,23,25.64,FAIR
322,2026-09-18,24,15.626,GOOD
322,2026-09-19,1,5.693,GOOD
322,2026-09-19,2,2.954,GOOD
322,2026-09-19,3,0.051,GOOD
322,2026-09-19,4,1.88,GOOD
322,2026-09-19,5,-0.499,GOOD
322,2026-09-19,6,3.567,GOOD
322,2026-09-19,7,5.177,GOOD
322,2026-09-19,8,6.272,GOOD
322,2026-09-19,9,4.252,GOOD
322,2026-09-19,10,4.014,GOOD
322,2026-09-19,11,5.174,GOOD
322,2026-09-19,12,4.975,GOOD
322,2026-09-19,13,1.374,GOOD
322,2026-09-19,14,-1.338,GOOD
322,2026-09-19,15,-0.719,GOOD
322,2026-09-19,16,3.013,GOOD
322,2026-09-19,17,3.52,GOOD
322,2026-09-19,18,4.654,GOOD
322,2026-09-19,19,5.929,GOOD
322,2026-09-19,20,8.638,GOOD
322,2026-09-19,21,13.794,GOOD
322,2026-09-19,22,10.692,GOOD
322,2026-09-19,23,9.406,GOOD
322,2026-09-19,24,3.753,GOOD
322,2026-09-20,1,3.5,GOOD
322,2026-09-20,2,7.044,GOOD
322,2026-09-20,3,4.498,GOOD
322,2026-09-20,4,5.961,GOOD
322,2026-09-20,5,2.622,GOOD
322,2026-09-20,6,6.022,GOOD
322,2026-09-20,7,7.002,GOOD
322,2026-09-20,8,5.549,GOOD
322,2026-09-20,9,2.385,GOOD
322,2026-09-20,10,5.735,GOOD
322,2026-09-20,11,3.86,GOOD
322,2026-09-20,12,1.427,GOOD
322,2026-09-20,13,3.882,GOOD
322,2026-09-20,14,6.524,GOOD
322,2026-09-20,15,5.048,GOOD
322,2026-09-20,16,5.193,GOOD
322,2026-09-20,17,4.023,GOOD
322,2026-09-20,18,3.894,GOOD
322,2026-09-20,19,3.218,GOOD
322,2026-09-20,20,4.043,GOOD
322,2026-09-20,21,8.435,GOOD
322,2026-09-20,22,8.722,GOOD
322,2026-09-20,23,6.179,GOOD
322,2026-09-20,24,6.277,GOOD
322,2026-09-21,1,6.97,GOOD
322,2026-09-21,2,6.656,GOOD
322,2026-09-21,3,7.83,GOOD
322,2026-09-21,4,4.843,GOOD
322,2026-09-21,5,3.567,GOOD
322,2026-09-21,6,8.015,GOOD
322,2026-09-21,7,10.867,GOOD
322,2026-09-21,8,6.531,GOOD
322,2026-09-21,9,3.762,GOOD
322,2026-09-21,10,4.568,GOOD
322,2026-09-21,11,7.625,GOOD
322,2026-09-21,12,4.359,GOOD
322,2026-09-21,13,7.026,GOOD
322,2026-09-21,14,9.109,GOOD
322,2026-09-21,15,,
322,2026-09-21,16,18.078,GOOD
322,2026-09-21,17,17.215,GOOD
322,2026-09-21,18,15.301,GOOD
322,2026-09-21,19,14.866,GOOD
322,2026-09-21,20,11.651,GOOD
322,2026-09-21,21,6.481,GOOD
322,2026-09-21,22,8.244,GOOD
322,2026-09-21,23,6.708,GOOD
322,2026-09-21,24,5.894,GOOD
322,2026-09-22,1,6.486,GOOD
322,2026-09-22,2,3.573,GOOD
322,2026-09-22,3,2.41,GOOD
322,2026-09-22,4,2.503,GOOD
322,2026-09-22,5,4.459,GOOD
322,2026-09-22,6,6.108,GOOD
322,2026-09-22,7,4.589,GOOD
322,2026-09-22,8,5.038,GOOD
322,2026-09-22,9,2.192,GOOD
322,2026-09-22,10,3.135,GOOD
322,2026-09-22,11,1.58,GOOD
322,2026-09-22,12,2.233,GOOD
322,2026-09-22,13,0.539,GOOD
322,2026-09-22,14,4.631,GOOD
322,2026-09-22,15,2.899,GOOD
322,2026-09-22,16,-0.879,GOOD
322,2026-09-22,17,3.352,GOOD
322,2026-09-22,18,3.136,GOOD
322,2026-09-22,19,2.371,GOOD
322,2026-09-22,20,4.018,GOOD
322,2026-09-22,21,6.078,GOOD
322,2026-09-22,22,3.244,GOOD
322,2026-09-22,23,3.343,GOOD
322,2026-09-22,24,3.219,GOOD
322,2026-09-23,1,0.88,GOOD
322,2026-09-23,2,0.113,GOOD
322,2026-09-23,3,0.766,GOOD
322,2026-09-23,4,1.879,GOOD
322,2026-09-23,5,-2.101,GOOD
322,2026-09-23,6,-0.361,GOOD
322,2026-09-23,7,1.045,GOOD
322,2026-09-23,8,0.652,GOOD
322,2026-09-23,9,3.897,GOOD
322,2026-09-23,10,6.564,GOOD
322,2026-09-23,11,6.934,GOOD
322,2026-09-23,12,7.004,GOOD
322,2026-09-23,13,6.755,GOOD
322,2026-09-23,14,8.918,GOOD
322,2026-09-23,15,8.532,GOOD
322,2026-09-23,16,9.69,GOOD
322,2026-09-23,17,9.455,GOOD
322,2026-09-23,18,12.101,GOOD
322,2026-09-23,19,13.268,GOOD
322,2026-09-23,20,12.036,GOOD
322,2026-09-23,21,13.944,GOOD
322,2026-09-23,22,11.002,GOOD
322,2026-09-23,23,9.099,GOOD
322,2026-09-23,24,7.603,GOOD
322,2026-09-24,1,6.216,GOOD
322,2026-09-24,2,8.988,GOOD
322,2026-09-24,3,2.86,GOOD
322,2026-09-24,4,5.606,GOOD
322,2026-09-24,5,6.72,GOOD
322,2026-09-24,6,6.727,GOOD
322,2026-09-24,7,9.124,GOOD
322,2026-09-24,8,6.029,GOOD
322,2026-09-24,9,7.616,GOOD
322,2026-09-24,10,8.8,GOOD
322,2026-09-24,11,4.882,GOOD
322,2026-09-24,12,6.066,GOOD
322,2026-09-24,13,7.667,GOOD
322,2026-09-24,14,7.809,GOOD
322,2026-09-24,15,10.686,GOOD
322,2026-09-24,16,7.689,GOOD
322,2026-09-24,17,4.213,GOOD
322,2026-09-24,18,5.697,GOOD
322,2026-09-24,19,7.306,GOOD
322,2026-09-24,20,5.86,GOOD
322,2026-09-24,21,8.527,GOOD
322,2026-09-24,22,10.527,GOOD
322,2026-09-24,23,4.702,GOOD
322,2026-09-24,24,5.504,GOOD
322,2026-09-25,1,2.846,GOOD
322,2026-09-25,2,5.281,GOOD
322,2026-09-25,3,7.221,GOOD
322,2026-09-25,4,11.734,GOOD
322,2026-09-25,5,12.116,GOOD
322,2026-09-25,6,11.522,GOOD
322,2026-09-25,7,5.757,GOOD
322,2026-09-25,8,5.325,GOOD
322,2026-09-25,9,4.611,GOOD
322,2026-09-25,10,5.145,GOOD
322,2026-09-25,11,5.215,GOOD
322,2026-09-25,12,5.24,GOOD
322,2026-09-25,13,0.972,GOOD
322,2026-09-25,14,-3.008,GOOD
322,2026-09-25,15,7.176,GOOD
322,2026-09-25,16,7.783,GOOD
322,2026-09-25,17,8.346,GOOD
322,2026-09-25,18,5.694,GOOD
322,2026-09-25,19,6.525,GOOD
322,2026-09-25,20,9.523,GOOD
322,2026-09-25,21,8.116,GOOD
322,2026-09-25,22,4.646,GOOD
322,2026-09-25,23,5.206,GOOD
322,2026-09-25,24,8.914,GOOD
322,2026-09-26,1,14.076,GOOD
322,2026-09-26,2,12.779,GOOD
322,2026-09-26,3,12.341,GOOD
322,2026-09-26,4,13.081,GOOD
322,2026-09-26,5,12.663,GOOD
322,2026-09-26,6,12.852,GOOD
322,2026-09-26,7,9.455,GOOD
322,2026-09-26,8,6.929,GOOD
322,2026-09-26,9,7.506,GOOD
322,2026-09-26,10,10.893,GOOD
322,2026-09-26,11,10.34,GOOD
322,2026-09-26,12,7.88,GOOD
322,2026-09-26,13,8.575,GOOD
322,2026-09-26,14,11.914,GOOD
322,2026-09-26,15,6.195,GOOD
322,2026-09-26,16,8.976,GOOD
322,2026-09-26,17,,
322,2026-09-26,18,10.894,GOOD
322,2026-09-26,19,13.864,GOOD
322,2026-09-26,20,9.447,GOOD
322,2026-09-26,21,10.679,GOOD
322,2026-09-26,22,16.241,GOOD
322,2026-09-26,23,18.579,GOOD
322,2026-09-26,24,15.445,GOOD
322,2026-09-27,1,12.143,GOOD
322,2026-09-27,2,14.161,GOOD
322,2026-09-27,3,10.487,GOOD
322,2026-09-27,4,11.5,GOOD
322,2026-09-27,5,11.156,GOOD
322,2026-09-27,6,11.041,GOOD
322,2026-09-27,7,6.987,GOOD
322,2026-09-27,8,3.529,GOOD
322,2026-09-27,9,4.998,GOOD
322,2026-09-27,10,3.632,GOOD
322,2026-09-27,11,2.375,GOOD
322,2026-09-27,12,2.83,GOOD
322,2026-09-27,13,0.638,GOOD
322,2026-09-27,14,3.181,GOOD
322,2026-09-27,15,2.182,GOOD
322,2026-09-27,16,2.715,GOOD
322,2026-09-27,17,3.292,GOOD
322,2026-09-27,18,2.368,GOOD
322,2026-09-27,19,-0.628,GOOD
322,2026-09-27,20,3.199,GOOD
322,2026-09-27,21,5.628,GOOD
322,2026-09-27,22,6.751,GOOD
322,2026-09-27,23,2.011,GOOD
322,2026-09-27,24,1.194,GOOD
322,2026-09-28,1,1.896,GOOD
322,2026-09-28,2,2.299,GOOD
322,2026-09-28,3,3.512,GOOD
322,2026-09-28,4,1.548,GOOD
322,2026-09-28,5,-2.367,GOOD
322,2026-09-28,6,-0.432,GOOD
322,2026-09-28,7,0.245,GOOD
322,2026-09-28,8,1.664,GOOD
322,2026-09-28,9,0.174,GOOD
322,2026-09-28,10,2.146,GOOD
322,2026-09-28,11,6.31,GOOD
322,2026-09-28,12,5.272,GOOD
322,2026-09-28,13,2.078,GOOD
322,2026-09-28,14,2.482,GOOD
322,2026-09-28,15,4.783,GOOD
322,2026-09-28,16,6.459,GOOD
322,2026-09-28,17,7.866,GOOD
322,2026-09-28,18,2.824,GOOD
322,2026-09-28,19,5.557,GOOD
322,2026-09-28,20,3.347,GOOD
322,2026-09-28,21,-3.454,GOOD
322,2026-09-28,22,-4.547,GOOD
322,2026-09-28,23,-0.487,GOOD
322,2026-09-28,24,5.074,GOOD
322,2026-09-29,1,1.381,GOOD
322,2026-09-29,2,4.705,GOOD
322,2026-09-29,3,11.81,GOOD
322,2026-09-29,4,8.984,GOOD
322,2026-09-29,5,8.455,GOOD
322,2026-09-29,6,9.953,GOOD
322,2026-09-29,7,8.874,GOOD
322,2026-09-29,8,12.842,GOOD
322,2026-09-29,9,12.555,GOOD
322,2026-09-29,10,8.18,GOOD
322,2026-09-29,11,1.325,GOOD
322,2026-09-29,12,0.996,GOOD
322,2026-09-29,13,1.47,GOOD
322,2026-09-29,14,0.499,GOOD
322,2026-09-29,15,,
322,2026-09-29,16,,
322,2026-09-29,17,3.848,GOOD
322,2026-09-29,18,3.529,GOOD
322,2026-09-29,19,0.974,GOOD
322,2026-09-29,20,2.574,GOOD
322,2026-09-29,21,0.385,GOOD
322,2026-09-29,22,1.374,GOOD
322,2026-09-29,23,2.918,GOOD
322,2026-09-29,24,1.451,GOOD
322,2026-09-30,1,4.69,GOOD
322,2026-09-30,2,4.697,GOOD
322,2026-09-30,3,5.137,GOOD
322,2026-09-30,4,4.997,GOOD
322,2026-09-30,5,3.768,GOOD
322,2026-09-30,6,5.674,GOOD
322,2026-09-30,7,3.397,GOOD
322,2026-09-30,8,5.553,GOOD
322,2026-09-30,9,6.968,GOOD
322,2026-09-30,10,6.809,GOOD
322,2026-09-30,11,2.728,GOOD
322,2026-09-30,12,2.852,GOOD
322,2026-09-30,13,3.895,GOOD
322,2026-09-30,14,3.742,GOOD
322,2026-09-30,15,1.19,GOOD
322,2026-09-30,16,3.3,GOOD
322,2026-09-30,17,3.05,GOOD
322,2026-09-30,18,5.108,GOOD
322,2026-09-30,19,6.054,GOOD
322,2026-09-30,20,3.688,GOOD
322,2026-09-30,21,12.5,GOOD
322,2026-09-30,22,8.852,GOOD
322,2026-09-30,23,7.132,GOOD
322,2026-09-30,24,6.317,GOOD
330,2026-09-01,1,12.638,GOOD
330,2026-09-01,2,14.441,GOOD
330,2026-09-01,3,12.712,GOOD
330,2026-09-01,4,13.949,GOOD
330,2026-09-01,5,14.643,GOOD
330,2026-09-01,6,17.29,GOOD
330,2026-09-01,7,13.884,GOOD
330,2026-09-01,8,,
330,2026-09-01,9,,
330,2026-09-01,10,3.795,GOOD
330,2026-09-01,11,11.669,GOOD
330,2026-09-01,12,8.395,GOOD
330,2026-09-01,13,3.134,GOOD
330,2026-09-01,14,5.124,GOOD
330,2026-09-01,15,8.559,GOOD
330,2026-09-01,16,7.651,GOOD
330,2026-09-01,17,8.742,GOOD
330,2026-09-01,18,10.59,GOOD
330,2026-09-01,19,12.165,GOOD
330,2026-09-01,20,12.086,GOOD
330,2026-09-01,21,8.794,GOOD
330,2026-09-01,22,10.298,GOOD
330,2026-09-01,23,6.795,GOOD
330,2026-09-01,24,7.987,GOOD
330,2026-09-02,1,11.234,GOOD
330,2026-09-02,2,11.911,GOOD
330,2026-09-02,3,12.804,GOOD
330,2026-09-02,4,6.509,GOOD
330,2026-09-02,5,5.089,GOOD
330,2026-09-02,6,10.646,GOOD
330,2026-09-02,7,10.077,GOOD
330,2026-09-02,8,11.79,GOOD
330,2026-09-02,9,10.428,GOOD
330,2026-09-02,10,3.099,GOOD
330,2026-09-02,11,-0.129,GOOD
330,2026-09-02,12,0.859,GOOD
330,2026-09-02,13,3.481,GOOD
330,2026-09-02,14,3.412,GOOD
330,2026-09-02,15,5.311,GOOD
330,2026-09-02,16,4.769,GOOD
330,2026-09-02,17,8.968,GOOD
330,2026-09-02,18,6.874,GOOD
330,2026-09-02,19,6.859,GOOD
330,2026-09-02,20,11.448,GOOD
330,2026-09-02,21,18.151,GOOD
330,2026-09-02,22,17.977,GOOD
330,2026-09-02,23,12.248,GOOD
330,2026-09-02,24,5.501,GOOD
330,2026-09-03,1,6.515,GOOD
330,2026-09-03,2,2.975,GOOD
330,2026-09-03,3,-1.568,GOOD
330,2026-09-03,4,2.492,GOOD
330,2026-09-03,5,3.94,GOOD
330,2026-09-03,6,9.049,GOOD
330,2026-09-03,7,6.457,GOOD
330,2026-09-03,8,3.828,GOOD
330,2026-09-03,9,5.464,GOOD
330,2026-09-03,10,4.07,GOOD
330,2026-09-03,11,4.509,GOOD
330,2026-09-03,12,4.644,GOOD
330,2026-09-03,13,5.76,GOOD
330,2026-09-03,14,4.5,GOOD
330,2026-09-03,15,6.964,GOOD
330,2026-09-03,16,5.246,GOOD
330,2026-09-03,17,4.407,GOOD
330,2026-09-03,18,5.002,GOOD
330,2026-09-03,19,8.988,GOOD
330,2026-09-03,20,8.743,GOOD
330,2026-09-03,21,11.395,GOOD
330,2026-09-03,22,15.433,GOOD
330,2026-09-03,23,9.666,GOOD
330,2026-09-03,24,7.014,GOOD
330,2026-09-04,1,5.754,GOOD
330,2026-09-04,2,4.477,GOOD
330,2026-09-04,3,6.972,GOOD
330,2026-09-04,4,8.159,GOOD
330,2026-09-04,5,7.31,GOOD
330,2026-09-04,6,6.965,GOOD
330,2026-09-04,7,10.532,GOOD
330,2026-09-04,8,1.94,GOOD
330,2026-09-04,9,-7.063,GOOD
330,2026-09-04,10,6.179,GOOD
330,2026-09-04,11,3.867,GOOD
330,2026-09-04,12,-1.148,GOOD
330,2026-09-04,13,-3.306,GOOD
330,2026-09-04,14,2.196,GOOD
330,2026-09-04,15,4.151,GOOD
330,2026-09-04,16,5.194,GOOD
330,2026-09-04,17,6.816,GOOD
330,2026-09-04,18,7.146,GOOD
330,2026-09-04,19,11.577,GOOD
330,2026-09-04,20,15.12,GOOD
330,2026-09-04,21,14.815,GOOD
330,2026-09-04,22,11.359,GOOD
330,2026-09-04,23,8.63,GOOD
330,2026-09-04,24,5.583,GOOD
330,2026-09-05,1,6.306,GOOD
330,2026-09-05,2,9.212,GOOD
330,2026-09-05,3,8.654,GOOD
330,2026-09-05,4,6.204,GOOD
330,2026-09-05,5,7.667,GOOD
330,2026-09-05,6,11.795,GOOD
330,2026-09-05,7,6.983,GOOD
330,2026-09-05,8,5.716,GOOD
330,2026-09-05,9,-1.506,GOOD
330,2026-09-05,10,-2.433,GOOD
330,2026-09-05,11,-0.574,GOOD
330,2026-09-05,12,-0.398,GOOD
330,2026-09-05,13,2.569,GOOD
330,2026-09-05,14,1.744,GOOD
330,2026-09-05,15,0.161,GOOD
330,2026-09-05,16,4.237,GOOD
330,2026-09-05,17,7.135,GOOD
330,2026-09-05,18,9.176,GOOD
330,2026-09-05,19,11.122,GOOD
330,2026-09-05,20,3.008,GOOD
330,2026-09-05,21,-3.205,GOOD
330,2026-09-05,22,2.99,GOOD
330,2026-09-05,23,11.427,GOOD
330,2026-09-05,24,9.664,GOOD
330,2026-09-06,1,13.93,GOOD
330,2026-09-06,2,11.142,GOOD
330,2026-09-06,3,9.063,GOOD
330,2026-09-06,4,5.829,GOOD
330,2026-09-06,5,8.801,GOOD
330,2026-09-06,6,10.661,GOOD
330,2026-09-06,7,7.218,GOOD
330,2026-09-06,8,5.985,GOOD
330,2026-09-06,9,1.064,GOOD
330,2026-09-06,10,0.939,GOOD
330,2026-09-06,11,-0.833,GOOD
330,2026-09-06,12,1.915,GOOD
330,2026-09-06,13,5.524,GOOD
330,2026-09-06,14,4.472,GOOD
330,2026-09-06,15,3.098,GOOD
330,2026-09-06,16,2.664,GOOD
330,2026-09-06,17,5.309,GOOD
330,2026-09-06,18,6.65,GOOD
330,2026-09-06,19,11.326,GOOD
330,2026-09-06,20,9.39,GOOD
330,2026-09-06,21,10.14,GOOD
330,2026-09-06,22,4.917,GOOD
330,2026-09-06,23,3.749,GOOD
330,2026-09-06,24,9.093,GOOD
330,2026-09-07,1,7.027,GOOD
330,2026-09-07,2,0.367,GOOD
330,2026-09-07,3,1.867,GOOD
330,2026-09-07,4,5.603,GOOD
330,2026-09-07,5,5.362,GOOD
330,2026-09-07,6,10.239,GOOD
330,2026-09-07,7,3.843,GOOD
330,2026-09-07,8,-6.482,GOOD
330,2026-09-07,9,-5.382,GOOD
330,2026-09-07,10,3.858,GOOD
330,2026-09-07,11,4.08,GOOD
330,2026-09-07,12,7.806,GOOD
330,2026-09-07,13,8.106,GOOD
330,2026-09-07,14,4.155,GOOD
330,2026-09-07,15,4.337,GOOD
330,2026-09-07,16,4.519,GOOD
330,2026-09-07,17,5.152,GOOD
330,2026-09-07,18,9.734,GOOD
330,2026-09-07,19,10.397,GOOD
330,2026-09-07,20,2.425,GOOD
330,2026-09-07,21,-3.428,GOOD
330,2026-09-07,22,-6.456,GOOD
330,2026-09-07,23,3.584,GOOD
330,2026-09-07,24,14.087,GOOD
330,2026-09-08,1,15.001,GOOD
330,2026-09-08,2,13.705,GOOD
330,2026-09-08,3,5.7,GOOD
330,2026-09-08,4,2.317,GOOD
330,2026-09-08,5,8.353,GOOD
330,2026-09-08,6,9.009,GOOD
330,2026-09-08,7,6.881,GOOD
330,2026-09-08,8,5.74,GOOD
330,2026-09-08,9,2.001,GOOD
330,2026-09-08,10,-0.843,GOOD
330,2026-09-08,11,1.559,GOOD
330,2026-09-08,12,7.117,GOOD
330,2026-09-08,13,9.373,GOOD
330,2026-09-08,14,8.41,GOOD
330,2026-09-08,15,5.905,GOOD
330,2026-09-08,16,5.658,GOOD
330,2026-09-08,17,9.211,GOOD
330,2026-09-08,18,8.451,GOOD
330,2026-09-08,19,7.455,GOOD
330,2026-09-08,20,6.292,GOOD
330,2026-09-08,21,8.912,GOOD
330,2026-09-08,22,13.685,GOOD
330,2026-09-08,23,14.361,GOOD
330,2026-09-08,24,13.009,GOOD
330,2026-09-09,1,7.552,GOOD
330,2026-09-09,2,8.589,GOOD
330,2026-09-09,3,3.613,GOOD
330,2026-09-09,4,3.816,GOOD
330,2026-09-09,5,6.98,GOOD
330,2026-09-09,6,11.119,GOOD
330,2026-09-09,7,10.699,GOOD
330,2026-09-09,8,-1.125,GOOD
330,2026-09-09,9,,
330,2026-09-09,10,-0.268,GOOD
330,2026-09-09,11,3.695,GOOD
330,2026-09-09,12,3.717,GOOD
330,2026-09-09,13,-4.875,GOOD
330,2026-09-09,14,-3.62,GOOD
330,2026-09-09,15,2.354,GOOD
330,2026-09-09,16,9.246,GOOD
330,2026-09-09,17,16.26,GOOD
330,2026-09-09,18,17.447,GOOD
330,2026-09-09,19,12.268,GOOD
330,2026-09-09,20,9.811,GOOD
330,2026-09-09,21,5.623,GOOD
330,2026-09-09,22,6.899,GOOD
330,2026-09-09,23,7.894,GOOD
330,2026-09-09,24,6.627,GOOD
330,2026-09-10,1,7.115,GOOD
330,2026-09-10,2,10.08,GOOD
330,2026-09-10,3,13.865,GOOD
330,2026-09-10,4,11.753,GOOD
330,2026-09-10,5,7.45,GOOD
330,2026-09-10,6,9.074,GOOD
330,2026-09-10,7,7.336,GOOD
330,2026-09-10,8,3.737,GOOD
330,2026-09-10,9,-2.162,GOOD
330,2026-09-10,10,-2.815,GOOD
330,2026-09-10,11,-1.453,GOOD
330,2026-09-10,12,-1.828,GOOD
330,2026-09-10,13,-2.483,GOOD
330,2026-09-10,14,-2.821,GOOD
330,2026-09-10,15,3.7,GOOD
330,2026-09-10,16,7.833,GOOD
330,2026-09-10,17,5.496,GOOD
330,2026-09-10,18,6.649,GOOD
330,2026-09-10,19,9.741,GOOD
330,2026-09-10,20,7.526,GOOD
330,2026-09-10,21,8.129,GOOD
330,2026-09-10,22,11.205,GOOD
330,2026-09-10,23,12.695,GOOD
330,2026-09-10,24,11.799,GOOD
330,2026-09-11,1,10.613,GOOD
330,2026-09-11,2,8.829,GOOD
330,2026-09-11,3,8.782,GOOD
330,2026-09-11,4,7.16,GOOD
330,2026-09-11,5,4.195,GOOD
330,2026-09-11,6,1.01,GOOD
330,2026-09-11,7,5.588,GOOD
330,2026-09-11,8,,
330,2026-09-11,9,,
330,2026-09-11,10,6.392,GOOD
330,2026-09-11,11,10.63,GOOD
330,2026-09-11,12,2.93,GOOD
330,2026-09-11,13,-0.32,GOOD
330,2026-09-11,14,-1.257,GOOD
330,2026-09-11,15,2.451,GOOD
330,2026-09-11,16,6.456,GOOD
330,2026-09-11,17,8.058,GOOD
330,2026-09-11,18,10.229,GOOD
330,2026-09-11,19,14.503,GOOD
330,2026-09-11,20,2.452,GOOD
330,2026-09-11,21,1.419,GOOD
330,2026-09-11,22,2.9,GOOD
330,2026-09-11,23,7.711,GOOD
330,2026-09-11,24,10.935,GOOD
330,2026-09-12,1,16.181,GOOD
330,2026-09-12,2,12.125,GOOD
330,2026-09-12,3,8.556,GOOD
330,2026-09-12,4,8.089,GOOD
330,2026-09-12,5,7.531,GOOD
330,2026-09-12,6,6.848,GOOD
330,2026-09-12,7,7.964,GOOD
330,2026-09-12,8,2.41,GOOD
330,2026-09-12,9,-7.13,GOOD
330,2026-09-12,10,2.967,GOOD
330,2026-09-12,11,6.35,GOOD
330,2026-09-12,12,9.483,GOOD
330,2026-09-12,13,9.99,GOOD
330,2026-09-12,14,7.833,GOOD
330,2026-09-12,15,5.23,GOOD
330,2026-09-12,16,4.027,GOOD
330,2026-09-12,17,5.264,GOOD
330,2026-09-12,18,-0.328,GOOD
330,2026-09-12,19,-2.812,GOOD
330,2026-09-12,20,1.496,GOOD
330,2026-09-12,21,5.723,GOOD
330,2026-09-12,22,8.401,GOOD
330,2026-09-12,23,10.632,GOOD
330,2026-09-12,24,10.712,GOOD
330,2026-09-13,1,15.228,GOOD
330,2026-09-13,2,12.894,GOOD
330,2026-09-13,3,11.808,GOOD
330,2026-09-13,4,10.334,GOOD
330,2026-09-13,5,4.226,GOOD
330,2026-09-13,6,10.351,GOOD
330,2026-09-13,7,10.717,GOOD
330,2026-09-13,8,,
330,2026-09-13,9,,
330,2026-09-13,10,-2.915,GOOD
330,2026-09-13,11,5.158,GOOD
330,2026-09-13,12,12.265,GOOD
330,2026-09-13,13,13.483,GOOD
330,2026-09-13,14,5.81,GOOD
330,2026-09-13,15,1.825,GOOD
330,2026-09-13,16,3.984,GOOD
330,2026-09-13,17,6.199,GOOD
330,2026-09-13,18,6.955,GOOD
330,2026-09-13,19,8.871,GOOD
330,2026-09-13,20,6.343,GOOD
330,2026-09-13,21,-2.937,GOOD
330,2026-09-13,22,4.002,GOOD
330,2026-09-13,23,12.101,GOOD
330,2026-09-13,24,12.974,GOOD
330,2026-09-14,1,9.159,GOOD
330,2026-09-14,2,10.558,GOOD
330,2026-09-14,3,8.612,GOOD
330,2026-09-14,4,10.948,GOOD
330,2026-09-14,5,10.532,GOOD
330,2026-09-14,6,10.517,GOOD
330,2026-09-14,7,6.48,GOOD
330,2026-09-14,8,-0.796,GOOD
330,2026-09-14,9,-3.524,GOOD
330,2026-09-14,10,6.254,GOOD
330,2026-09-14,11,11.772,GOOD
330,2026-09-14,12,4.708,GOOD
330,2026-09-14,13,5.332,GOOD
330,2026-09-14,14,5.829,GOOD
330,2026-09-14,15,2.623,GOOD
330,2026-09-14,16,6.706,GOOD
330,2026-09-14,17,6.785,GOOD
330,2026-09-14,18,7.4,GOOD
330,2026-09-14,19,13.523,GOOD
330,2026-09-14,20,16.681,GOOD
330,2026-09-14,21,15.826,GOOD
330,2026-09-14,22,16.853,GOOD
330,2026-09-14,23,14.75,GOOD
330,2026-09-14,24,8.954,GOOD
330,2026-09-15,1,13.422,GOOD
330,2026-09-15,2,14.512,GOOD
330,2026-09-15,3,12.087,GOOD
330,2026-09-15,4,9.919,GOOD
330,2026-09-15,5,9.266,GOOD
330,2026-09-15,6,9.793,GOOD
330,2026-09-15,7,9.234,GOOD
330,2026-09-15,8,-2.999,GOOD
330,2026-09-15,9,4.921,GOOD
330,2026-09-15,10,2.066,GOOD
330,2026-09-15,11,0.246,GOOD
330,2026-09-15,12,2.144,GOOD
330,2026-09-15,13,-1.484,GOOD
330,2026-09-15,14,0.342,GOOD
330,2026-09-15,15,1.926,GOOD
330,2026-09-15,16,7.95,GOOD
330,2026-09-15,17,10.054,GOOD
330,2026-09-15,18,7.975,GOOD
330,2026-09-15,19,0.075,GOOD
330,2026-09-15,20,-4.831,GOOD
330,2026-09-15,21,1.314,GOOD
330,2026-09-15,22,11.017,GOOD
330,2026-09-15,23,11.748,GOOD
330,2026-09-15,24,11.054,GOOD
330,2026-09-16,1,10.988,GOOD
330,2026-09-16,2,17.409,GOOD
330,2026-09-16,3,11.024,GOOD
330,2026-09-16,4,7.454,GOOD
330,2026-09-16,5,6.493,GOOD
330,2026-09-16,6,5.568,GOOD
330,2026-09-16,7,8.527,GOOD
330,2026-09-16,8,7.502,GOOD
330,2026-09-16,9,1.333,GOOD
330,2026-09-16,10,1.031,GOOD
330,2026-09-16,11,0.046,GOOD
330,2026-09-16,12,-1.097,GOOD
330,2026-09-16,13,0.092,GOOD
330,2026-09-16,14,0.698,GOOD
330,2026-09-16,15,1.282,GOOD
330,2026-09-16,16,6.324,GOOD
330,2026-09-16,17,10.77,GOOD
330,2026-09-16,18,9.49,GOOD
330,2026-09-16,19,8.218,GOOD
330,2026-09-16,20,11.661,GOOD
330,2026-09-16,21,8.82,GOOD
330,2026-09-16,22,8.813,GOOD
330,2026-09-16,23,7.038,GOOD
330,2026-09-16,24,9.926,GOOD
330,2026-09-17,1,12.406,GOOD
330,2026-09-17,2,14.861,GOOD
330,2026-09-17,3,7.869,GOOD
330,2026-09-17,4,7.896,GOOD
330,2026-09-17,5,8.132,GOOD
330,2026-09-17,6,6.244,GOOD
330,2026-09-17,7,3.56,GOOD
330,2026-09-17,8,-3.611,GOOD
330,2026-09-17,9,-7.889,GOOD
330,2026-09-17,10,-3.525,GOOD
330,2026-09-17,11,-1.12,GOOD
330,2026-09-17,12,0.837,GOOD
330,2026-09-17,13,-0.789,GOOD
330,2026-09-17,14,-6.111,GOOD
330,2026-09-17,15,-0.46,GOOD
330,2026-09-17,16,2.352,GOOD
330,2026-09-17,17,6.3,GOOD
330,2026-09-17,18,9.883,GOOD
330,2026-09-17,19,13.254,GOOD
330,2026-09-17,20,8.727,GOOD
330,2026-09-17,21,9.823,GOOD
330,2026-09-17,22,11.957,GOOD
330,2026-09-17,23,14.094,GOOD
330,2026-09-17,24,14.186,GOOD
330,2026-09-18,1,10.198,GOOD
330,2026-09-18,2,6.733,GOOD
330,2026-09-18,3,5.299,GOOD
330,2026-09-18,4,13.719,GOOD
330,2026-09-18,5,20.538,GOOD
330,2026-09-18,6,20.843,GOOD
330,2026-09-18,7,14.854,GOOD
330,2026-09-18,8,-1.518,GOOD
330,2026-09-18,9,-1.391,GOOD
330,2026-09-18,10,2.968,GOOD
330,2026-09-18,11,1.963,GOOD
330,2026-09-18,12,-1.664,GOOD
330,2026-09-18,13,-2.601,GOOD
330,2026-09-18,14,1.77,GOOD
330,2026-09-18,15,0.865,GOOD
330,2026-09-18,16,0.852,GOOD
330,2026-09-18,17,3.563,GOOD
330,2026-09-18,18,4.374,GOOD
330,2026-09-18,19,6.465,GOOD
330,2026-09-18,20,9.986,GOOD
330,2026-09-18,21,12.076,GOOD
330,2026-09-18,22,11.361,GOOD
330,2026-09-18,23,,
330,2026-09-18,24,5.325,GOOD
330,2026-09-19,1,6.955,GOOD
330,2026-09-19,2,6.049,GOOD
330,2026-09-19,3,4.566,GOOD
330,2026-09-19,4,4.083,GOOD
330,2026-09-19,5,10.902,GOOD
330,2026-09-19,6,13.376,GOOD
330,2026-09-19,7,7.511,GOOD
330,2026-09-19,8,3.999,GOOD
330,2026-09-19,9,3.091,GOOD
330,2026-09-19,10,-0.036,GOOD
330,2026-09-19,11,-0.044,GOOD
330,2026-09-19,12,-0.18,GOOD
330,2026-09-19,13,3.467,GOOD
330,2026-09-19,14,3.078,GOOD
330,2026-09-19,15,1.49,GOOD
330,2026-09-19,16,1.741,GOOD
330,2026-09-19,17,4.174,GOOD
330,2026-09-19,18,11.9,GOOD
330,2026-09-19,19,16.941,GOOD
330,2026-09-19,20,11.092,GOOD
330,2026-09-19,21,6.464,GOOD
330,2026-09-19,22,6.113,GOOD
330,2026-09-19,23,6.814,GOOD
330,2026-09-19,24,7.377,GOOD
330,2026-09-20,1,8.009,GOOD
330,2026-09-20,2,5.279,GOOD
330,2026-09-20,3,4.95,GOOD
330,2026-09-20,4,8.007,GOOD
330,2026-09-20,5,11.706,GOOD
330,2026-09-20,6,14.36,GOOD
330,2026-09-20,7,10.903,GOOD
330,2026-09-20,8,-1.603,GOOD
330,2026-09-20,9,-0.35,GOOD
330,2026-09-20,10,0.062,GOOD
330,2026-09-20,11,1.313,GOOD
330,2026-09-20,12,-0.957,GOOD
330,2026-09-20,13,0.412,GOOD
330,2026-09-20,14,7.798,GOOD
330,2026-09-20,15,8.152,GOOD
330,2026-09-20,16,7.967,GOOD
330,2026-09-20,17,10.54,GOOD
330,2026-09-20,18,8.633,GOOD
330,2026-09-20,19,11.933,GOOD
330,2026-09-20,20,10.061,GOOD
330,2026-09-20,21,6.343,GOOD
330,2026-09-20,22,11.511,GOOD
330,2026-09-20,23,15.82,GOOD
330,2026-09-20,24,13.223,GOOD
330,2026-09-21,1,15.517,GOOD
330,2026-09-21,2,15.982,GOOD
330,2026-09-21,3,12.718,GOOD
330,2026-09-21,4,82.909,POOR
330,2026-09-21,5,109.31,VERY POOR
330,2026-09-21,6,51.009,POOR
330,2026-09-21,7,23.066,GOOD
330,2026-09-21,8,5.884,GOOD
330,2026-09-21,9,-3.377,GOOD
330,2026-09-21,10,-2.219,GOOD
330,2026-09-21,11,3.414,GOOD
330,2026-09-21,12,1.846,GOOD
330,2026-09-21,13,1.682,GOOD
330,2026-09-21,14,-0.074,GOOD
330,2026-09-21,15,3.856,GOOD
330,2026-09-21,16,14.69,GOOD
330,2026-09-21,17,19.38,GOOD
330,2026-09-21,18,8.12,GOOD
330,2026-09-21,19,7.842,GOOD
330,2026-09-21,20,10.838,GOOD
330,2026-09-21,21,11.026,GOOD
330,2026-09-21,22,14.223,GOOD
330,2026-09-21,23,11.958,GOOD
330,2026-09-21,24,8.613,GOOD
330,2026-09-22,1,8.511,GOOD
330,2026-09-22,2,8.285,GOOD
330,2026-09-22,3,8.186,GOOD
330,2026-09-22,4,7.431,GOOD
330,2026-09-22,5,8.348,GOOD
330,2026-09-22,6,7.046,GOOD
330,2026-09-22,7,2.679,GOOD
330,2026-09-22,8,3.257,GOOD
330,2026-09-22,9,4.932,GOOD
330,2026-09-22,10,2.637,GOOD
330,2026-09-22,11,-0.549,GOOD
330,2026-09-22,12,-2.354,GOOD
330,2026-09-22,13,4.091,GOOD
330,2026-09-22,14,7.357,GOOD
330,2026-09-22,15,2.764,GOOD
330,2026-09-22,16,1.861,GOOD
330,2026-09-22,17,3.523,GOOD
330,2026-09-22,18,3.743,GOOD
330,2026-09-22,19,2.842,GOOD
330,2026-09-22,20,1.275,GOOD
330,2026-09-22,21,4.447,GOOD
330,2026-09-22,22,6.133,GOOD
330,2026-09-22,23,4.632,GOOD
330,2026-09-22,24,7.082,GOOD
330,2026-09-23,1,3.73,GOOD
330,2026-09-23,2,3.633,GOOD
330,2026-09-23,3,4.343,GOOD
330,2026-09-23,4,6.712,GOOD
330,2026-09-23,5,4.221,GOOD
330,2026-09-23,6,1.42,GOOD
330,2026-09-23,7,2.851,GOOD
330,2026-09-23,8,1.809,GOOD
330,2026-09-23,9,0.304,GOOD
330,2026-09-23,10,-1.348,GOOD
330,2026-09-23,11,3.739,GOOD
330,2026-09-23,12,7.248,GOOD
330,2026-09-23,13,12.648,GOOD
330,2026-09-23,14,14.651,GOOD
330,2026-09-23,15,14.364,GOOD
330,2026-09-23,16,11.815,GOOD
330,2026-09-23,17,18.82,GOOD
330,2026-09-23,18,14.274,GOOD
330,2026-09-23,19,7.465,GOOD
330,2026-09-23,20,6.53,GOOD
330,2026-09-23,21,6.874,GOOD
330,2026-09-23,22,6.754,GOOD
330,2026-09-23,23,10.229,GOOD
330,2026-09-23,24,8.021,GOOD
330,2026-09-24,1,8.776,GOOD
330,2026-09-24,2,7.824,GOOD
330,2026-09-24,3,8.62,GOOD
330,2026-09-24,4,8.336,GOOD
330,2026-09-24,5,5.309,GOOD
330,2026-09-24,6,9.516,GOOD
330,2026-09-24,7,7.433,GOOD
330,2026-09-24,8,8.202,GOOD
330,2026-09-24,9,6.101,GOOD
330,2026-09-24,10,9.062,GOOD
330,2026-09-24,11,8.357,GOOD
330,2026-09-24,12,5.133,GOOD
330,2026-09-24,13,3.191,GOOD
330,2026-09-24,14,,
330,2026-09-24,15,,
330,2026-09-24,16,,
330,2026-09-24,17,,
330,2026-09-24,18,,
330,2026-09-24,19,,
330,2026-09-24,20,,
330,2026-09-24,21,,
330,2026-09-24,22,,
330,2026-09-24,23,,
330,2026-09-24,24,,
330,2026-09-25,1,,
330,2026-09-25,2,,
330,2026-09-25,3,,
330,2026-09-25,4,,
330,2026-09-25,5,,
330,2026-09-25,6,,
330,2026-09-25,7,,
330,2026-09-25,8,,
330,2026-09-25,9,,
330,2026-09-25,10,,
330,2026-09-25,11,,
330,2026-09-25,12,,
330,2026-09-25,13,,
330,2026-09-25,14,,
330,2026-09-25,15,,
330,2026-09-25,16,10.393,GOOD
330,2026-09-25,17,16.966,GOOD
330,2026-09-25,18,16.698,GOOD
330,2026-09-25,19,16.1,GOOD
330,2026-09-25,20,12.105,GOOD
330,2026-09-25,21,10.967,GOOD
330,2026-09-25,22,10.393,GOOD
330,2026-09-25,23,7.042,GOOD
330,2026-09-25,24,11.225,GOOD
330,2026-09-26,1,12.937,GOOD
330,2026-09-26,2,9.768,GOOD
330,2026-09-26,3,10.25,GOOD
330,2026-09-26,4,11.502,GOOD
330,2026-09-26,5,6.007,GOOD
330,2026-09-26,6,7.183,GOOD
330,2026-09-26,7,11.458,GOOD
330,2026-09-26,8,-3.076,GOOD
330,2026-09-26,9,9.26,GOOD
330,2026-09-26,10,15.55,GOOD
330,2026-09-26,11,12.854,GOOD
330,2026-09-26,12,9.766,GOOD
330,2026-09-26,13,7.848,GOOD
330,2026-09-26,14,4.011,GOOD
330,2026-09-26,15,4.028,GOOD
330,2026-09-26,16,9.852,GOOD
330,2026-09-26,17,6.317,GOOD
330,2026-09-26,18,7.519,GOOD
330,2026-09-26,19,11.24,GOOD
330,2026-09-26,20,13.006,GOOD
330,2026-09-26,21,12.817,GOOD
330,2026-09-26,22,10.264,GOOD
330,2026-09-26,23,,
330,2026-09-26,24,-4.175,GOOD
330,2026-09-27,1,-0.064,GOOD
330,2026-09-27,2,7.828,GOOD
330,2026-09-27,3,9.81,GOOD
330,2026-09-27,4,12.529,GOOD
330,2026-09-27,5,11.833,GOOD
330,2026-09-27,6,11.17,GOOD
330,2026-09-27,7,9.112,GOOD
330,2026-09-27,8,7.826,GOOD
330,2026-09-27,9,3.662,GOOD
330,2026-09-27,10,0.183,GOOD
330,2026-09-27,11,0.818,GOOD
330,2026-09-27,12,4.697,GOOD
330,2026-09-27,13,9.036,GOOD
330,2026-09-27,14,8.24,GOOD
330,2026-09-27,15,6.154,GOOD
330,2026-09-27,16,3.271,GOOD
330,2026-09-27,17,3.064,GOOD
330,2026-09-27,18,-0.04,GOOD
330,2026-09-27,19,-4.799,GOOD
330,2026-09-27,20,-5.34,GOOD
330,2026-09-27,21,1.38,GOOD
330,2026-09-27,22,1.568,GOOD
330,2026-09-27,23,4.335,GOOD
330,2026-09-27,24,-0.168,GOOD
330,2026-09-28,1,1.942,GOOD
330,2026-09-28,2,1.913,GOOD
330,2026-09-28,3,-1.307,GOOD
330,2026-09-28,4,1.923,GOOD
330,2026-09-28,5,2.283,GOOD
330,2026-09-28,6,4.075,GOOD
330,2026-09-28,7,1.346,GOOD
330,2026-09-28,8,1.76,GOOD
330,2026-09-28,9,-0.059,GOOD
330,2026-09-28,10,,
330,2026-09-28,11,,
330,2026-09-28,12,,
330,2026-09-28,13,,
330,2026-09-28,14,,
330,2026-09-28,15,,
330,2026-09-28,16,,
330,2026-09-28,17,,
330,2026-09-28,18,,
330,2026-09-28,19,,
330,2026-09-28,20,,
330,2026-09-28,21,,
330,2026-09-28,22,,
330,2026-09-28,23,,
330,2026-09-28,24,,
330,2026-09-29,1,,
330,2026-09-29,2,,
330,2026-09-29,3,,
330,2026-09-29,4,,
330,2026-09-29,5,,
330,2026-09-29,6,,
330,2026-09-29,7,,
330,2026-09-29,8,,
330,2026-09-29,9,,
330,2026-09-29,10,,
330,2026-09-29,11,,
330,2026-09-29,12,,
330,2026-09-29,13,,
330,2026-09-29,14,,
330,2026-09-29,15,,
330,2026-09-29,16,,
330,2026-09-29,17,47.567,FAIR
330,2026-09-29,18,19.856,GOOD
330,2026-09-29,19,14.223,GOOD
330,2026-09-29,20,7.782,GOOD
330,2026-09-29,21,6.749,GOOD
330,2026-09-29,22,6.021,GOOD
330,2026-09-29,23,3.977,GOOD
330,2026-09-29,24,6.763,GOOD
330,2026-09-30,1,6.393,GOOD
330,2026-09-30,2,6.208,GOOD
330,2026-09-30,3,8.377,GOOD
330,2026-09-30,4,3.85,GOOD
330,2026-09-30,5,6.223,GOOD
330,2026-09-30,6,4.68,GOOD
330,2026-09-30,7,4.08,GOOD
330,2026-09-30,8,,
330,2026-09-30,9,1.433,GOOD
330,2026-09-30,10,7.185,GOOD
330,2026-09-30,11,5.835,GOOD
330,2026-09-30,12,0.169,GOOD
330,2026-09-30,13,-1.958,GOOD
330,2026-09-30,14,-0.435,GOOD
330,2026-09-30,15,0.736,GOOD
330,2026-09-30,16,4.044,GOOD
330,2026-09-30,17,4.949,GOOD
330,2026-09-30,18,6.755,GOOD
330,2026-09-30,19,7.843,GOOD
330,2026-09-30,20,11.176,GOOD
330,2026-09-30,21,12.942,GOOD
330,2026-09-30,22,14.937,GOOD
330,2026-09-30,23,13.083,GOOD
330,2026-09-30,24,3.41,GOOD
333,2026-09-01,1,24.585,GOOD
333,2026-09-01,2,19.97,GOOD
333,2026-09-01,3,13.733,GOOD
333,2026-09-01,4,16.962,GOOD
333,2026-09-01,5,22.077,GOOD
333,2026-09-01,6,24.077,GOOD
333,2026-09-01,7,22.936,GOOD
333,2026-09-01,8,23.019,GOOD
333,2026-09-01,9,13.756,GOOD
333,2026-09-01,10,-1.994,GOOD
333,2026-09-01,11,-4.779,GOOD
333,2026-09-01,12,0.213,GOOD
333,2026-09-01,13,9.034,GOOD
333,2026-09-01,14,16.511,GOOD
333,2026-09-01,15,10.109,GOOD
333,2026-09-01,16,6.366,GOOD
333,2026-09-01,17,5.373,GOOD
333,2026-09-01,18,11.714,GOOD
333,2026-09-01,19,21.567,GOOD
333,2026-09-01,20,12.056,GOOD
333,2026-09-01,21,8.034,GOOD
333,2026-09-01,22,4.729,GOOD
333,2026-09-01,23,7.278,GOOD
333,2026-09-01,24,4.808,GOOD
333,2026-09-02,1,4.229,GOOD
333,2026-09-02,2,3.893,GOOD
333,2026-09-02,3,6.609,GOOD
333,2026-09-02,4,5.434,GOOD
333,2026-09-02,5,6.956,GOOD
333,2026-09-02,6,10.332,GOOD
333,2026-09-02,7,8.073,GOOD
333,2026-09-02,8,11.232,GOOD
333,2026-09-02,9,11.041,GOOD
333,2026-09-02,10,8.127,GOOD
333,2026-09-02,11,5.427,GOOD
333,2026-09-02,12,2.084,GOOD
333,2026-09-02,13,3.391,GOOD
333,2026-09-02,14,2.635,GOOD
333,2026-09-02,15,3.463,GOOD
333,2026-09-02,16,3.076,GOOD
333,2026-09-02,17,3.403,GOOD
333,2026-09-02,18,13.41,GOOD
333,2026-09-02,19,15.476,GOOD
333,2026-09-02,20,21.11,GOOD
333,2026-09-02,21,4.154,GOOD
333,2026-09-02,22,-0.066,GOOD
333,2026-09-02,23,2.476,GOOD
333,2026-09-02,24,3.593,GOOD
333,2026-09-03,1,1.567,GOOD
333,2026-09-03,2,1.207,GOOD
333,2026-09-03,3,0.369,GOOD
333,2026-09-03,4,1.163,GOOD
333,2026-09-03,5,6.402,GOOD
333,2026-09-03,6,8.158,GOOD
333,2026-09-03,7,7.089,GOOD
333,2026-09-03,8,5.42,GOOD
333,2026-09-03,9,8.269,GOOD
333,2026-09-03,10,4.775,GOOD
333,2026-09-03,11,3.114,GOOD
333,2026-09-03,12,3.846,GOOD
333,2026-09-03,13,1.928,GOOD
333,2026-09-03,14,2.441,GOOD
333,2026-09-03,15,5.654,GOOD
333,2026-09-03,16,8.336,GOOD
333,2026-09-03,17,8.281,GOOD
333,2026-09-03,18,12.869,GOOD
333,2026-09-03,19,13.825,GOOD
333,2026-09-03,20,11.171,GOOD
333,2026-09-03,21,1.267,GOOD
333,2026-09-03,22,0.402,GOOD
333,2026-09-03,23,3.459,GOOD
333,2026-09-03,24,4.022,GOOD
333,2026-09-04,1,1.311,GOOD
333,2026-09-04,2,3.859,GOOD
333,2026-09-04,3,3.383,GOOD
333,2026-09-04,4,5.246,GOOD
333,2026-09-04,5,4.864,GOOD
333,2026-09-04,6,9.278,GOOD
333,2026-09-04,7,4.755,GOOD
333,2026-09-04,8,-1.303,GOOD
333,2026-09-04,9,0.74,GOOD
333,2026-09-04,10,-0.222,GOOD
333,2026-09-04,11,2.093,GOOD
333,2026-09-04,12,3.278,GOOD
333,2026-09-04,13,10.365,GOOD
333,2026-09-04,14,7.718,GOOD
333,2026-09-04,15,0.556,GOOD
333,2026-09-04,16,4.663,GOOD
333,2026-09-04,17,0.582,GOOD
333,2026-09-04,18,8.634,GOOD
333,2026-09-04,19,19.867,GOOD
333,2026-09-04,20,18.075,GOOD
333,2026-09-04,21,10.592,GOOD
333,2026-09-04,22,2.827,GOOD
333,2026-09-04,23,0.634,GOOD
333,2026-09-04,24,5.776,GOOD
333,2026-09-05,1,5.519,GOOD
333,2026-09-05,2,2.536,GOOD
333,2026-09-05,3,6.411,GOOD
333,2026-09-05,4,2.961,GOOD
333,2026-09-05,5,8.401,GOOD
333,2026-09-05,6,9.813,GOOD
333,2026-09-05,7,4.161,GOOD
333,2026-09-05,8,1.554,GOOD
333,2026-09-05,9,-1.756,GOOD
333,2026-09-05,10,-2.56,GOOD
333,2026-09-05,11,-1.487,GOOD
333,2026-09-05,12,1.921,GOOD
333,2026-09-05,13,11.161,GOOD
333,2026-09-05,14,8.333,GOOD
333,2026-09-05,15,6.788,GOOD
333,2026-09-05,16,5.196,GOOD
333,2026-09-05,17,1.281,GOOD
333,2026-09-05,18,5.02,GOOD
333,2026-09-05,19,10.429,GOOD
333,2026-09-05,20,9.056,GOOD
333,2026-09-05,21,-6.644,GOOD
333,2026-09-05,22,-2.611,GOOD
333,2026-09-05,23,4.073,GOOD
333,2026-09-05,24,16.759,GOOD
333,2026-09-06,1,11.527,GOOD
333,2026-09-06,2,9.21,GOOD
333,2026-09-06,3,0.047,GOOD
333,2026-09-06,4,3.166,GOOD
333,2026-09-06,5,7.243,GOOD
333,2026-09-06,6,13.406,GOOD
333,2026-09-06,7,10.71,GOOD
333,2026-09-06,8,4.693,GOOD
333,2026-09-06,9,3.808,GOOD
333,2026-09-06,10,5.436,GOOD
333,2026-09-06,11,0.909,GOOD
333,2026-09-06,12,-3.274,GOOD
333,2026-09-06,13,1.209,GOOD
333,2026-09-06,14,1.053,GOOD
333,2026-09-06,15,-1.19,GOOD
333,2026-09-06,16,-1.487,GOOD
333,2026-09-06,17,1.776,GOOD
333,2026-09-06,18,9.616,GOOD
333,2026-09-06,19,10.111,GOOD
333,2026-09-06,20,10.639,GOOD
333,2026-09-06,21,18.252,GOOD
333,2026-09-06,22,11.356,GOOD
333,2026-09-06,23,3.034,GOOD
333,2026-09-06,24,-1.901,GOOD
333,2026-09-07,1,1.207,GOOD
333,2026-09-07,2,5.154,GOOD
333,2026-09-07,3,5.702,GOOD
333,2026-09-07,4,7.55,GOOD
333,2026-09-07,5,10.764,GOOD
333,2026-09-07,6,7.369,GOOD
333,2026-09-07,7,5.043,GOOD
333,2026-09-07,8,0.27,GOOD
333,2026-09-07,9,1.114,GOOD
333,2026-09-07,10,-3.451,GOOD
333,2026-09-07,11,-2.519,GOOD
333,2026-09-07,12,-0.922,GOOD
333,2026-09-07,13,1.418,GOOD
333,2026-09-07,14,1.37,GOOD
333,2026-09-07,15,1.388,GOOD
333,2026-09-07,16,3.501,GOOD
333,2026-09-07,17,5.676,GOOD
333,2026-09-07,18,11.684,GOOD
333,2026-09-07,19,16.12,GOOD
333,2026-09-07,20,16.099,GOOD
333,2026-09-07,21,12.969,GOOD
333,2026-09-07,22,-1.326,GOOD
333,2026-09-07,23,-4.721,GOOD
333,2026-09-07,24,3.32,GOOD
333,2026-09-08,1,12.045,GOOD
333,2026-09-08,2,12.011,GOOD
333,2026-09-08,3,4.356,GOOD
333,2026-09-08,4,4.645,GOOD
333,2026-09-08,5,7.263,GOOD
333,2026-09-08,6,7.545,GOOD
333,2026-09-08,7,7.795,GOOD
333,2026-09-08,8,6.346,GOOD
333,2026-09-08,9,7.399,GOOD
333,2026-09-08,10,2.445,GOOD
333,2026-09-08,11,4.524,GOOD
333,2026-09-08,12,2.414,GOOD
333,2026-09-08,13,11.281,GOOD
333,2026-09-08,14,10.148,GOOD
333,2026-09-08,15,3.708,GOOD
333,2026-09-08,16,3.712,GOOD
333,2026-09-08,17,5.576,GOOD
333,2026-09-08,18,9.985,GOOD
333,2026-09-08,19,11.148,GOOD
333,2026-09-08,20,4.91,GOOD
333,2026-09-08,21,8.174,GOOD
333,2026-09-08,22,15.566,GOOD
333,2026-09-08,23,29.957,FAIR
333,2026-09-08,24,17.801,GOOD
333,2026-09-09,1,12.101,GOOD
333,2026-09-09,2,6.824,GOOD
333,2026-09-09,3,3.992,GOOD
333,2026-09-09,4,5.309,GOOD
333,2026-09-09,5,1.918,GOOD
333,2026-09-09,6,6.435,GOOD
333,2026-09-09,7,6.643,GOOD
333,2026-09-09,8,0.516,GOOD
333,2026-09-09,9,1.647,GOOD
333,2026-09-09,10,-3.243,GOOD
333,2026-09-09,11,-2.631,GOOD
333,2026-09-09,12,,
333,2026-09-09,13,,
333,2026-09-09,14,,
333,2026-09-09,15,,
333,2026-09-09,16,,
333,2026-09-09,17,,
333,2026-09-09,18,,
333,2026-09-09,19,,
333,2026-09-09,20,6.508,GOOD
333,2026-09-09,21,5.68,GOOD
333,2026-09-09,22,10.982,GOOD
333,2026-09-09,23,7.649,GOOD
333,2026-09-09,24,7.201,GOOD
333,2026-09-10,1,10.434,GOOD
333,2026-09-10,2,10.908,GOOD
333,2026-09-10,3,9.974,GOOD
333,2026-09-10,4,8.859,GOOD
333,2026-09-10,5,6.678,GOOD
333,2026-09-10,6,8.487,GOOD
333,2026-09-10,7,16.127,GOOD
333,2026-09-10,8,11.778,GOOD
333,2026-09-10,9,7.478,GOOD
333,2026-09-10,10,5.138,GOOD
333,2026-09-10,11,2.762,GOOD
333,2026-09-10,12,2.041,GOOD
333,2026-09-10,13,4.964,GOOD
333,2026-09-10,14,5.529,GOOD
333,2026-09-10,15,7.111,GOOD
333,2026-09-10,16,4.947,GOOD
333,2026-09-10,17,6.534,GOOD
333,2026-09-10,18,7.93,GOOD
333,2026-09-10,19,11.762,GOOD
333,2026-09-10,20,8.911,GOOD
333,2026-09-10,21,4.408,GOOD
333,2026-09-10,22,3.701,GOOD
333,2026-09-10,23,6.381,GOOD
333,2026-09-10,24,14.342,GOOD
333,2026-09-11,1,10.876,GOOD
333,2026-09-11,2,8.585,GOOD
333,2026-09-11,3,4.127,GOOD
333,2026-09-11,4,6.302,GOOD
333,2026-09-11,5,10.542,GOOD
333,2026-09-11,6,10.001,GOOD
333,2026-09-11,7,8.031,GOOD
333,2026-09-11,8,3.035,GOOD
333,2026-09-11,9,2.671,GOOD
333,2026-09-11,10,8.581,GOOD
333,2026-09-11,11,4.177,GOOD
333,2026-09-11,12,10.569,GOOD
333,2026-09-11,13,1.478,GOOD
333,2026-09-11,14,2.06,GOOD
333,2026-09-11,15,3.3,GOOD
333,2026-09-11,16,3.896,GOOD
333,2026-09-11,17,1.218,GOOD
333,2026-09-11,18,11.57,GOOD
333,2026-09-11,19,15.072,GOOD
333,2026-09-11,20,10.297,GOOD
333,2026-09-11,21,6.064,GOOD
333,2026-09-11,22,-0.741,GOOD
333,2026-09-11,23,2.712,GOOD
333,2026-09-11,24,4.886,GOOD
333,2026-09-12,1,3.267,GOOD
333,2026-09-12,2,9.369,GOOD
333,2026-09-12,3,11.566,GOOD
333,2026-09-12,4,11.634,GOOD
333,2026-09-12,5,13.712,GOOD
333,2026-09-12,6,12.411,GOOD
333,2026-09-12,7,2.28,GOOD
333,2026-09-12,8,0.823,GOOD
333,2026-09-12,9,-1.209,GOOD
333,2026-09-12,10,3.409,GOOD
333,2026-09-12,11,7.146,GOOD
333,2026-09-12,12,5.91,GOOD
333,2026-09-12,13,13.134,GOOD
333,2026-09-12,14,15.595,GOOD
333,2026-09-12,15,6.332,GOOD
333,2026-09-12,16,-0.51,GOOD
333,2026-09-12,17,4.255,GOOD
333,2026-09-12,18,12.171,GOOD
333,2026-09-12,19,17.427,GOOD
333,2026-09-12,20,5.626,GOOD
333,2026-09-12,21,-0.4,GOOD
333,2026-09-12,22,4.964,GOOD
333,2026-09-12,23,11.283,GOOD
333,2026-09-12,24,14.326,GOOD
333,2026-09-13,1,9.889,GOOD
333,2026-09-13,2,10.733,GOOD
333,2026-09-13,3,10.294,GOOD
333,2026-09-13,4,9.884,GOOD
333,2026-09-13,5,6.687,GOOD
333,2026-09-13,6,7.984,GOOD
333,2026-09-13,7,10.685,GOOD
333,2026-09-13,8,0.002,GOOD
333,2026-09-13,9,-7.466,GOOD
333,2026-09-13,10,0.976,GOOD
333,2026-09-13,11,0.342,GOOD
333,2026-09-13,12,3.606,GOOD
333,2026-09-13,13,4.212,GOOD
333,2026-09-13,14,7.354,GOOD
333,2026-09-13,15,7.55,GOOD
333,2026-09-13,16,3.699,GOOD
333,2026-09-13,17,5.547,GOOD
333,2026-09-13,18,9.738,GOOD
333,2026-09-13,19,8.497,GOOD
333,2026-09-13,20,13.972,GOOD
333,2026-09-13,21,12.194,GOOD
333,2026-09-13,22,9.298,GOOD
333,2026-09-13,23,5.088,GOOD
333,2026-09-13,24,5.448,GOOD
333,2026-09-14,1,5.615,GOOD
333,2026-09-14,2,4.516,GOOD
333,2026-09-14,3,10.201,GOOD
333,2026-09-14,4,8.856,GOOD
333,2026-09-14,5,11.933,GOOD
333,2026-09-14,6,8.229,GOOD
333,2026-09-14,7,7.343,GOOD
333,2026-09-14,8,3.631,GOOD
333,2026-09-14,9,1.055,GOOD
333,2026-09-14,10,1.181,GOOD
333,2026-09-14,11,2.642,GOOD
333,2026-09-14,12,0.803,GOOD
333,2026-09-14,13,3.707,GOOD
333,2026-09-14,14,6.657,GOOD
333,2026-09-14,15,7.28,GOOD
333,2026-09-14,16,0.998,GOOD
333,2026-09-14,17,3.768,GOOD
333,2026-09-14,18,13.921,GOOD
333,2026-09-14,19,16.428,GOOD
333,2026-09-14,20,12.651,GOOD
333,2026-09-14,21,11.41,GOOD
333,2026-09-14,22,5.197,GOOD
333,2026-09-14,23,4.085,GOOD
333,2026-09-14,24,3.583,GOOD
333,2026-09-15,1,16.385,GOOD
333,2026-09-15,2,13.7,GOOD
333,2026-09-15,3,4.337,GOOD
333,2026-09-15,4,7.12,GOOD
333,2026-09-15,5,12.312,GOOD
333,2026-09-15,6,15.023,GOOD
333,2026-09-15,7,7.232,GOOD
333,2026-09-15,8,3.719,GOOD
333,2026-09-15,9,2.814,GOOD
333,2026-09-15,10,6.09,GOOD
333,2026-09-15,11,3.51,GOOD
333,2026-09-15,12,2.373,GOOD
333,2026-09-15,13,6.676,GOOD
333,2026-09-15,14,2.671,GOOD
333,2026-09-15,15,3.729,GOOD
333,2026-09-15,16,9.751,GOOD
333,2026-09-15,17,7.499,GOOD
333,2026-09-15,18,9.159,GOOD
333,2026-09-15,19,11.962,GOOD
333,2026-09-15,20,10.012,GOOD
333,2026-09-15,21,8.475,GOOD
333,2026-09-15,22,-0.166,GOOD
333,2026-09-15,23,1.357,GOOD
333,2026-09-15,24,8.045,GOOD
333,2026-09-16,1,7.676,GOOD
333,2026-09-16,2,12.205,GOOD
333,2026-09-16,3,9.334,GOOD
333,2026-09-16,4,10.56,GOOD
333,2026-09-16,5,12.334,GOOD
333,2026-09-16,6,8.746,GOOD
333,2026-09-16,7,7.566,GOOD
333,2026-09-16,8,11.476,GOOD
333,2026-09-16,9,14.294,GOOD
333,2026-09-16,10,7.784,GOOD
333,2026-09-16,11,4.845,GOOD
333,2026-09-16,12,-0.128,GOOD
333,2026-09-16,13,-0.514,GOOD
333,2026-09-16,14,1.378,GOOD
333,2026-09-16,15,-2.612,GOOD
333,2026-09-16,16,-1.607,GOOD
333,2026-09-16,17,6.959,GOOD
333,2026-09-16,18,7.855,GOOD
333,2026-09-16,19,14.068,GOOD
333,2026-09-16,20,9.14,GOOD
333,2026-09-16,21,9.528,GOOD
333,2026-09-16,22,7.484,GOOD
333,2026-09-16,23,7.015,GOOD
333,2026-09-16,24,10.331,GOOD
333,2026-09-17,1,8.696,GOOD
333,2026-09-17,2,8.798,GOOD
333,2026-09-17,3,7.959,GOOD
333,2026-09-17,4,4.324,GOOD
333,2026-09-17,5,6.255,GOOD
333,2026-09-17,6,6.499,GOOD
333,2026-09-17,7,6.468,GOOD
333,2026-09-17,8,8.034,GOOD
333,2026-09-17,9,6.476,GOOD
333,2026-09-17,10,8.049,GOOD
333,2026-09-17,11,5.139,GOOD
333,2026-09-17,12,0.85,GOOD
333,2026-09-17,13,0.166,GOOD
333,2026-09-17,14,1.955,GOOD
333,2026-09-17,15,0.122,GOOD
333,2026-09-17,16,-0.675,GOOD
333,2026-09-17,17,1.902,GOOD
333,2026-09-17,18,10.027,GOOD
333,2026-09-17,19,12.779,GOOD
333,2026-09-17,20,13.735,GOOD
333,2026-09-17,21,12.797,GOOD
333,2026-09-17,22,10.108,GOOD
333,2026-09-17,23,11.081,GOOD
333,2026-09-17,24,12.422,GOOD
333,2026-09-18,1,12.469,GOOD
333,2026-09-18,2,11.931,GOOD
333,2026-09-18,3,12.681,GOOD
333,2026-09-18,4,14.484,GOOD
333,2026-09-18,5,8.327,GOOD
333,2026-09-18,6,8.841,GOOD
333,2026-09-18,7,6.082,GOOD
333,2026-09-18,8,8.734,GOOD
333,2026-09-18,9,6.173,GOOD
333,2026-09-18,10,1.438,GOOD
333,2026-09-18,11,-1.153,GOOD
333,2026-09-18,12,-3.177,GOOD
333,2026-09-18,13,-5.416,GOOD
333,2026-09-18,14,-5.364,GOOD
333,2026-09-18,15,-0.756,GOOD
333,2026-09-18,16,3.13,GOOD
333,2026-09-18,17,4.489,GOOD
333,2026-09-18,18,9.363,GOOD
333,2026-09-18,19,15.095,GOOD
333,2026-09-18,20,15.536,GOOD
333,2026-09-18,21,15.951,GOOD
333,2026-09-18,22,8.675,GOOD
333,2026-09-18,23,7.81,GOOD
333,2026-09-18,24,5.972,GOOD
333,2026-09-19,1,6.069,GOOD
333,2026-09-19,2,2.305,GOOD
333,2026-09-19,3,2.259,GOOD
333,2026-09-19,4,4.664,GOOD
333,2026-09-19,5,8.837,GOOD
333,2026-09-19,6,8.405,GOOD
333,2026-09-19,7,7.837,GOOD
333,2026-09-19,8,1.778,GOOD
333,2026-09-19,9,0.467,GOOD
333,2026-09-19,10,-3.314,GOOD
333,2026-09-19,11,-6.101,GOOD
333,2026-09-19,12,-7.607,GOOD
333,2026-09-19,13,-5.935,GOOD
333,2026-09-19,14,3.383,GOOD
333,2026-09-19,15,1.725,GOOD
333,2026-09-19,16,6.056,GOOD
333,2026-09-19,17,3.773,GOOD
333,2026-09-19,18,7.273,GOOD
333,2026-09-19,19,14.312,GOOD
333,2026-09-19,20,10.71,GOOD
333,2026-09-19,21,21.996,GOOD
333,2026-09-19,22,21.335,GOOD
333,2026-09-19,23,7.947,GOOD
333,2026-09-19,24,4.222,GOOD
333,2026-09-20,1,3.874,GOOD
333,2026-09-20,2,3.754,GOOD
333,2026-09-20,3,1.258,GOOD
333,2026-09-20,4,3.79,GOOD
333,2026-09-20,5,3.399,GOOD
333,2026-09-20,6,4.261,GOOD
333,2026-09-20,7,3.971,GOOD
333,2026-09-20,8,3.349,GOOD
333,2026-09-20,9,0.526,GOOD
333,2026-09-20,10,-5.349,GOOD
333,2026-09-20,11,-7.378,GOOD
333,2026-09-20,12,-6.46,GOOD
333,2026-09-20,13,-3.198,GOOD
333,2026-09-20,14,-0.55,GOOD
333,2026-09-20,15,1.62,GOOD
333,2026-09-20,16,3.496,GOOD
333,2026-09-20,17,4.418,GOOD
333,2026-09-20,18,11.93,GOOD
333,2026-09-20,19,17.221,GOOD
333,2026-09-20,20,18.396,GOOD
333,2026-09-20,21,26.793,FAIR
333,2026-09-20,22,19.226,GOOD
333,2026-09-20,23,9.405,GOOD
333,2026-09-20,24,8.036,GOOD
333,2026-09-21,1,6.784,GOOD
333,2026-09-21,2,4.237,GOOD
333,2026-09-21,3,1.14,GOOD
333,2026-09-21,4,5.696,GOOD
333,2026-09-21,5,14.81,GOOD
333,2026-09-21,6,16.846,GOOD
333,2026-09-21,7,6.915,GOOD
333,2026-09-21,8,7.251,GOOD
333,2026-09-21,9,3.24,GOOD
333,2026-09-21,10,1.726,GOOD
333,2026-09-21,11,6.227,GOOD
333,2026-09-21,12,1.36,GOOD
333,2026-09-21,13,0.935,GOOD
333,2026-09-21,14,7.353,GOOD
333,2026-09-21,15,3.027,GOOD
333,2026-09-21,16,8.039,GOOD
333,2026-09-21,17,11.853,GOOD
333,2026-09-21,18,18.988,GOOD
333,2026-09-21,19,16.575,GOOD
333,2026-09-21,20,11.961,GOOD
333,2026-09-21,21,17.911,GOOD
333,2026-09-21,22,21.625,GOOD
333,2026-09-21,23,11.135,GOOD
333,2026-09-21,24,11.11,GOOD
333,2026-09-22,1,10.463,GOOD
333,2026-09-22,2,5.795,GOOD
333,2026-09-22,3,5.504,GOOD
333,2026-09-22,4,6.258,GOOD
333,2026-09-22,5,13.65,GOOD
333,2026-09-22,6,9.758,GOOD
333,2026-09-22,7,3.079,GOOD
333,2026-09-22,8,1.055,GOOD
333,2026-09-22,9,2.109,GOOD
333,2026-09-22,10,1.914,GOOD
333,2026-09-22,11,2.497,GOOD
333,2026-09-22,12,5.531,GOOD
333,2026-09-22,13,13.351,GOOD
333,2026-09-22,14,9.595,GOOD
333,2026-09-22,15,8.746,GOOD
333,2026-09-22,16,3.944,GOOD
333,2026-09-22,17,1.738,GOOD
333,2026-09-22,18,6.844,GOOD
333,2026-09-22,19,5.396,GOOD
333,2026-09-22,20,0.655,GOOD
333,2026-09-22,21,16.45,GOOD
333,2026-09-22,22,15.786,GOOD
333,2026-09-22,23,8.539,GOOD
333,2026-09-22,24,4.039,GOOD
333,2026-09-23,1,4.002,GOOD
333,2026-09-23,2,3.662,GOOD
333,2026-09-23,3,4.608,GOOD
333,2026-09-23,4,4.993,GOOD
333,2026-09-23,5,6.94,GOOD
333,2026-09-23,6,6.854,GOOD
333,2026-09-23,7,5.738,GOOD
333,2026-09-23,8,6.901,GOOD
333,2026-09-23,9,4.735,GOOD
333,2026-09-23,10,6.558,GOOD
333,2026-09-23,11,5.167,GOOD
333,2026-09-23,12,8.333,GOOD
333,2026-09-23,13,8.149,GOOD
333,2026-09-23,14,11.405,GOOD
333,2026-09-23,15,15.483,GOOD
333,2026-09-23,16,15.677,GOOD
333,2026-09-23,17,15.334,GOOD
333,2026-09-23,18,15.748,GOOD
333,2026-09-23,19,14.451,GOOD
333,2026-09-23,20,12.462,GOOD
333,2026-09-23,21,9.652,GOOD
333,2026-09-23,22,11.668,GOOD
333,2026-09-23,23,14.816,GOOD
333,2026-09-23,24,13.585,GOOD
333,2026-09-24,1,10.416,GOOD
333,2026-09-24,2,8.011,GOOD
333,2026-09-24,3,8.068,GOOD
333,2026-09-24,4,6.691,GOOD
333,2026-09-24,5,10.033,GOOD
333,2026-09-24,6,10.353,GOOD
333,2026-09-24,7,10.145,GOOD
333,2026-09-24,8,13.084,GOOD
333,2026-09-24,9,10.632,GOOD
333,2026-09-24,10,9.816,GOOD
333,2026-09-24,11,10.48,GOOD
333,2026-09-24,12,7.68,GOOD
333,2026-09-24,13,5.032,GOOD
333,2026-09-24,14,14.533,GOOD
333,2026-09-24,15,16.784,GOOD
333,2026-09-24,16,18.244,GOOD
333,2026-09-24,17,15.047,GOOD
333,2026-09-24,18,13.527,GOOD
333,2026-09-24,19,9.407,GOOD
333,2026-09-24,20,15.129,GOOD
333,2026-09-24,21,11.709,GOOD
333,2026-09-24,22,13.947,GOOD
333,2026-09-24,23,17.527,GOOD
333,2026-09-24,24,12.445,GOOD
333,2026-09-25,1,11.009,GOOD
333,2026-09-25,2,7.315,GOOD
333,2026-09-25,3,11.01,GOOD
333,2026-09-25,4,10.975,GOOD
333,2026-09-25,5,5.517,GOOD
333,2026-09-25,6,4.786,GOOD
333,2026-09-25,7,5.335,GOOD
333,2026-09-25,8,1.724,GOOD
333,2026-09-25,9,5.055,GOOD
333,2026-09-25,10,8.959,GOOD
333,2026-09-25,11,7.799,GOOD
333,2026-09-25,12,10.279,GOOD
333,2026-09-25,13,16.456,GOOD
333,2026-09-25,14,18.841,GOOD
333,2026-09-25,15,11.622,GOOD
333,2026-09-25,16,7.525,GOOD
333,2026-09-25,17,8.352,GOOD
333,2026-09-25,18,17.082,GOOD
333,2026-09-25,19,16.717,GOOD
333,2026-09-25,20,10.309,GOOD
333,2026-09-25,21,11.714,GOOD
333,2026-09-25,22,8.552,GOOD
333,2026-09-25,23,2.399,GOOD
333,2026-09-25,24,9.002,GOOD
333,2026-09-26,1,6.084,GOOD
333,2026-09-26,2,9.122,GOOD
333,2026-09-26,3,9.073,GOOD
333,2026-09-26,4,8.864,GOOD
333,2026-09-26,5,12.859,GOOD
333,2026-09-26,6,9.315,GOOD
333,2026-09-26,7,8.836,GOOD
333,2026-09-26,8,4.07,GOOD
333,2026-09-26,9,9.35,GOOD
333,2026-09-26,10,10.807,GOOD
333,2026-09-26,11,5.816,GOOD
333,2026-09-26,12,11.961,GOOD
333,2026-09-26,13,19.886,GOOD
333,2026-09-26,14,11.904,GOOD
333,2026-09-26,15,7.263,GOOD
333,2026-09-26,16,7.08,GOOD
333,2026-09-26,17,6.696,GOOD
333,2026-09-26,18,11.93,GOOD
333,2026-09-26,19,16.627,GOOD
333,2026-09-26,20,11.558,GOOD
333,2026-09-26,21,5.112,GOOD
333,2026-09-26,22,3.293,GOOD
333,2026-09-26,23,7.535,GOOD
333,2026-09-26,24,6.16,GOOD
333,2026-09-27,1,1.087,GOOD
333,2026-09-27,2,5.176,GOOD
333,2026-09-27,3,10.93,GOOD
333,2026-09-27,4,8.48,GOOD
333,2026-09-27,5,15.675,GOOD
333,2026-09-27,6,17.686,GOOD
333,2026-09-27,7,9.685,GOOD
333,2026-09-27,8,7.84,GOOD
333,2026-09-27,9,10.703,GOOD
333,2026-09-27,10,7.807,GOOD
333,2026-09-27,11,5.585,GOOD
333,2026-09-27,12,2.448,GOOD
333,2026-09-27,13,-0.272,GOOD
333,2026-09-27,14,2.046,GOOD
333,2026-09-27,15,9.48,GOOD
333,2026-09-27,16,4.02,GOOD
333,2026-09-27,17,4.481,GOOD
333,2026-09-27,18,0.268,GOOD
333,2026-09-27,19,-3.582,GOOD
333,2026-09-27,20,-2.063,GOOD
333,2026-09-27,21,-8.41,GOOD
333,2026-09-27,22,-2.721,GOOD
333,2026-09-27,23,0.195,GOOD
333,2026-09-27,24,1.389,GOOD
333,2026-09-28,1,2.243,GOOD
333,2026-09-28,2,1.834,GOOD
333,2026-09-28,3,2.41,GOOD
333,2026-09-28,4,3.63,GOOD
333,2026-09-28,5,4.396,GOOD
333,2026-09-28,6,6.41,GOOD
333,2026-09-28,7,3.507,GOOD
333,2026-09-28,8,0.98,GOOD
333,2026-09-28,9,3.732,GOOD
333,2026-09-28,10,2.555,GOOD
333,2026-09-28,11,1.764,GOOD
333,2026-09-28,12,5.55,GOOD
333,2026-09-28,13,15.574,GOOD
333,2026-09-28,14,15.151,GOOD
333,2026-09-28,15,6.605,GOOD
333,2026-09-28,16,6.648,GOOD
333,2026-09-28,17,6.699,GOOD
333,2026-09-28,18,6.052,GOOD
333,2026-09-28,19,4.531,GOOD
333,2026-09-28,20,4.684,GOOD
333,2026-09-28,21,-3.209,GOOD
333,2026-09-28,22,-4.096,GOOD
333,2026-09-28,23,0.264,GOOD
333,2026-09-28,24,2.33,GOOD
333,2026-09-29,1,4.242,GOOD
333,2026-09-29,2,2.803,GOOD
333,2026-09-29,3,4.286,GOOD
333,2026-09-29,4,3.369,GOOD
333,2026-09-29,5,3.246,GOOD
333,2026-09-29,6,9.057,GOOD
333,2026-09-29,7,2.572,GOOD
333,2026-09-29,8,-2.681,GOOD
333,2026-09-29,9,-2.141,GOOD
333,2026-09-29,10,1.989,GOOD
333,2026-09-29,11,0.445,GOOD
333,2026-09-29,12,,
333,2026-09-29,13,,
333,2026-09-29,14,-4.135,GOOD
333,2026-09-29,15,-1.556,GOOD
333,2026-09-29,16,-1.399,GOOD
333,2026-09-29,17,4.647,GOOD
333,2026-09-29,18,8.98,GOOD
333,2026-09-29,19,10.103,GOOD
333,2026-09-29,20,6.014,GOOD
333,2026-09-29,21,9.031,GOOD
333,2026-09-29,22,5.567,GOOD
333,2026-09-29,23,6.754,GOOD
333,2026-09-29,24,6.084,GOOD
333,2026-09-30,1,5.21,GOOD
333,2026-09-30,2,3.725,GOOD
333,2026-09-30,3,5.306,GOOD
333,2026-09-30,4,8.568,GOOD
333,2026-09-30,5,3.348,GOOD
333,2026-09-30,6,3.412,GOOD
333,2026-09-30,7,2.791,GOOD
333,2026-09-30,8,2.641,GOOD
333,2026-09-30,9,3.266,GOOD
333,2026-09-30,10,8.115,GOOD
333,2026-09-30,11,7.254,GOOD
333,2026-09-30,12,4.589,GOOD
333,2026-09-30,13,6.657,GOOD
333,2026-09-30,14,1.728,GOOD
333,2026-09-30,15,6.623,GOOD
333,2026-09-30,16,2.097,GOOD
333,2026-09-30,17,3.144,GOOD
333,2026-09-30,18,6.717,GOOD
333,2026-09-30,19,11.451,GOOD
333,2026-09-30,20,9.633,GOOD
333,2026-09-30,21,15.581,GOOD
333,2026-09-30,22,15.518,GOOD
333,2026-09-30,23,8.802,GOOD
333,2026-09-30,24,4.36,GOOD
340,2026-09-01,1,15.594,GOOD
340,2026-09-01,2,17.572,GOOD
340,2026-09-01,3,19.237,GOOD
340,2026-09-01,4,16.9,GOOD
340,2026-09-01,5,12.605,GOOD
340,2026-09-01,6,13.429,GOOD
340,2026-09-01,7,12.248,GOOD
340,2026-09-01,8,11.619,GOOD
340,2026-09-01,9,5.726,GOOD
340,2026-09-01,10,7.584,GOOD
340,2026-09-01,11,8.948,GOOD
340,2026-09-01,12,11.334,GOOD
340,2026-09-01,13,9.126,GOOD
340,2026-09-01,14,5.754,GOOD
340,2026-09-01,15,7.451,GOOD
340,2026-09-01,16,5.736,GOOD
340,2026-09-01,17,8.192,GOOD
340,2026-09-01,18,6.581,GOOD
340,2026-09-01,19,10.659,GOOD
340,2026-09-01,20,10.541,GOOD
340,2026-09-01,21,10.147,GOOD
340,2026-09-01,22,8.713,GOOD
340,2026-09-01,23,10.713,GOOD
340,2026-09-01,24,11.077,GOOD
340,2026-09-02,1,14.956,GOOD
340,2026-09-02,2,14.616,GOOD
340,2026-09-02,3,11.742,GOOD
340,2026-09-02,4,7.129,GOOD
340,2026-09-02,5,3.389,GOOD
340,2026-09-02,6,4.304,GOOD
340,2026-09-02,7,7.415,GOOD
340,2026-09-02,8,6.409,GOOD
340,2026-09-02,9,7.292,GOOD
340,2026-09-02,10,4.988,GOOD
340,2026-09-02,11,-2.882,GOOD
340,2026-09-02,12,-0.113,GOOD
340,2026-09-02,13,3.341,GOOD
340,2026-09-02,14,,
340,2026-09-02,15,,
340,2026-09-02,16,,
340,2026-09-02,17,11.086,GOOD
340,2026-09-02,18,9.24,GOOD
340,2026-09-02,19,9.816,GOOD
340,2026-09-02,20,11.266,GOOD
340,2026-09-02,21,9.598,GOOD
340,2026-09-02,22,11.398,GOOD
340,2026-09-02,23,11.807,GOOD
340,2026-09-02,24,14.136,GOOD
340,2026-09-03,1,6.338,GOOD
340,2026-09-03,2,7.478,GOOD
340,2026-09-03,3,3.784,GOOD
340,2026-09-03,4,3.052,GOOD
340,2026-09-03,5,3.58,GOOD
340,2026-09-03,6,9.728,GOOD
340,2026-09-03,7,7.533,GOOD
340,2026-09-03,8,3.995,GOOD
340,2026-09-03,9,7.918,GOOD
340,2026-09-03,10,3.965,GOOD
340,2026-09-03,11,-0.793,GOOD
340,2026-09-03,12,0.805,GOOD
340,2026-09-03,13,2.531,GOOD
340,2026-09-03,14,3.898,GOOD
340,2026-09-03,15,4.151,GOOD
340,2026-09-03,16,2.235,GOOD
340,2026-09-03,17,5.072,GOOD
340,2026-09-03,18,7.667,GOOD
340,2026-09-03,19,6.44,GOOD
340,2026-09-03,20,8.308,GOOD
340,2026-09-03,21,12.395,GOOD
340,2026-09-03,22,11.45,GOOD
340,2026-09-03,23,12.894,GOOD
340,2026-09-03,24,12.592,GOOD
340,2026-09-04,1,10.548,GOOD
340,2026-09-04,2,11.094,GOOD
340,2026-09-04,3,7.011,GOOD
340,2026-09-04,4,3.567,GOOD
340,2026-09-04,5,5.377,GOOD
340,2026-09-04,6,6.728,GOOD
340,2026-09-04,7,7.158,GOOD
340,2026-09-04,8,2.15,GOOD
340,2026-09-04,9,-0.545,GOOD
340,2026-09-04,10,-3.922,GOOD
340,2026-09-04,11,-2.025,GOOD
340,2026-09-04,12,0.467,GOOD
340,2026-09-04,13,-0.576,GOOD
340,2026-09-04,14,0.234,GOOD
340,2026-09-04,15,0.143,GOOD
340,2026-09-04,16,0.365,GOOD
340,2026-09-04,17,2.786,GOOD
340,2026-09-04,18,3.889,GOOD
340,2026-09-04,19,10.785,GOOD
340,2026-09-04,20,14.09,GOOD
340,2026-09-04,21,11.943,GOOD
340,2026-09-04,22,11.065,GOOD
340,2026-09-04,23,11.533,GOOD
340,2026-09-04,24,10.485,GOOD
340,2026-09-05,1,9.172,GOOD
340,2026-09-05,2,6.113,GOOD
340,2026-09-05,3,3.954,GOOD
340,2026-09-05,4,3.251,GOOD
340,2026-09-05,5,6.312,GOOD
340,2026-09-05,6,10.092,GOOD
340,2026-09-05,7,4.718,GOOD
340,2026-09-05,8,0.477,GOOD
340,2026-09-05,9,-2.391,GOOD
340,2026-09-05,10,-3.084,GOOD
340,2026-09-05,11,-3.997,GOOD
340,2026-09-05,12,-3.486,GOOD
340,2026-09-05,13,2.33,GOOD
340,2026-09-05,14,7.842,GOOD
340,2026-09-05,15,6.494,GOOD
340,2026-09-05,16,2.238,GOOD
340,2026-09-05,17,3.598,GOOD
340,2026-09-05,18,3.531,GOOD
340,2026-09-05,19,5.531,GOOD
340,2026-09-05,20,4.923,GOOD
340,2026-09-05,21,1.733,GOOD
340,2026-09-05,22,3.122,GOOD
340,2026-09-05,23,6.974,GOOD
340,2026-09-05,24,7.243,GOOD
340,2026-09-06,1,1.824,GOOD
340,2026-09-06,2,3.564,GOOD
340,2026-09-06,3,7.136,GOOD
340,2026-09-06,4,8.683,GOOD
340,2026-09-06,5,7.983,GOOD
340,2026-09-06,6,7.476,GOOD
340,2026-09-06,7,8.032,GOOD
340,2026-09-06,8,3.609,GOOD
340,2026-09-06,9,-1.858,GOOD
340,2026-09-06,10,-2.716,GOOD
340,2026-09-06,11,-0.594,GOOD
340,2026-09-06,12,0.428,GOOD
340,2026-09-06,13,0.511,GOOD
340,2026-09-06,14,2.875,GOOD
340,2026-09-06,15,1.857,GOOD
340,2026-09-06,16,0.186,GOOD
340,2026-09-06,17,4.105,GOOD
340,2026-09-06,18,6.598,GOOD
340,2026-09-06,19,8.141,GOOD
340,2026-09-06,20,9.541,GOOD
340,2026-09-06,21,11.318,GOOD
340,2026-09-06,22,11.776,GOOD
340,2026-09-06,23,7.205,GOOD
340,2026-09-06,24,7.408,GOOD
340,2026-09-07,1,7.527,GOOD
340,2026-09-07,2,6.449,GOOD
340,2026-09-07,3,2.413,GOOD
340,2026-09-07,4,2.334,GOOD
340,2026-09-07,5,3.958,GOOD
340,2026-09-07,6,8.24,GOOD
340,2026-09-07,7,5.329,GOOD
340,2026-09-07,8,1.437,GOOD
340,2026-09-07,9,-4.295,GOOD
340,2026-09-07,10,-1.824,GOOD
340,2026-09-07,11,-2.863,GOOD
340,2026-09-07,12,8.104,GOOD
340,2026-09-07,13,9.764,GOOD
340,2026-09-07,14,10.258,GOOD
340,2026-09-07,15,10.188,GOOD
340,2026-09-07,16,4.087,GOOD
340,2026-09-07,17,9.084,GOOD
340,2026-09-07,18,10.667,GOOD
340,2026-09-07,19,10.835,GOOD
340,2026-09-07,20,13.078,GOOD
340,2026-09-07,21,13.696,GOOD
340,2026-09-07,22,15.108,GOOD
340,2026-09-07,23,11.394,GOOD
340,2026-09-07,24,14.355,GOOD
340,2026-09-08,1,15.326,GOOD
340,2026-09-08,2,11.245,GOOD
340,2026-09-08,3,10.674,GOOD
340,2026-09-08,4,10.579,GOOD
340,2026-09-08,5,7.313,GOOD
340,2026-09-08,6,7.494,GOOD
340,2026-09-08,7,7.087,GOOD
340,2026-09-08,8,0.09,GOOD
340,2026-09-08,9,-3.929,GOOD
340,2026-09-08,10,-1.568,GOOD
340,2026-09-08,11,-2.038,GOOD
340,2026-09-08,12,-4.427,GOOD
340,2026-09-08,13,0.043,GOOD
340,2026-09-08,14,-2.033,GOOD
340,2026-09-08,15,0.301,GOOD
340,2026-09-08,16,1.964,GOOD
340,2026-09-08,17,2.947,GOOD
340,2026-09-08,18,4.706,GOOD
340,2026-09-08,19,8.167,GOOD
340,2026-09-08,20,5.717,GOOD
340,2026-09-08,21,5.732,GOOD
340,2026-09-08,22,7.028,GOOD
340,2026-09-08,23,6.031,GOOD
340,2026-09-08,24,4.741,GOOD
340,2026-09-09,1,5.239,GOOD
340,2026-09-09,2,5.164,GOOD
340,2026-09-09,3,8.263,GOOD
340,2026-09-09,4,9.339,GOOD
340,2026-09-09,5,9.568,GOOD
340,2026-09-09,6,10.659,GOOD
340,2026-09-09,7,9.215,GOOD
340,2026-09-09,8,6.194,GOOD
340,2026-09-09,9,5.463,GOOD
340,2026-09-09,10,5.97,GOOD
340,2026-09-09,11,8.664,GOOD
340,2026-09-09,12,7.448,GOOD
340,2026-09-09,13,7.818,GOOD
340,2026-09-09,14,8.304,GOOD
340,2026-09-09,15,3.27,GOOD
340,2026-09-09,16,3.087,GOOD
340,2026-09-09,17,6.749,GOOD
340,2026-09-09,18,6.995,GOOD
340,2026-09-09,19,11.857,GOOD
340,2026-09-09,20,12.159,GOOD
340,2026-09-09,21,13.368,GOOD
340,2026-09-09,22,12.148,GOOD
340,2026-09-09,23,9.088,GOOD
340,2026-09-09,24,7.516,GOOD
340,2026-09-10,1,2.157,GOOD
340,2026-09-10,2,3.178,GOOD
340,2026-09-10,3,4.139,GOOD
340,2026-09-10,4,2.047,GOOD
340,2026-09-10,5,2.635,GOOD
340,2026-09-10,6,3.759,GOOD
340,2026-09-10,7,4.93,GOOD
340,2026-09-10,8,1.839,GOOD
340,2026-09-10,9,0.021,GOOD
340,2026-09-10,10,-3.098,GOOD
340,2026-09-10,11,-1.45,GOOD
340,2026-09-10,12,-1.582,GOOD
340,2026-09-10,13,0.959,GOOD
340,2026-09-10,14,5.138,GOOD
340,2026-09-10,15,3.367,GOOD
340,2026-09-10,16,2.928,GOOD
340,2026-09-10,17,4.699,GOOD
340,2026-09-10,18,7.357,GOOD
340,2026-09-10,19,8.396,GOOD
340,2026-09-10,20,7.718,GOOD
340,2026-09-10,21,5.703,GOOD
340,2026-09-10,22,6.664,GOOD
340,2026-09-10,23,8.953,GOOD
340,2026-09-10,24,7.32,GOOD
340,2026-09-11,1,6.757,GOOD
340,2026-09-11,2,6.371,GOOD
340,2026-09-11,3,5.808,GOOD
340,2026-09-11,4,3.403,GOOD
340,2026-09-11,5,4.636,GOOD
340,2026-09-11,6,6.64,GOOD
340,2026-09-11,7,5.088,GOOD
340,2026-09-11,8,-1.62,GOOD
340,2026-09-11,9,-2.363,GOOD
340,2026-09-11,10,-0.268,GOOD
340,2026-09-11,11,-2.049,GOOD
340,2026-09-11,12,-2.441,GOOD
340,2026-09-11,13,-1.002,GOOD
340,2026-09-11,14,-0.012,GOOD
340,2026-09-11,15,0.801,GOOD
340,2026-09-11,16,0.577,GOOD
340,2026-09-11,17,2.154,GOOD
340,2026-09-11,18,4.685,GOOD
340,2026-09-11,19,7.414,GOOD
340,2026-09-11,20,7.879,GOOD
340,2026-09-11,21,9.503,GOOD
340,2026-09-11,22,11.45,GOOD
340,2026-09-11,23,6.266,GOOD
340,2026-09-11,24,4.046,GOOD
340,2026-09-12,1,3.068,GOOD
340,2026-09-12,2,2.567,GOOD
340,2026-09-12,3,3.417,GOOD
340,2026-09-12,4,3.381,GOOD
340,2026-09-12,5,3.423,GOOD
340,2026-09-12,6,6.22,GOOD
340,2026-09-12,7,4.521,GOOD
340,2026-09-12,8,-1.203,GOOD
340,2026-09-12,9,-2.923,GOOD
340,2026-09-12,10,-4.127,GOOD
340,2026-09-12,11,-5.736,GOOD
340,2026-09-12,12,-3.482,GOOD
340,2026-09-12,13,2.672,GOOD
340,2026-09-12,14,8.261,GOOD
340,2026-09-12,15,3.729,GOOD
340,2026-09-12,16,-1.974,GOOD
340,2026-09-12,17,1.862,GOOD
340,2026-09-12,18,3.839,GOOD
340,2026-09-12,19,8.606,GOOD
340,2026-09-12,20,13.486,GOOD
340,2026-09-12,21,14.618,GOOD
340,2026-09-12,22,16.139,GOOD
340,2026-09-12,23,12.663,GOOD
340,2026-09-12,24,12.989,GOOD
340,2026-09-13,1,7.658,GOOD
340,2026-09-13,2,5.811,GOOD
340,2026-09-13,3,8.46,GOOD
340,2026-09-13,4,7.875,GOOD
340,2026-09-13,5,3.623,GOOD
340,2026-09-13,6,1.141,GOOD
340,2026-09-13,7,5.691,GOOD
340,2026-09-13,8,3.368,GOOD
340,2026-09-13,9,2.348,GOOD
340,2026-09-13,10,-0.094,GOOD
340,2026-09-13,11,0.515,GOOD
340,2026-09-13,12,1.648,GOOD
340,2026-09-13,13,0.367,GOOD
340,2026-09-13,14,2.333,GOOD
340,2026-09-13,15,1.694,GOOD
340,2026-09-13,16,3.037,GOOD
340,2026-09-13,17,3.033,GOOD
340,2026-09-13,18,5.33,GOOD
340,2026-09-13,19,8.288,GOOD
340,2026-09-13,20,13.022,GOOD
340,2026-09-13,21,18.972,GOOD
340,2026-09-13,22,19.803,GOOD
340,2026-09-13,23,15.358,GOOD
340,2026-09-13,24,11.975,GOOD
340,2026-09-14,1,6.836,GOOD
340,2026-09-14,2,7.487,GOOD
340,2026-09-14,3,7.299,GOOD
340,2026-09-14,4,6.235,GOOD
340,2026-09-14,5,6.042,GOOD
340,2026-09-14,6,5.941,GOOD
340,2026-09-14,7,7.986,GOOD
340,2026-09-14,8,2.176,GOOD
340,2026-09-14,9,3.25,GOOD
340,2026-09-14,10,4.263,GOOD
340,2026-09-14,11,2.727,GOOD
340,2026-09-14,12,2.48,GOOD
340,2026-09-14,13,3.842,GOOD
340,2026-09-14,14,3.548,GOOD
340,2026-09-14,15,3.208,GOOD
340,2026-09-14,16,2.058,GOOD
340,2026-09-14,17,5.363,GOOD
340,2026-09-14,18,8.187,GOOD
340,2026-09-14,19,9.639,GOOD
340,2026-09-14,20,13.485,GOOD
340,2026-09-14,21,19.304,GOOD
340,2026-09-14,22,21.279,GOOD
340,2026-09-14,23,17.628,GOOD
340,2026-09-14,24,11.248,GOOD
340,2026-09-15,1,8.653,GOOD
340,2026-09-15,2,5.98,GOOD
340,2026-09-15,3,4.425,GOOD
340,2026-09-15,4,7.067,GOOD
340,2026-09-15,5,8.978,GOOD
340,2026-09-15,6,13.521,GOOD
340,2026-09-15,7,8.076,GOOD
340,2026-09-15,8,2.227,GOOD
340,2026-09-15,9,0.176,GOOD
340,2026-09-15,10,-4.164,GOOD
340,2026-09-15,11,-0.195,GOOD
340,2026-09-15,12,1.315,GOOD
340,2026-09-15,13,8.078,GOOD
340,2026-09-15,14,11.312,GOOD
340,2026-09-15,15,5.071,GOOD
340,2026-09-15,16,5.107,GOOD
340,2026-09-15,17,4.889,GOOD
340,2026-09-15,18,5.3,GOOD
340,2026-09-15,19,7.611,GOOD
340,2026-09-15,20,7.508,GOOD
340,2026-09-15,21,6.173,GOOD
340,2026-09-15,22,6.082,GOOD
340,2026-09-15,23,4.324,GOOD
340,2026-09-15,24,4.364,GOOD
340,2026-09-16,1,6.047,GOOD
340,2026-09-16,2,4.34,GOOD
340,2026-09-16,3,4.291,GOOD
340,2026-09-16,4,6.842,GOOD
340,2026-09-16,5,4.872,GOOD
340,2026-09-16,6,6.613,GOOD
340,2026-09-16,7,7.938,GOOD
340,2026-09-16,8,4.07,GOOD
340,2026-09-16,9,1.295,GOOD
340,2026-09-16,10,3.315,GOOD
340,2026-09-16,11,1.198,GOOD
340,2026-09-16,12,1.123,GOOD
340,2026-09-16,13,2.393,GOOD
340,2026-09-16,14,5.577,GOOD
340,2026-09-16,15,4.058,GOOD
340,2026-09-16,16,3.984,GOOD
340,2026-09-16,17,4.925,GOOD
340,2026-09-16,18,6.871,GOOD
340,2026-09-16,19,8.784,GOOD
340,2026-09-16,20,7.11,GOOD
340,2026-09-16,21,4.832,GOOD
340,2026-09-16,22,7.705,GOOD
340,2026-09-16,23,8.582,GOOD
340,2026-09-16,24,4.729,GOOD
340,2026-09-17,1,7.741,GOOD
340,2026-09-17,2,5.568,GOOD
340,2026-09-17,3,5.788,GOOD
340,2026-09-17,4,6.123,GOOD
340,2026-09-17,5,10.126,GOOD
340,2026-09-17,6,11.116,GOOD
340,2026-09-17,7,10.895,GOOD
340,2026-09-17,8,3.785,GOOD
340,2026-09-17,9,1.234,GOOD
340,2026-09-17,10,-1.681,GOOD
340,2026-09-17,11,-1.812,GOOD
340,2026-09-17,12,-0.185,GOOD
340,2026-09-17,13,1.926,GOOD
340,2026-09-17,14,4.238,GOOD
340,2026-09-17,15,1.837,GOOD
340,2026-09-17,16,3.2,GOOD
340,2026-09-17,17,2.462,GOOD
340,2026-09-17,18,4.901,GOOD
340,2026-09-17,19,11.292,GOOD
340,2026-09-17,20,12.205,GOOD
340,2026-09-17,21,16.498,GOOD
340,2026-09-17,22,17.301,GOOD
340,2026-09-17,23,15.023,GOOD
340,2026-09-17,24,10.819,GOOD
340,2026-09-18,1,9.383,GOOD
340,2026-09-18,2,9.875,GOOD
340,2026-09-18,3,8.096,GOOD
340,2026-09-18,4,7.788,GOOD
340,2026-09-18,5,2.568,GOOD
340,2026-09-18,6,3.772,GOOD
340,2026-09-18,7,7.688,GOOD
340,2026-09-18,8,2.743,GOOD
340,2026-09-18,9,-3.375,GOOD
340,2026-09-18,10,-0.451,GOOD
340,2026-09-18,11,-1.064,GOOD
340,2026-09-18,12,-3.254,GOOD
340,2026-09-18,13,1.379,GOOD
340,2026-09-18,14,9.227,GOOD
340,2026-09-18,15,0.921,GOOD
340,2026-09-18,16,1.064,GOOD
340,2026-09-18,17,4.543,GOOD
340,2026-09-18,18,5.735,GOOD
340,2026-09-18,19,8.403,GOOD
340,2026-09-18,20,12.545,GOOD
340,2026-09-18,21,12.946,GOOD
340,2026-09-18,22,16.444,GOOD
340,2026-09-18,23,18.362,GOOD
340,2026-09-18,24,15.283,GOOD
340,2026-09-19,1,11.315,GOOD
340,2026-09-19,2,9.629,GOOD
340,2026-09-19,3,8.594,GOOD
340,2026-09-19,4,6.511,GOOD
340,2026-09-19,5,4.128,GOOD
340,2026-09-19,6,9.142,GOOD
340,2026-09-19,7,7.675,GOOD
340,2026-09-19,8,3.909,GOOD
340,2026-09-19,9,-1.707,GOOD
340,2026-09-19,10,-7.512,GOOD
340,2026-09-19,11,-1.715,GOOD
340,2026-09-19,12,-1.885,GOOD
340,2026-09-19,13,2.122,GOOD
340,2026-09-19,14,3.661,GOOD
340,2026-09-19,15,1.104,GOOD
340,2026-09-19,16,0.804,GOOD
340,2026-09-19,17,2.533,GOOD
340,2026-09-19,18,3.819,GOOD
340,2026-09-19,19,5.288,GOOD
340,2026-09-19,20,10.53,GOOD
340,2026-09-19,21,21.487,GOOD
340,2026-09-19,22,30.036,FAIR
340,2026-09-19,23,25.433,FAIR
340,2026-09-19,24,16.451,GOOD
340,2026-09-20,1,10.711,GOOD
340,2026-09-20,2,6.823,GOOD
340,2026-09-20,3,8.502,GOOD
340,2026-09-20,4,3.012,GOOD
340,2026-09-20,5,4.075,GOOD
340,2026-09-20,6,4.743,GOOD
340,2026-09-20,7,7.336,GOOD
340,2026-09-20,8,0.262,GOOD
340,2026-09-20,9,-3.851,GOOD
340,2026-09-20,10,-2.877,GOOD
340,2026-09-20,11,-0.951,GOOD
340,2026-09-20,12,-2.595,GOOD
340,2026-09-20,13,-1.092,GOOD
340,2026-09-20,14,4.257,GOOD
340,2026-09-20,15,-0.078,GOOD
340,2026-09-20,16,2.922,GOOD
340,2026-09-20,17,1.975,GOOD
340,2026-09-20,18,5.209,GOOD
340,2026-09-20,19,6.843,GOOD
340,2026-09-20,20,7.106,GOOD
340,2026-09-20,21,10.158,GOOD
340,2026-09-20,22,12.346,GOOD
340,2026-09-20,23,13.766,GOOD
340,2026-09-20,24,10.186,GOOD
340,2026-09-21,1,7.752,GOOD
340,2026-09-21,2,2.799,GOOD
340,2026-09-21,3,2.454,GOOD
340,2026-09-21,4,5.692,GOOD
340,2026-09-21,5,8.894,GOOD
340,2026-09-21,6,8.93,GOOD
340,2026-09-21,7,8.033,GOOD
340,2026-09-21,8,1.307,GOOD
340,2026-09-21,9,-2.587,GOOD
340,2026-09-21,10,-4.935,GOOD
340,2026-09-21,11,-3.473,GOOD
340,2026-09-21,12,0.215,GOOD
340,2026-09-21,13,-0.093,GOOD
340,2026-09-21,14,4.197,GOOD
340,2026-09-21,15,1.139,GOOD
340,2026-09-21,16,0.001,GOOD
340,2026-09-21,17,5.086,GOOD
340,2026-09-21,18,8.024,GOOD
340,2026-09-21,19,13.51,GOOD
340,2026-09-21,20,11.506,GOOD
340,2026-09-21,21,16.371,GOOD
340,2026-09-21,22,19.861,GOOD
340,2026-09-21,23,15.684,GOOD
340,2026-09-21,24,9.669,GOOD
340,2026-09-22,1,11.639,GOOD
340,2026-09-22,2,10.585,GOOD
340,2026-09-22,3,6.434,GOOD
340,2026-09-22,4,8.27,GOOD
340,2026-09-22,5,11.239,GOOD
340,2026-09-22,6,13.245,GOOD
340,2026-09-22,7,11.91,GOOD
340,2026-09-22,8,10.722,GOOD
340,2026-09-22,9,9.478,GOOD
340,2026-09-22,10,12.796,GOOD
340,2026-09-22,11,12.612,GOOD
340,2026-09-22,12,12.224,GOOD
340,2026-09-22,13,14.902,GOOD
340,2026-09-22,14,17.852,GOOD
340,2026-09-22,15,16.453,GOOD
340,2026-09-22,16,15.661,GOOD
340,2026-09-22,17,16.444,GOOD
340,2026-09-22,18,17.272,GOOD
340,2026-09-22,19,8.444,GOOD
340,2026-09-22,20,4.453,GOOD
340,2026-09-22,21,6.965,GOOD
340,2026-09-22,22,10.819,GOOD
340,2026-09-22,23,15.104,GOOD
340,2026-09-22,24,15.392,GOOD
340,2026-09-23,1,13.986,GOOD
340,2026-09-23,2,18.542,GOOD
340,2026-09-23,3,14.445,GOOD
340,2026-09-23,4,13.392,GOOD
340,2026-09-23,5,11.845,GOOD
340,2026-09-23,6,12.619,GOOD
340,2026-09-23,7,12.978,GOOD
340,2026-09-23,8,12.214,GOOD
340,2026-09-23,9,13.291,GOOD
340,2026-09-23,10,15.363,GOOD
340,2026-09-23,11,15.817,GOOD
340,2026-09-23,12,15.754,GOOD
340,2026-09-23,13,12.559,GOOD
340,2026-09-23,14,13.15,GOOD
340,2026-09-23,15,14.013,GOOD
340,2026-09-23,16,14.682,GOOD
340,2026-09-23,17,13.406,GOOD
340,2026-09-23,18,16.565,GOOD
340,2026-09-23,19,20.048,GOOD
340,2026-09-23,20,17.134,GOOD
340,2026-09-23,21,14.954,GOOD
340,2026-09-23,22,,
340,2026-09-23,23,-7.215,GOOD
340,2026-09-23,24,2.387,GOOD
340,2026-09-24,1,4.182,GOOD
340,2026-09-24,2,9.986,GOOD
340,2026-09-24,3,9.974,GOOD
340,2026-09-24,4,10.682,GOOD
340,2026-09-24,5,9.68,GOOD
340,2026-09-24,6,11.987,GOOD
340,2026-09-24,7,9.675,GOOD
340,2026-09-24,8,7.666,GOOD
340,2026-09-24,9,6.365,GOOD
340,2026-09-24,10,7.904,GOOD
340,2026-09-24,11,14.338,GOOD
340,2026-09-24,12,9.51,GOOD
340,2026-09-24,13,5.253,GOOD
340,2026-09-24,14,4.196,GOOD
340,2026-09-24,15,5.998,GOOD
340,2026-09-24,16,7.679,GOOD
340,2026-09-24,17,13.59,GOOD
340,2026-09-24,18,8.346,GOOD
340,2026-09-24,19,2.653,GOOD
340,2026-09-24,20,-2.127,GOOD
340,2026-09-24,21,-2.975,GOOD
340,2026-09-24,22,2.844,GOOD
340,2026-09-24,23,3.93,GOOD
340,2026-09-24,24,7.297,GOOD
340,2026-09-25,1,8.529,GOOD
340,2026-09-25,2,8.901,GOOD
340,2026-09-25,3,9.504,GOOD
340,2026-09-25,4,9.691,GOOD
340,2026-09-25,5,11.38,GOOD
340,2026-09-25,6,8.721,GOOD
340,2026-09-25,7,7.963,GOOD
340,2026-09-25,8,4.529,GOOD
340,2026-09-25,9,3.398,GOOD
340,2026-09-25,10,7.159,GOOD
340,2026-09-25,11,11.096,GOOD
340,2026-09-25,12,11.095,GOOD
340,2026-09-25,13,5.33,GOOD
340,2026-09-25,14,1.458,GOOD
340,2026-09-25,15,4.111,GOOD
340,2026-09-25,16,8.748,GOOD
340,2026-09-25,17,9.378,GOOD
340,2026-09-25,18,7.782,GOOD
340,2026-09-25,19,4.121,GOOD
340,2026-09-25,20,0.42,GOOD
340,2026-09-25,21,-5.88,GOOD
340,2026-09-25,22,-1.482,GOOD
340,2026-09-25,23,8.622,GOOD
340,2026-09-25,24,7.852,GOOD
340,2026-09-26,1,11.953,GOOD
340,2026-09-26,2,9.571,GOOD
340,2026-09-26,3,8.502,GOOD
340,2026-09-26,4,9.409,GOOD
340,2026-09-26,5,7.569,GOOD
340,2026-09-26,6,6.81,GOOD
340,2026-09-26,7,7.045,GOOD
340,2026-09-26,8,5.925,GOOD
340,2026-09-26,9,5.549,GOOD
340,2026-09-26,10,11.925,GOOD
340,2026-09-26,11,8.763,GOOD
340,2026-09-26,12,6.372,GOOD
340,2026-09-26,13,7.088,GOOD
340,2026-09-26,14,7.002,GOOD
340,2026-09-26,15,7.004,GOOD
340,2026-09-26,16,5.751,GOOD
340,2026-09-26,17,9.009,GOOD
340,2026-09-26,18,8.394,GOOD
340,2026-09-26,19,9.768,GOOD
340,2026-09-26,20,4.116,GOOD
340,2026-09-26,21,6.847,GOOD
340,2026-09-26,22,7.029,GOOD
340,2026-09-26,23,9.505,GOOD
340,2026-09-26,24,6.734,GOOD
340,2026-09-27,1,6.487,GOOD
340,2026-09-27,2,9.326,GOOD
340,2026-09-27,3,12.868,GOOD
340,2026-09-27,4,12.489,GOOD
340,2026-09-27,5,10.174,GOOD
340,2026-09-27,6,6.515,GOOD
340,2026-09-27,7,5.337,GOOD
340,2026-09-27,8,5.219,GOOD
340,2026-09-27,9,4.277,GOOD
340,2026-09-27,10,12.723,GOOD
340,2026-09-27,11,10.341,GOOD
340,2026-09-27,12,5.777,GOOD
340,2026-09-27,13,6.73,GOOD
340,2026-09-27,14,8.991,GOOD
340,2026-09-27,15,5.418,GOOD
340,2026-09-27,16,8.152,GOOD
340,2026-09-27,17,11.125,GOOD
340,2026-09-27,18,9.388,GOOD
340,2026-09-27,19,11.385,GOOD
340,2026-09-27,20,8.195,GOOD
340,2026-09-27,21,-0.641,GOOD
340,2026-09-27,22,4.007,GOOD
340,2026-09-27,23,4.832,GOOD
340,2026-09-27,24,0.386,GOOD
340,2026-09-28,1,0.411,GOOD
340,2026-09-28,2,1.735,GOOD
340,2026-09-28,3,1.481,GOOD
340,2026-09-28,4,1.066,GOOD
340,2026-09-28,5,4.591,GOOD
340,2026-09-28,6,6.481,GOOD
340,2026-09-28,7,3,GOOD
340,2026-09-28,8,2.837,GOOD
340,2026-09-28,9,0.876,GOOD
340,2026-09-28,10,-3.216,GOOD
340,2026-09-28,11,-2.196,GOOD
340,2026-09-28,12,-1.053,GOOD
340,2026-09-28,13,1.801,GOOD
340,2026-09-28,14,4.304,GOOD
340,2026-09-28,15,1.937,GOOD
340,2026-09-28,16,2.612,GOOD
340,2026-09-28,17,2.951,GOOD
340,2026-09-28,18,2.973,GOOD
340,2026-09-28,19,6.291,GOOD
340,2026-09-28,20,3.424,GOOD
340,2026-09-28,21,0.487,GOOD
340,2026-09-28,22,0.125,GOOD
340,2026-09-28,23,1.968,GOOD
340,2026-09-28,24,1.875,GOOD
340,2026-09-29,1,2.744,GOOD
340,2026-09-29,2,2.409,GOOD
340,2026-09-29,3,1.143,GOOD
340,2026-09-29,4,1.76,GOOD
340,2026-09-29,5,3.287,GOOD
340,2026-09-29,6,4.779,GOOD
340,2026-09-29,7,1.864,GOOD
340,2026-09-29,8,-1.28,GOOD
340,2026-09-29,9,-3.32,GOOD
340,2026-09-29,10,-4.289,GOOD
340,2026-09-29,11,-2.021,GOOD
340,2026-09-29,12,-1.976,GOOD
340,2026-09-29,13,-2.202,GOOD
340,2026-09-29,14,-2.704,GOOD
340,2026-09-29,15,-0.268,GOOD
340,2026-09-29,16,2.902,GOOD
340,2026-09-29,17,4.578,GOOD
340,2026-09-29,18,5.504,GOOD
340,2026-09-29,19,8.543,GOOD
340,2026-09-29,20,9.309,GOOD
340,2026-09-29,21,3.808,GOOD
340,2026-09-29,22,3.596,GOOD
340,2026-09-29,23,3.646,GOOD
340,2026-09-29,24,4.523,GOOD
340,2026-09-30,1,5.32,GOOD
340,2026-09-30,2,4.34,GOOD
340,2026-09-30,3,2.324,GOOD
340,2026-09-30,4,6.223,GOOD
340,2026-09-30,5,5.475,GOOD
340,2026-09-30,6,8.15,GOOD
340,2026-09-30,7,1.082,GOOD
340,2026-09-30,8,-0.859,GOOD
340,2026-09-30,9,-3.328,GOOD
340,2026-09-30,10,-1.89,GOOD
340,2026-09-30,11,-1.27,GOOD
340,2026-09-30,12,1.995,GOOD
340,2026-09-30,13,1.152,GOOD
340,2026-09-30,14,1.03,GOOD
340,2026-09-30,15,-0.089,GOOD
340,2026-09-30,16,2.45,GOOD
340,2026-09-30,17,,
340,2026-09-30,18,,
340,2026-09-30,19,,
340,2026-09-30,20,,
340,2026-09-30,21,,
340,2026-09-30,22,,
340,2026-09-30,23,,
340,2026-09-30,24,,
380,2026-09-01,1,11.895,GOOD
380,2026-09-01,2,11.434,GOOD
380,2026-09-01,3,13.798,GOOD
380,2026-09-01,4,15.097,GOOD
380,2026-09-01,5,14.339,GOOD
380,2026-09-01,6,14.627,GOOD
380,2026-09-01,7,13.955,GOOD
380,2026-09-01,8,11.982,GOOD
380,2026-09-01,9,12.612,GOOD
380,2026-09-01,10,12.861,GOOD
380,2026-09-01,11,11.713,GOOD
380,2026-09-01,12,10.207,GOOD
380,2026-09-01,13,8.9,GOOD
380,2026-09-01,14,12.16,GOOD
380,2026-09-01,15,5.758,GOOD
380,2026-09-01,16,4.927,GOOD
380,2026-09-01,17,5.478,GOOD
380,2026-09-01,18,4.529,GOOD
380,2026-09-01,19,7.284,GOOD
380,2026-09-01,20,14.695,GOOD
380,2026-09-01,21,21.459,GOOD
380,2026-09-01,22,15.282,GOOD
380,2026-09-01,23,12.979,GOOD
380,2026-09-01,24,16.962,GOOD
380,2026-09-02,1,11.852,GOOD
380,2026-09-02,2,9.279,GOOD
380,2026-09-02,3,7.188,GOOD
380,2026-09-02,4,7.355,GOOD
380,2026-09-02,5,9.496,GOOD
380,2026-09-02,6,1.652,GOOD
380,2026-09-02,7,9.582,GOOD
380,2026-09-02,8,6.633,GOOD
380,2026-09-02,9,8.194,GOOD
380,2026-09-02,10,5.731,GOOD
380,2026-09-02,11,1.882,GOOD
380,2026-09-02,12,2.559,GOOD
380,2026-09-02,13,3.813,GOOD
380,2026-09-02,14,6.73,GOOD
380,2026-09-02,15,7.198,GOOD
380,2026-09-02,16,4.607,GOOD
380,2026-09-02,17,3.483,GOOD
380,2026-09-02,18,3.295,GOOD
380,2026-09-02,19,4.19,GOOD
380,2026-09-02,20,10.003,GOOD
380,2026-09-02,21,26.106,FAIR
380,2026-09-02,22,20.841,GOOD
380,2026-09-02,23,9.922,GOOD
380,2026-09-02,24,12.639,GOOD
380,2026-09-03,1,9.442,GOOD
380,2026-09-03,2,10.744,GOOD
380,2026-09-03,3,4.485,GOOD
380,2026-09-03,4,2.357,GOOD
380,2026-09-03,5,8.934,GOOD
380,2026-09-03,6,8.701,GOOD
380,2026-09-03,7,5.406,GOOD
380,2026-09-03,8,4.567,GOOD
380,2026-09-03,9,3.297,GOOD
380,2026-09-03,10,6.945,GOOD
380,2026-09-03,11,3.717,GOOD
380,2026-09-03,12,3.523,GOOD
380,2026-09-03,13,2.826,GOOD
380,2026-09-03,14,5.591,GOOD
380,2026-09-03,15,4.99,GOOD
380,2026-09-03,16,-0.573,GOOD
380,2026-09-03,17,3.002,GOOD
380,2026-09-03,18,2.989,GOOD
380,2026-09-03,19,6.305,GOOD
380,2026-09-03,20,6.284,GOOD
380,2026-09-03,21,3.839,GOOD
380,2026-09-03,22,3.575,GOOD
380,2026-09-03,23,4.481,GOOD
380,2026-09-03,24,4.475,GOOD
380,2026-09-04,1,1.503,GOOD
380,2026-09-04,2,1.257,GOOD
380,2026-09-04,3,2.968,GOOD
380,2026-09-04,4,5.953,GOOD
380,2026-09-04,5,5.038,GOOD
380,2026-09-04,6,6.19,GOOD
380,2026-09-04,7,7.356,GOOD
380,2026-09-04,8,8.606,GOOD
380,2026-09-04,9,3.621,GOOD
380,2026-09-04,10,2.478,GOOD
380,2026-09-04,11,5.605,GOOD
380,2026-09-04,12,1.612,GOOD
380,2026-09-04,13,3.726,GOOD
380,2026-09-04,14,1.715,GOOD
380,2026-09-04,15,0.009,GOOD
380,2026-09-04,16,1.32,GOOD
380,2026-09-04,17,1.104,GOOD
380,2026-09-04,18,0.639,GOOD
380,2026-09-04,19,3.824,GOOD
380,2026-09-04,20,30.517,FAIR
380,2026-09-04,21,17.446,GOOD
380,2026-09-04,22,9.072,GOOD
380,2026-09-04,23,14.485,GOOD
380,2026-09-04,24,12.282,GOOD
380,2026-09-05,1,10.02,GOOD
380,2026-09-05,2,12.316,GOOD
380,2026-09-05,3,9.72,GOOD
380,2026-09-05,4,5.324,GOOD
380,2026-09-05,5,9.813,GOOD
380,2026-09-05,6,8.003,GOOD
380,2026-09-05,7,6.778,GOOD
380,2026-09-05,8,3.949,GOOD
380,2026-09-05,9,6.578,GOOD
380,2026-09-05,10,4.26,GOOD
380,2026-09-05,11,0.545,GOOD
380,2026-09-05,12,1.826,GOOD
380,2026-09-05,13,1.961,GOOD
380,2026-09-05,14,1.275,GOOD
380,2026-09-05,15,0.291,GOOD
380,2026-09-05,16,3.627,GOOD
380,2026-09-05,17,3.475,GOOD
380,2026-09-05,18,4.891,GOOD
380,2026-09-05,19,6.291,GOOD
380,2026-09-05,20,4.43,GOOD
380,2026-09-05,21,4.074,GOOD
380,2026-09-05,22,4.138,GOOD
380,2026-09-05,23,3.687,GOOD
380,2026-09-05,24,2.384,GOOD
380,2026-09-06,1,7.252,GOOD
380,2026-09-06,2,5.239,GOOD
380,2026-09-06,3,12.524,GOOD
380,2026-09-06,4,4.319,GOOD
380,2026-09-06,5,1.411,GOOD
380,2026-09-06,6,3.06,GOOD
380,2026-09-06,7,2.297,GOOD
380,2026-09-06,8,2.6,GOOD
380,2026-09-06,9,3.904,GOOD
380,2026-09-06,10,0.731,GOOD
380,2026-09-06,11,3.484,GOOD
380,2026-09-06,12,2.893,GOOD
380,2026-09-06,13,1.281,GOOD
380,2026-09-06,14,1.062,GOOD
380,2026-09-06,15,3.654,GOOD
380,2026-09-06,16,-0.235,GOOD
380,2026-09-06,17,2.859,GOOD
380,2026-09-06,18,1.811,GOOD
380,2026-09-06,19,3.204,GOOD
380,2026-09-06,20,6.206,GOOD
380,2026-09-06,21,0.526,GOOD
380,2026-09-06,22,1.598,GOOD
380,2026-09-06,23,-1.874,GOOD
380,2026-09-06,24,0.055,GOOD
380,2026-09-07,1,0.997,GOOD
380,2026-09-07,2,1.896,GOOD
380,2026-09-07,3,4.382,GOOD
380,2026-09-07,4,1.887,GOOD
380,2026-09-07,5,1.203,GOOD
380,2026-09-07,6,-0.223,GOOD
380,2026-09-07,7,5.202,GOOD
380,2026-09-07,8,5.646,GOOD
380,2026-09-07,9,4.953,GOOD
380,2026-09-07,10,4.55,GOOD
380,2026-09-07,11,12.862,GOOD
380,2026-09-07,12,16.769,GOOD
380,2026-09-07,13,6.427,GOOD
380,2026-09-07,14,2.378,GOOD
380,2026-09-07,15,2.646,GOOD
380,2026-09-07,16,3.087,GOOD
380,2026-09-07,17,5.513,GOOD
380,2026-09-07,18,4.249,GOOD
380,2026-09-07,19,5.43,GOOD
380,2026-09-07,20,2.544,GOOD
380,2026-09-07,21,4.83,GOOD
380,2026-09-07,22,3.386,GOOD
380,2026-09-07,23,1.167,GOOD
380,2026-09-07,24,3.454,GOOD
380,2026-09-08,1,0.19,GOOD
380,2026-09-08,2,1.129,GOOD
380,2026-09-08,3,1.936,GOOD
380,2026-09-08,4,1.285,GOOD
380,2026-09-08,5,3.533,GOOD
380,2026-09-08,6,2.772,GOOD
380,2026-09-08,7,1.227,GOOD
380,2026-09-08,8,2.227,GOOD
380,2026-09-08,9,3.89,GOOD
380,2026-09-08,10,5.709,GOOD
380,2026-09-08,11,-0.293,GOOD
380,2026-09-08,12,2.301,GOOD
380,2026-09-08,13,1.834,GOOD
380,2026-09-08,14,0.437,GOOD
380,2026-09-08,15,-0.23,GOOD
380,2026-09-08,16,-0.821,GOOD
380,2026-09-08,17,-0.856,GOOD
380,2026-09-08,18,4.051,GOOD
380,2026-09-08,19,5.082,GOOD
380,2026-09-08,20,1.842,GOOD
380,2026-09-08,21,3.698,GOOD
380,2026-09-08,22,6.096,GOOD
380,2026-09-08,23,6.024,GOOD
380,2026-09-08,24,5.93,GOOD
380,2026-09-09,1,7.298,GOOD
380,2026-09-09,2,6.698,GOOD
380,2026-09-09,3,5.234,GOOD
380,2026-09-09,4,4.804,GOOD
380,2026-09-09,5,7.728,GOOD
380,2026-09-09,6,4.6,GOOD
380,2026-09-09,7,4.886,GOOD
380,2026-09-09,8,5.408,GOOD
380,2026-09-09,9,6.342,GOOD
380,2026-09-09,10,7.325,GOOD
380,2026-09-09,11,7.263,GOOD
380,2026-09-09,12,6.184,GOOD
380,2026-09-09,13,5.261,GOOD
380,2026-09-09,14,5.105,GOOD
380,2026-09-09,15,4.16,GOOD
380,2026-09-09,16,4.448,GOOD
380,2026-09-09,17,6.008,GOOD
380,2026-09-09,18,,
380,2026-09-09,19,,
380,2026-09-09,20,,
380,2026-09-09,21,3.805,GOOD
380,2026-09-09,22,3.699,GOOD
380,2026-09-09,23,7.802,GOOD
380,2026-09-09,24,4.99,GOOD
380,2026-09-10,1,1.721,GOOD
380,2026-09-10,2,3.869,GOOD
380,2026-09-10,3,4.24,GOOD
380,2026-09-10,4,6.419,GOOD
380,2026-09-10,5,3.437,GOOD
380,2026-09-10,6,6.726,GOOD
380,2026-09-10,7,4.268,GOOD
380,2026-09-10,8,3.666,GOOD
380,2026-09-10,9,1.309,GOOD
380,2026-09-10,10,4.164,GOOD
380,2026-09-10,11,0.535,GOOD
380,2026-09-10,12,2.648,GOOD
380,2026-09-10,13,-0.133,GOOD
380,2026-09-10,14,2.787,GOOD
380,2026-09-10,15,3.033,GOOD
380,2026-09-10,16,3.093,GOOD
380,2026-09-10,17,3.705,GOOD
380,2026-09-10,18,4.412,GOOD
380,2026-09-10,19,4.078,GOOD
380,2026-09-10,20,3.443,GOOD
380,2026-09-10,21,4.622,GOOD
380,2026-09-10,22,2.493,GOOD
380,2026-09-10,23,3.034,GOOD
380,2026-09-10,24,5.675,GOOD
380,2026-09-11,1,4.51,GOOD
380,2026-09-11,2,5.318,GOOD
380,2026-09-11,3,6.7,GOOD
380,2026-09-11,4,5.668,GOOD
380,2026-09-11,5,4.349,GOOD
380,2026-09-11,6,5.025,GOOD
380,2026-09-11,7,4.599,GOOD
380,2026-09-11,8,6.05,GOOD
380,2026-09-11,9,3.997,GOOD
380,2026-09-11,10,2.847,GOOD
380,2026-09-11,11,4.109,GOOD
380,2026-09-11,12,3.093,GOOD
380,2026-09-11,13,1.243,GOOD
380,2026-09-11,14,1.227,GOOD
380,2026-09-11,15,4.98,GOOD
380,2026-09-11,16,3.156,GOOD
380,2026-09-11,17,2.299,GOOD
380,2026-09-11,18,0.935,GOOD
380,2026-09-11,19,1.283,GOOD
380,2026-09-11,20,-1.305,GOOD
380,2026-09-11,21,1.796,GOOD
380,2026-09-11,22,3.315,GOOD
380,2026-09-11,23,1.799,GOOD
380,2026-09-11,24,2.883,GOOD
380,2026-09-12,1,2.117,GOOD
380,2026-09-12,2,0.943,GOOD
380,2026-09-12,3,0.878,GOOD
380,2026-09-12,4,-2.303,GOOD
380,2026-09-12,5,0.014,GOOD
380,2026-09-12,6,0.998,GOOD
380,2026-09-12,7,-0.71,GOOD
380,2026-09-12,8,-1.584,GOOD
380,2026-09-12,9,0.5,GOOD
380,2026-09-12,10,4.401,GOOD
380,2026-09-12,11,2.377,GOOD
380,2026-09-12,12,1.089,GOOD
380,2026-09-12,13,1.187,GOOD
380,2026-09-12,14,3.628,GOOD
380,2026-09-12,15,4.006,GOOD
380,2026-09-12,16,4.766,GOOD
380,2026-09-12,17,0.424,GOOD
380,2026-09-12,18,-2.324,GOOD
380,2026-09-12,19,3.761,GOOD
380,2026-09-12,20,21.934,GOOD
380,2026-09-12,21,18.65,GOOD
380,2026-09-12,22,12.703,GOOD
380,2026-09-12,23,5.912,GOOD
380,2026-09-12,24,3.862,GOOD
380,2026-09-13,1,4.153,GOOD
380,2026-09-13,2,6.216,GOOD
380,2026-09-13,3,6.529,GOOD
380,2026-09-13,4,5.231,GOOD
380,2026-09-13,5,5.204,GOOD
380,2026-09-13,6,6.774,GOOD
380,2026-09-13,7,8.36,GOOD
380,2026-09-13,8,6.587,GOOD
380,2026-09-13,9,3.745,GOOD
380,2026-09-13,10,4.636,GOOD
380,2026-09-13,11,5.055,GOOD
380,2026-09-13,12,4.745,GOOD
380,2026-09-13,13,2.046,GOOD
380,2026-09-13,14,3.073,GOOD
380,2026-09-13,15,3.514,GOOD
380,2026-09-13,16,2.384,GOOD
380,2026-09-13,17,2.689,GOOD
380,2026-09-13,18,0.889,GOOD
380,2026-09-13,19,4.257,GOOD
380,2026-09-13,20,9.452,GOOD
380,2026-09-13,21,10.335,GOOD
380,2026-09-13,22,11.049,GOOD
380,2026-09-13,23,6.766,GOOD
380,2026-09-13,24,6.688,GOOD
380,2026-09-14,1,5.191,GOOD
380,2026-09-14,2,1.093,GOOD
380,2026-09-14,3,3.713,GOOD
380,2026-09-14,4,4.932,GOOD
380,2026-09-14,5,7.216,GOOD
380,2026-09-14,6,4.802,GOOD
380,2026-09-14,7,5.432,GOOD
380,2026-09-14,8,4.123,GOOD
380,2026-09-14,9,6.869,GOOD
380,2026-09-14,10,7.517,GOOD
380,2026-09-14,11,6.713,GOOD
380,2026-09-14,12,11.547,GOOD
380,2026-09-14,13,6.644,GOOD
380,2026-09-14,14,7.143,GOOD
380,2026-09-14,15,3.807,GOOD
380,2026-09-14,16,4.135,GOOD
380,2026-09-14,17,5.98,GOOD
380,2026-09-14,18,5.349,GOOD
380,2026-09-14,19,7.858,GOOD
380,2026-09-14,20,9.848,GOOD
380,2026-09-14,21,8.751,GOOD
380,2026-09-14,22,9.315,GOOD
380,2026-09-14,23,6.725,GOOD
380,2026-09-14,24,4.846,GOOD
380,2026-09-15,1,4.538,GOOD
380,2026-09-15,2,3.824,GOOD
380,2026-09-15,3,6.001,GOOD
380,2026-09-15,4,6.713,GOOD
380,2026-09-15,5,4.983,GOOD
380,2026-09-15,6,4.24,GOOD
380,2026-09-15,7,7.219,GOOD
380,2026-09-15,8,5.088,GOOD
380,2026-09-15,9,3.576,GOOD
380,2026-09-15,10,4.703,GOOD
380,2026-09-15,11,1.113,GOOD
380,2026-09-15,12,6.588,GOOD
380,2026-09-15,13,8.355,GOOD
380,2026-09-15,14,4.63,GOOD
380,2026-09-15,15,6.354,GOOD
380,2026-09-15,16,9.899,GOOD
380,2026-09-15,17,7.771,GOOD
380,2026-09-15,18,6.464,GOOD
380,2026-09-15,19,5.074,GOOD
380,2026-09-15,20,5.677,GOOD
380,2026-09-15,21,0.8,GOOD
380,2026-09-15,22,-1.672,GOOD
380,2026-09-15,23,2.224,GOOD
380,2026-09-15,24,4.842,GOOD
380,2026-09-16,1,5.272,GOOD
380,2026-09-16,2,2.907,GOOD
380,2026-09-16,3,0.929,GOOD
380,2026-09-16,4,1.636,GOOD
380,2026-09-16,5,3.497,GOOD
380,2026-09-16,6,1.354,GOOD
380,2026-09-16,7,1.627,GOOD
380,2026-09-16,8,3.891,GOOD
380,2026-09-16,9,1.965,GOOD
380,2026-09-16,10,2.182,GOOD
380,2026-09-16,11,4.253,GOOD
380,2026-09-16,12,5.122,GOOD
380,2026-09-16,13,6.845,GOOD
380,2026-09-16,14,6.156,GOOD
380,2026-09-16,15,5.874,GOOD
380,2026-09-16,16,5.794,GOOD
380,2026-09-16,17,6.636,GOOD
380,2026-09-16,18,1.928,GOOD
380,2026-09-16,19,2.253,GOOD
380,2026-09-16,20,1.907,GOOD
380,2026-09-16,21,1.524,GOOD
380,2026-09-16,22,2.841,GOOD
380,2026-09-16,23,5.168,GOOD
380,2026-09-16,24,6.769,GOOD
380,2026-09-17,1,6.416,GOOD
380,2026-09-17,2,4.192,GOOD
380,2026-09-17,3,3.605,GOOD
380,2026-09-17,4,5.432,GOOD
380,2026-09-17,5,3.063,GOOD
380,2026-09-17,6,1.71,GOOD
380,2026-09-17,7,1.251,GOOD
380,2026-09-17,8,4.333,GOOD
380,2026-09-17,9,3.999,GOOD
380,2026-09-17,10,4.885,GOOD
380,2026-09-17,11,5.174,GOOD
380,2026-09-17,12,3.908,GOOD
380,2026-09-17,13,6.296,GOOD
380,2026-09-17,14,4.942,GOOD
380,2026-09-17,15,3.12,GOOD
380,2026-09-17,16,4.551,GOOD
380,2026-09-17,17,5.841,GOOD
380,2026-09-17,18,4.355,GOOD
380,2026-09-17,19,2.159,GOOD
380,2026-09-17,20,3.392,GOOD
380,2026-09-17,21,3.819,GOOD
380,2026-09-17,22,2.202,GOOD
380,2026-09-17,23,2.101,GOOD
380,2026-09-17,24,3.765,GOOD
380,2026-09-18,1,2.813,GOOD
380,2026-09-18,2,5.837,GOOD
380,2026-09-18,3,5.05,GOOD
380,2026-09-18,4,3.814,GOOD
380,2026-09-18,5,5.176,GOOD
380,2026-09-18,6,3.82,GOOD
380,2026-09-18,7,4.316,GOOD
380,2026-09-18,8,5.068,GOOD
380,2026-09-18,9,6.56,GOOD
380,2026-09-18,10,5.776,GOOD
380,2026-09-18,11,4.064,GOOD
380,2026-09-18,12,5.258,GOOD
380,2026-09-18,13,2.64,GOOD
380,2026-09-18,14,4.7,GOOD
380,2026-09-18,15,3.496,GOOD
380,2026-09-18,16,3.675,GOOD
380,2026-09-18,17,5.837,GOOD
380,2026-09-18,18,2.561,GOOD
380,2026-09-18,19,3.696,GOOD
380,2026-09-18,20,7.219,GOOD
380,2026-09-18,21,8.105,GOOD
380,2026-09-18,22,8.672,GOOD
380,2026-09-18,23,6.577,GOOD
380,2026-09-18,24,7.055,GOOD
380,2026-09-19,1,11.386,GOOD
380,2026-09-19,2,9.795,GOOD
380,2026-09-19,3,7.918,GOOD
380,2026-09-19,4,7.538,GOOD
380,2026-09-19,5,7.243,GOOD
380,2026-09-19,6,8.384,GOOD
380,2026-09-19,7,7.415,GOOD
380,2026-09-19,8,4.061,GOOD
380,2026-09-19,9,3.676,GOOD
380,2026-09-19,10,4.037,GOOD
380,2026-09-19,11,3.955,GOOD
380,2026-09-19,12,3.727,GOOD
380,2026-09-19,13,2.264,GOOD
380,2026-09-19,14,-1.393,GOOD
380,2026-09-19,15,1.761,GOOD
380,2026-09-19,16,2.415,GOOD
380,2026-09-19,17,3.458,GOOD
380,2026-09-19,18,3.364,GOOD
380,2026-09-19,19,4.824,GOOD
380,2026-09-19,20,3.836,GOOD
380,2026-09-19,21,3.363,GOOD
380,2026-09-19,22,5.862,GOOD
380,2026-09-19,23,3.378,GOOD
380,2026-09-19,24,8.966,GOOD
380,2026-09-20,1,8.638,GOOD
380,2026-09-20,2,5.87,GOOD
380,2026-09-20,3,9.319,GOOD
380,2026-09-20,4,6.179,GOOD
380,2026-09-20,5,3.647,GOOD
380,2026-09-20,6,6.222,GOOD
380,2026-09-20,7,5.887,GOOD
380,2026-09-20,8,3.135,GOOD
380,2026-09-20,9,5.606,GOOD
380,2026-09-20,10,5.157,GOOD
380,2026-09-20,11,5.385,GOOD
380,2026-09-20,12,3.777,GOOD
380,2026-09-20,13,3.06,GOOD
380,2026-09-20,14,1.513,GOOD
380,2026-09-20,15,3.051,GOOD
380,2026-09-20,16,2.604,GOOD
380,2026-09-20,17,4.726,GOOD
380,2026-09-20,18,1.725,GOOD
380,2026-09-20,19,4.514,GOOD
380,2026-09-20,20,5.908,GOOD
380,2026-09-20,21,7.67,GOOD
380,2026-09-20,22,7.294,GOOD
380,2026-09-20,23,11.102,GOOD
380,2026-09-20,24,10.338,GOOD
380,2026-09-21,1,8.132,GOOD
380,2026-09-21,2,4.627,GOOD
380,2026-09-21,3,5.982,GOOD
380,2026-09-21,4,6.742,GOOD
380,2026-09-21,5,3.431,GOOD
380,2026-09-21,6,5.261,GOOD
380,2026-09-21,7,7.597,GOOD
380,2026-09-21,8,5.027,GOOD
380,2026-09-21,9,4.896,GOOD
380,2026-09-21,10,4.557,GOOD
380,2026-09-21,11,3.678,GOOD
380,2026-09-21,12,3.321,GOOD
380,2026-09-21,13,6.944,GOOD
380,2026-09-21,14,2.828,GOOD
380,2026-09-21,15,0.279,GOOD
380,2026-09-21,16,4.6,GOOD
380,2026-09-21,17,2.682,GOOD
380,2026-09-21,18,1.525,GOOD
380,2026-09-21,19,4.868,GOOD
380,2026-09-21,20,6.629,GOOD
380,2026-09-21,21,8.221,GOOD
380,2026-09-21,22,7.962,GOOD
380,2026-09-21,23,10.229,GOOD
380,2026-09-21,24,10.353,GOOD
380,2026-09-22,1,13.613,GOOD
380,2026-09-22,2,11.38,GOOD
380,2026-09-22,3,11.71,GOOD
380,2026-09-22,4,10.403,GOOD
380,2026-09-22,5,7.413,GOOD
380,2026-09-22,6,7.302,GOOD
380,2026-09-22,7,7.478,GOOD
380,2026-09-22,8,5.348,GOOD
380,2026-09-22,9,3.586,GOOD
380,2026-09-22,10,5.511,GOOD
380,2026-09-22,11,7.62,GOOD
380,2026-09-22,12,11.341,GOOD
380,2026-09-22,13,15.618,GOOD
380,2026-09-22,14,14.784,GOOD
380,2026-09-22,15,11.124,GOOD
380,2026-09-22,16,16.094,GOOD
380,2026-09-22,17,14.335,GOOD
380,2026-09-22,18,5.818,GOOD
380,2026-09-22,19,1.997,GOOD
380,2026-09-22,20,4.404,GOOD
380,2026-09-22,21,7.594,GOOD
380,2026-09-22,22,2.031,GOOD
380,2026-09-22,23,4.725,GOOD
380,2026-09-22,24,5.489,GOOD
380,2026-09-23,1,6.154,GOOD
380,2026-09-23,2,6.74,GOOD
380,2026-09-23,3,5.332,GOOD
380,2026-09-23,4,6.734,GOOD
380,2026-09-23,5,8.442,GOOD
380,2026-09-23,6,7.626,GOOD
380,2026-09-23,7,8.826,GOOD
380,2026-09-23,8,11.6,GOOD
380,2026-09-23,9,15.169,GOOD
380,2026-09-23,10,12.374,GOOD
380,2026-09-23,11,16.829,GOOD
380,2026-09-23,12,16.029,GOOD
380,2026-09-23,13,16.938,GOOD
380,2026-09-23,14,24.019,GOOD
380,2026-09-23,15,44.308,FAIR
380,2026-09-23,16,14.554,GOOD
380,2026-09-23,17,14.271,GOOD
380,2026-09-23,18,12.058,GOOD
380,2026-09-23,19,14.235,GOOD
380,2026-09-23,20,13.45,GOOD
380,2026-09-23,21,14.828,GOOD
380,2026-09-23,22,15.71,GOOD
380,2026-09-23,23,10.016,GOOD
380,2026-09-23,24,6.535,GOOD
380,2026-09-24,1,7.358,GOOD
380,2026-09-24,2,6.871,GOOD
380,2026-09-24,3,7.584,GOOD
380,2026-09-24,4,7.814,GOOD
380,2026-09-24,5,6.722,GOOD
380,2026-09-24,6,10.516,GOOD
380,2026-09-24,7,10.328,GOOD
380,2026-09-24,8,10.684,GOOD
380,2026-09-24,9,8.189,GOOD
380,2026-09-24,10,9.088,GOOD
380,2026-09-24,11,7.397,GOOD
380,2026-09-24,12,8.495,GOOD
380,2026-09-24,13,8.08,GOOD
380,2026-09-24,14,7.229,GOOD
380,2026-09-24,15,8.274,GOOD
380,2026-09-24,16,9.41,GOOD
380,2026-09-24,17,9.511,GOOD
380,2026-09-24,18,9.698,GOOD
380,2026-09-24,19,8.429,GOOD
380,2026-09-24,20,5.697,GOOD
380,2026-09-24,21,8.811,GOOD
380,2026-09-24,22,7.317,GOOD
380,2026-09-24,23,3.858,GOOD
380,2026-09-24,24,5.664,GOOD
380,2026-09-25,1,7.03,GOOD
380,2026-09-25,2,5.056,GOOD
380,2026-09-25,3,6.121,GOOD
380,2026-09-25,4,6.005,GOOD
380,2026-09-25,5,6.511,GOOD
380,2026-09-25,6,5.984,GOOD
380,2026-09-25,7,7.669,GOOD
380,2026-09-25,8,8.091,GOOD
380,2026-09-25,9,9.622,GOOD
380,2026-09-25,10,7.902,GOOD
380,2026-09-25,11,9.193,GOOD
380,2026-09-25,12,10.961,GOOD
380,2026-09-25,13,7.979,GOOD
380,2026-09-25,14,8.713,GOOD
380,2026-09-25,15,7.638,GOOD
380,2026-09-25,16,7.737,GOOD
380,2026-09-25,17,7.458,GOOD
380,2026-09-25,18,6.927,GOOD
380,2026-09-25,19,5.713,GOOD
380,2026-09-25,20,9.6,GOOD
380,2026-09-25,21,7.329,GOOD
380,2026-09-25,22,8.974,GOOD
380,2026-09-25,23,8.733,GOOD
380,2026-09-25,24,6.78,GOOD
380,2026-09-26,1,8.797,GOOD
380,2026-09-26,2,7.771,GOOD
380,2026-09-26,3,5.924,GOOD
380,2026-09-26,4,6.881,GOOD
380,2026-09-26,5,8.133,GOOD
380,2026-09-26,6,7.128,GOOD
380,2026-09-26,7,7.748,GOOD
380,2026-09-26,8,10.53,GOOD
380,2026-09-26,9,6.556,GOOD
380,2026-09-26,10,7.289,GOOD
380,2026-09-26,11,5.175,GOOD
380,2026-09-26,12,3.638,GOOD
380,2026-09-26,13,7.284,GOOD
380,2026-09-26,14,4.043,GOOD
380,2026-09-26,15,4.154,GOOD
380,2026-09-26,16,7.538,GOOD
380,2026-09-26,17,5.105,GOOD
380,2026-09-26,18,4.874,GOOD
380,2026-09-26,19,6.312,GOOD
380,2026-09-26,20,8.137,GOOD
380,2026-09-26,21,12.908,GOOD
380,2026-09-26,22,10.562,GOOD
380,2026-09-26,23,11.225,GOOD
380,2026-09-26,24,7.271,GOOD
380,2026-09-27,1,7.859,GOOD
380,2026-09-27,2,9.077,GOOD
380,2026-09-27,3,7.277,GOOD
380,2026-09-27,4,4.706,GOOD
380,2026-09-27,5,4.69,GOOD
380,2026-09-27,6,6.465,GOOD
380,2026-09-27,7,7.852,GOOD
380,2026-09-27,8,3.847,GOOD
380,2026-09-27,9,8.002,GOOD
380,2026-09-27,10,9.866,GOOD
380,2026-09-27,11,9.13,GOOD
380,2026-09-27,12,9.33,GOOD
380,2026-09-27,13,7.099,GOOD
380,2026-09-27,14,9.961,GOOD
380,2026-09-27,15,9.385,GOOD
380,2026-09-27,16,7.604,GOOD
380,2026-09-27,17,6.21,GOOD
380,2026-09-27,18,0.956,GOOD
380,2026-09-27,19,6.803,GOOD
380,2026-09-27,20,4.235,GOOD
380,2026-09-27,21,3.767,GOOD
380,2026-09-27,22,1.414,GOOD
380,2026-09-27,23,3.679,GOOD
380,2026-09-27,24,2.955,GOOD
380,2026-09-28,1,1.411,GOOD
380,2026-09-28,2,1.642,GOOD
380,2026-09-28,3,0.486,GOOD
380,2026-09-28,4,1.857,GOOD
380,2026-09-28,5,1.381,GOOD
380,2026-09-28,6,-0.282,GOOD
380,2026-09-28,7,2.392,GOOD
380,2026-09-28,8,0.966,GOOD
380,2026-09-28,9,1.324,GOOD
380,2026-09-28,10,0.209,GOOD
380,2026-09-28,11,3.677,GOOD
380,2026-09-28,12,-0.744,GOOD
380,2026-09-28,13,1.125,GOOD
380,2026-09-28,14,1.839,GOOD
380,2026-09-28,15,-0.033,GOOD
380,2026-09-28,16,0.684,GOOD
380,2026-09-28,17,1.85,GOOD
380,2026-09-28,18,0.952,GOOD
380,2026-09-28,19,0.785,GOOD
380,2026-09-28,20,0.664,GOOD
380,2026-09-28,21,1.815,GOOD
380,2026-09-28,22,1.474,GOOD
380,2026-09-28,23,1.384,GOOD
380,2026-09-28,24,2.465,GOOD
380,2026-09-29,1,2.174,GOOD
380,2026-09-29,2,-0.792,GOOD
380,2026-09-29,3,-0.238,GOOD
380,2026-09-29,4,0.169,GOOD
380,2026-09-29,5,1.38,GOOD
380,2026-09-29,6,0.894,GOOD
380,2026-09-29,7,0.758,GOOD
380,2026-09-29,8,2.219,GOOD
380,2026-09-29,9,1.471,GOOD
380,2026-09-29,10,-0.167,GOOD
380,2026-09-29,11,3.137,GOOD
380,2026-09-29,12,0.557,GOOD
380,2026-09-29,13,7.082,GOOD
380,2026-09-29,14,4.485,GOOD
380,2026-09-29,15,1.245,GOOD
380,2026-09-29,16,1.759,GOOD
380,2026-09-29,17,0.661,GOOD
380,2026-09-29,18,3.478,GOOD
380,2026-09-29,19,2.831,GOOD
380,2026-09-29,20,3.217,GOOD
380,2026-09-29,21,3.308,GOOD
380,2026-09-29,22,7.681,GOOD
380,2026-09-29,23,5.848,GOOD
380,2026-09-29,24,3.096,GOOD
380,2026-09-30,1,2.184,GOOD
380,2026-09-30,2,0.921,GOOD
380,2026-09-30,3,4.061,GOOD
380,2026-09-30,4,-2.282,GOOD
380,2026-09-30,5,3.186,GOOD
380,2026-09-30,6,-0.795,GOOD
380,2026-09-30,7,1.445,GOOD
380,2026-09-30,8,1.259,GOOD
380,2026-09-30,9,2.287,GOOD
380,2026-09-30,10,1.864,GOOD
380,2026-09-30,11,3.58,GOOD
380,2026-09-30,12,5.262,GOOD
380,2026-09-30,13,2.586,GOOD
380,2026-09-30,14,0.719,GOOD
380,2026-09-30,15,0.823,GOOD
380,2026-09-30,16,3.871,GOOD
380,2026-09-30,17,4.64,GOOD
380,2026-09-30,18,4.404,GOOD
380,2026-09-30,19,3.38,GOOD
380,2026-09-30,20,5.763,GOOD
380,2026-09-30,21,9.143,GOOD
380,2026-09-30,22,7.374,GOOD
380,2026-09-30,23,12.367,GOOD
380,2026-09-30,24,6.323,GOOD
390,2026-09-01,1,17.532,GOOD
390,2026-09-01,2,8.998,GOOD
390,2026-09-01,3,9.056,GOOD
390,2026-09-01,4,8.074,GOOD
390,2026-09-01,5,3.826,GOOD
390,2026-09-01,6,5.128,GOOD
390,2026-09-01,7,5.748,GOOD
390,2026-09-01,8,6.446,GOOD
390,2026-09-01,9,9.994,GOOD
390,2026-09-01,10,12.369,GOOD
390,2026-09-01,11,,
390,2026-09-01,12,17.581,GOOD
390,2026-09-01,13,6.359,GOOD
390,2026-09-01,14,4.332,GOOD
390,2026-09-01,15,,
390,2026-09-01,16,,
390,2026-09-01,17,,
390,2026-09-01,18,,
390,2026-09-01,19,5.247,GOOD
390,2026-09-01,20,4.528,GOOD
390,2026-09-01,21,5.65,GOOD
390,2026-09-01,22,5.835,GOOD
390,2026-09-01,23,7.056,GOOD
390,2026-09-01,24,4.287,GOOD
390,2026-09-02,1,4.441,GOOD
390,2026-09-02,2,3.533,GOOD
390,2026-09-02,3,6.578,GOOD
390,2026-09-02,4,4.195,GOOD
390,2026-09-02,5,6.295,GOOD
390,2026-09-02,6,5.575,GOOD
390,2026-09-02,7,4.566,GOOD
390,2026-09-02,8,3.796,GOOD
390,2026-09-02,9,6.989,GOOD
390,2026-09-02,10,3.88,GOOD
390,2026-09-02,11,4.585,GOOD
390,2026-09-02,12,3.164,GOOD
390,2026-09-02,13,4.819,GOOD
390,2026-09-02,14,4.255,GOOD
390,2026-09-02,15,3.896,GOOD
390,2026-09-02,16,7.573,GOOD
390,2026-09-02,17,6.318,GOOD
390,2026-09-02,18,5.21,GOOD
390,2026-09-02,19,3.908,GOOD
390,2026-09-02,20,2.838,GOOD
390,2026-09-02,21,5.735,GOOD
390,2026-09-02,22,5.743,GOOD
390,2026-09-02,23,5.275,GOOD
390,2026-09-02,24,0.87,GOOD
390,2026-09-03,1,1.341,GOOD
390,2026-09-03,2,1.178,GOOD
390,2026-09-03,3,3.538,GOOD
390,2026-09-03,4,5.602,GOOD
390,2026-09-03,5,5.426,GOOD
390,2026-09-03,6,5.209,GOOD
390,2026-09-03,7,5.147,GOOD
390,2026-09-03,8,2.947,GOOD
390,2026-09-03,9,-1.637,GOOD
390,2026-09-03,10,3.088,GOOD
390,2026-09-03,11,3.144,GOOD
390,2026-09-03,12,2.594,GOOD
390,2026-09-03,13,4.483,GOOD
390,2026-09-03,14,5.743,GOOD
390,2026-09-03,15,5.234,GOOD
390,2026-09-03,16,4.669,GOOD
390,2026-09-03,17,5.946,GOOD
390,2026-09-03,18,5.383,GOOD
390,2026-09-03,19,4.106,GOOD
390,2026-09-03,20,4.013,GOOD
390,2026-09-03,21,5.362,GOOD
390,2026-09-03,22,4.891,GOOD
390,2026-09-03,23,3.312,GOOD
390,2026-09-03,24,4.825,GOOD
390,2026-09-04,1,4.78,GOOD
390,2026-09-04,2,2.887,GOOD
390,2026-09-04,3,4.434,GOOD
390,2026-09-04,4,4.134,GOOD
390,2026-09-04,5,5.971,GOOD
390,2026-09-04,6,5.817,GOOD
390,2026-09-04,7,2.222,GOOD
390,2026-09-04,8,6.305,GOOD
390,2026-09-04,9,5.441,GOOD
390,2026-09-04,10,6.269,GOOD
390,2026-09-04,11,-0.968,GOOD
390,2026-09-04,12,2.723,GOOD
390,2026-09-04,13,4.636,GOOD
390,2026-09-04,14,3.891,GOOD
390,2026-09-04,15,0.481,GOOD
390,2026-09-04,16,2.242,GOOD
390,2026-09-04,17,0.967,GOOD
390,2026-09-04,18,1.239,GOOD
390,2026-09-04,19,-0.939,GOOD
390,2026-09-04,20,1.464,GOOD
390,2026-09-04,21,5.46,GOOD
390,2026-09-04,22,4.502,GOOD
390,2026-09-04,23,2.739,GOOD
390,2026-09-04,24,1.708,GOOD
390,2026-09-05,1,3.678,GOOD
390,2026-09-05,2,4.758,GOOD
390,2026-09-05,3,3.225,GOOD
390,2026-09-05,4,3.644,GOOD
390,2026-09-05,5,3.116,GOOD
390,2026-09-05,6,3.498,GOOD
390,2026-09-05,7,2.358,GOOD
390,2026-09-05,8,2.234,GOOD
390,2026-09-05,9,4.182,GOOD
390,2026-09-05,10,-0.744,GOOD
390,2026-09-05,11,5.162,GOOD
390,2026-09-05,12,4.464,GOOD
390,2026-09-05,13,3.211,GOOD
390,2026-09-05,14,2.942,GOOD
390,2026-09-05,15,3.803,GOOD
390,2026-09-05,16,3.571,GOOD
390,2026-09-05,17,2.933,GOOD
390,2026-09-05,18,2.848,GOOD
390,2026-09-05,19,5.727,GOOD
390,2026-09-05,20,4.402,GOOD
390,2026-09-05,21,2.831,GOOD
390,2026-09-05,22,3.451,GOOD
390,2026-09-05,23,4.777,GOOD
390,2026-09-05,24,5.929,GOOD
390,2026-09-06,1,5.508,GOOD
390,2026-09-06,2,2.093,GOOD
390,2026-09-06,3,2.806,GOOD
390,2026-09-06,4,1.37,GOOD
390,2026-09-06,5,0.469,GOOD
390,2026-09-06,6,3.141,GOOD
390,2026-09-06,7,5.351,GOOD
390,2026-09-06,8,4.456,GOOD
390,2026-09-06,9,3.595,GOOD
390,2026-09-06,10,3.613,GOOD
390,2026-09-06,11,3.998,GOOD
390,2026-09-06,12,-1.127,GOOD
390,2026-09-06,13,1.729,GOOD
390,2026-09-06,14,2.177,GOOD
390,2026-09-06,15,1.624,GOOD
390,2026-09-06,16,3.561,GOOD
390,2026-09-06,17,0.543,GOOD
390,2026-09-06,18,4.725,GOOD
390,2026-09-06,19,6.235,GOOD
390,2026-09-06,20,4.743,GOOD
390,2026-09-06,21,3.423,GOOD
390,2026-09-06,22,1.056,GOOD
390,2026-09-06,23,3.14,GOOD
390,2026-09-06,24,4.008,GOOD
390,2026-09-07,1,3.887,GOOD
390,2026-09-07,2,5.255,GOOD
390,2026-09-07,3,2.457,GOOD
390,2026-09-07,4,1.796,GOOD
390,2026-09-07,5,3.89,GOOD
390,2026-09-07,6,1.972,GOOD
390,2026-09-07,7,3.791,GOOD
390,2026-09-07,8,2.151,GOOD
390,2026-09-07,9,4.798,GOOD
390,2026-09-07,10,4.519,GOOD
390,2026-09-07,11,11.57,GOOD
390,2026-09-07,12,,
390,2026-09-07,13,,
390,2026-09-07,14,,
390,2026-09-07,15,,
390,2026-09-07,16,,
390,2026-09-07,17,,
390,2026-09-07,18,,
390,2026-09-07,19,,
390,2026-09-07,20,,
390,2026-09-07,21,,
390,2026-09-07,22,,
390,2026-09-07,23,,
390,2026-09-07,24,,
390,2026-09-08,1,,
390,2026-09-08,2,,
390,2026-09-08,3,,
390,2026-09-08,4,,
390,2026-09-08,5,,
390,2026-09-08,6,,
390,2026-09-08,7,,
390,2026-09-08,8,,
390,2026-09-08,9,,
390,2026-09-08,10,,
390,2026-09-08,11,,
390,2026-09-08,12,,
390,2026-09-08,13,,
390,2026-09-08,14,,
390,2026-09-08,15,,
390,2026-09-08,16,,
390,2026-09-08,17,,
390,2026-09-08,18,,
390,2026-09-08,19,,
390,2026-09-08,20,,
390,2026-09-08,21,,
390,2026-09-08,22,,
390,2026-09-08,23,,
390,2026-09-08,24,,
390,2026-09-09,1,,
390,2026-09-09,2,,
390,2026-09-09,3,,
390,2026-09-09,4,,
390,2026-09-09,5,,
390,2026-09-09,6,,
390,2026-09-09,7,,
390,2026-09-09,8,,
390,2026-09-09,9,,
390,2026-09-09,10,8.031,GOOD
390,2026-09-09,11,5.71,GOOD
390,2026-09-09,12,8.463,GOOD
390,2026-09-09,13,6.574,GOOD
390,2026-09-09,14,5.96,GOOD
390,2026-09-09,15,6.654,GOOD
390,2026-09-09,16,7.114,GOOD
390,2026-09-09,17,5.981,GOOD
390,2026-09-09,18,4.974,GOOD
390,2026-09-09,19,2.936,GOOD
390,2026-09-09,20,4.41,GOOD
390,2026-09-09,21,3.764,GOOD
390,2026-09-09,22,5.18,GOOD
390,2026-09-09,23,4.3,GOOD
390,2026-09-09,24,5.37,GOOD
390,2026-09-10,1,6.259,GOOD
390,2026-09-10,2,8.322,GOOD
390,2026-09-10,3,6.076,GOOD
390,2026-09-10,4,1.911,GOOD
390,2026-09-10,5,3.186,GOOD
390,2026-09-10,6,4.68,GOOD
390,2026-09-10,7,3.366,GOOD
390,2026-09-10,8,3.882,GOOD
390,2026-09-10,9,5.067,GOOD
390,2026-09-10,10,6.685,GOOD
390,2026-09-10,11,5.906,GOOD
390,2026-09-10,12,5.56,GOOD
390,2026-09-10,13,5.702,GOOD
390,2026-09-10,14,4.481,GOOD
390,2026-09-10,15,4.232,GOOD
390,2026-09-10,16,5.354,GOOD
390,2026-09-10,17,6.359,GOOD
390,2026-09-10,18,5.103,GOOD
390,2026-09-10,19,4.067,GOOD
390,2026-09-10,20,2.521,GOOD
390,2026-09-10,21,4.202,GOOD
390,2026-09-10,22,3.914,GOOD
390,2026-09-10,23,3.704,GOOD
390,2026-09-10,24,2.62,GOOD
390,2026-09-11,1,2.138,GOOD
390,2026-09-11,2,3.321,GOOD
390,2026-09-11,3,3.228,GOOD
390,2026-09-11,4,4.134,GOOD
390,2026-09-11,5,3.714,GOOD
390,2026-09-11,6,4.171,GOOD
390,2026-09-11,7,2.545,GOOD
390,2026-09-11,8,2.664,GOOD
390,2026-09-11,9,5.249,GOOD
390,2026-09-11,10,5.968,GOOD
390,2026-09-11,11,5.986,GOOD
390,2026-09-11,12,4.875,GOOD
390,2026-09-11,13,5.291,GOOD
390,2026-09-11,14,3.185,GOOD
390,2026-09-11,15,3.518,GOOD
390,2026-09-11,16,4.846,GOOD
390,2026-09-11,17,2.951,GOOD
390,2026-09-11,18,0.208,GOOD
390,2026-09-11,19,3.909,GOOD
390,2026-09-11,20,3.381,GOOD
390,2026-09-11,21,5.312,GOOD
390,2026-09-11,22,4.746,GOOD
390,2026-09-11,23,3.319,GOOD
390,2026-09-11,24,4.368,GOOD
390,2026-09-12,1,3.082,GOOD
390,2026-09-12,2,1.816,GOOD
390,2026-09-12,3,2.956,GOOD
390,2026-09-12,4,2.925,GOOD
390,2026-09-12,5,2.318,GOOD
390,2026-09-12,6,2.569,GOOD
390,2026-09-12,7,4.228,GOOD
390,2026-09-12,8,2.262,GOOD
390,2026-09-12,9,2.734,GOOD
390,2026-09-12,10,2.413,GOOD
390,2026-09-12,11,5.746,GOOD
390,2026-09-12,12,2.222,GOOD
390,2026-09-12,13,6.728,GOOD
390,2026-09-12,14,6.595,GOOD
390,2026-09-12,15,4.234,GOOD
390,2026-09-12,16,3.412,GOOD
390,2026-09-12,17,6.172,GOOD
390,2026-09-12,18,6.249,GOOD
390,2026-09-12,19,5.351,GOOD
390,2026-09-12,20,4.556,GOOD
390,2026-09-12,21,5.41,GOOD
390,2026-09-12,22,5.376,GOOD
390,2026-09-12,23,2.748,GOOD
390,2026-09-12,24,4.322,GOOD
390,2026-09-13,1,2.985,GOOD
390,2026-09-13,2,4.244,GOOD
390,2026-09-13,3,2.261,GOOD
390,2026-09-13,4,2.097,GOOD
390,2026-09-13,5,2.613,GOOD
390,2026-09-13,6,3.011,GOOD
390,2026-09-13,7,3.739,GOOD
390,2026-09-13,8,4.775,GOOD
390,2026-09-13,9,5.061,GOOD
390,2026-09-13,10,8.911,GOOD
390,2026-09-13,11,6.538,GOOD
390,2026-09-13,12,3.534,GOOD
390,2026-09-13,13,3.389,GOOD
390,2026-09-13,14,3.202,GOOD
390,2026-09-13,15,2.686,GOOD
390,2026-09-13,16,3.661,GOOD
390,2026-09-13,17,3.347,GOOD
390,2026-09-13,18,2.426,GOOD
390,2026-09-13,19,3.159,GOOD
390,2026-09-13,20,2.702,GOOD
390,2026-09-13,21,3.474,GOOD
390,2026-09-13,22,4.271,GOOD
390,2026-09-13,23,7.797,GOOD
390,2026-09-13,24,12.526,GOOD
390,2026-09-14,1,10.357,GOOD
390,2026-09-14,2,7.777,GOOD
390,2026-09-14,3,1.482,GOOD
390,2026-09-14,4,1.861,GOOD
390,2026-09-14,5,1.058,GOOD
390,2026-09-14,6,0.366,GOOD
390,2026-09-14,7,-2.608,GOOD
390,2026-09-14,8,3.612,GOOD
390,2026-09-14,9,7.12,GOOD
390,2026-09-14,10,8.421,GOOD
390,2026-09-14,11,8.008,GOOD
390,2026-09-14,12,4.069,GOOD
390,2026-09-14,13,4.036,GOOD
390,2026-09-14,14,4.988,GOOD
390,2026-09-14,15,6.047,GOOD
390,2026-09-14,16,3.397,GOOD
390,2026-09-14,17,,
390,2026-09-14,18,,
390,2026-09-14,19,,
390,2026-09-14,20,5.343,GOOD
390,2026-09-14,21,5.581,GOOD
390,2026-09-14,22,3.099,GOOD
390,2026-09-14,23,6.702,GOOD
390,2026-09-14,24,5.392,GOOD
390,2026-09-15,1,4.827,GOOD
390,2026-09-15,2,3.757,GOOD
390,2026-09-15,3,6.146,GOOD
390,2026-09-15,4,6.163,GOOD
390,2026-09-15,5,6.921,GOOD
390,2026-09-15,6,4.357,GOOD
390,2026-09-15,7,,
390,2026-09-15,8,,
390,2026-09-15,9,,
390,2026-09-15,10,5.287,GOOD
390,2026-09-15,11,2.948,GOOD
390,2026-09-15,12,-0.333,GOOD
390,2026-09-15,13,1.216,GOOD
390,2026-09-15,14,2.26,GOOD
390,2026-09-15,15,4.19,GOOD
390,2026-09-15,16,2.699,GOOD
390,2026-09-15,17,3.558,GOOD
390,2026-09-15,18,5.066,GOOD
390,2026-09-15,19,4.746,GOOD
390,2026-09-15,20,3.074,GOOD
390,2026-09-15,21,3.185,GOOD
390,2026-09-15,22,0.728,GOOD
390,2026-09-15,23,1.952,GOOD
390,2026-09-15,24,2.019,GOOD
390,2026-09-16,1,2.99,GOOD
390,2026-09-16,2,1.184,GOOD
390,2026-09-16,3,1.586,GOOD
390,2026-09-16,4,3.336,GOOD
390,2026-09-16,5,1.54,GOOD
390,2026-09-16,6,1.381,GOOD
390,2026-09-16,7,2.695,GOOD
390,2026-09-16,8,4.344,GOOD
390,2026-09-16,9,6.115,GOOD
390,2026-09-16,10,3.63,GOOD
390,2026-09-16,11,3.843,GOOD
390,2026-09-16,12,4.883,GOOD
390,2026-09-16,13,5.797,GOOD
390,2026-09-16,14,5.431,GOOD
390,2026-09-16,15,7.507,GOOD
390,2026-09-16,16,4.28,GOOD
390,2026-09-16,17,2.748,GOOD
390,2026-09-16,18,6.403,GOOD
390,2026-09-16,19,5.014,GOOD
390,2026-09-16,20,3.098,GOOD
390,2026-09-16,21,0.903,GOOD
390,2026-09-16,22,1.824,GOOD
390,2026-09-16,23,3.055,GOOD
390,2026-09-16,24,4.767,GOOD
390,2026-09-17,1,4.32,GOOD
390,2026-09-17,2,2.474,GOOD
390,2026-09-17,3,5.336,GOOD
390,2026-09-17,4,5.432,GOOD
390,2026-09-17,5,4.877,GOOD
390,2026-09-17,6,4.687,GOOD
390,2026-09-17,7,3.356,GOOD
390,2026-09-17,8,1.014,GOOD
390,2026-09-17,9,6.129,GOOD
390,2026-09-17,10,6.254,GOOD
390,2026-09-17,11,5.297,GOOD
390,2026-09-17,12,5.1,GOOD
390,2026-09-17,13,5.74,GOOD
390,2026-09-17,14,5.102,GOOD
390,2026-09-17,15,3.584,GOOD
390,2026-09-17,16,2.433,GOOD
390,2026-09-17,17,3.806,GOOD
390,2026-09-17,18,8.243,GOOD
390,2026-09-17,19,6.342,GOOD
390,2026-09-17,20,5.868,GOOD
390,2026-09-17,21,7.318,GOOD
390,2026-09-17,22,3.365,GOOD
390,2026-09-17,23,1.74,GOOD
390,2026-09-17,24,3.823,GOOD
390,2026-09-18,1,4.875,GOOD
390,2026-09-18,2,4.024,GOOD
390,2026-09-18,3,-0.51,GOOD
390,2026-09-18,4,1.93,GOOD
390,2026-09-18,5,1.107,GOOD
390,2026-09-18,6,3.255,GOOD
390,2026-09-18,7,5.739,GOOD
390,2026-09-18,8,3.2,GOOD
390,2026-09-18,9,4.947,GOOD
390,2026-09-18,10,8.045,GOOD
390,2026-09-18,11,10.712,GOOD
390,2026-09-18,12,5.29,GOOD
390,2026-09-18,13,3.337,GOOD
390,2026-09-18,14,6.616,GOOD
390,2026-09-18,15,5.052,GOOD
390,2026-09-18,16,5.209,GOOD
390,2026-09-18,17,2.754,GOOD
390,2026-09-18,18,2.367,GOOD
390,2026-09-18,19,2.864,GOOD
390,2026-09-18,20,1.696,GOOD
390,2026-09-18,21,7.502,GOOD
390,2026-09-18,22,10.92,GOOD
390,2026-09-18,23,7.887,GOOD
390,2026-09-18,24,6.115,GOOD
390,2026-09-19,1,4.748,GOOD
390,2026-09-19,2,3.708,GOOD
390,2026-09-19,3,3.554,GOOD
390,2026-09-19,4,3.587,GOOD
390,2026-09-19,5,3.227,GOOD
390,2026-09-19,6,0.323,GOOD
390,2026-09-19,7,-1.376,GOOD
390,2026-09-19,8,6.673,GOOD
390,2026-09-19,9,5.172,GOOD
390,2026-09-19,10,5.837,GOOD
390,2026-09-19,11,2.969,GOOD
390,2026-09-19,12,-0.189,GOOD
390,2026-09-19,13,2.643,GOOD
390,2026-09-19,14,3.382,GOOD
390,2026-09-19,15,4.987,GOOD
390,2026-09-19,16,5.144,GOOD
390,2026-09-19,17,5.62,GOOD
390,2026-09-19,18,1.837,GOOD
390,2026-09-19,19,1.956,GOOD
390,2026-09-19,20,2.507,GOOD
390,2026-09-19,21,3.432,GOOD
390,2026-09-19,22,4.565,GOOD
390,2026-09-19,23,7.342,GOOD
390,2026-09-19,24,4.011,GOOD
390,2026-09-20,1,3.252,GOOD
390,2026-09-20,2,4.262,GOOD
390,2026-09-20,3,7.675,GOOD
390,2026-09-20,4,5.372,GOOD
390,2026-09-20,5,2.682,GOOD
390,2026-09-20,6,1.499,GOOD
390,2026-09-20,7,2.366,GOOD
390,2026-09-20,8,2.346,GOOD
390,2026-09-20,9,0.916,GOOD
390,2026-09-20,10,3.823,GOOD
390,2026-09-20,11,1.509,GOOD
390,2026-09-20,12,1.085,GOOD
390,2026-09-20,13,1.837,GOOD
390,2026-09-20,14,2.455,GOOD
390,2026-09-20,15,2.706,GOOD
390,2026-09-20,16,2.576,GOOD
390,2026-09-20,17,2.597,GOOD
390,2026-09-20,18,0.708,GOOD
390,2026-09-20,19,-0.243,GOOD
390,2026-09-20,20,2.43,GOOD
390,2026-09-20,21,4.93,GOOD
390,2026-09-20,22,2.983,GOOD
390,2026-09-20,23,4.433,GOOD
390,2026-09-20,24,4.828,GOOD
390,2026-09-21,1,10.066,GOOD
390,2026-09-21,2,6.875,GOOD
390,2026-09-21,3,5.428,GOOD
390,2026-09-21,4,7.758,GOOD
390,2026-09-21,5,1.953,GOOD
390,2026-09-21,6,-1.567,GOOD
390,2026-09-21,7,3.032,GOOD
390,2026-09-21,8,4.735,GOOD
390,2026-09-21,9,6.247,GOOD
390,2026-09-21,10,4.71,GOOD
390,2026-09-21,11,0.731,GOOD
390,2026-09-21,12,2.404,GOOD
390,2026-09-21,13,1.238,GOOD
390,2026-09-21,14,1.679,GOOD
390,2026-09-21,15,2.146,GOOD
390,2026-09-21,16,3.497,GOOD
390,2026-09-21,17,2.669,GOOD
390,2026-09-21,18,2.957,GOOD
390,2026-09-21,19,4.234,GOOD
390,2026-09-21,20,2.507,GOOD
390,2026-09-21,21,4.855,GOOD
390,2026-09-21,22,4.673,GOOD
390,2026-09-21,23,1.861,GOOD
390,2026-09-21,24,6.24,GOOD
390,2026-09-22,1,6.563,GOOD
390,2026-09-22,2,9.86,GOOD
390,2026-09-22,3,12.443,GOOD
390,2026-09-22,4,15.363,GOOD
390,2026-09-22,5,14.434,GOOD
390,2026-09-22,6,12.738,GOOD
390,2026-09-22,7,12.595,GOOD
390,2026-09-22,8,11.219,GOOD
390,2026-09-22,9,10.649,GOOD
390,2026-09-22,10,10.978,GOOD
390,2026-09-22,11,15.39,GOOD
390,2026-09-22,12,19.226,GOOD
390,2026-09-22,13,27.262,FAIR
390,2026-09-22,14,27.915,FAIR
390,2026-09-22,15,25.689,FAIR
390,2026-09-22,16,20.037,GOOD
390,2026-09-22,17,19.678,GOOD
390,2026-09-22,18,20.631,GOOD
390,2026-09-22,19,19.467,GOOD
390,2026-09-22,20,17.252,GOOD
390,2026-09-22,21,9.987,GOOD
390,2026-09-22,22,6.28,GOOD
390,2026-09-22,23,6.702,GOOD
390,2026-09-22,24,6.666,GOOD
390,2026-09-23,1,6.522,GOOD
390,2026-09-23,2,4.062,GOOD
390,2026-09-23,3,6.516,GOOD
390,2026-09-23,4,8.418,GOOD
390,2026-09-23,5,9.439,GOOD
390,2026-09-23,6,6.733,GOOD
390,2026-09-23,7,5.122,GOOD
390,2026-09-23,8,8.517,GOOD
390,2026-09-23,9,13.329,GOOD
390,2026-09-23,10,15.377,GOOD
390,2026-09-23,11,11.711,GOOD
390,2026-09-23,12,12.459,GOOD
390,2026-09-23,13,14.86,GOOD
390,2026-09-23,14,15.233,GOOD
390,2026-09-23,15,14.997,GOOD
390,2026-09-23,16,15.976,GOOD
390,2026-09-23,17,15.023,GOOD
390,2026-09-23,18,12.908,GOOD
390,2026-09-23,19,12.657,GOOD
390,2026-09-23,20,17.424,GOOD
390,2026-09-23,21,16.602,GOOD
390,2026-09-23,22,11.862,GOOD
390,2026-09-23,23,8.845,GOOD
390,2026-09-23,24,10.055,GOOD
390,2026-09-24,1,10.948,GOOD
390,2026-09-24,2,9.015,GOOD
390,2026-09-24,3,11.14,GOOD
390,2026-09-24,4,12.356,GOOD
390,2026-09-24,5,8.794,GOOD
390,2026-09-24,6,10.531,GOOD
390,2026-09-24,7,10.327,GOOD
390,2026-09-24,8,10.446,GOOD
390,2026-09-24,9,13.242,GOOD
390,2026-09-24,10,7.702,GOOD
390,2026-09-24,11,8.208,GOOD
390,2026-09-24,12,8.854,GOOD
390,2026-09-24,13,8.804,GOOD
390,2026-09-24,14,10.961,GOOD
390,2026-09-24,15,9.303,GOOD
390,2026-09-24,16,7.86,GOOD
390,2026-09-24,17,10.69,GOOD
390,2026-09-24,18,11.909,GOOD
390,2026-09-24,19,9.509,GOOD
390,2026-09-24,20,8.234,GOOD
390,2026-09-24,21,7.444,GOOD
390,2026-09-24,22,7.52,GOOD
390,2026-09-24,23,8.005,GOOD
390,2026-09-24,24,5.342,GOOD
390,2026-09-25,1,7.424,GOOD
390,2026-09-25,2,10.803,GOOD
390,2026-09-25,3,9.838,GOOD
390,2026-09-25,4,3.885,GOOD
390,2026-09-25,5,3.067,GOOD
390,2026-09-25,6,5.029,GOOD
390,2026-09-25,7,4.857,GOOD
390,2026-09-25,8,6.41,GOOD
390,2026-09-25,9,9.646,GOOD
390,2026-09-25,10,8.329,GOOD
390,2026-09-25,11,6.24,GOOD
390,2026-09-25,12,6.666,GOOD
390,2026-09-25,13,5.325,GOOD
390,2026-09-25,14,8.526,GOOD
390,2026-09-25,15,8.78,GOOD
390,2026-09-25,16,7.864,GOOD
390,2026-09-25,17,9.813,GOOD
390,2026-09-25,18,8.765,GOOD
390,2026-09-25,19,7.153,GOOD
390,2026-09-25,20,10.548,GOOD
390,2026-09-25,21,7.596,GOOD
390,2026-09-25,22,7.645,GOOD
390,2026-09-25,23,9.418,GOOD
390,2026-09-25,24,8.61,GOOD
390,2026-09-26,1,10.44,GOOD
390,2026-09-26,2,11.67,GOOD
390,2026-09-26,3,11.186,GOOD
390,2026-09-26,4,7.178,GOOD
390,2026-09-26,5,7.075,GOOD
390,2026-09-26,6,7.811,GOOD
390,2026-09-26,7,6.658,GOOD
390,2026-09-26,8,6.612,GOOD
390,2026-09-26,9,4.015,GOOD
390,2026-09-26,10,3.218,GOOD
390,2026-09-26,11,6.491,GOOD
390,2026-09-26,12,4.696,GOOD
390,2026-09-26,13,4.172,GOOD
390,2026-09-26,14,5.564,GOOD
390,2026-09-26,15,6.945,GOOD
390,2026-09-26,16,6.128,GOOD
390,2026-09-26,17,7.042,GOOD
390,2026-09-26,18,2.791,GOOD
390,2026-09-26,19,6.303,GOOD
390,2026-09-26,20,7.204,GOOD
390,2026-09-26,21,6.75,GOOD
390,2026-09-26,22,5.684,GOOD
390,2026-09-26,23,6.127,GOOD
390,2026-09-26,24,5.78,GOOD
390,2026-09-27,1,9.251,GOOD
390,2026-09-27,2,9.315,GOOD
390,2026-09-27,3,9.211,GOOD
390,2026-09-27,4,11.824,GOOD
390,2026-09-27,5,5.967,GOOD
390,2026-09-27,6,8.015,GOOD
390,2026-09-27,7,4.476,GOOD
390,2026-09-27,8,5.453,GOOD
390,2026-09-27,9,5.852,GOOD
390,2026-09-27,10,7.748,GOOD
390,2026-09-27,11,6.288,GOOD
390,2026-09-27,12,7.263,GOOD
390,2026-09-27,13,7.416,GOOD
390,2026-09-27,14,4.89,GOOD
390,2026-09-27,15,4.111,GOOD
390,2026-09-27,16,5.491,GOOD
390,2026-09-27,17,6.545,GOOD
390,2026-09-27,18,4.356,GOOD
390,2026-09-27,19,5.57,GOOD
390,2026-09-27,20,17.64,GOOD
390,2026-09-27,21,12.985,GOOD
390,2026-09-27,22,4.122,GOOD
390,2026-09-27,23,5.774,GOOD
390,2026-09-27,24,3.664,GOOD
390,2026-09-28,1,3.378,GOOD
390,2026-09-28,2,4.45,GOOD
390,2026-09-28,3,3.306,GOOD
390,2026-09-28,4,1.642,GOOD
390,2026-09-28,5,2.173,GOOD
390,2026-09-28,6,2.383,GOOD
390,2026-09-28,7,0.338,GOOD
390,2026-09-28,8,2.334,GOOD
390,2026-09-28,9,1.572,GOOD
390,2026-09-28,10,4.069,GOOD
390,2026-09-28,11,8.677,GOOD
390,2026-09-28,12,7,GOOD
390,2026-09-28,13,3.268,GOOD
390,2026-09-28,14,2.47,GOOD
390,2026-09-28,15,5.261,GOOD
390,2026-09-28,16,2.255,GOOD
390,2026-09-28,17,5.581,GOOD
390,2026-09-28,18,4.656,GOOD
390,2026-09-28,19,3.831,GOOD
390,2026-09-28,20,3.16,GOOD
390,2026-09-28,21,1.117,GOOD
390,2026-09-28,22,2.977,GOOD
390,2026-09-28,23,0.524,GOOD
390,2026-09-28,24,4.438,GOOD
390,2026-09-29,1,1.259,GOOD
390,2026-09-29,2,3.608,GOOD
390,2026-09-29,3,2.273,GOOD
390,2026-09-29,4,2.627,GOOD
390,2026-09-29,5,2.494,GOOD
390,2026-09-29,6,1.592,GOOD
390,2026-09-29,7,2.497,GOOD
390,2026-09-29,8,3.283,GOOD
390,2026-09-29,9,2.916,GOOD
390,2026-09-29,10,-2.883,GOOD
390,2026-09-29,11,0.163,GOOD
390,2026-09-29,12,1.422,GOOD
390,2026-09-29,13,0.3,GOOD
390,2026-09-29,14,2.641,GOOD
390,2026-09-29,15,2.567,GOOD
390,2026-09-29,16,3.045,GOOD
390,2026-09-29,17,3.979,GOOD
390,2026-09-29,18,5.737,GOOD
390,2026-09-29,19,3.445,GOOD
390,2026-09-29,20,0.424,GOOD
390,2026-09-29,21,5.913,GOOD
390,2026-09-29,22,5.892,GOOD
390,2026-09-29,23,3.491,GOOD
390,2026-09-29,24,1.98,GOOD
390,2026-09-30,1,4.071,GOOD
390,2026-09-30,2,1.563,GOOD
390,2026-09-30,3,4.384,GOOD
390,2026-09-30,4,3.43,GOOD
390,2026-09-30,5,2.702,GOOD
390,2026-09-30,6,2.551,GOOD
390,2026-09-30,7,4.258,GOOD
390,2026-09-30,8,4.495,GOOD
390,2026-09-30,9,4.703,GOOD
390,2026-09-30,10,9.837,GOOD
390,2026-09-30,11,-2.363,GOOD
390,2026-09-30,12,3.113,GOOD
390,2026-09-30,13,5.576,GOOD
390,2026-09-30,14,2.415,GOOD
390,2026-09-30,15,1.963,GOOD
390,2026-09-30,16,6.434,GOOD
390,2026-09-30,17,3.479,GOOD
390,2026-09-30,18,1.898,GOOD
390,2026-09-30,19,2.056,GOOD
390,2026-09-30,20,,
390,2026-09-30,21,5.11,GOOD
390,2026-09-30,22,2.585,GOOD
390,2026-09-30,23,2.791,GOOD
390,2026-09-30,24,0.476,GOOD
500,2026-09-01,1,6.436,GOOD
500,2026-09-01,2,4.872,GOOD
500,2026-09-01,3,6.699,GOOD
500,2026-09-01,4,8.892,GOOD
500,2026-09-01,5,5.168,GOOD
500,2026-09-01,6,5.531,GOOD
500,2026-09-01,7,10.853,GOOD
500,2026-09-01,8,9.559,GOOD
500,2026-09-01,9,12.21,GOOD
500,2026-09-01,10,18.2,GOOD
500,2026-09-01,11,8.166,GOOD
500,2026-09-01,12,1.163,GOOD
500,2026-09-01,13,,
500,2026-09-01,14,,
500,2026-09-01,15,9.362,GOOD
500,2026-09-01,16,26.499,FAIR
500,2026-09-01,17,26.575,FAIR
500,2026-09-01,18,21.297,GOOD
500,2026-09-01,19,22.217,GOOD
500,2026-09-01,20,18.954,GOOD
500,2026-09-01,21,15.084,GOOD
500,2026-09-01,22,2.425,GOOD
500,2026-09-01,23,-6.697,GOOD
500,2026-09-01,24,0.337,GOOD
500,2026-09-02,1,0.815,GOOD
500,2026-09-02,2,2.631,GOOD
500,2026-09-02,3,2.918,GOOD
500,2026-09-02,4,4.55,GOOD
500,2026-09-02,5,3.609,GOOD
500,2026-09-02,6,5.659,GOOD
500,2026-09-02,7,8.374,GOOD
500,2026-09-02,8,7.467,GOOD
500,2026-09-02,9,5.779,GOOD
500,2026-09-02,10,2.685,GOOD
500,2026-09-02,11,8.115,GOOD
500,2026-09-02,12,8.562,GOOD
500,2026-09-02,13,10.668,GOOD
500,2026-09-02,14,6.953,GOOD
500,2026-09-02,15,-1.701,GOOD
500,2026-09-02,16,-1.813,GOOD
500,2026-09-02,17,3.835,GOOD
500,2026-09-02,18,4.743,GOOD
500,2026-09-02,19,6.31,GOOD
500,2026-09-02,20,5.679,GOOD
500,2026-09-02,21,4.109,GOOD
500,2026-09-02,22,0.507,GOOD
500,2026-09-02,23,-0.255,GOOD
500,2026-09-02,24,0.266,GOOD
500,2026-09-03,1,-0.709,GOOD
500,2026-09-03,2,1.995,GOOD
500,2026-09-03,3,5.97,GOOD
500,2026-09-03,4,6.734,GOOD
500,2026-09-03,5,5.958,GOOD
500,2026-09-03,6,8.421,GOOD
500,2026-09-03,7,5.477,GOOD
500,2026-09-03,8,7.222,GOOD
500,2026-09-03,9,5.825,GOOD
500,2026-09-03,10,7.828,GOOD
500,2026-09-03,11,8.681,GOOD
500,2026-09-03,12,6.679,GOOD
500,2026-09-03,13,1.181,GOOD
500,2026-09-03,14,,
500,2026-09-03,15,-6.249,GOOD
500,2026-09-03,16,-7.133,GOOD
500,2026-09-03,17,-2.214,GOOD
500,2026-09-03,18,2.479,GOOD
500,2026-09-03,19,0.044,GOOD
500,2026-09-03,20,2.1,GOOD
500,2026-09-03,21,6.133,GOOD
500,2026-09-03,22,6.222,GOOD
500,2026-09-03,23,0.4,GOOD
500,2026-09-03,24,0.391,GOOD
500,2026-09-04,1,-1.418,GOOD
500,2026-09-04,2,0.329,GOOD
500,2026-09-04,3,-0.204,GOOD
500,2026-09-04,4,-0.13,GOOD
500,2026-09-04,5,-2.417,GOOD
500,2026-09-04,6,2.439,GOOD
500,2026-09-04,7,12.607,GOOD
500,2026-09-04,8,12.819,GOOD
500,2026-09-04,9,3.276,GOOD
500,2026-09-04,10,5.6,GOOD
500,2026-09-04,11,1.289,GOOD
500,2026-09-04,12,3.539,GOOD
500,2026-09-04,13,12.668,GOOD
500,2026-09-04,14,14.497,GOOD
500,2026-09-04,15,5.291,GOOD
500,2026-09-04,16,5.504,GOOD
500,2026-09-04,17,8.074,GOOD
500,2026-09-04,18,7.419,GOOD
500,2026-09-04,19,7.102,GOOD
500,2026-09-04,20,11.442,GOOD
500,2026-09-04,21,10.861,GOOD
500,2026-09-04,22,12.377,GOOD
500,2026-09-04,23,12.943,GOOD
500,2026-09-04,24,0.115,GOOD
500,2026-09-05,1,-4.057,GOOD
500,2026-09-05,2,-1.695,GOOD
500,2026-09-05,3,4.079,GOOD
500,2026-09-05,4,2.777,GOOD
500,2026-09-05,5,7.118,GOOD
500,2026-09-05,6,4.998,GOOD
500,2026-09-05,7,4.487,GOOD
500,2026-09-05,8,4.163,GOOD
500,2026-09-05,9,4.879,GOOD
500,2026-09-05,10,3.793,GOOD
500,2026-09-05,11,5.311,GOOD
500,2026-09-05,12,6.724,GOOD
500,2026-09-05,13,14.013,GOOD
500,2026-09-05,14,19.916,GOOD
500,2026-09-05,15,27.791,FAIR
500,2026-09-05,16,8.923,GOOD
500,2026-09-05,17,-1.257,GOOD
500,2026-09-05,18,-2.79,GOOD
500,2026-09-05,19,-2.392,GOOD
500,2026-09-05,20,1.266,GOOD
500,2026-09-05,21,5.113,GOOD
500,2026-09-05,22,5.322,GOOD
500,2026-09-05,23,4.534,GOOD
500,2026-09-05,24,-0.869,GOOD
500,2026-09-06,1,2.011,GOOD
500,2026-09-06,2,0.259,GOOD
500,2026-09-06,3,-8.36,GOOD
500,2026-09-06,4,-7.514,GOOD
500,2026-09-06,5,-9.411,GOOD
500,2026-09-06,6,-0.955,GOOD
500,2026-09-06,7,-2.191,GOOD
500,2026-09-06,8,-0.577,GOOD
500,2026-09-06,9,0.543,GOOD
500,2026-09-06,10,1.223,GOOD
500,2026-09-06,11,-1.132,GOOD
500,2026-09-06,12,1.077,GOOD
500,2026-09-06,13,-2.501,GOOD
500,2026-09-06,14,-2.13,GOOD
500,2026-09-06,15,1.961,GOOD
500,2026-09-06,16,12.165,GOOD
500,2026-09-06,17,9.264,GOOD
500,2026-09-06,18,11.318,GOOD
500,2026-09-06,19,15.934,GOOD
500,2026-09-06,20,12.666,GOOD
500,2026-09-06,21,8.155,GOOD
500,2026-09-06,22,7.665,GOOD
500,2026-09-06,23,6.366,GOOD
500,2026-09-06,24,3.453,GOOD
500,2026-09-07,1,4.831,GOOD
500,2026-09-07,2,4.673,GOOD
500,2026-09-07,3,1.291,GOOD
500,2026-09-07,4,4.527,GOOD
500,2026-09-07,5,8.548,GOOD
500,2026-09-07,6,6.952,GOOD
500,2026-09-07,7,3.916,GOOD
500,2026-09-07,8,1.039,GOOD
500,2026-09-07,9,2.111,GOOD
500,2026-09-07,10,12.684,GOOD
500,2026-09-07,11,10.185,GOOD
500,2026-09-07,12,-3.597,GOOD
500,2026-09-07,13,-0.889,GOOD
500,2026-09-07,14,7.008,GOOD
500,2026-09-07,15,10.669,GOOD
500,2026-09-07,16,13.813,GOOD
500,2026-09-07,17,11.849,GOOD
500,2026-09-07,18,5.246,GOOD
500,2026-09-07,19,5.8,GOOD
500,2026-09-07,20,4.992,GOOD
500,2026-09-07,21,10.487,GOOD
500,2026-09-07,22,9.23,GOOD
500,2026-09-07,23,9.413,GOOD
500,2026-09-07,24,-0.26,GOOD
500,2026-09-08,1,-1.587,GOOD
500,2026-09-08,2,-6.574,GOOD
500,2026-09-08,3,-8.885,GOOD
500,2026-09-08,4,-7.784,GOOD
500,2026-09-08,5,-1.143,GOOD
500,2026-09-08,6,4.14,GOOD
500,2026-09-08,7,3.315,GOOD
500,2026-09-08,8,4.055,GOOD
500,2026-09-08,9,4.263,GOOD
500,2026-09-08,10,4.394,GOOD
500,2026-09-08,11,7.486,GOOD
500,2026-09-08,12,10.494,GOOD
500,2026-09-08,13,7.453,GOOD
500,2026-09-08,14,4.823,GOOD
500,2026-09-08,15,5.763,GOOD
500,2026-09-08,16,1.251,GOOD
500,2026-09-08,17,,
500,2026-09-08,18,,
500,2026-09-08,19,,
500,2026-09-08,20,,
500,2026-09-08,21,,
500,2026-09-08,22,,
500,2026-09-08,23,,
500,2026-09-08,24,,
500,2026-09-09,1,,
500,2026-09-09,2,,
500,2026-09-09,3,,
500,2026-09-09,4,,
500,2026-09-09,5,,
500,2026-09-09,6,,
500,2026-09-09,7,,
500,2026-09-09,8,,
500,2026-09-09,9,,
500,2026-09-09,10,,
500,2026-09-09,11,,
500,2026-09-09,12,,
500,2026-09-09,13,,
500,2026-09-09,14,,
500,2026-09-09,15,,
500,2026-09-09,16,,
500,2026-09-09,17,,
500,2026-09-09,18,,
500,2026-09-09,19,,
500,2026-09-09,20,,
500,2026-09-09,21,,
500,2026-09-09,22,,
500,2026-09-09,23,,
500,2026-09-09,24,,
500,2026-09-10,1,,
500,2026-09-10,2,,
500,2026-09-10,3,,
500,2026-09-10,4,,
500,2026-09-10,5,,
500,2026-09-10,6,,
500,2026-09-10,7,,
500,2026-09-10,8,,
500,2026-09-10,9,,
500,2026-09-10,10,,
500,2026-09-10,11,,
500,2026-09-10,12,8.55,GOOD
500,2026-09-10,13,12.8,GOOD
500,2026-09-10,14,8.831,GOOD
500,2026-09-10,15,10.558,GOOD
500,2026-09-10,16,12.875,GOOD
500,2026-09-10,17,9.256,GOOD
500,2026-09-10,18,8.928,GOOD
500,2026-09-10,19,6.894,GOOD
500,2026-09-10,20,9.233,GOOD
500,2026-09-10,21,11.789,GOOD
500,2026-09-10,22,10.406,GOOD
500,2026-09-10,23,9.235,GOOD
500,2026-09-10,24,7.648,GOOD
500,2026-09-11,1,8.546,GOOD
500,2026-09-11,2,2.77,GOOD
500,2026-09-11,3,5.812,GOOD
500,2026-09-11,4,3.85,GOOD
500,2026-09-11,5,3.107,GOOD
500,2026-09-11,6,4.439,GOOD
500,2026-09-11,7,9.04,GOOD
500,2026-09-11,8,10.013,GOOD
500,2026-09-11,9,13.477,GOOD
500,2026-09-11,10,17.688,GOOD
500,2026-09-11,11,12.638,GOOD
500,2026-09-11,12,7.077,GOOD
500,2026-09-11,13,2.82,GOOD
500,2026-09-11,14,7.206,GOOD
500,2026-09-11,15,9.929,GOOD
500,2026-09-11,16,10.393,GOOD
500,2026-09-11,17,10.413,GOOD
500,2026-09-11,18,11.523,GOOD
500,2026-09-11,19,13.501,GOOD
500,2026-09-11,20,20.366,GOOD
500,2026-09-11,21,20.582,GOOD
500,2026-09-11,22,17.005,GOOD
500,2026-09-11,23,10.653,GOOD
500,2026-09-11,24,9.301,GOOD
500,2026-09-12,1,18.189,GOOD
500,2026-09-12,2,9.821,GOOD
500,2026-09-12,3,7.26,GOOD
500,2026-09-12,4,1.771,GOOD
500,2026-09-12,5,-1.832,GOOD
500,2026-09-12,6,-1.06,GOOD
500,2026-09-12,7,1.811,GOOD
500,2026-09-12,8,1.372,GOOD
500,2026-09-12,9,4.793,GOOD
500,2026-09-12,10,12.772,GOOD
500,2026-09-12,11,7.637,GOOD
500,2026-09-12,12,6.004,GOOD
500,2026-09-12,13,5.869,GOOD
500,2026-09-12,14,13.047,GOOD
500,2026-09-12,15,24.202,GOOD
500,2026-09-12,16,18.236,GOOD
500,2026-09-12,17,10.776,GOOD
500,2026-09-12,18,7.215,GOOD
500,2026-09-12,19,6.536,GOOD
500,2026-09-12,20,9.092,GOOD
500,2026-09-12,21,11.623,GOOD
500,2026-09-12,22,10.366,GOOD
500,2026-09-12,23,5.507,GOOD
500,2026-09-12,24,8.463,GOOD
500,2026-09-13,1,14.068,GOOD
500,2026-09-13,2,15.191,GOOD
500,2026-09-13,3,13.969,GOOD
500,2026-09-13,4,10.907,GOOD
500,2026-09-13,5,2.497,GOOD
500,2026-09-13,6,7.312,GOOD
500,2026-09-13,7,13.682,GOOD
500,2026-09-13,8,12.903,GOOD
500,2026-09-13,9,21.201,GOOD
500,2026-09-13,10,20.919,GOOD
500,2026-09-13,11,13.059,GOOD
500,2026-09-13,12,10.14,GOOD
500,2026-09-13,13,15.663,GOOD
500,2026-09-13,14,18.807,GOOD
500,2026-09-13,15,16.509,GOOD
500,2026-09-13,16,11.946,GOOD
500,2026-09-13,17,7.144,GOOD
500,2026-09-13,18,8.987,GOOD
500,2026-09-13,19,7.946,GOOD
500,2026-09-13,20,7.862,GOOD
500,2026-09-13,21,14.961,GOOD
500,2026-09-13,22,17.34,GOOD
500,2026-09-13,23,9.718,GOOD
500,2026-09-13,24,2.606,GOOD
500,2026-09-14,1,4.954,GOOD
500,2026-09-14,2,9.425,GOOD
500,2026-09-14,3,14.474,GOOD
500,2026-09-14,4,13.473,GOOD
500,2026-09-14,5,6.525,GOOD
500,2026-09-14,6,6.651,GOOD
500,2026-09-14,7,11.355,GOOD
500,2026-09-14,8,14.807,GOOD
500,2026-09-14,9,13.618,GOOD
500,2026-09-14,10,1.586,GOOD
500,2026-09-14,11,2.712,GOOD
500,2026-09-14,12,6.828,GOOD
500,2026-09-14,13,11.878,GOOD
500,2026-09-14,14,17.603,GOOD
500,2026-09-14,15,23.648,GOOD
500,2026-09-14,16,24.046,GOOD
500,2026-09-14,17,19.662,GOOD
500,2026-09-14,18,14.51,GOOD
500,2026-09-14,19,12.406,GOOD
500,2026-09-14,20,13.48,GOOD
500,2026-09-14,21,17.471,GOOD
500,2026-09-14,22,23.409,GOOD
500,2026-09-14,23,14.886,GOOD
500,2026-09-14,24,6.466,GOOD
500,2026-09-15,1,4.619,GOOD
500,2026-09-15,2,1.53,GOOD
500,2026-09-15,3,-0.665,GOOD
500,2026-09-15,4,5.73,GOOD
500,2026-09-15,5,6.208,GOOD
500,2026-09-15,6,6.673,GOOD
500,2026-09-15,7,6.962,GOOD
500,2026-09-15,8,3.296,GOOD
500,2026-09-15,9,-1.157,GOOD
500,2026-09-15,10,,
500,2026-09-15,11,,
500,2026-09-15,12,,
500,2026-09-15,13,,
500,2026-09-15,14,,
500,2026-09-15,15,,
500,2026-09-15,16,,
500,2026-09-15,17,,
500,2026-09-15,18,,
500,2026-09-15,19,,
500,2026-09-15,20,,
500,2026-09-15,21,,
500,2026-09-15,22,,
500,2026-09-15,23,,
500,2026-09-15,24,,
500,2026-09-16,1,,
500,2026-09-16,2,,
500,2026-09-16,3,,
500,2026-09-16,4,,
500,2026-09-16,5,,
500,2026-09-16,6,,
500,2026-09-16,7,,
500,2026-09-16,8,,
500,2026-09-16,9,,
500,2026-09-16,10,,
500,2026-09-16,11,,
500,2026-09-16,12,-0.091,GOOD
500,2026-09-16,13,0.626,GOOD
500,2026-09-16,14,5.015,GOOD
500,2026-09-16,15,7.524,GOOD
500,2026-09-16,16,5.561,GOOD
500,2026-09-16,17,7.358,GOOD
500,2026-09-16,18,7.898,GOOD
500,2026-09-16,19,9.007,GOOD
500,2026-09-16,20,3.327,GOOD
500,2026-09-16,21,6.491,GOOD
500,2026-09-16,22,8.969,GOOD
500,2026-09-16,23,6.16,GOOD
500,2026-09-16,24,3.98,GOOD
500,2026-09-17,1,2.807,GOOD
500,2026-09-17,2,2.759,GOOD
500,2026-09-17,3,2.317,GOOD
500,2026-09-17,4,2.854,GOOD
500,2026-09-17,5,0.648,GOOD
500,2026-09-17,6,0.548,GOOD
500,2026-09-17,7,3.864,GOOD
500,2026-09-17,8,7.07,GOOD
500,2026-09-17,9,5.717,GOOD
500,2026-09-17,10,3.516,GOOD
500,2026-09-17,11,5.401,GOOD
500,2026-09-17,12,3.52,GOOD
500,2026-09-17,13,6.299,GOOD
500,2026-09-17,14,6.503,GOOD
500,2026-09-17,15,5.029,GOOD
500,2026-09-17,16,6.963,GOOD
500,2026-09-17,17,4.744,GOOD
500,2026-09-17,18,6.207,GOOD
500,2026-09-17,19,4.268,GOOD
500,2026-09-17,20,8.901,GOOD
500,2026-09-17,21,8.335,GOOD
500,2026-09-17,22,7.241,GOOD
500,2026-09-17,23,10.985,GOOD
500,2026-09-17,24,10.256,GOOD
500,2026-09-18,1,6.158,GOOD
500,2026-09-18,2,5.454,GOOD
500,2026-09-18,3,1.614,GOOD
500,2026-09-18,4,1.388,GOOD
500,2026-09-18,5,12.064,GOOD
500,2026-09-18,6,18.604,GOOD
500,2026-09-18,7,9.664,GOOD
500,2026-09-18,8,6.904,GOOD
500,2026-09-18,9,11.514,GOOD
500,2026-09-18,10,13.471,GOOD
500,2026-09-18,11,3.765,GOOD
500,2026-09-18,12,0.716,GOOD
500,2026-09-18,13,1.51,GOOD
500,2026-09-18,14,5.771,GOOD
500,2026-09-18,15,9.38,GOOD
500,2026-09-18,16,6.417,GOOD
500,2026-09-18,17,5.482,GOOD
500,2026-09-18,18,7.253,GOOD
500,2026-09-18,19,11.43,GOOD
500,2026-09-18,20,11.274,GOOD
500,2026-09-18,21,9.134,GOOD
500,2026-09-18,22,9.925,GOOD
500,2026-09-18,23,12.893,GOOD
500,2026-09-18,24,3.197,GOOD
500,2026-09-19,1,-4.807,GOOD
500,2026-09-19,2,-4.931,GOOD
500,2026-09-19,3,-6.944,GOOD
500,2026-09-19,4,0.189,GOOD
500,2026-09-19,5,1.413,GOOD
500,2026-09-19,6,4.117,GOOD
500,2026-09-19,7,6.13,GOOD
500,2026-09-19,8,1.15,GOOD
500,2026-09-19,9,-1.258,GOOD
500,2026-09-19,10,1.425,GOOD
500,2026-09-19,11,1.283,GOOD
500,2026-09-19,12,2.744,GOOD
500,2026-09-19,13,10.636,GOOD
500,2026-09-19,14,15.636,GOOD
500,2026-09-19,15,17.016,GOOD
500,2026-09-19,16,8.486,GOOD
500,2026-09-19,17,3.882,GOOD
500,2026-09-19,18,1.117,GOOD
500,2026-09-19,19,2.345,GOOD
500,2026-09-19,20,0.772,GOOD
500,2026-09-19,21,-0.968,GOOD
500,2026-09-19,22,-1.398,GOOD
500,2026-09-19,23,2.193,GOOD
500,2026-09-19,24,1.299,GOOD
500,2026-09-20,1,2.179,GOOD
500,2026-09-20,2,6.337,GOOD
500,2026-09-20,3,10.651,GOOD
500,2026-09-20,4,,
500,2026-09-20,5,23.103,GOOD
500,2026-09-20,6,34.601,FAIR
500,2026-09-20,7,11.24,GOOD
500,2026-09-20,8,5.04,GOOD
500,2026-09-20,9,10.176,GOOD
500,2026-09-20,10,-0.744,GOOD
500,2026-09-20,11,-3.77,GOOD
500,2026-09-20,12,,
500,2026-09-20,13,-3.316,GOOD
500,2026-09-20,14,6.214,GOOD
500,2026-09-20,15,11.493,GOOD
500,2026-09-20,16,7.399,GOOD
500,2026-09-20,17,4.926,GOOD
500,2026-09-20,18,9.842,GOOD
500,2026-09-20,19,12.535,GOOD
500,2026-09-20,20,12.943,GOOD
500,2026-09-20,21,8.068,GOOD
500,2026-09-20,22,-6.487,GOOD
500,2026-09-20,23,0.773,GOOD
500,2026-09-20,24,-0.063,GOOD
500,2026-09-21,1,-2.216,GOOD
500,2026-09-21,2,-2.35,GOOD
500,2026-09-21,3,1.452,GOOD
500,2026-09-21,4,1.779,GOOD
500,2026-09-21,5,0.701,GOOD
500,2026-09-21,6,2.588,GOOD
500,2026-09-21,7,3.658,GOOD
500,2026-09-21,8,4.554,GOOD
500,2026-09-21,9,5.765,GOOD
500,2026-09-21,10,5.901,GOOD
500,2026-09-21,11,,
500,2026-09-21,12,19.232,GOOD
500,2026-09-21,13,19.787,GOOD
500,2026-09-21,14,21.153,GOOD
500,2026-09-21,15,14.417,GOOD
500,2026-09-21,16,13.153,GOOD
500,2026-09-21,17,13.752,GOOD
500,2026-09-21,18,6.804,GOOD
500,2026-09-21,19,8.306,GOOD
500,2026-09-21,20,10.438,GOOD
500,2026-09-21,21,13.019,GOOD
500,2026-09-21,22,15.159,GOOD
500,2026-09-21,23,9.861,GOOD
500,2026-09-21,24,5.614,GOOD
500,2026-09-22,1,6.211,GOOD
500,2026-09-22,2,4.138,GOOD
500,2026-09-22,3,3.795,GOOD
500,2026-09-22,4,3.79,GOOD
500,2026-09-22,5,5.868,GOOD
500,2026-09-22,6,6.661,GOOD
500,2026-09-22,7,3.459,GOOD
500,2026-09-22,8,3.443,GOOD
500,2026-09-22,9,5.942,GOOD
500,2026-09-22,10,7.907,GOOD
500,2026-09-22,11,8.432,GOOD
500,2026-09-22,12,7.812,GOOD
500,2026-09-22,13,5.829,GOOD
500,2026-09-22,14,-0.433,GOOD
500,2026-09-22,15,-3.787,GOOD
500,2026-09-22,16,1.357,GOOD
500,2026-09-22,17,5.737,GOOD
500,2026-09-22,18,5.1,GOOD
500,2026-09-22,19,18.886,GOOD
500,2026-09-22,20,13.462,GOOD
500,2026-09-22,21,6.275,GOOD
500,2026-09-22,22,2.459,GOOD
500,2026-09-22,23,-0.422,GOOD
500,2026-09-22,24,3.864,GOOD
500,2026-09-23,1,4.092,GOOD
500,2026-09-23,2,1.311,GOOD
500,2026-09-23,3,2.473,GOOD
500,2026-09-23,4,2.806,GOOD
500,2026-09-23,5,-2.563,GOOD
500,2026-09-23,6,-1.639,GOOD
500,2026-09-23,7,-1.109,GOOD
500,2026-09-23,8,5.31,GOOD
500,2026-09-23,9,7.452,GOOD
500,2026-09-23,10,4.763,GOOD
500,2026-09-23,11,2.837,GOOD
500,2026-09-23,12,3.887,GOOD
500,2026-09-23,13,5.018,GOOD
500,2026-09-23,14,4.727,GOOD
500,2026-09-23,15,-5.525,GOOD
500,2026-09-23,16,-3.485,GOOD
500,2026-09-23,17,4.602,GOOD
500,2026-09-23,18,10.317,GOOD
500,2026-09-23,19,11.194,GOOD
500,2026-09-23,20,12.477,GOOD
500,2026-09-23,21,10.284,GOOD
500,2026-09-23,22,8.768,GOOD
500,2026-09-23,23,10.813,GOOD
500,2026-09-23,24,9.68,GOOD
500,2026-09-24,1,8.201,GOOD
500,2026-09-24,2,4.905,GOOD
500,2026-09-24,3,2.73,GOOD
500,2026-09-24,4,0.134,GOOD
500,2026-09-24,5,-3.491,GOOD
500,2026-09-24,6,-3.937,GOOD
500,2026-09-24,7,3.296,GOOD
500,2026-09-24,8,3.55,GOOD
500,2026-09-24,9,8.487,GOOD
500,2026-09-24,10,15.247,GOOD
500,2026-09-24,11,10.915,GOOD
500,2026-09-24,12,6.684,GOOD
500,2026-09-24,13,10.37,GOOD
500,2026-09-24,14,16.611,GOOD
500,2026-09-24,15,12.634,GOOD
500,2026-09-24,16,9.719,GOOD
500,2026-09-24,17,12.153,GOOD
500,2026-09-24,18,11.423,GOOD
500,2026-09-24,19,3.932,GOOD
500,2026-09-24,20,6.159,GOOD
500,2026-09-24,21,1.679,GOOD
500,2026-09-24,22,1.945,GOOD
500,2026-09-24,23,10.821,GOOD
500,2026-09-24,24,10.941,GOOD
500,2026-09-25,1,6.124,GOOD
500,2026-09-25,2,4.852,GOOD
500,2026-09-25,3,1.366,GOOD
500,2026-09-25,4,6.115,GOOD
500,2026-09-25,5,11.68,GOOD
500,2026-09-25,6,16.177,GOOD
500,2026-09-25,7,10.106,GOOD
500,2026-09-25,8,11.743,GOOD
500,2026-09-25,9,9.203,GOOD
500,2026-09-25,10,11.6,GOOD
500,2026-09-25,11,16.401,GOOD
500,2026-09-25,12,10.537,GOOD
500,2026-09-25,13,7.426,GOOD
500,2026-09-25,14,4.173,GOOD
500,2026-09-25,15,12.149,GOOD
500,2026-09-25,16,13.987,GOOD
500,2026-09-25,17,15.162,GOOD
500,2026-09-25,18,14.577,GOOD
500,2026-09-25,19,14.114,GOOD
500,2026-09-25,20,11.504,GOOD
500,2026-09-25,21,18.129,GOOD
500,2026-09-25,22,17.766,GOOD
500,2026-09-25,23,16.212,GOOD
500,2026-09-25,24,11.56,GOOD
500,2026-09-26,1,11.861,GOOD
500,2026-09-26,2,9.896,GOOD
500,2026-09-26,3,11.589,GOOD
500,2026-09-26,4,9.354,GOOD
500,2026-09-26,5,10.581,GOOD
500,2026-09-26,6,9.43,GOOD
500,2026-09-26,7,9.808,GOOD
500,2026-09-26,8,6.913,GOOD
500,2026-09-26,9,14.308,GOOD
500,2026-09-26,10,8.591,GOOD
500,2026-09-26,11,3.608,GOOD
500,2026-09-26,12,,
500,2026-09-26,13,,
500,2026-09-26,14,,
500,2026-09-26,15,24.517,GOOD
500,2026-09-26,16,27.947,FAIR
500,2026-09-26,17,17.86,GOOD
500,2026-09-26,18,19.658,GOOD
500,2026-09-26,19,25.302,FAIR
500,2026-09-26,20,14.347,GOOD
500,2026-09-26,21,11.339,GOOD
500,2026-09-26,22,10.831,GOOD
500,2026-09-26,23,6.531,GOOD
500,2026-09-26,24,0.853,GOOD
500,2026-09-27,1,-2.688,GOOD
500,2026-09-27,2,-2.27,GOOD
500,2026-09-27,3,-3.104,GOOD
500,2026-09-27,4,-1.827,GOOD
500,2026-09-27,5,-2.786,GOOD
500,2026-09-27,6,1.055,GOOD
500,2026-09-27,7,0.804,GOOD
500,2026-09-27,8,4.245,GOOD
500,2026-09-27,9,2.904,GOOD
500,2026-09-27,10,2.078,GOOD
500,2026-09-27,11,4.064,GOOD
500,2026-09-27,12,3.949,GOOD
500,2026-09-27,13,2.44,GOOD
500,2026-09-27,14,3.164,GOOD
500,2026-09-27,15,0.893,GOOD
500,2026-09-27,16,3.462,GOOD
500,2026-09-27,17,0.901,GOOD
500,2026-09-27,18,1.314,GOOD
500,2026-09-27,19,3.372,GOOD
500,2026-09-27,20,3.502,GOOD
500,2026-09-27,21,-0.226,GOOD
500,2026-09-27,22,1.117,GOOD
500,2026-09-27,23,1.544,GOOD
500,2026-09-27,24,4.114,GOOD
500,2026-09-28,1,-0.1,GOOD
500,2026-09-28,2,1.496,GOOD
500,2026-09-28,3,1.725,GOOD
500,2026-09-28,4,1.609,GOOD
500,2026-09-28,5,-0.105,GOOD
500,2026-09-28,6,-3.361,GOOD
500,2026-09-28,7,4.336,GOOD
500,2026-09-28,8,1.279,GOOD
500,2026-09-28,9,6.647,GOOD
500,2026-09-28,10,6.182,GOOD
500,2026-09-28,11,-4.753,GOOD
500,2026-09-28,12,-4.578,GOOD
500,2026-09-28,13,-5.383,GOOD
500,2026-09-28,14,0.83,GOOD
500,2026-09-28,15,0.725,GOOD
500,2026-09-28,16,0.727,GOOD
500,2026-09-28,17,3.564,GOOD
500,2026-09-28,18,1.595,GOOD
500,2026-09-28,19,0.309,GOOD
500,2026-09-28,20,3.063,GOOD
500,2026-09-28,21,9.425,GOOD
500,2026-09-28,22,14.941,GOOD
500,2026-09-28,23,6.34,GOOD
500,2026-09-28,24,4.154,GOOD
500,2026-09-29,1,3.598,GOOD
500,2026-09-29,2,1.415,GOOD
500,2026-09-29,3,2.684,GOOD
500,2026-09-29,4,3.679,GOOD
500,2026-09-29,5,10.839,GOOD
500,2026-09-29,6,4.46,GOOD
500,2026-09-29,7,0.969,GOOD
500,2026-09-29,8,-1.787,GOOD
500,2026-09-29,9,7.694,GOOD
500,2026-09-29,10,7.133,GOOD
500,2026-09-29,11,2.662,GOOD
500,2026-09-29,12,-4.393,GOOD
500,2026-09-29,13,-8.244,GOOD
500,2026-09-29,14,-3.919,GOOD
500,2026-09-29,15,-0.769,GOOD
500,2026-09-29,16,0.747,GOOD
500,2026-09-29,17,3.268,GOOD
500,2026-09-29,18,2.892,GOOD
500,2026-09-29,19,3.975,GOOD
500,2026-09-29,20,6.211,GOOD
500,2026-09-29,21,0.254,GOOD
500,2026-09-29,22,-2.522,GOOD
500,2026-09-29,23,0.738,GOOD
500,2026-09-29,24,5.886,GOOD
500,2026-09-30,1,3.441,GOOD
500,2026-09-30,2,3.474,GOOD
500,2026-09-30,3,0.003,GOOD
500,2026-09-30,4,0.727,GOOD
500,2026-09-30,5,-0.471,GOOD
500,2026-09-30,6,2.054,GOOD
500,2026-09-30,7,3.998,GOOD
500,2026-09-30,8,5.18,GOOD
500,2026-09-30,9,7.035,GOOD
500,2026-09-30,10,2.166,GOOD
500,2026-09-30,11,0.522,GOOD
500,2026-09-30,12,,
500,2026-09-30,13,0.013,GOOD
500,2026-09-30,14,9.495,GOOD
500,2026-09-30,15,18.184,GOOD
500,2026-09-30,16,16.868,GOOD
500,2026-09-30,17,14.556,GOOD
500,2026-09-30,18,15.819,GOOD
500,2026-09-30,19,15.578,GOOD
500,2026-09-30,20,13.647,GOOD
500,2026-09-30,21,8.279,GOOD
500,2026-09-30,22,8.558,GOOD
500,2026-09-30,23,4.307,GOOD
500,2026-09-30,24,-0.258,GOOD
526,2026-09-01,1,14.278,GOOD
526,2026-09-01,2,9.508,GOOD
526,2026-09-01,3,8.688,GOOD
526,2026-09-01,4,6.938,GOOD
526,2026-09-01,5,0.009,GOOD
526,2026-09-01,6,13.38,GOOD
526,2026-09-01,7,18.163,GOOD
526,2026-09-01,8,,
526,2026-09-01,9,,
526,2026-09-01,10,26.09,FAIR
526,2026-09-01,11,19.579,GOOD
526,2026-09-01,12,3.095,GOOD
526,2026-09-01,13,0.178,GOOD
526,2026-09-01,14,1.354,GOOD
526,2026-09-01,15,5.486,GOOD
526,2026-09-01,16,,
526,2026-09-01,17,2.552,GOOD
526,2026-09-01,18,34.797,FAIR
526,2026-09-01,19,22.409,GOOD
526,2026-09-01,20,15.343,GOOD
526,2026-09-01,21,10.088,GOOD
526,2026-09-01,22,1.486,GOOD
526,2026-09-01,23,5.949,GOOD
526,2026-09-01,24,4.68,GOOD
526,2026-09-02,1,9.074,GOOD
526,2026-09-02,2,2.682,GOOD
526,2026-09-02,3,2.596,GOOD
526,2026-09-02,4,5.757,GOOD
526,2026-09-02,5,11.205,GOOD
526,2026-09-02,6,9.326,GOOD
526,2026-09-02,7,6.897,GOOD
526,2026-09-02,8,8.633,GOOD
526,2026-09-02,9,5.854,GOOD
526,2026-09-02,10,2.86,GOOD
526,2026-09-02,11,1.818,GOOD
526,2026-09-02,12,8.957,GOOD
526,2026-09-02,13,7.08,GOOD
526,2026-09-02,14,5.283,GOOD
526,2026-09-02,15,3.779,GOOD
526,2026-09-02,16,4.985,GOOD
526,2026-09-02,17,4.04,GOOD
526,2026-09-02,18,4.924,GOOD
526,2026-09-02,19,8.739,GOOD
526,2026-09-02,20,4.596,GOOD
526,2026-09-02,21,6.099,GOOD
526,2026-09-02,22,7.208,GOOD
526,2026-09-02,23,7.264,GOOD
526,2026-09-02,24,3.342,GOOD
526,2026-09-03,1,2.648,GOOD
526,2026-09-03,2,5.58,GOOD
526,2026-09-03,3,3.024,GOOD
526,2026-09-03,4,5.207,GOOD
526,2026-09-03,5,3.611,GOOD
526,2026-09-03,6,10.238,GOOD
526,2026-09-03,7,1.285,GOOD
526,2026-09-03,8,1.112,GOOD
526,2026-09-03,9,0.728,GOOD
526,2026-09-03,10,3.21,GOOD
526,2026-09-03,11,8.23,GOOD
526,2026-09-03,12,8.262,GOOD
526,2026-09-03,13,2.204,GOOD
526,2026-09-03,14,1.168,GOOD
526,2026-09-03,15,4.428,GOOD
526,2026-09-03,16,3.763,GOOD
526,2026-09-03,17,2.83,GOOD
526,2026-09-03,18,6.08,GOOD
526,2026-09-03,19,6.897,GOOD
526,2026-09-03,20,8.456,GOOD
526,2026-09-03,21,4.845,GOOD
526,2026-09-03,22,2.058,GOOD
526,2026-09-03,23,3.412,GOOD
526,2026-09-03,24,4.663,GOOD
526,2026-09-04,1,1.332,GOOD
526,2026-09-04,2,4.163,GOOD
526,2026-09-04,3,-1.351,GOOD
526,2026-09-04,4,1.928,GOOD
526,2026-09-04,5,3.753,GOOD
526,2026-09-04,6,3.1,GOOD
526,2026-09-04,7,3.226,GOOD
526,2026-09-04,8,-1.034,GOOD
526,2026-09-04,9,-0.182,GOOD
526,2026-09-04,10,1.898,GOOD
526,2026-09-04,11,-3.605,GOOD
526,2026-09-04,12,1.793,GOOD
526,2026-09-04,13,2.276,GOOD
526,2026-09-04,14,6.27,GOOD
526,2026-09-04,15,9.341,GOOD
526,2026-09-04,16,3.434,GOOD
526,2026-09-04,17,8.93,GOOD
526,2026-09-04,18,2.873,GOOD
526,2026-09-04,19,1.68,GOOD
526,2026-09-04,20,6.645,GOOD
526,2026-09-04,21,3.871,GOOD
526,2026-09-04,22,7.993,GOOD
526,2026-09-04,23,3.984,GOOD
526,2026-09-04,24,2.01,GOOD
526,2026-09-05,1,3.234,GOOD
526,2026-09-05,2,2.685,GOOD
526,2026-09-05,3,4.36,GOOD
526,2026-09-05,4,2.334,GOOD
526,2026-09-05,5,6.841,GOOD
526,2026-09-05,6,8.744,GOOD
526,2026-09-05,7,7.541,GOOD
526,2026-09-05,8,-7.228,GOOD
526,2026-09-05,9,4.757,GOOD
526,2026-09-05,10,7.094,GOOD
526,2026-09-05,11,4.792,GOOD
526,2026-09-05,12,-1.229,GOOD
526,2026-09-05,13,-1.835,GOOD
526,2026-09-05,14,-1.64,GOOD
526,2026-09-05,15,13.417,GOOD
526,2026-09-05,16,12.853,GOOD
526,2026-09-05,17,6.769,GOOD
526,2026-09-05,18,1.61,GOOD
526,2026-09-05,19,2.236,GOOD
526,2026-09-05,20,2.922,GOOD
526,2026-09-05,21,3.773,GOOD
526,2026-09-05,22,2.719,GOOD
526,2026-09-05,23,8.075,GOOD
526,2026-09-05,24,7.031,GOOD
526,2026-09-06,1,13.692,GOOD
526,2026-09-06,2,5.361,GOOD
526,2026-09-06,3,2.553,GOOD
526,2026-09-06,4,2.675,GOOD
526,2026-09-06,5,2.282,GOOD
526,2026-09-06,6,4.579,GOOD
526,2026-09-06,7,2.594,GOOD
526,2026-09-06,8,-0.682,GOOD
526,2026-09-06,9,-3.014,GOOD
526,2026-09-06,10,0.582,GOOD
526,2026-09-06,11,-2.314,GOOD
526,2026-09-06,12,-0.74,GOOD
526,2026-09-06,13,4.148,GOOD
526,2026-09-06,14,4.023,GOOD
526,2026-09-06,15,3.889,GOOD
526,2026-09-06,16,3.65,GOOD
526,2026-09-06,17,-2.36,GOOD
526,2026-09-06,18,-1.39,GOOD
526,2026-09-06,19,2.172,GOOD
526,2026-09-06,20,6.796,GOOD
526,2026-09-06,21,3.32,GOOD
526,2026-09-06,22,5.085,GOOD
526,2026-09-06,23,4.492,GOOD
526,2026-09-06,24,4.634,GOOD
526,2026-09-07,1,9.268,GOOD
526,2026-09-07,2,6.875,GOOD
526,2026-09-07,3,-4.897,GOOD
526,2026-09-07,4,1.229,GOOD
526,2026-09-07,5,10.729,GOOD
526,2026-09-07,6,5.286,GOOD
526,2026-09-07,7,3.156,GOOD
526,2026-09-07,8,,
526,2026-09-07,9,-2.268,GOOD
526,2026-09-07,10,7.899,GOOD
526,2026-09-07,11,11.74,GOOD
526,2026-09-07,12,8.383,GOOD
526,2026-09-07,13,6.729,GOOD
526,2026-09-07,14,10.014,GOOD
526,2026-09-07,15,1.009,GOOD
526,2026-09-07,16,3.962,GOOD
526,2026-09-07,17,6.358,GOOD
526,2026-09-07,18,8.614,GOOD
526,2026-09-07,19,2.302,GOOD
526,2026-09-07,20,2.322,GOOD
526,2026-09-07,21,2.484,GOOD
526,2026-09-07,22,4.395,GOOD
526,2026-09-07,23,8.508,GOOD
526,2026-09-07,24,11.939,GOOD
526,2026-09-08,1,12.156,GOOD
526,2026-09-08,2,8.585,GOOD
526,2026-09-08,3,3.006,GOOD
526,2026-09-08,4,-1.713,GOOD
526,2026-09-08,5,7.48,GOOD
526,2026-09-08,6,10.7,GOOD
526,2026-09-08,7,8.185,GOOD
526,2026-09-08,8,-0.541,GOOD
526,2026-09-08,9,2.634,GOOD
526,2026-09-08,10,2.999,GOOD
526,2026-09-08,11,2.173,GOOD
526,2026-09-08,12,19.706,GOOD
526,2026-09-08,13,26.181,FAIR
526,2026-09-08,14,13.41,GOOD
526,2026-09-08,15,-4.827,GOOD
526,2026-09-08,16,-3.166,GOOD
526,2026-09-08,17,5.64,GOOD
526,2026-09-08,18,3.637,GOOD
526,2026-09-08,19,1.491,GOOD
526,2026-09-08,20,2.974,GOOD
526,2026-09-08,21,10.278,GOOD
526,2026-09-08,22,6.347,GOOD
526,2026-09-08,23,3.393,GOOD
526,2026-09-08,24,5.633,GOOD
526,2026-09-09,1,5.189,GOOD
526,2026-09-09,2,0.893,GOOD
526,2026-09-09,3,0.641,GOOD
526,2026-09-09,4,2.873,GOOD
526,2026-09-09,5,10.246,GOOD
526,2026-09-09,6,7.367,GOOD
526,2026-09-09,7,7.571,GOOD
526,2026-09-09,8,-5.188,GOOD
526,2026-09-09,9,1.26,GOOD
526,2026-09-09,10,11.223,GOOD
526,2026-09-09,11,5.037,GOOD
526,2026-09-09,12,5.446,GOOD
526,2026-09-09,13,3.541,GOOD
526,2026-09-09,14,,
526,2026-09-09,15,,
526,2026-09-09,16,9.699,GOOD
526,2026-09-09,17,9.531,GOOD
526,2026-09-09,18,6.531,GOOD
526,2026-09-09,19,10.086,GOOD
526,2026-09-09,20,9.059,GOOD
526,2026-09-09,21,8.675,GOOD
526,2026-09-09,22,11.137,GOOD
526,2026-09-09,23,7.088,GOOD
526,2026-09-09,24,4.189,GOOD
526,2026-09-10,1,3.957,GOOD
526,2026-09-10,2,3.874,GOOD
526,2026-09-10,3,3.056,GOOD
526,2026-09-10,4,2.269,GOOD
526,2026-09-10,5,4.553,GOOD
526,2026-09-10,6,9.045,GOOD
526,2026-09-10,7,4.152,GOOD
526,2026-09-10,8,4.091,GOOD
526,2026-09-10,9,-0.559,GOOD
526,2026-09-10,10,-1.849,GOOD
526,2026-09-10,11,-0.201,GOOD
526,2026-09-10,12,6.196,GOOD
526,2026-09-10,13,,
526,2026-09-10,14,,
526,2026-09-10,15,0.792,GOOD
526,2026-09-10,16,-0.924,GOOD
526,2026-09-10,17,7.44,GOOD
526,2026-09-10,18,10.099,GOOD
526,2026-09-10,19,10.189,GOOD
526,2026-09-10,20,10.937,GOOD
526,2026-09-10,21,6.438,GOOD
526,2026-09-10,22,15.001,GOOD
526,2026-09-10,23,11.953,GOOD
526,2026-09-10,24,6.852,GOOD
526,2026-09-11,1,8.194,GOOD
526,2026-09-11,2,1.616,GOOD
526,2026-09-11,3,1.727,GOOD
526,2026-09-11,4,3.459,GOOD
526,2026-09-11,5,-5.188,GOOD
526,2026-09-11,6,-0.491,GOOD
526,2026-09-11,7,5.44,GOOD
526,2026-09-11,8,-0.427,GOOD
526,2026-09-11,9,-1.64,GOOD
526,2026-09-11,10,6.461,GOOD
526,2026-09-11,11,15.607,GOOD
526,2026-09-11,12,9.334,GOOD
526,2026-09-11,13,8.295,GOOD
526,2026-09-11,14,12.195,GOOD
526,2026-09-11,15,8.262,GOOD
526,2026-09-11,16,10.206,GOOD
526,2026-09-11,17,9.127,GOOD
526,2026-09-11,18,11.321,GOOD
526,2026-09-11,19,15.239,GOOD
526,2026-09-11,20,17.709,GOOD
526,2026-09-11,21,16.252,GOOD
526,2026-09-11,22,17.325,GOOD
526,2026-09-11,23,13.893,GOOD
526,2026-09-11,24,11.421,GOOD
526,2026-09-12,1,11.231,GOOD
526,2026-09-12,2,11.479,GOOD
526,2026-09-12,3,8.186,GOOD
526,2026-09-12,4,8.205,GOOD
526,2026-09-12,5,14.596,GOOD
526,2026-09-12,6,12.85,GOOD
526,2026-09-12,7,4.288,GOOD
526,2026-09-12,8,,
526,2026-09-12,9,,
526,2026-09-12,10,9.278,GOOD
526,2026-09-12,11,17.957,GOOD
526,2026-09-12,12,14.721,GOOD
526,2026-09-12,13,2.048,GOOD
526,2026-09-12,14,3.734,GOOD
526,2026-09-12,15,13.52,GOOD
526,2026-09-12,16,14.594,GOOD
526,2026-09-12,17,13.745,GOOD
526,2026-09-12,18,10.353,GOOD
526,2026-09-12,19,4.302,GOOD
526,2026-09-12,20,7.925,GOOD
526,2026-09-12,21,23.886,GOOD
526,2026-09-12,22,17.472,GOOD
526,2026-09-12,23,4.507,GOOD
526,2026-09-12,24,5.045,GOOD
526,2026-09-13,1,7.396,GOOD
526,2026-09-13,2,21.867,GOOD
526,2026-09-13,3,19.988,GOOD
526,2026-09-13,4,16.418,GOOD
526,2026-09-13,5,14.375,GOOD
526,2026-09-13,6,16.815,GOOD
526,2026-09-13,7,13.368,GOOD
526,2026-09-13,8,-7.268,GOOD
526,2026-09-13,9,9.456,GOOD
526,2026-09-13,10,26.302,FAIR
526,2026-09-13,11,22.751,GOOD
526,2026-09-13,12,,
526,2026-09-13,13,-1.973,GOOD
526,2026-09-13,14,7.453,GOOD
526,2026-09-13,15,12.472,GOOD
526,2026-09-13,16,10.483,GOOD
526,2026-09-13,17,7.996,GOOD
526,2026-09-13,18,6.925,GOOD
526,2026-09-13,19,9.102,GOOD
526,2026-09-13,20,10.824,GOOD
526,2026-09-13,21,18.317,GOOD
526,2026-09-13,22,17.575,GOOD
526,2026-09-13,23,18.207,GOOD
526,2026-09-13,24,13.232,GOOD
526,2026-09-14,1,12.318,GOOD
526,2026-09-14,2,14.267,GOOD
526,2026-09-14,3,10.995,GOOD
526,2026-09-14,4,14.351,GOOD
526,2026-09-14,5,8.914,GOOD
526,2026-09-14,6,11.948,GOOD
526,2026-09-14,7,10.857,GOOD
526,2026-09-14,8,,
526,2026-09-14,9,7.205,GOOD
526,2026-09-14,10,16.382,GOOD
526,2026-09-14,11,18.263,GOOD
526,2026-09-14,12,8.579,GOOD
526,2026-09-14,13,10.095,GOOD
526,2026-09-14,14,3.933,GOOD
526,2026-09-14,15,3.83,GOOD
526,2026-09-14,16,3.471,GOOD
526,2026-09-14,17,9.208,GOOD
526,2026-09-14,18,15.581,GOOD
526,2026-09-14,19,14.719,GOOD
526,2026-09-14,20,17.749,GOOD
526,2026-09-14,21,24.763,GOOD
526,2026-09-14,22,17.344,GOOD
526,2026-09-14,23,12.015,GOOD
526,2026-09-14,24,11.794,GOOD
526,2026-09-15,1,9.988,GOOD
526,2026-09-15,2,8.878,GOOD
526,2026-09-15,3,7.177,GOOD
526,2026-09-15,4,8.253,GOOD
526,2026-09-15,5,0.294,GOOD
526,2026-09-15,6,6.709,GOOD
526,2026-09-15,7,6.885,GOOD
526,2026-09-15,8,-0.463,GOOD
526,2026-09-15,9,3.018,GOOD
526,2026-09-15,10,3.361,GOOD
526,2026-09-15,11,3.18,GOOD
526,2026-09-15,12,-2.661,GOOD
526,2026-09-15,13,-6.36,GOOD
526,2026-09-15,14,2.803,GOOD
526,2026-09-15,15,5.247,GOOD
526,2026-09-15,16,7.092,GOOD
526,2026-09-15,17,6.967,GOOD
526,2026-09-15,18,6.392,GOOD
526,2026-09-15,19,14.054,GOOD
526,2026-09-15,20,14.913,GOOD
526,2026-09-15,21,11.284,GOOD
526,2026-09-15,22,6.704,GOOD
526,2026-09-15,23,7.966,GOOD
526,2026-09-15,24,-1.67,GOOD
526,2026-09-16,1,0.854,GOOD
526,2026-09-16,2,2.282,GOOD
526,2026-09-16,3,7.316,GOOD
526,2026-09-16,4,13.526,GOOD
526,2026-09-16,5,14.975,GOOD
526,2026-09-16,6,7.275,GOOD
526,2026-09-16,7,1.684,GOOD
526,2026-09-16,8,-3.462,GOOD
526,2026-09-16,9,1.391,GOOD
526,2026-09-16,10,-0.277,GOOD
526,2026-09-16,11,0.518,GOOD
526,2026-09-16,12,3.223,GOOD
526,2026-09-16,13,0.233,GOOD
526,2026-09-16,14,1.162,GOOD
526,2026-09-16,15,3.224,GOOD
526,2026-09-16,16,4.32,GOOD
526,2026-09-16,17,7.467,GOOD
526,2026-09-16,18,7.384,GOOD
526,2026-09-16,19,4.743,GOOD
526,2026-09-16,20,5.843,GOOD
526,2026-09-16,21,7.573,GOOD
526,2026-09-16,22,9.079,GOOD
526,2026-09-16,23,3.531,GOOD
526,2026-09-16,24,1.618,GOOD
526,2026-09-17,1,-0.114,GOOD
526,2026-09-17,2,5.153,GOOD
526,2026-09-17,3,4.568,GOOD
526,2026-09-17,4,1.238,GOOD
526,2026-09-17,5,6.117,GOOD
526,2026-09-17,6,8.689,GOOD
526,2026-09-17,7,3.425,GOOD
526,2026-09-17,8,2.775,GOOD
526,2026-09-17,9,-2.427,GOOD
526,2026-09-17,10,-3.164,GOOD
526,2026-09-17,11,1.119,GOOD
526,2026-09-17,12,1.124,GOOD
526,2026-09-17,13,-1.458,GOOD
526,2026-09-17,14,5.736,GOOD
526,2026-09-17,15,6.257,GOOD
526,2026-09-17,16,10.021,GOOD
526,2026-09-17,17,8.746,GOOD
526,2026-09-17,18,17.472,GOOD
526,2026-09-17,19,18.497,GOOD
526,2026-09-17,20,8.083,GOOD
526,2026-09-17,21,8.187,GOOD
526,2026-09-17,22,11.162,GOOD
526,2026-09-17,23,8.584,GOOD
526,2026-09-17,24,-3.794,GOOD
526,2026-09-18,1,13.569,GOOD
526,2026-09-18,2,6.817,GOOD
526,2026-09-18,3,6.244,GOOD
526,2026-09-18,4,8.084,GOOD
526,2026-09-18,5,6.476,GOOD
526,2026-09-18,6,11.394,GOOD
526,2026-09-18,7,11.689,GOOD
526,2026-09-18,8,-8.884,GOOD
526,2026-09-18,9,-0.079,GOOD
526,2026-09-18,10,9.706,GOOD
526,2026-09-18,11,8.57,GOOD
526,2026-09-18,12,9.5,GOOD
526,2026-09-18,13,4.549,GOOD
526,2026-09-18,14,6.151,GOOD
526,2026-09-18,15,4.251,GOOD
526,2026-09-18,16,3.876,GOOD
526,2026-09-18,17,2.204,GOOD
526,2026-09-18,18,3.954,GOOD
526,2026-09-18,19,9.364,GOOD
526,2026-09-18,20,14.072,GOOD
526,2026-09-18,21,15.917,GOOD
526,2026-09-18,22,16.239,GOOD
526,2026-09-18,23,3.023,GOOD
526,2026-09-18,24,1.637,GOOD
526,2026-09-19,1,0.47,GOOD
526,2026-09-19,2,-0.055,GOOD
526,2026-09-19,3,2.804,GOOD
526,2026-09-19,4,2.511,GOOD
526,2026-09-19,5,3.993,GOOD
526,2026-09-19,6,4.419,GOOD
526,2026-09-19,7,3.2,GOOD
526,2026-09-19,8,-2.835,GOOD
526,2026-09-19,9,-1.801,GOOD
526,2026-09-19,10,-3.273,GOOD
526,2026-09-19,11,-0.616,GOOD
526,2026-09-19,12,3.229,GOOD
526,2026-09-19,13,-0.082,GOOD
526,2026-09-19,14,-1.37,GOOD
526,2026-09-19,15,2.495,GOOD
526,2026-09-19,16,6.722,GOOD
526,2026-09-19,17,7.267,GOOD
526,2026-09-19,18,5.551,GOOD
526,2026-09-19,19,5.291,GOOD
526,2026-09-19,20,3.291,GOOD
526,2026-09-19,21,1.079,GOOD
526,2026-09-19,22,2.053,GOOD
526,2026-09-19,23,4.152,GOOD
526,2026-09-19,24,3.074,GOOD
526,2026-09-20,1,3.193,GOOD
526,2026-09-20,2,3.095,GOOD
526,2026-09-20,3,2.97,GOOD
526,2026-09-20,4,3.915,GOOD
526,2026-09-20,5,0.871,GOOD
526,2026-09-20,6,9.823,GOOD
526,2026-09-20,7,10.01,GOOD
526,2026-09-20,8,-4.67,GOOD
526,2026-09-20,9,-2.155,GOOD
526,2026-09-20,10,-2.697,GOOD
526,2026-09-20,11,3.049,GOOD
526,2026-09-20,12,7.13,GOOD
526,2026-09-20,13,9.996,GOOD
526,2026-09-20,14,7.152,GOOD
526,2026-09-20,15,13.423,GOOD
526,2026-09-20,16,14.776,GOOD
526,2026-09-20,17,9.426,GOOD
526,2026-09-20,18,4.624,GOOD
526,2026-09-20,19,11.009,GOOD
526,2026-09-20,20,21.904,GOOD
526,2026-09-20,21,8.924,GOOD
526,2026-09-20,22,-1.984,GOOD
526,2026-09-20,23,-0.968,GOOD
526,2026-09-20,24,0.764,GOOD
526,2026-09-21,1,6.617,GOOD
526,2026-09-21,2,2.862,GOOD
526,2026-09-21,3,2.035,GOOD
526,2026-09-21,4,2.902,GOOD
526,2026-09-21,5,6.21,GOOD
526,2026-09-21,6,9.162,GOOD
526,2026-09-21,7,4.772,GOOD
526,2026-09-21,8,1.217,GOOD
526,2026-09-21,9,1.228,GOOD
526,2026-09-21,10,3.897,GOOD
526,2026-09-21,11,,
526,2026-09-21,12,3.971,GOOD
526,2026-09-21,13,20.56,GOOD
526,2026-09-21,14,23.26,GOOD
526,2026-09-21,15,12.313,GOOD
526,2026-09-21,16,11.2,GOOD
526,2026-09-21,17,7.093,GOOD
526,2026-09-21,18,6.965,GOOD
526,2026-09-21,19,6.261,GOOD
526,2026-09-21,20,9.191,GOOD
526,2026-09-21,21,11.91,GOOD
526,2026-09-21,22,8.026,GOOD
526,2026-09-21,23,4.401,GOOD
526,2026-09-21,24,4.895,GOOD
526,2026-09-22,1,1.72,GOOD
526,2026-09-22,2,5.672,GOOD
526,2026-09-22,3,4.899,GOOD
526,2026-09-22,4,9.041,GOOD
526,2026-09-22,5,4.268,GOOD
526,2026-09-22,6,1.618,GOOD
526,2026-09-22,7,4.536,GOOD
526,2026-09-22,8,9.527,GOOD
526,2026-09-22,9,7.313,GOOD
526,2026-09-22,10,3.237,GOOD
526,2026-09-22,11,6.358,GOOD
526,2026-09-22,12,6.452,GOOD
526,2026-09-22,13,8.688,GOOD
526,2026-09-22,14,4.502,GOOD
526,2026-09-22,15,-1.307,GOOD
526,2026-09-22,16,-3.943,GOOD
526,2026-09-22,17,-1.231,GOOD
526,2026-09-22,18,-4.23,GOOD
526,2026-09-22,19,1.191,GOOD
526,2026-09-22,20,2.411,GOOD
526,2026-09-22,21,-4.719,GOOD
526,2026-09-22,22,-2.947,GOOD
526,2026-09-22,23,-2.568,GOOD
526,2026-09-22,24,-1.07,GOOD
526,2026-09-23,1,-1.108,GOOD
526,2026-09-23,2,1.449,GOOD
526,2026-09-23,3,1.38,GOOD
526,2026-09-23,4,3.296,GOOD
526,2026-09-23,5,1.149,GOOD
526,2026-09-23,6,-0.414,GOOD
526,2026-09-23,7,-5.698,GOOD
526,2026-09-23,8,-3.433,GOOD
526,2026-09-23,9,3.07,GOOD
526,2026-09-23,10,7.837,GOOD
526,2026-09-23,11,-0.419,GOOD
526,2026-09-23,12,1.027,GOOD
526,2026-09-23,13,10.056,GOOD
526,2026-09-23,14,2.242,GOOD
526,2026-09-23,15,0.076,GOOD
526,2026-09-23,16,5.459,GOOD
526,2026-09-23,17,0.803,GOOD
526,2026-09-23,18,6.423,GOOD
526,2026-09-23,19,8.527,GOOD
526,2026-09-23,20,4.287,GOOD
526,2026-09-23,21,7.212,GOOD
526,2026-09-23,22,11.217,GOOD
526,2026-09-23,23,7.166,GOOD
526,2026-09-23,24,8.796,GOOD
526,2026-09-24,1,6.141,GOOD
526,2026-09-24,2,8.212,GOOD
526,2026-09-24,3,5.137,GOOD
526,2026-09-24,4,3.991,GOOD
526,2026-09-24,5,5.803,GOOD
526,2026-09-24,6,3.839,GOOD
526,2026-09-24,7,2.125,GOOD
526,2026-09-24,8,,
526,2026-09-24,9,,
526,2026-09-24,10,14.171,GOOD
526,2026-09-24,11,13.96,GOOD
526,2026-09-24,12,10.793,GOOD
526,2026-09-24,13,9.914,GOOD
526,2026-09-24,14,13.997,GOOD
526,2026-09-24,15,10.131,GOOD
526,2026-09-24,16,11.662,GOOD
526,2026-09-24,17,7.424,GOOD
526,2026-09-24,18,5.223,GOOD
526,2026-09-24,19,4.076,GOOD
526,2026-09-24,20,10.567,GOOD
526,2026-09-24,21,20.127,GOOD
526,2026-09-24,22,12.321,GOOD
526,2026-09-24,23,8.073,GOOD
526,2026-09-24,24,8.309,GOOD
526,2026-09-25,1,5.295,GOOD
526,2026-09-25,2,8.659,GOOD
526,2026-09-25,3,5.176,GOOD
526,2026-09-25,4,4.767,GOOD
526,2026-09-25,5,7.102,GOOD
526,2026-09-25,6,7.446,GOOD
526,2026-09-25,7,1.6,GOOD
526,2026-09-25,8,-7.711,GOOD
526,2026-09-25,9,8.539,GOOD
526,2026-09-25,10,15.037,GOOD
526,2026-09-25,11,12.582,GOOD
526,2026-09-25,12,12.382,GOOD
526,2026-09-25,13,6.697,GOOD
526,2026-09-25,14,11.51,GOOD
526,2026-09-25,15,11.461,GOOD
526,2026-09-25,16,15.275,GOOD
526,2026-09-25,17,13.256,GOOD
526,2026-09-25,18,25.412,FAIR
526,2026-09-25,19,14.546,GOOD
526,2026-09-25,20,12.412,GOOD
526,2026-09-25,21,20.53,GOOD
526,2026-09-25,22,17.377,GOOD
526,2026-09-25,23,16.054,GOOD
526,2026-09-25,24,15.007,GOOD
526,2026-09-26,1,14.031,GOOD
526,2026-09-26,2,7.831,GOOD
526,2026-09-26,3,18.062,GOOD
526,2026-09-26,4,14.405,GOOD
526,2026-09-26,5,3.373,GOOD
526,2026-09-26,6,3.933,GOOD
526,2026-09-26,7,1.429,GOOD
526,2026-09-26,8,7.601,GOOD
526,2026-09-26,9,15.853,GOOD
526,2026-09-26,10,14.615,GOOD
526,2026-09-26,11,14.258,GOOD
526,2026-09-26,12,12.886,GOOD
526,2026-09-26,13,3.274,GOOD
526,2026-09-26,14,,
526,2026-09-26,15,4.6,GOOD
526,2026-09-26,16,22.774,GOOD
526,2026-09-26,17,17.772,GOOD
526,2026-09-26,18,21.8,GOOD
526,2026-09-26,19,11.983,GOOD
526,2026-09-26,20,14.207,GOOD
526,2026-09-26,21,14.632,GOOD
526,2026-09-26,22,11.481,GOOD
526,2026-09-26,23,7.007,GOOD
526,2026-09-26,24,7.826,GOOD
526,2026-09-27,1,7.291,GOOD
526,2026-09-27,2,1.761,GOOD
526,2026-09-27,3,1.832,GOOD
526,2026-09-27,4,1.685,GOOD
526,2026-09-27,5,2.575,GOOD
526,2026-09-27,6,5.103,GOOD
526,2026-09-27,7,7.537,GOOD
526,2026-09-27,8,4.742,GOOD
526,2026-09-27,9,-3.715,GOOD
526,2026-09-27,10,-8.173,GOOD
526,2026-09-27,11,-5.003,GOOD
526,2026-09-27,12,3.273,GOOD
526,2026-09-27,13,1.624,GOOD
526,2026-09-27,14,4.935,GOOD
526,2026-09-27,15,0.615,GOOD
526,2026-09-27,16,1.794,GOOD
526,2026-09-27,17,2.451,GOOD
526,2026-09-27,18,2.517,GOOD
526,2026-09-27,19,0.477,GOOD
526,2026-09-27,20,3.592,GOOD
526,2026-09-27,21,2.438,GOOD
526,2026-09-27,22,4.132,GOOD
526,2026-09-27,23,0.86,GOOD
526,2026-09-27,24,2.62,GOOD
526,2026-09-28,1,-0.349,GOOD
526,2026-09-28,2,3.52,GOOD
526,2026-09-28,3,3.39,GOOD
526,2026-09-28,4,-0.679,GOOD
526,2026-09-28,5,1.558,GOOD
526,2026-09-28,6,5.889,GOOD
526,2026-09-28,7,2.342,GOOD
526,2026-09-28,8,-0.425,GOOD
526,2026-09-28,9,4.326,GOOD
526,2026-09-28,10,12.363,GOOD
526,2026-09-28,11,4.598,GOOD
526,2026-09-28,12,4.724,GOOD
526,2026-09-28,13,-2.275,GOOD
526,2026-09-28,14,1.278,GOOD
526,2026-09-28,15,0.388,GOOD
526,2026-09-28,16,2.176,GOOD
526,2026-09-28,17,4.853,GOOD
526,2026-09-28,18,-0.642,GOOD
526,2026-09-28,19,1.934,GOOD
526,2026-09-28,20,-2.823,GOOD
526,2026-09-28,21,-4.821,GOOD
526,2026-09-28,22,5.719,GOOD
526,2026-09-28,23,4.401,GOOD
526,2026-09-28,24,5.372,GOOD
526,2026-09-29,1,5.106,GOOD
526,2026-09-29,2,4.757,GOOD
526,2026-09-29,3,6.111,GOOD
526,2026-09-29,4,6.785,GOOD
526,2026-09-29,5,5.471,GOOD
526,2026-09-29,6,8.843,GOOD
526,2026-09-29,7,3.325,GOOD
526,2026-09-29,8,,
526,2026-09-29,9,,
526,2026-09-29,10,22.123,GOOD
526,2026-09-29,11,15.488,GOOD
526,2026-09-29,12,2.021,GOOD
526,2026-09-29,13,-1.922,GOOD
526,2026-09-29,14,-0.647,GOOD
526,2026-09-29,15,1.97,GOOD
526,2026-09-29,16,-0.775,GOOD
526,2026-09-29,17,-2.613,GOOD
526,2026-09-29,18,3.648,GOOD
526,2026-09-29,19,-1.043,GOOD
526,2026-09-29,20,3.764,GOOD
526,2026-09-29,21,13.006,GOOD
526,2026-09-29,22,8.882,GOOD
526,2026-09-29,23,2.703,GOOD
526,2026-09-29,24,2.444,GOOD
526,2026-09-30,1,3.618,GOOD
526,2026-09-30,2,3.244,GOOD
526,2026-09-30,3,4.097,GOOD
526,2026-09-30,4,4.105,GOOD
526,2026-09-30,5,12.232,GOOD
526,2026-09-30,6,4.799,GOOD
526,2026-09-30,7,-3.721,GOOD
526,2026-09-30,8,-8.171,GOOD
526,2026-09-30,9,5.505,GOOD
526,2026-09-30,10,8.629,GOOD
526,2026-09-30,11,3.716,GOOD
526,2026-09-30,12,5.376,GOOD
526,2026-09-30,13,,
526,2026-09-30,14,-2.745,GOOD
526,2026-09-30,15,3.201,GOOD
526,2026-09-30,16,6.9,GOOD
526,2026-09-30,17,8.099,GOOD
526,2026-09-30,18,9.567,GOOD
526,2026-09-30,19,9.526,GOOD
526,2026-09-30,20,14.404,GOOD
526,2026-09-30,21,11.011,GOOD
526,2026-09-30,22,15.248,GOOD
526,2026-09-30,23,16.101,GOOD
526,2026-09-30,24,12.64,GOOD
573,2026-09-01,1,12.584,GOOD
573,2026-09-01,2,12.949,GOOD
573,2026-09-01,3,7.34,GOOD
573,2026-09-01,4,10.346,GOOD
573,2026-09-01,5,11.718,GOOD
573,2026-09-01,6,10.197,GOOD
573,2026-09-01,7,14.069,GOOD
573,2026-09-01,8,17.29,GOOD
573,2026-09-01,9,18.768,GOOD
573,2026-09-01,10,23.707,GOOD
573,2026-09-01,11,16.585,GOOD
573,2026-09-01,12,18.64,GOOD
573,2026-09-01,13,21.134,GOOD
573,2026-09-01,14,11.028,GOOD
573,2026-09-01,15,1.295,GOOD
573,2026-09-01,16,-0.048,GOOD
573,2026-09-01,17,3.545,GOOD
573,2026-09-01,18,5.428,GOOD
573,2026-09-01,19,5.817,GOOD
573,2026-09-01,20,7.288,GOOD
573,2026-09-01,21,4.174,GOOD
573,2026-09-01,22,8.198,GOOD
573,2026-09-01,23,17.023,GOOD
573,2026-09-01,24,22.568,GOOD
573,2026-09-02,1,32.073,FAIR
573,2026-09-02,2,32.517,FAIR
573,2026-09-02,3,25.069,FAIR
573,2026-09-02,4,15.68,GOOD
573,2026-09-02,5,14.43,GOOD
573,2026-09-02,6,13.858,GOOD
573,2026-09-02,7,8.756,GOOD
573,2026-09-02,8,6.179,GOOD
573,2026-09-02,9,2.961,GOOD
573,2026-09-02,10,5.4,GOOD
573,2026-09-02,11,3.333,GOOD
573,2026-09-02,12,1.502,GOOD
573,2026-09-02,13,5.4,GOOD
573,2026-09-02,14,5.435,GOOD
573,2026-09-02,15,-1.27,GOOD
573,2026-09-02,16,3.019,GOOD
573,2026-09-02,17,2.763,GOOD
573,2026-09-02,18,1.902,GOOD
573,2026-09-02,19,2.22,GOOD
573,2026-09-02,20,6.672,GOOD
573,2026-09-02,21,6.744,GOOD
573,2026-09-02,22,9.861,GOOD
573,2026-09-02,23,9.045,GOOD
573,2026-09-02,24,7.486,GOOD
573,2026-09-03,1,4.584,GOOD
573,2026-09-03,2,4.757,GOOD
573,2026-09-03,3,5.881,GOOD
573,2026-09-03,4,3.665,GOOD
573,2026-09-03,5,-1.296,GOOD
573,2026-09-03,6,1.623,GOOD
573,2026-09-03,7,3.133,GOOD
573,2026-09-03,8,2.301,GOOD
573,2026-09-03,9,5.408,GOOD
573,2026-09-03,10,5.789,GOOD
573,2026-09-03,11,2.939,GOOD
573,2026-09-03,12,20.901,GOOD
573,2026-09-03,13,2.351,GOOD
573,2026-09-03,14,,
573,2026-09-03,15,-2.069,GOOD
573,2026-09-03,16,-0.085,GOOD
573,2026-09-03,17,-2.052,GOOD
573,2026-09-03,18,-1.032,GOOD
573,2026-09-03,19,1.011,GOOD
573,2026-09-03,20,2.651,GOOD
573,2026-09-03,21,3.542,GOOD
573,2026-09-03,22,1.755,GOOD
573,2026-09-03,23,3.267,GOOD
573,2026-09-03,24,4.241,GOOD
573,2026-09-04,1,1.384,GOOD
573,2026-09-04,2,3.029,GOOD
573,2026-09-04,3,5.56,GOOD
573,2026-09-04,4,3.61,GOOD
573,2026-09-04,5,5.683,GOOD
573,2026-09-04,6,6.035,GOOD
573,2026-09-04,7,7.203,GOOD
573,2026-09-04,8,6.828,GOOD
573,2026-09-04,9,5.241,GOOD
573,2026-09-04,10,5.084,GOOD
573,2026-09-04,11,-0.763,GOOD
573,2026-09-04,12,-2.869,GOOD
573,2026-09-04,13,-0.814,GOOD
573,2026-09-04,14,-0.074,GOOD
573,2026-09-04,15,-2.281,GOOD
573,2026-09-04,16,-0.692,GOOD
573,2026-09-04,17,1.952,GOOD
573,2026-09-04,18,2.45,GOOD
573,2026-09-04,19,4.309,GOOD
573,2026-09-04,20,2.791,GOOD
573,2026-09-04,21,4.666,GOOD
573,2026-09-04,22,10.453,GOOD
573,2026-09-04,23,14.296,GOOD
573,2026-09-04,24,11.909,GOOD
573,2026-09-05,1,11.175,GOOD
573,2026-09-05,2,11.513,GOOD
573,2026-09-05,3,12.084,GOOD
573,2026-09-05,4,8.634,GOOD
573,2026-09-05,5,2.382,GOOD
573,2026-09-05,6,1.427,GOOD
573,2026-09-05,7,4.827,GOOD
573,2026-09-05,8,,
573,2026-09-05,9,11.507,GOOD
573,2026-09-05,10,3.241,GOOD
573,2026-09-05,11,0.452,GOOD
573,2026-09-05,12,-0.47,GOOD
573,2026-09-05,13,0.022,GOOD
573,2026-09-05,14,-0.618,GOOD
573,2026-09-05,15,0.811,GOOD
573,2026-09-05,16,2.59,GOOD
573,2026-09-05,17,,
573,2026-09-05,18,,
573,2026-09-05,19,,
573,2026-09-05,20,,
573,2026-09-05,21,,
573,2026-09-05,22,,
573,2026-09-05,23,,
573,2026-09-05,24,,
573,2026-09-06,1,,
573,2026-09-06,2,,
573,2026-09-06,3,,
573,2026-09-06,4,,
573,2026-09-06,5,-7.457,GOOD
573,2026-09-06,6,-1.332,GOOD
573,2026-09-06,7,-3.102,GOOD
573,2026-09-06,8,-1.938,GOOD
573,2026-09-06,9,-0.732,GOOD
573,2026-09-06,10,-1.324,GOOD
573,2026-09-06,11,-1.365,GOOD
573,2026-09-06,12,0.338,GOOD
573,2026-09-06,13,1.831,GOOD
573,2026-09-06,14,0.826,GOOD
573,2026-09-06,15,0.693,GOOD
573,2026-09-06,16,1.699,GOOD
573,2026-09-06,17,-1.649,GOOD
573,2026-09-06,18,5.562,GOOD
573,2026-09-06,19,2.101,GOOD
573,2026-09-06,20,3.168,GOOD
573,2026-09-06,21,6.383,GOOD
573,2026-09-06,22,9.659,GOOD
573,2026-09-06,23,6.791,GOOD
573,2026-09-06,24,10.675,GOOD
573,2026-09-07,1,13.429,GOOD
573,2026-09-07,2,8.367,GOOD
573,2026-09-07,3,3.674,GOOD
573,2026-09-07,4,4.652,GOOD
573,2026-09-07,5,2.569,GOOD
573,2026-09-07,6,2.653,GOOD
573,2026-09-07,7,3.399,GOOD
573,2026-09-07,8,,
573,2026-09-07,9,9.778,GOOD
573,2026-09-07,10,2.199,GOOD
573,2026-09-07,11,1.936,GOOD
573,2026-09-07,12,-0.18,GOOD
573,2026-09-07,13,-3.155,GOOD
573,2026-09-07,14,-2.809,GOOD
573,2026-09-07,15,2.135,GOOD
573,2026-09-07,16,0.523,GOOD
573,2026-09-07,17,2.147,GOOD
573,2026-09-07,18,1.9,GOOD
573,2026-09-07,19,3.342,GOOD
573,2026-09-07,20,7.957,GOOD
573,2026-09-07,21,10.917,GOOD
573,2026-09-07,22,7.891,GOOD
573,2026-09-07,23,6.973,GOOD
573,2026-09-07,24,5.364,GOOD
573,2026-09-08,1,5.002,GOOD
573,2026-09-08,2,6.04,GOOD
573,2026-09-08,3,2.158,GOOD
573,2026-09-08,4,-0.85,GOOD
573,2026-09-08,5,-4.325,GOOD
573,2026-09-08,6,-5.105,GOOD
573,2026-09-08,7,1.95,GOOD
573,2026-09-08,8,4.758,GOOD
573,2026-09-08,9,4.502,GOOD
573,2026-09-08,10,5.855,GOOD
573,2026-09-08,11,3.76,GOOD
573,2026-09-08,12,5.351,GOOD
573,2026-09-08,13,6.438,GOOD
573,2026-09-08,14,5.903,GOOD
573,2026-09-08,15,5.983,GOOD
573,2026-09-08,16,4.578,GOOD
573,2026-09-08,17,5.308,GOOD
573,2026-09-08,18,6.043,GOOD
573,2026-09-08,19,4.516,GOOD
573,2026-09-08,20,5.677,GOOD
573,2026-09-08,21,4.317,GOOD
573,2026-09-08,22,3.456,GOOD
573,2026-09-08,23,6.71,GOOD
573,2026-09-08,24,7.98,GOOD
573,2026-09-09,1,7.756,GOOD
573,2026-09-09,2,5.341,GOOD
573,2026-09-09,3,3.434,GOOD
573,2026-09-09,4,3.893,GOOD
573,2026-09-09,5,3.658,GOOD
573,2026-09-09,6,4.168,GOOD
573,2026-09-09,7,6.046,GOOD
573,2026-09-09,8,13.927,GOOD
573,2026-09-09,9,,
573,2026-09-09,10,15.71,GOOD
573,2026-09-09,11,9.073,GOOD
573,2026-09-09,12,5.721,GOOD
573,2026-09-09,13,2.701,GOOD
573,2026-09-09,14,2.449,GOOD
573,2026-09-09,15,5.92,GOOD
573,2026-09-09,16,11.887,GOOD
573,2026-09-09,17,12.986,GOOD
573,2026-09-09,18,6.359,GOOD
573,2026-09-09,19,4.758,GOOD
573,2026-09-09,20,7.801,GOOD
573,2026-09-09,21,6.794,GOOD
573,2026-09-09,22,5.008,GOOD
573,2026-09-09,23,6.185,GOOD
573,2026-09-09,24,7.67,GOOD
573,2026-09-10,1,5.518,GOOD
573,2026-09-10,2,3.018,GOOD
573,2026-09-10,3,3.227,GOOD
573,2026-09-10,4,3.657,GOOD
573,2026-09-10,5,2.559,GOOD
573,2026-09-10,6,-1.828,GOOD
573,2026-09-10,7,3.08,GOOD
573,2026-09-10,8,7.208,GOOD
573,2026-09-10,9,6.123,GOOD
573,2026-09-10,10,7.292,GOOD
573,2026-09-10,11,5.04,GOOD
573,2026-09-10,12,4.226,GOOD
573,2026-09-10,13,3.526,GOOD
573,2026-09-10,14,4.043,GOOD
573,2026-09-10,15,6.121,GOOD
573,2026-09-10,16,3.416,GOOD
573,2026-09-10,17,3.732,GOOD
573,2026-09-10,18,7.481,GOOD
573,2026-09-10,19,6.665,GOOD
573,2026-09-10,20,8.247,GOOD
573,2026-09-10,21,12.199,GOOD
573,2026-09-10,22,15.314,GOOD
573,2026-09-10,23,11.35,GOOD
573,2026-09-10,24,11.138,GOOD
573,2026-09-11,1,10.932,GOOD
573,2026-09-11,2,10.141,GOOD
573,2026-09-11,3,11.121,GOOD
573,2026-09-11,4,10.196,GOOD
573,2026-09-11,5,2.008,GOOD
573,2026-09-11,6,1.267,GOOD
573,2026-09-11,7,8.513,GOOD
573,2026-09-11,8,8.776,GOOD
573,2026-09-11,9,10.091,GOOD
573,2026-09-11,10,10.532,GOOD
573,2026-09-11,11,8.132,GOOD
573,2026-09-11,12,6.023,GOOD
573,2026-09-11,13,4.322,GOOD
573,2026-09-11,14,6.349,GOOD
573,2026-09-11,15,3.038,GOOD
573,2026-09-11,16,2.307,GOOD
573,2026-09-11,17,2.014,GOOD
573,2026-09-11,18,2.365,GOOD
573,2026-09-11,19,5.682,GOOD
573,2026-09-11,20,6.713,GOOD
573,2026-09-11,21,6.761,GOOD
573,2026-09-11,22,5.613,GOOD
573,2026-09-11,23,10.981,GOOD
573,2026-09-11,24,9.042,GOOD
573,2026-09-12,1,8.409,GOOD
573,2026-09-12,2,8.477,GOOD
573,2026-09-12,3,5.402,GOOD
573,2026-09-12,4,5.493,GOOD
573,2026-09-12,5,2.581,GOOD
573,2026-09-12,6,1.068,GOOD
573,2026-09-12,7,4.953,GOOD
573,2026-09-12,8,13.154,GOOD
573,2026-09-12,9,16.005,GOOD
573,2026-09-12,10,15.847,GOOD
573,2026-09-12,11,6.187,GOOD
573,2026-09-12,12,3.328,GOOD
573,2026-09-12,13,8.861,GOOD
573,2026-09-12,14,8.798,GOOD
573,2026-09-12,15,4.733,GOOD
573,2026-09-12,16,1.336,GOOD
573,2026-09-12,17,2.532,GOOD
573,2026-09-12,18,5.422,GOOD
573,2026-09-12,19,9.072,GOOD
573,2026-09-12,20,13.991,GOOD
573,2026-09-12,21,15.439,GOOD
573,2026-09-12,22,15.207,GOOD
573,2026-09-12,23,16.707,GOOD
573,2026-09-12,24,16.193,GOOD
573,2026-09-13,1,18.18,GOOD
573,2026-09-13,2,14.658,GOOD
573,2026-09-13,3,10.203,GOOD
573,2026-09-13,4,9.948,GOOD
573,2026-09-13,5,10.161,GOOD
573,2026-09-13,6,10.215,GOOD
573,2026-09-13,7,9.836,GOOD
573,2026-09-13,8,,
573,2026-09-13,9,,
573,2026-09-13,10,16.477,GOOD
573,2026-09-13,11,10.13,GOOD
573,2026-09-13,12,8.39,GOOD
573,2026-09-13,13,7.003,GOOD
573,2026-09-13,14,8.521,GOOD
573,2026-09-13,15,2.634,GOOD
573,2026-09-13,16,2.138,GOOD
573,2026-09-13,17,,
573,2026-09-13,18,19.837,GOOD
573,2026-09-13,19,33.676,FAIR
573,2026-09-13,20,32.906,FAIR
573,2026-09-13,21,18.498,GOOD
573,2026-09-13,22,8.722,GOOD
573,2026-09-13,23,13.941,GOOD
573,2026-09-13,24,20.501,GOOD
573,2026-09-14,1,23.377,GOOD
573,2026-09-14,2,23.89,GOOD
573,2026-09-14,3,18.856,GOOD
573,2026-09-14,4,14.949,GOOD
573,2026-09-14,5,14.222,GOOD
573,2026-09-14,6,14.917,GOOD
573,2026-09-14,7,18.647,GOOD
573,2026-09-14,8,,
573,2026-09-14,9,20.509,GOOD
573,2026-09-14,10,15.555,GOOD
573,2026-09-14,11,9.274,GOOD
573,2026-09-14,12,3.72,GOOD
573,2026-09-14,13,4.505,GOOD
573,2026-09-14,14,0.496,GOOD
573,2026-09-14,15,-0.752,GOOD
573,2026-09-14,16,3.065,GOOD
573,2026-09-14,17,-0.477,GOOD
573,2026-09-14,18,3.866,GOOD
573,2026-09-14,19,1.585,GOOD
573,2026-09-14,20,3.577,GOOD
573,2026-09-14,21,7.104,GOOD
573,2026-09-14,22,5.777,GOOD
573,2026-09-14,23,8.614,GOOD
573,2026-09-14,24,9.655,GOOD
573,2026-09-15,1,10.175,GOOD
573,2026-09-15,2,6.442,GOOD
573,2026-09-15,3,5.78,GOOD
573,2026-09-15,4,6.337,GOOD
573,2026-09-15,5,3.74,GOOD
573,2026-09-15,6,3.67,GOOD
573,2026-09-15,7,7.223,GOOD
573,2026-09-15,8,11.879,GOOD
573,2026-09-15,9,10.259,GOOD
573,2026-09-15,10,7.938,GOOD
573,2026-09-15,11,6.198,GOOD
573,2026-09-15,12,2.311,GOOD
573,2026-09-15,13,3.508,GOOD
573,2026-09-15,14,4.92,GOOD
573,2026-09-15,15,-0.643,GOOD
573,2026-09-15,16,-5.083,GOOD
573,2026-09-15,17,,
573,2026-09-15,18,11.782,GOOD
573,2026-09-15,19,8.54,GOOD
573,2026-09-15,20,8.703,GOOD
573,2026-09-15,21,5.129,GOOD
573,2026-09-15,22,2.745,GOOD
573,2026-09-15,23,2.447,GOOD
573,2026-09-15,24,4.819,GOOD
573,2026-09-16,1,4.46,GOOD
573,2026-09-16,2,3.443,GOOD
573,2026-09-16,3,2.237,GOOD
573,2026-09-16,4,0.638,GOOD
573,2026-09-16,5,-3.192,GOOD
573,2026-09-16,6,1.734,GOOD
573,2026-09-16,7,3.019,GOOD
573,2026-09-16,8,3.911,GOOD
573,2026-09-16,9,1.456,GOOD
573,2026-09-16,10,2.133,GOOD
573,2026-09-16,11,3.089,GOOD
573,2026-09-16,12,1.809,GOOD
573,2026-09-16,13,,
573,2026-09-16,14,,
573,2026-09-16,15,,
573,2026-09-16,16,,
573,2026-09-16,17,2.117,GOOD
573,2026-09-16,18,3.375,GOOD
573,2026-09-16,19,4.326,GOOD
573,2026-09-16,20,6.38,GOOD
573,2026-09-16,21,6.292,GOOD
573,2026-09-16,22,1.802,GOOD
573,2026-09-16,23,3.381,GOOD
573,2026-09-16,24,2.96,GOOD
573,2026-09-17,1,2.352,GOOD
573,2026-09-17,2,1.716,GOOD
573,2026-09-17,3,3.713,GOOD
573,2026-09-17,4,3.158,GOOD
573,2026-09-17,5,1.925,GOOD
573,2026-09-17,6,3.355,GOOD
573,2026-09-17,7,3.656,GOOD
573,2026-09-17,8,5.756,GOOD
573,2026-09-17,9,6.686,GOOD
573,2026-09-17,10,3.802,GOOD
573,2026-09-17,11,2.33,GOOD
573,2026-09-17,12,2.831,GOOD
573,2026-09-17,13,1.596,GOOD
573,2026-09-17,14,4.425,GOOD
573,2026-09-17,15,3.236,GOOD
573,2026-09-17,16,4.824,GOOD
573,2026-09-17,17,1.814,GOOD
573,2026-09-17,18,4.62,GOOD
573,2026-09-17,19,3.717,GOOD
573,2026-09-17,20,6.59,GOOD
573,2026-09-17,21,6.119,GOOD
573,2026-09-17,22,9.407,GOOD
573,2026-09-17,23,6.092,GOOD
573,2026-09-17,24,7.582,GOOD
573,2026-09-18,1,5.227,GOOD
573,2026-09-18,2,9.57,GOOD
573,2026-09-18,3,7.869,GOOD
573,2026-09-18,4,7.67,GOOD
573,2026-09-18,5,5.667,GOOD
573,2026-09-18,6,7.362,GOOD
573,2026-09-18,7,5.366,GOOD
573,2026-09-18,8,,
573,2026-09-18,9,9.314,GOOD
573,2026-09-18,10,10.534,GOOD
573,2026-09-18,11,5.614,GOOD
573,2026-09-18,12,2.784,GOOD
573,2026-09-18,13,-3.135,GOOD
573,2026-09-18,14,-4.88,GOOD
573,2026-09-18,15,-3.259,GOOD
573,2026-09-18,16,-0.389,GOOD
573,2026-09-18,17,-0.602,GOOD
573,2026-09-18,18,0.526,GOOD
573,2026-09-18,19,2.376,GOOD
573,2026-09-18,20,1.912,GOOD
573,2026-09-18,21,3.191,GOOD
573,2026-09-18,22,2.097,GOOD
573,2026-09-18,23,4.633,GOOD
573,2026-09-18,24,8.777,GOOD
573,2026-09-19,1,7.753,GOOD
573,2026-09-19,2,8.009,GOOD
573,2026-09-19,3,8.021,GOOD
573,2026-09-19,4,9.662,GOOD
573,2026-09-19,5,12.567,GOOD
573,2026-09-19,6,15.174,GOOD
573,2026-09-19,7,9.992,GOOD
573,2026-09-19,8,8.667,GOOD
573,2026-09-19,9,11.769,GOOD
573,2026-09-19,10,10.106,GOOD
573,2026-09-19,11,3.135,GOOD
573,2026-09-19,12,0.995,GOOD
573,2026-09-19,13,0.28,GOOD
573,2026-09-19,14,-0.409,GOOD
573,2026-09-19,15,-0.126,GOOD
573,2026-09-19,16,1.318,GOOD
573,2026-09-19,17,1.426,GOOD
573,2026-09-19,18,2.321,GOOD
573,2026-09-19,19,1.269,GOOD
573,2026-09-19,20,3.01,GOOD
573,2026-09-19,21,4.29,GOOD
573,2026-09-19,22,1.825,GOOD
573,2026-09-19,23,0.218,GOOD
573,2026-09-19,24,3.668,GOOD
573,2026-09-20,1,5.657,GOOD
573,2026-09-20,2,6.292,GOOD
573,2026-09-20,3,9.483,GOOD
573,2026-09-20,4,8.758,GOOD
573,2026-09-20,5,12.297,GOOD
573,2026-09-20,6,15.283,GOOD
573,2026-09-20,7,12.089,GOOD
573,2026-09-20,8,13.175,GOOD
573,2026-09-20,9,12.962,GOOD
573,2026-09-20,10,5.661,GOOD
573,2026-09-20,11,1.145,GOOD
573,2026-09-20,12,3.014,GOOD
573,2026-09-20,13,-2.683,GOOD
573,2026-09-20,14,-9.92,GOOD
573,2026-09-20,15,-3.948,GOOD
573,2026-09-20,16,0.318,GOOD
573,2026-09-20,17,0.778,GOOD
573,2026-09-20,18,-2.279,GOOD
573,2026-09-20,19,-1.003,GOOD
573,2026-09-20,20,2.871,GOOD
573,2026-09-20,21,2.736,GOOD
573,2026-09-20,22,5.716,GOOD
573,2026-09-20,23,6.496,GOOD
573,2026-09-20,24,6.467,GOOD
573,2026-09-21,1,3.818,GOOD
573,2026-09-21,2,4.016,GOOD
573,2026-09-21,3,7.122,GOOD
573,2026-09-21,4,5.18,GOOD
573,2026-09-21,5,8.281,GOOD
573,2026-09-21,6,9.729,GOOD
573,2026-09-21,7,10.231,GOOD
573,2026-09-21,8,9.242,GOOD
573,2026-09-21,9,9.842,GOOD
573,2026-09-21,10,4.767,GOOD
573,2026-09-21,11,3.855,GOOD
573,2026-09-21,12,2.392,GOOD
573,2026-09-21,13,,
573,2026-09-21,14,24.068,GOOD
573,2026-09-21,15,18.022,GOOD
573,2026-09-21,16,12.297,GOOD
573,2026-09-21,17,10.863,GOOD
573,2026-09-21,18,8.921,GOOD
573,2026-09-21,19,4.071,GOOD
573,2026-09-21,20,8.4,GOOD
573,2026-09-21,21,4.558,GOOD
573,2026-09-21,22,5.837,GOOD
573,2026-09-21,23,2.872,GOOD
573,2026-09-21,24,4.675,GOOD
573,2026-09-22,1,3.84,GOOD
573,2026-09-22,2,4.785,GOOD
573,2026-09-22,3,0.601,GOOD
573,2026-09-22,4,1.324,GOOD
573,2026-09-22,5,8.626,GOOD
573,2026-09-22,6,10.828,GOOD
573,2026-09-22,7,6.206,GOOD
573,2026-09-22,8,6.978,GOOD
573,2026-09-22,9,6.3,GOOD
573,2026-09-22,10,3.591,GOOD
573,2026-09-22,11,5.739,GOOD
573,2026-09-22,12,7.095,GOOD
573,2026-09-22,13,3.618,GOOD
573,2026-09-22,14,-0.264,GOOD
573,2026-09-22,15,3.312,GOOD
573,2026-09-22,16,6.142,GOOD
573,2026-09-22,17,2.02,GOOD
573,2026-09-22,18,2.208,GOOD
573,2026-09-22,19,2.623,GOOD
573,2026-09-22,20,3.153,GOOD
573,2026-09-22,21,0.019,GOOD
573,2026-09-22,22,0.119,GOOD
573,2026-09-22,23,1.381,GOOD
573,2026-09-22,24,-0.596,GOOD
573,2026-09-23,1,2.005,GOOD
573,2026-09-23,2,0.401,GOOD
573,2026-09-23,3,-0.503,GOOD
573,2026-09-23,4,-0.161,GOOD
573,2026-09-23,5,5.123,GOOD
573,2026-09-23,6,6.161,GOOD
573,2026-09-23,7,3.397,GOOD
573,2026-09-23,8,2.083,GOOD
573,2026-09-23,9,2.033,GOOD
573,2026-09-23,10,3.895,GOOD
573,2026-09-23,11,3.543,GOOD
573,2026-09-23,12,2.553,GOOD
573,2026-09-23,13,3.059,GOOD
573,2026-09-23,14,5.157,GOOD
573,2026-09-23,15,4.208,GOOD
573,2026-09-23,16,5.663,GOOD
573,2026-09-23,17,9.026,GOOD
573,2026-09-23,18,13.766,GOOD
573,2026-09-23,19,14.719,GOOD
573,2026-09-23,20,14.974,GOOD
573,2026-09-23,21,14.934,GOOD
573,2026-09-23,22,12.558,GOOD
573,2026-09-23,23,12.404,GOOD
573,2026-09-23,24,9.525,GOOD
573,2026-09-24,1,10.378,GOOD
573,2026-09-24,2,8.008,GOOD
573,2026-09-24,3,9.248,GOOD
573,2026-09-24,4,9.029,GOOD
573,2026-09-24,5,4.292,GOOD
573,2026-09-24,6,7.613,GOOD
573,2026-09-24,7,9.278,GOOD
573,2026-09-24,8,9.398,GOOD
573,2026-09-24,9,8.603,GOOD
573,2026-09-24,10,13.501,GOOD
573,2026-09-24,11,13.982,GOOD
573,2026-09-24,12,19.211,GOOD
573,2026-09-24,13,16.639,GOOD
573,2026-09-24,14,17.067,GOOD
573,2026-09-24,15,14.763,GOOD
573,2026-09-24,16,15.153,GOOD
573,2026-09-24,17,14.946,GOOD
573,2026-09-24,18,18.105,GOOD
573,2026-09-24,19,13.902,GOOD
573,2026-09-24,20,11.131,GOOD
573,2026-09-24,21,6.642,GOOD
573,2026-09-24,22,-0.034,GOOD
573,2026-09-24,23,1.8,GOOD
573,2026-09-24,24,4.114,GOOD
573,2026-09-25,1,5.378,GOOD
573,2026-09-25,2,2.885,GOOD
573,2026-09-25,3,3.738,GOOD
573,2026-09-25,4,3.985,GOOD
573,2026-09-25,5,6.012,GOOD
573,2026-09-25,6,1.524,GOOD
573,2026-09-25,7,7.539,GOOD
573,2026-09-25,8,12.166,GOOD
573,2026-09-25,9,13.173,GOOD
573,2026-09-25,10,11.712,GOOD
573,2026-09-25,11,5.022,GOOD
573,2026-09-25,12,9.926,GOOD
573,2026-09-25,13,14.357,GOOD
573,2026-09-25,14,15.689,GOOD
573,2026-09-25,15,11.853,GOOD
573,2026-09-25,16,1.199,GOOD
573,2026-09-25,17,0.239,GOOD
573,2026-09-25,18,1.573,GOOD
573,2026-09-25,19,5.494,GOOD
573,2026-09-25,20,7.692,GOOD
573,2026-09-25,21,7.976,GOOD
573,2026-09-25,22,8.339,GOOD
573,2026-09-25,23,13.511,GOOD
573,2026-09-25,24,15.322,GOOD
573,2026-09-26,1,15.401,GOOD
573,2026-09-26,2,11.879,GOOD
573,2026-09-26,3,7.758,GOOD
573,2026-09-26,4,7.392,GOOD
573,2026-09-26,5,9.372,GOOD
573,2026-09-26,6,9.834,GOOD
573,2026-09-26,7,4.464,GOOD
573,2026-09-26,8,,
573,2026-09-26,9,8.855,GOOD
573,2026-09-26,10,9.238,GOOD
573,2026-09-26,11,7.759,GOOD
573,2026-09-26,12,5.113,GOOD
573,2026-09-26,13,5.69,GOOD
573,2026-09-26,14,1.02,GOOD
573,2026-09-26,15,-0.338,GOOD
573,2026-09-26,16,-0.159,GOOD
573,2026-09-26,17,6.041,GOOD
573,2026-09-26,18,4.149,GOOD
573,2026-09-26,19,8.198,GOOD
573,2026-09-26,20,,
573,2026-09-26,21,11.911,GOOD
573,2026-09-26,22,16.836,GOOD
573,2026-09-26,23,11.079,GOOD
573,2026-09-26,24,6.861,GOOD
573,2026-09-27,1,3.108,GOOD
573,2026-09-27,2,3.74,GOOD
573,2026-09-27,3,3.665,GOOD
573,2026-09-27,4,3.293,GOOD
573,2026-09-27,5,0.626,GOOD
573,2026-09-27,6,1.84,GOOD
573,2026-09-27,7,0.913,GOOD
573,2026-09-27,8,2.231,GOOD
573,2026-09-27,9,2.856,GOOD
573,2026-09-27,10,1.764,GOOD
573,2026-09-27,11,2.681,GOOD
573,2026-09-27,12,2.822,GOOD
573,2026-09-27,13,3.175,GOOD
573,2026-09-27,14,5.489,GOOD
573,2026-09-27,15,2.112,GOOD
573,2026-09-27,16,2.087,GOOD
573,2026-09-27,17,3.01,GOOD
573,2026-09-27,18,2.836,GOOD
573,2026-09-27,19,4.468,GOOD
573,2026-09-27,20,3.047,GOOD
573,2026-09-27,21,6.62,GOOD
573,2026-09-27,22,11.65,GOOD
573,2026-09-27,23,5.316,GOOD
573,2026-09-27,24,1.628,GOOD
573,2026-09-28,1,3.254,GOOD
573,2026-09-28,2,1.112,GOOD
573,2026-09-28,3,1.419,GOOD
573,2026-09-28,4,3.826,GOOD
573,2026-09-28,5,8.286,GOOD
573,2026-09-28,6,10.309,GOOD
573,2026-09-28,7,7.923,GOOD
573,2026-09-28,8,5.818,GOOD
573,2026-09-28,9,5.052,GOOD
573,2026-09-28,10,2.727,GOOD
573,2026-09-28,11,0.059,GOOD
573,2026-09-28,12,5.217,GOOD
573,2026-09-28,13,7.698,GOOD
573,2026-09-28,14,7.956,GOOD
573,2026-09-28,15,5.374,GOOD
573,2026-09-28,16,2.92,GOOD
573,2026-09-28,17,2.158,GOOD
573,2026-09-28,18,2.703,GOOD
573,2026-09-28,19,0.781,GOOD
573,2026-09-28,20,3.875,GOOD
573,2026-09-28,21,3.467,GOOD
573,2026-09-28,22,0.544,GOOD
573,2026-09-28,23,8.996,GOOD
573,2026-09-28,24,8.488,GOOD
573,2026-09-29,1,8.567,GOOD
573,2026-09-29,2,7.215,GOOD
573,2026-09-29,3,4.389,GOOD
573,2026-09-29,4,3.762,GOOD
573,2026-09-29,5,5.141,GOOD
573,2026-09-29,6,4.578,GOOD
573,2026-09-29,7,4.375,GOOD
573,2026-09-29,8,6.323,GOOD
573,2026-09-29,9,4.203,GOOD
573,2026-09-29,10,2.359,GOOD
573,2026-09-29,11,-1.365,GOOD
573,2026-09-29,12,-5.098,GOOD
573,2026-09-29,13,0.07,GOOD
573,2026-09-29,14,0.872,GOOD
573,2026-09-29,15,0.7,GOOD
573,2026-09-29,16,1.601,GOOD
573,2026-09-29,17,3.362,GOOD
573,2026-09-29,18,2.991,GOOD
573,2026-09-29,19,2.374,GOOD
573,2026-09-29,20,3.168,GOOD
573,2026-09-29,21,-2.006,GOOD
573,2026-09-29,22,-1.468,GOOD
573,2026-09-29,23,4.154,GOOD
573,2026-09-29,24,5.991,GOOD
573,2026-09-30,1,5.274,GOOD
573,2026-09-30,2,3.687,GOOD
573,2026-09-30,3,3.766,GOOD
573,2026-09-30,4,2.557,GOOD
573,2026-09-30,5,-0.497,GOOD
573,2026-09-30,6,0.634,GOOD
573,2026-09-30,7,7.381,GOOD
573,2026-09-30,8,,
573,2026-09-30,9,15.662,GOOD
573,2026-09-30,10,6.797,GOOD
573,2026-09-30,11,3.737,GOOD
573,2026-09-30,12,2.722,GOOD
573,2026-09-30,13,0.973,GOOD
573,2026-09-30,14,-2.87,GOOD
573,2026-09-30,15,-0.046,GOOD
573,2026-09-30,16,-1.909,GOOD
573,2026-09-30,17,0.016,GOOD
573,2026-09-30,18,1.675,GOOD
573,2026-09-30,19,,
573,2026-09-30,20,3.855,GOOD
573,2026-09-30,21,3.549,GOOD
573,2026-09-30,22,3.191,GOOD
573,2026-09-30,23,8.122,GOOD
573,2026-09-30,24,7.072,GOOD
640,2026-09-01,1,14.62,GOOD
640,2026-09-01,2,14.18,GOOD
640,2026-09-01,3,11.73,GOOD
640,2026-09-01,4,9.595,GOOD
640,2026-09-01,5,9.91,GOOD
640,2026-09-01,6,9.176,GOOD
640,2026-09-01,7,6.955,GOOD
640,2026-09-01,8,5.229,GOOD
640,2026-09-01,9,3.445,GOOD
640,2026-09-01,10,2.036,GOOD
640,2026-09-01,11,-1.274,GOOD
640,2026-09-01,12,-1.644,GOOD
640,2026-09-01,13,1.709,GOOD
640,2026-09-01,14,7.203,GOOD
640,2026-09-01,15,9.434,GOOD
640,2026-09-01,16,9.542,GOOD
640,2026-09-01,17,6.301,GOOD
640,2026-09-01,18,5.645,GOOD
640,2026-09-01,19,5.615,GOOD
640,2026-09-01,20,5.427,GOOD
640,2026-09-01,21,5.685,GOOD
640,2026-09-01,22,4.817,GOOD
640,2026-09-01,23,6.296,GOOD
640,2026-09-01,24,5.951,GOOD
640,2026-09-02,1,5.91,GOOD
640,2026-09-02,2,5.68,GOOD
640,2026-09-02,3,3.474,GOOD
640,2026-09-02,4,1.368,GOOD
640,2026-09-02,5,1.777,GOOD
640,2026-09-02,6,4.789,GOOD
640,2026-09-02,7,5.819,GOOD
640,2026-09-02,8,7.766,GOOD
640,2026-09-02,9,8.419,GOOD
640,2026-09-02,10,9.231,GOOD
640,2026-09-02,11,7.301,GOOD
640,2026-09-02,12,4.002,GOOD
640,2026-09-02,13,,
640,2026-09-02,14,,
640,2026-09-02,15,3.072,GOOD
640,2026-09-02,16,0.277,GOOD
640,2026-09-02,17,2.479,GOOD
640,2026-09-02,18,3.628,GOOD
640,2026-09-02,19,4.378,GOOD
640,2026-09-02,20,6.699,GOOD
640,2026-09-02,21,9.215,GOOD
640,2026-09-02,22,13.334,GOOD
640,2026-09-02,23,11.316,GOOD
640,2026-09-02,24,6.792,GOOD
640,2026-09-03,1,4.577,GOOD
640,2026-09-03,2,3.986,GOOD
640,2026-09-03,3,3.752,GOOD
640,2026-09-03,4,3.891,GOOD
640,2026-09-03,5,3.58,GOOD
640,2026-09-03,6,5.186,GOOD
640,2026-09-03,7,8.499,GOOD
640,2026-09-03,8,8.378,GOOD
640,2026-09-03,9,6.563,GOOD
640,2026-09-03,10,5.654,GOOD
640,2026-09-03,11,5.044,GOOD
640,2026-09-03,12,4.074,GOOD
640,2026-09-03,13,2.092,GOOD
640,2026-09-03,14,-0.175,GOOD
640,2026-09-03,15,-0.857,GOOD
640,2026-09-03,16,-0.371,GOOD
640,2026-09-03,17,0.299,GOOD
640,2026-09-03,18,-1.028,GOOD
640,2026-09-03,19,2.07,GOOD
640,2026-09-03,20,4.024,GOOD
640,2026-09-03,21,6.84,GOOD
640,2026-09-03,22,7.801,GOOD
640,2026-09-03,23,8.816,GOOD
640,2026-09-03,24,10.926,GOOD
640,2026-09-04,1,12.238,GOOD
640,2026-09-04,2,13.366,GOOD
640,2026-09-04,3,12.204,GOOD
640,2026-09-04,4,10.836,GOOD
640,2026-09-04,5,8.999,GOOD
640,2026-09-04,6,6.591,GOOD
640,2026-09-04,7,7.061,GOOD
640,2026-09-04,8,5.365,GOOD
640,2026-09-04,9,2.309,GOOD
640,2026-09-04,10,1.346,GOOD
640,2026-09-04,11,4.776,GOOD
640,2026-09-04,12,8.429,GOOD
640,2026-09-04,13,7.387,GOOD
640,2026-09-04,14,7.135,GOOD
640,2026-09-04,15,5.108,GOOD
640,2026-09-04,16,2.297,GOOD
640,2026-09-04,17,3.122,GOOD
640,2026-09-04,18,3.207,GOOD
640,2026-09-04,19,3.719,GOOD
640,2026-09-04,20,4.264,GOOD
640,2026-09-04,21,6.824,GOOD
640,2026-09-04,22,8.489,GOOD
640,2026-09-04,23,8.04,GOOD
640,2026-09-04,24,6.502,GOOD
640,2026-09-05,1,5.507,GOOD
640,2026-09-05,2,3.449,GOOD
640,2026-09-05,3,2.453,GOOD
640,2026-09-05,4,1.469,GOOD
640,2026-09-05,5,2.234,GOOD
640,2026-09-05,6,2.005,GOOD
640,2026-09-05,7,2.031,GOOD
640,2026-09-05,8,4.32,GOOD
640,2026-09-05,9,4.664,GOOD
640,2026-09-05,10,4.192,GOOD
640,2026-09-05,11,2.146,GOOD
640,2026-09-05,12,1.707,GOOD
640,2026-09-05,13,0.688,GOOD
640,2026-09-05,14,-0.167,GOOD
640,2026-09-05,15,2.396,GOOD
640,2026-09-05,16,5.144,GOOD
640,2026-09-05,17,7.691,GOOD
640,2026-09-05,18,6.203,GOOD
640,2026-09-05,19,4.462,GOOD
640,2026-09-05,20,4.957,GOOD
640,2026-09-05,21,4.497,GOOD
640,2026-09-05,22,2.667,GOOD
640,2026-09-05,23,1.156,GOOD
640,2026-09-05,24,2.203,GOOD
640,2026-09-06,1,2.255,GOOD
640,2026-09-06,2,2.814,GOOD
640,2026-09-06,3,2.58,GOOD
640,2026-09-06,4,2.088,GOOD
640,2026-09-06,5,0.871,GOOD
640,2026-09-06,6,1.338,GOOD
640,2026-09-06,7,3.621,GOOD
640,2026-09-06,8,3.955,GOOD
640,2026-09-06,9,2.995,GOOD
640,2026-09-06,10,3.423,GOOD
640,2026-09-06,11,3.207,GOOD
640,2026-09-06,12,3.979,GOOD
640,2026-09-06,13,3.851,GOOD
640,2026-09-06,14,3.957,GOOD
640,2026-09-06,15,4.03,GOOD
640,2026-09-06,16,2.67,GOOD
640,2026-09-06,17,1.651,GOOD
640,2026-09-06,18,0.848,GOOD
640,2026-09-06,19,2.189,GOOD
640,2026-09-06,20,3.102,GOOD
640,2026-09-06,21,3.862,GOOD
640,2026-09-06,22,4.95,GOOD
640,2026-09-06,23,6.603,GOOD
640,2026-09-06,24,8.604,GOOD
640,2026-09-07,1,8.685,GOOD
640,2026-09-07,2,9.616,GOOD
640,2026-09-07,3,10.772,GOOD
640,2026-09-07,4,10.137,GOOD
640,2026-09-07,5,8.801,GOOD
640,2026-09-07,6,5.89,GOOD
640,2026-09-07,7,5.484,GOOD
640,2026-09-07,8,7.014,GOOD
640,2026-09-07,9,6.26,GOOD
640,2026-09-07,10,4.603,GOOD
640,2026-09-07,11,3.778,GOOD
640,2026-09-07,12,4.736,GOOD
640,2026-09-07,13,3.617,GOOD
640,2026-09-07,14,3.461,GOOD
640,2026-09-07,15,2.568,GOOD
640,2026-09-07,16,2.399,GOOD
640,2026-09-07,17,2.844,GOOD
640,2026-09-07,18,3.826,GOOD
640,2026-09-07,19,5.389,GOOD
640,2026-09-07,20,4.563,GOOD
640,2026-09-07,21,4.02,GOOD
640,2026-09-07,22,4.913,GOOD
640,2026-09-07,23,4.98,GOOD
640,2026-09-07,24,5.053,GOOD
640,2026-09-08,1,4.023,GOOD
640,2026-09-08,2,4.142,GOOD
640,2026-09-08,3,3.421,GOOD
640,2026-09-08,4,3.09,GOOD
640,2026-09-08,5,5.009,GOOD
640,2026-09-08,6,8.792,GOOD
640,2026-09-08,7,8.73,GOOD
640,2026-09-08,8,6.481,GOOD
640,2026-09-08,9,2.456,GOOD
640,2026-09-08,10,0.148,GOOD
640,2026-09-08,11,-0.308,GOOD
640,2026-09-08,12,0.767,GOOD
640,2026-09-08,13,0.489,GOOD
640,2026-09-08,14,1.557,GOOD
640,2026-09-08,15,2.242,GOOD
640,2026-09-08,16,3.32,GOOD
640,2026-09-08,17,3.882,GOOD
640,2026-09-08,18,4.176,GOOD
640,2026-09-08,19,4.394,GOOD
640,2026-09-08,20,3.572,GOOD
640,2026-09-08,21,8.091,GOOD
640,2026-09-08,22,12.32,GOOD
640,2026-09-08,23,12.296,GOOD
640,2026-09-08,24,11.644,GOOD
640,2026-09-09,1,11.097,GOOD
640,2026-09-09,2,9.165,GOOD
640,2026-09-09,3,7.797,GOOD
640,2026-09-09,4,7.262,GOOD
640,2026-09-09,5,7.059,GOOD
640,2026-09-09,6,7.091,GOOD
640,2026-09-09,7,6.61,GOOD
640,2026-09-09,8,5.526,GOOD
640,2026-09-09,9,5.133,GOOD
640,2026-09-09,10,4.472,GOOD
640,2026-09-09,11,4.889,GOOD
640,2026-09-09,12,6.489,GOOD
640,2026-09-09,13,5.29,GOOD
640,2026-09-09,14,4.681,GOOD
640,2026-09-09,15,2.185,GOOD
640,2026-09-09,16,1.584,GOOD
640,2026-09-09,17,1.633,GOOD
640,2026-09-09,18,2.297,GOOD
640,2026-09-09,19,3.967,GOOD
640,2026-09-09,20,5.339,GOOD
640,2026-09-09,21,7.168,GOOD
640,2026-09-09,22,12.386,GOOD
640,2026-09-09,23,18.589,GOOD
640,2026-09-09,24,19.935,GOOD
640,2026-09-10,1,17.855,GOOD
640,2026-09-10,2,14.356,GOOD
640,2026-09-10,3,11.215,GOOD
640,2026-09-10,4,9.16,GOOD
640,2026-09-10,5,7.413,GOOD
640,2026-09-10,6,6.113,GOOD
640,2026-09-10,7,5.104,GOOD
640,2026-09-10,8,5.036,GOOD
640,2026-09-10,9,2.588,GOOD
640,2026-09-10,10,2.026,GOOD
640,2026-09-10,11,3.675,GOOD
640,2026-09-10,12,5.191,GOOD
640,2026-09-10,13,5.742,GOOD
640,2026-09-10,14,7.14,GOOD
640,2026-09-10,15,7.157,GOOD
640,2026-09-10,16,7.999,GOOD
640,2026-09-10,17,8.22,GOOD
640,2026-09-10,18,9.019,GOOD
640,2026-09-10,19,9.192,GOOD
640,2026-09-10,20,10.133,GOOD
640,2026-09-10,21,12.026,GOOD
640,2026-09-10,22,14.26,GOOD
640,2026-09-10,23,13.537,GOOD
640,2026-09-10,24,13.78,GOOD
640,2026-09-11,1,12.696,GOOD
640,2026-09-11,2,12.595,GOOD
640,2026-09-11,3,11.595,GOOD
640,2026-09-11,4,9.869,GOOD
640,2026-09-11,5,8.406,GOOD
640,2026-09-11,6,7.362,GOOD
640,2026-09-11,7,8.795,GOOD
640,2026-09-11,8,7.366,GOOD
640,2026-09-11,9,3.454,GOOD
640,2026-09-11,10,4.466,GOOD
640,2026-09-11,11,4.899,GOOD
640,2026-09-11,12,4.086,GOOD
640,2026-09-11,13,6.51,GOOD
640,2026-09-11,14,8.703,GOOD
640,2026-09-11,15,7.189,GOOD
640,2026-09-11,16,6.238,GOOD
640,2026-09-11,17,6.025,GOOD
640,2026-09-11,18,5.207,GOOD
640,2026-09-11,19,5.116,GOOD
640,2026-09-11,20,7.067,GOOD
640,2026-09-11,21,9.357,GOOD
640,2026-09-11,22,12.803,GOOD
640,2026-09-11,23,15.057,GOOD
640,2026-09-11,24,15.226,GOOD
640,2026-09-12,1,13.49,GOOD
640,2026-09-12,2,11.428,GOOD
640,2026-09-12,3,10.099,GOOD
640,2026-09-12,4,9.862,GOOD
640,2026-09-12,5,10.335,GOOD
640,2026-09-12,6,11.562,GOOD
640,2026-09-12,7,11.045,GOOD
640,2026-09-12,8,8.037,GOOD
640,2026-09-12,9,3.323,GOOD
640,2026-09-12,10,3.442,GOOD
640,2026-09-12,11,4.42,GOOD
640,2026-09-12,12,2.972,GOOD
640,2026-09-12,13,3.629,GOOD
640,2026-09-12,14,4.988,GOOD
640,2026-09-12,15,5.891,GOOD
640,2026-09-12,16,4.296,GOOD
640,2026-09-12,17,3.257,GOOD
640,2026-09-12,18,3.332,GOOD
640,2026-09-12,19,4.067,GOOD
640,2026-09-12,20,6.313,GOOD
640,2026-09-12,21,8.902,GOOD
640,2026-09-12,22,12.545,GOOD
640,2026-09-12,23,16.215,GOOD
640,2026-09-12,24,17.843,GOOD
640,2026-09-13,1,17.879,GOOD
640,2026-09-13,2,16.417,GOOD
640,2026-09-13,3,16.492,GOOD
640,2026-09-13,4,15.144,GOOD
640,2026-09-13,5,13.961,GOOD
640,2026-09-13,6,11.184,GOOD
640,2026-09-13,7,10.631,GOOD
640,2026-09-13,8,,
640,2026-09-13,9,1.376,GOOD
640,2026-09-13,10,1.923,GOOD
640,2026-09-13,11,2.049,GOOD
640,2026-09-13,12,3.576,GOOD
640,2026-09-13,13,5.72,GOOD
640,2026-09-13,14,7.551,GOOD
640,2026-09-13,15,5.326,GOOD
640,2026-09-13,16,3.883,GOOD
640,2026-09-13,17,3.629,GOOD
640,2026-09-13,18,4.254,GOOD
640,2026-09-13,19,4.842,GOOD
640,2026-09-13,20,3.477,GOOD
640,2026-09-13,21,2.485,GOOD
640,2026-09-13,22,2.646,GOOD
640,2026-09-13,23,5.733,GOOD
640,2026-09-13,24,6.908,GOOD
640,2026-09-14,1,5.069,GOOD
640,2026-09-14,2,2.429,GOOD
640,2026-09-14,3,2.193,GOOD
640,2026-09-14,4,6.524,GOOD
640,2026-09-14,5,6.899,GOOD
640,2026-09-14,6,2.651,GOOD
640,2026-09-14,7,2.466,GOOD
640,2026-09-14,8,2.598,GOOD
640,2026-09-14,9,3.114,GOOD
640,2026-09-14,10,1.343,GOOD
640,2026-09-14,11,0.772,GOOD
640,2026-09-14,12,-0.467,GOOD
640,2026-09-14,13,-2.389,GOOD
640,2026-09-14,14,-2.261,GOOD
640,2026-09-14,15,-0.594,GOOD
640,2026-09-14,16,2.482,GOOD
640,2026-09-14,17,3.102,GOOD
640,2026-09-14,18,4.174,GOOD
640,2026-09-14,19,5.517,GOOD
640,2026-09-14,20,5.041,GOOD
640,2026-09-14,21,4.063,GOOD
640,2026-09-14,22,1.102,GOOD
640,2026-09-14,23,3.961,GOOD
640,2026-09-14,24,5.817,GOOD
640,2026-09-15,1,5.12,GOOD
640,2026-09-15,2,3.272,GOOD
640,2026-09-15,3,3.135,GOOD
640,2026-09-15,4,1.591,GOOD
640,2026-09-15,5,-1.973,GOOD
640,2026-09-15,6,-2.88,GOOD
640,2026-09-15,7,-0.56,GOOD
640,2026-09-15,8,,
640,2026-09-15,9,2.031,GOOD
640,2026-09-15,10,6.014,GOOD
640,2026-09-15,11,6.599,GOOD
640,2026-09-15,12,6.149,GOOD
640,2026-09-15,13,5.16,GOOD
640,2026-09-15,14,4.87,GOOD
640,2026-09-15,15,4.118,GOOD
640,2026-09-15,16,5.039,GOOD
640,2026-09-15,17,6.167,GOOD
640,2026-09-15,18,6.746,GOOD
640,2026-09-15,19,7.587,GOOD
640,2026-09-15,20,6.598,GOOD
640,2026-09-15,21,4.779,GOOD
640,2026-09-15,22,2.851,GOOD
640,2026-09-15,23,3.795,GOOD
640,2026-09-15,24,4.065,GOOD
640,2026-09-16,1,3.545,GOOD
640,2026-09-16,2,1.909,GOOD
640,2026-09-16,3,3.936,GOOD
640,2026-09-16,4,3.218,GOOD
640,2026-09-16,5,1.653,GOOD
640,2026-09-16,6,3.064,GOOD
640,2026-09-16,7,4.284,GOOD
640,2026-09-16,8,4.127,GOOD
640,2026-09-16,9,1.341,GOOD
640,2026-09-16,10,-3.229,GOOD
640,2026-09-16,11,-1.98,GOOD
640,2026-09-16,12,1.122,GOOD
640,2026-09-16,13,3.165,GOOD
640,2026-09-16,14,4.249,GOOD
640,2026-09-16,15,4.145,GOOD
640,2026-09-16,16,5.15,GOOD
640,2026-09-16,17,5.565,GOOD
640,2026-09-16,18,5.426,GOOD
640,2026-09-16,19,5.217,GOOD
640,2026-09-16,20,5.899,GOOD
640,2026-09-16,21,6.046,GOOD
640,2026-09-16,22,4.83,GOOD
640,2026-09-16,23,8.633,GOOD
640,2026-09-16,24,12.834,GOOD
640,2026-09-17,1,11.237,GOOD
640,2026-09-17,2,10.607,GOOD
640,2026-09-17,3,10.208,GOOD
640,2026-09-17,4,9.673,GOOD
640,2026-09-17,5,6.927,GOOD
640,2026-09-17,6,4.234,GOOD
640,2026-09-17,7,4.932,GOOD
640,2026-09-17,8,5.643,GOOD
640,2026-09-17,9,2.475,GOOD
640,2026-09-17,10,-0.72,GOOD
640,2026-09-17,11,-0.268,GOOD
640,2026-09-17,12,1.734,GOOD
640,2026-09-17,13,3.049,GOOD
640,2026-09-17,14,4.663,GOOD
640,2026-09-17,15,5.564,GOOD
640,2026-09-17,16,5.5,GOOD
640,2026-09-17,17,5.252,GOOD
640,2026-09-17,18,6.945,GOOD
640,2026-09-17,19,7.587,GOOD
640,2026-09-17,20,8.849,GOOD
640,2026-09-17,21,7.968,GOOD
640,2026-09-17,22,6.681,GOOD
640,2026-09-17,23,9.18,GOOD
640,2026-09-17,24,11.092,GOOD
640,2026-09-18,1,13.039,GOOD
640,2026-09-18,2,10.55,GOOD
640,2026-09-18,3,5.482,GOOD
640,2026-09-18,4,5.351,GOOD
640,2026-09-18,5,11.917,GOOD
640,2026-09-18,6,19.69,GOOD
640,2026-09-18,7,16.601,GOOD
640,2026-09-18,8,10.552,GOOD
640,2026-09-18,9,2.081,GOOD
640,2026-09-18,10,-1.667,GOOD
640,2026-09-18,11,-1.933,GOOD
640,2026-09-18,12,1.483,GOOD
640,2026-09-18,13,2.483,GOOD
640,2026-09-18,14,3.229,GOOD
640,2026-09-18,15,4.036,GOOD
640,2026-09-18,16,3.247,GOOD
640,2026-09-18,17,4.639,GOOD
640,2026-09-18,18,5.015,GOOD
640,2026-09-18,19,5.354,GOOD
640,2026-09-18,20,8.376,GOOD
640,2026-09-18,21,12.775,GOOD
640,2026-09-18,22,18.561,GOOD
640,2026-09-18,23,20.436,GOOD
640,2026-09-18,24,20.244,GOOD
640,2026-09-19,1,20.654,GOOD
640,2026-09-19,2,18.815,GOOD
640,2026-09-19,3,16.529,GOOD
640,2026-09-19,4,14.715,GOOD
640,2026-09-19,5,11.663,GOOD
640,2026-09-19,6,13.316,GOOD
640,2026-09-19,7,11.946,GOOD
640,2026-09-19,8,8.319,GOOD
640,2026-09-19,9,2.937,GOOD
640,2026-09-19,10,1.248,GOOD
640,2026-09-19,11,0.286,GOOD
640,2026-09-19,12,0.235,GOOD
640,2026-09-19,13,1.301,GOOD
640,2026-09-19,14,0.999,GOOD
640,2026-09-19,15,1.212,GOOD
640,2026-09-19,16,2.805,GOOD
640,2026-09-19,17,3.481,GOOD
640,2026-09-19,18,4.477,GOOD
640,2026-09-19,19,6.657,GOOD
640,2026-09-19,20,9.799,GOOD
640,2026-09-19,21,11.777,GOOD
640,2026-09-19,22,15.999,GOOD
640,2026-09-19,23,19.942,GOOD
640,2026-09-19,24,19.769,GOOD
640,2026-09-20,1,17.231,GOOD
640,2026-09-20,2,13.081,GOOD
640,2026-09-20,3,11.062,GOOD
640,2026-09-20,4,9.536,GOOD
640,2026-09-20,5,8.675,GOOD
640,2026-09-20,6,9.132,GOOD
640,2026-09-20,7,9.714,GOOD
640,2026-09-20,8,5.479,GOOD
640,2026-09-20,9,1.014,GOOD
640,2026-09-20,10,1.84,GOOD
640,2026-09-20,11,1.459,GOOD
640,2026-09-20,12,1.132,GOOD
640,2026-09-20,13,3.318,GOOD
640,2026-09-20,14,4.597,GOOD
640,2026-09-20,15,3.516,GOOD
640,2026-09-20,16,4.636,GOOD
640,2026-09-20,17,4.203,GOOD
640,2026-09-20,18,3.689,GOOD
640,2026-09-20,19,5.61,GOOD
640,2026-09-20,20,7.095,GOOD
640,2026-09-20,21,5.795,GOOD
640,2026-09-20,22,7.502,GOOD
640,2026-09-20,23,7.274,GOOD
640,2026-09-20,24,4.759,GOOD
640,2026-09-21,1,4.313,GOOD
640,2026-09-21,2,4.24,GOOD
640,2026-09-21,3,4.49,GOOD
640,2026-09-21,4,4.413,GOOD
640,2026-09-21,5,4.271,GOOD
640,2026-09-21,6,4.06,GOOD
640,2026-09-21,7,4.334,GOOD
640,2026-09-21,8,3.295,GOOD
640,2026-09-21,9,1.414,GOOD
640,2026-09-21,10,0.521,GOOD
640,2026-09-21,11,0.387,GOOD
640,2026-09-21,12,1.208,GOOD
640,2026-09-21,13,3.639,GOOD
640,2026-09-21,14,6.087,GOOD
640,2026-09-21,15,5.318,GOOD
640,2026-09-21,16,5.214,GOOD
640,2026-09-21,17,4.916,GOOD
640,2026-09-21,18,4.792,GOOD
640,2026-09-21,19,5.307,GOOD
640,2026-09-21,20,5.664,GOOD
640,2026-09-21,21,5.623,GOOD
640,2026-09-21,22,6.93,GOOD
640,2026-09-21,23,6.711,GOOD
640,2026-09-21,24,6.766,GOOD
640,2026-09-22,1,7.394,GOOD
640,2026-09-22,2,6.811,GOOD
640,2026-09-22,3,7.571,GOOD
640,2026-09-22,4,9.636,GOOD
640,2026-09-22,5,,
640,2026-09-22,6,,
640,2026-09-22,7,,
640,2026-09-22,8,,
640,2026-09-22,9,,
640,2026-09-22,10,,
640,2026-09-22,11,,
640,2026-09-22,12,,
640,2026-09-22,13,,
640,2026-09-22,14,,
640,2026-09-22,15,,
640,2026-09-22,16,,
640,2026-09-22,17,,
640,2026-09-22,18,,
640,2026-09-22,19,,
640,2026-09-22,20,,
640,2026-09-22,21,,
640,2026-09-22,22,,
640,2026-09-22,23,,
640,2026-09-22,24,,
640,2026-09-23,1,,
640,2026-09-23,2,,
640,2026-09-23,3,,
640,2026-09-23,4,,
640,2026-09-23,5,,
640,2026-09-23,6,,
640,2026-09-23,7,,
640,2026-09-23,8,,
640,2026-09-23,9,,
640,2026-09-23,10,,
640,2026-09-23,11,,
640,2026-09-23,12,,
640,2026-09-23,13,,
640,2026-09-23,14,,
640,2026-09-23,15,,
640,2026-09-23,16,,
640,2026-09-23,17,,
640,2026-09-23,18,,
640,2026-09-23,19,,
640,2026-09-23,20,,
640,2026-09-23,21,,
640,2026-09-23,22,,
640,2026-09-23,23,,
640,2026-09-23,24,,
640,2026-09-24,1,,
640,2026-09-24,2,,
640,2026-09-24,3,,
640,2026-09-24,4,,
640,2026-09-24,5,,
640,2026-09-24,6,,
640,2026-09-24,7,,
640,2026-09-24,8,,
640,2026-09-24,9,,
640,2026-09-24,10,,
640,2026-09-24,11,,
640,2026-09-24,12,,
640,2026-09-24,13,,
640,2026-09-24,14,,
640,2026-09-24,15,,
640,2026-09-24,16,,
640,2026-09-24,17,,
640,2026-09-24,18,,
640,2026-09-24,19,,
640,2026-09-24,20,,
640,2026-09-24,21,,
640,2026-09-24,22,,
640,2026-09-24,23,,
640,2026-09-24,24,,
640,2026-09-25,1,,
640,2026-09-25,2,,
640,2026-09-25,3,,
640,2026-09-25,4,,
640,2026-09-25,5,,
640,2026-09-25,6,,
640,2026-09-25,7,,
640,2026-09-25,8,,
640,2026-09-25,9,,
640,2026-09-25,10,,
640,2026-09-25,11,,
640,2026-09-25,12,,
640,2026-09-25,13,,
640,2026-09-25,14,,
640,2026-09-25,15,,
640,2026-09-25,16,,
640,2026-09-25,17,,
640,2026-09-25,18,,
640,2026-09-25,19,,
640,2026-09-25,20,,
640,2026-09-25,21,,
640,2026-09-25,22,,
640,2026-09-25,23,,
640,2026-09-25,24,,
640,2026-09-26,1,,
640,2026-09-26,2,,
640,2026-09-26,3,,
640,2026-09-26,4,,
640,2026-09-26,5,,
640,2026-09-26,6,,
640,2026-09-26,7,,
640,2026-09-26,8,,
640,2026-09-26,9,,
640,2026-09-26,10,,
640,2026-09-26,11,,
640,2026-09-26,12,,
640,2026-09-26,13,,
640,2026-09-26,14,,
640,2026-09-26,15,,
640,2026-09-26,16,,
640,2026-09-26,17,,
640,2026-09-26,18,,
640,2026-09-26,19,,
640,2026-09-26,20,,
640,2026-09-26,21,,
640,2026-09-26,22,,
640,2026-09-26,23,,
640,2026-09-26,24,,
640,2026-09-27,1,,
640,2026-09-27,2,,
640,2026-09-27,3,,
640,2026-09-27,4,,
640,2026-09-27,5,,
640,2026-09-27,6,,
640,2026-09-27,7,,
640,2026-09-27,8,,
640,2026-09-27,9,,
640,2026-09-27,10,,
640,2026-09-27,11,,
640,2026-09-27,12,,
640,2026-09-27,13,,
640,2026-09-27,14,,
640,2026-09-27,15,,
640,2026-09-27,16,,
640,2026-09-27,17,,
640,2026-09-27,18,,
640,2026-09-27,19,,
640,2026-09-27,20,,
640,2026-09-27,21,,
640,2026-09-27,22,,
640,2026-09-27,23,,
640,2026-09-27,24,,
640,2026-09-28,1,,
640,2026-09-28,2,,
640,2026-09-28,3,,
640,2026-09-28,4,,
640,2026-09-28,5,,
640,2026-09-28,6,,
640,2026-09-28,7,,
640,2026-09-28,8,,
640,2026-09-28,9,,
640,2026-09-28,10,,
640,2026-09-28,11,,
640,2026-09-28,12,,
640,2026-09-28,13,,
640,2026-09-28,14,,
640,2026-09-28,15,,
640,2026-09-28,16,,
640,2026-09-28,17,,
640,2026-09-28,18,,
640,2026-09-28,19,,
640,2026-09-28,20,,
640,2026-09-28,21,,
640,2026-09-28,22,,
640,2026-09-28,23,,
640,2026-09-28,24,,
640,2026-09-29,1,,
640,2026-09-29,2,,
640,2026-09-29,3,,
640,2026-09-29,4,,
640,2026-09-29,5,,
640,2026-09-29,6,,
640,2026-09-29,7,,
640,2026-09-29,8,,
640,2026-09-29,9,,
640,2026-09-29,10,,
640,2026-09-29,11,,
640,2026-09-29,12,,
640,2026-09-29,13,,
640,2026-09-29,14,,
640,2026-09-29,15,,
640,2026-09-29,16,,
640,2026-09-29,17,,
640,2026-09-29,18,,
640,2026-09-29,19,,
640,2026-09-29,20,-0.959,GOOD
640,2026-09-29,21,-0.833,GOOD
640,2026-09-29,22,0.686,GOOD
640,2026-09-29,23,2.111,GOOD
640,2026-09-29,24,3.787,GOOD
640,2026-09-30,1,4.761,GOOD
640,2026-09-30,2,5.872,GOOD
640,2026-09-30,3,3.583,GOOD
640,2026-09-30,4,2.187,GOOD
640,2026-09-30,5,3.438,GOOD
640,2026-09-30,6,5.646,GOOD
640,2026-09-30,7,5.775,GOOD
640,2026-09-30,8,4.213,GOOD
640,2026-09-30,9,2.336,GOOD
640,2026-09-30,10,0.703,GOOD
640,2026-09-30,11,1.505,GOOD
640,2026-09-30,12,3.72,GOOD
640,2026-09-30,13,4.936,GOOD
640,2026-09-30,14,4.972,GOOD
640,2026-09-30,15,4.577,GOOD
640,2026-09-30,16,4.572,GOOD
640,2026-09-30,17,5.467,GOOD
640,2026-09-30,18,5.648,GOOD
640,2026-09-30,19,6.257,GOOD
640,2026-09-30,20,6.855,GOOD
640,2026-09-30,21,5.642,GOOD
640,2026-09-30,22,2.495,GOOD
640,2026-09-30,23,3.677,GOOD
640,2026-09-30,24,5.117,GOOD
919,2026-09-01,1,18.442,GOOD
919,2026-09-01,2,18.671,GOOD
919,2026-09-01,3,16.696,GOOD
919,2026-09-01,4,15.903,GOOD
919,2026-09-01,5,15.402,GOOD
919,2026-09-01,6,21.952,GOOD
919,2026-09-01,7,28.033,FAIR
919,2026-09-01,8,3.866,GOOD
919,2026-09-01,9,9.569,GOOD
919,2026-09-01,10,10.683,GOOD
919,2026-09-01,11,-0.767,GOOD
919,2026-09-01,12,1.295,GOOD
919,2026-09-01,13,-4.617,GOOD
919,2026-09-01,14,-2.672,GOOD
919,2026-09-01,15,2.974,GOOD
919,2026-09-01,16,5.813,GOOD
919,2026-09-01,17,6.006,GOOD
919,2026-09-01,18,11.279,GOOD
919,2026-09-01,19,10.184,GOOD
919,2026-09-01,20,5.329,GOOD
919,2026-09-01,21,6.602,GOOD
919,2026-09-01,22,40.859,FAIR
919,2026-09-01,23,19.129,GOOD
919,2026-09-01,24,,
919,2026-09-02,1,0.887,GOOD
919,2026-09-02,2,-2.061,GOOD
919,2026-09-02,3,-1.584,GOOD
919,2026-09-02,4,3.972,GOOD
919,2026-09-02,5,0.612,GOOD
919,2026-09-02,6,-4.289,GOOD
919,2026-09-02,7,4.245,GOOD
919,2026-09-02,8,48.562,FAIR
919,2026-09-02,9,1.002,GOOD
919,2026-09-02,10,-8.929,GOOD
919,2026-09-02,11,-9.946,GOOD
919,2026-09-02,12,-6.507,GOOD
919,2026-09-02,13,,
919,2026-09-02,14,,
919,2026-09-02,15,10.925,GOOD
919,2026-09-02,16,6.298,GOOD
919,2026-09-02,17,3.242,GOOD
919,2026-09-02,18,3.254,GOOD
919,2026-09-02,19,-0.094,GOOD
919,2026-09-02,20,2.905,GOOD
919,2026-09-02,21,3.005,GOOD
919,2026-09-02,22,6.187,GOOD
919,2026-09-02,23,10.091,GOOD
919,2026-09-02,24,9.724,GOOD
919,2026-09-03,1,5.873,GOOD
919,2026-09-03,2,2.708,GOOD
919,2026-09-03,3,1.854,GOOD
919,2026-09-03,4,3.039,GOOD
919,2026-09-03,5,-0.59,GOOD
919,2026-09-03,6,-1.072,GOOD
919,2026-09-03,7,5.233,GOOD
919,2026-09-03,8,-0.864,GOOD
919,2026-09-03,9,6.585,GOOD
919,2026-09-03,10,5.794,GOOD
919,2026-09-03,11,8.994,GOOD
919,2026-09-03,12,7.197,GOOD
919,2026-09-03,13,5.546,GOOD
919,2026-09-03,14,2.723,GOOD
919,2026-09-03,15,8.056,GOOD
919,2026-09-03,16,5.243,GOOD
919,2026-09-03,17,5.004,GOOD
919,2026-09-03,18,4.856,GOOD
919,2026-09-03,19,7.283,GOOD
919,2026-09-03,20,-1.432,GOOD
919,2026-09-03,21,-4.087,GOOD
919,2026-09-03,22,10.473,GOOD
919,2026-09-03,23,11.472,GOOD
919,2026-09-03,24,3.975,GOOD
919,2026-09-04,1,3.055,GOOD
919,2026-09-04,2,19.579,GOOD
919,2026-09-04,3,47.816,FAIR
919,2026-09-04,4,-1.813,GOOD
919,2026-09-04,5,-8.566,GOOD
919,2026-09-04,6,-3.634,GOOD
919,2026-09-04,7,1.531,GOOD
919,2026-09-04,8,2.152,GOOD
919,2026-09-04,9,7.137,GOOD
919,2026-09-04,10,-3.604,GOOD
919,2026-09-04,11,-2.565,GOOD
919,2026-09-04,12,-0.195,GOOD
919,2026-09-04,13,0.472,GOOD
919,2026-09-04,14,-2.777,GOOD
919,2026-09-04,15,-2.704,GOOD
919,2026-09-04,16,3.768,GOOD
919,2026-09-04,17,3.967,GOOD
919,2026-09-04,18,1.889,GOOD
919,2026-09-04,19,1.204,GOOD
919,2026-09-04,20,10.869,GOOD
919,2026-09-04,21,6.174,GOOD
919,2026-09-04,22,74.137,POOR
919,2026-09-04,23,48.426,FAIR
919,2026-09-04,24,9.85,GOOD
919,2026-09-05,1,6.632,GOOD
919,2026-09-05,2,11.52,GOOD
919,2026-09-05,3,9.169,GOOD
919,2026-09-05,4,9.682,GOOD
919,2026-09-05,5,12.601,GOOD
919,2026-09-05,6,11.036,GOOD
919,2026-09-05,7,8.157,GOOD
919,2026-09-05,8,-4.24,GOOD
919,2026-09-05,9,0.074,GOOD
919,2026-09-05,10,1.78,GOOD
919,2026-09-05,11,-6.6,GOOD
919,2026-09-05,12,-5.077,GOOD
919,2026-09-05,13,-3.524,GOOD
919,2026-09-05,14,-4.377,GOOD
919,2026-09-05,15,5.958,GOOD
919,2026-09-05,16,8.942,GOOD
919,2026-09-05,17,,
919,2026-09-05,18,,
919,2026-09-05,19,2.7,GOOD
919,2026-09-05,20,9.927,GOOD
919,2026-09-05,21,6.722,GOOD
919,2026-09-05,22,6.843,GOOD
919,2026-09-05,23,7.576,GOOD
919,2026-09-05,24,9.233,GOOD
919,2026-09-06,1,7.112,GOOD
919,2026-09-06,2,14.886,GOOD
919,2026-09-06,3,22.983,GOOD
919,2026-09-06,4,11.397,GOOD
919,2026-09-06,5,7.112,GOOD
919,2026-09-06,6,0.449,GOOD
919,2026-09-06,7,-1.026,GOOD
919,2026-09-06,8,-4.709,GOOD
919,2026-09-06,9,-2.17,GOOD
919,2026-09-06,10,-3.08,GOOD
919,2026-09-06,11,42.837,FAIR
919,2026-09-06,12,17.955,GOOD
919,2026-09-06,13,,
919,2026-09-06,14,,
919,2026-09-06,15,-4.61,GOOD
919,2026-09-06,16,-1.496,GOOD
919,2026-09-06,17,-1.356,GOOD
919,2026-09-06,18,,
919,2026-09-06,19,,
919,2026-09-06,20,-4.757,GOOD
919,2026-09-06,21,-0.58,GOOD
919,2026-09-06,22,6.085,GOOD
919,2026-09-06,23,5.926,GOOD
919,2026-09-06,24,7.133,GOOD
919,2026-09-07,1,8.087,GOOD
919,2026-09-07,2,8.347,GOOD
919,2026-09-07,3,11.079,GOOD
919,2026-09-07,4,8.979,GOOD
919,2026-09-07,5,6.13,GOOD
919,2026-09-07,6,6.611,GOOD
919,2026-09-07,7,16.84,GOOD
919,2026-09-07,8,1.765,GOOD
919,2026-09-07,9,4.221,GOOD
919,2026-09-07,10,2.987,GOOD
919,2026-09-07,11,2.351,GOOD
919,2026-09-07,12,7.848,GOOD
919,2026-09-07,13,13.121,GOOD
919,2026-09-07,14,6.177,GOOD
919,2026-09-07,15,5.595,GOOD
919,2026-09-07,16,0.877,GOOD
919,2026-09-07,17,2.076,GOOD
919,2026-09-07,18,7.096,GOOD
919,2026-09-07,19,5.308,GOOD
919,2026-09-07,20,2.602,GOOD
919,2026-09-07,21,8.344,GOOD
919,2026-09-07,22,3.512,GOOD
919,2026-09-07,23,2.659,GOOD
919,2026-09-07,24,4.71,GOOD
919,2026-09-08,1,11.184,GOOD
919,2026-09-08,2,12.91,GOOD
919,2026-09-08,3,70.847,POOR
919,2026-09-08,4,6.461,GOOD
919,2026-09-08,5,-1.456,GOOD
919,2026-09-08,6,-2.227,GOOD
919,2026-09-08,7,-0.689,GOOD
919,2026-09-08,8,-3.37,GOOD
919,2026-09-08,9,-0.511,GOOD
919,2026-09-08,10,2.974,GOOD
919,2026-09-08,11,-6.494,GOOD
919,2026-09-08,12,-2.253,GOOD
919,2026-09-08,13,-4.639,GOOD
919,2026-09-08,14,2.131,GOOD
919,2026-09-08,15,9.03,GOOD
919,2026-09-08,16,2.814,GOOD
919,2026-09-08,17,2.475,GOOD
919,2026-09-08,18,3.867,GOOD
919,2026-09-08,19,7.655,GOOD
919,2026-09-08,20,4.282,GOOD
919,2026-09-08,21,24.021,GOOD
919,2026-09-08,22,39.184,FAIR
919,2026-09-08,23,5.509,GOOD
919,2026-09-08,24,4.579,GOOD
919,2026-09-09,1,7.502,GOOD
919,2026-09-09,2,5.387,GOOD
919,2026-09-09,3,3.888,GOOD
919,2026-09-09,4,7.727,GOOD
919,2026-09-09,5,6.324,GOOD
919,2026-09-09,6,5.106,GOOD
919,2026-09-09,7,5.812,GOOD
919,2026-09-09,8,,
919,2026-09-09,9,1.013,GOOD
919,2026-09-09,10,5.854,GOOD
919,2026-09-09,11,7.369,GOOD
919,2026-09-09,12,12.435,GOOD
919,2026-09-09,13,,
919,2026-09-09,14,,
919,2026-09-09,15,4.753,GOOD
919,2026-09-09,16,15.523,GOOD
919,2026-09-09,17,12.494,GOOD
919,2026-09-09,18,9.255,GOOD
919,2026-09-09,19,5.924,GOOD
919,2026-09-09,20,8.19,GOOD
919,2026-09-09,21,14.719,GOOD
919,2026-09-09,22,11.699,GOOD
919,2026-09-09,23,6.317,GOOD
919,2026-09-09,24,8.489,GOOD
919,2026-09-10,1,8.834,GOOD
919,2026-09-10,2,46.339,FAIR
919,2026-09-10,3,6.669,GOOD
919,2026-09-10,4,-1.749,GOOD
919,2026-09-10,5,1.753,GOOD
919,2026-09-10,6,0.866,GOOD
919,2026-09-10,7,3.339,GOOD
919,2026-09-10,8,-1.53,GOOD
919,2026-09-10,9,3.791,GOOD
919,2026-09-10,10,3.005,GOOD
919,2026-09-10,11,4.668,GOOD
919,2026-09-10,12,0.009,GOOD
919,2026-09-10,13,2.621,GOOD
919,2026-09-10,14,2.528,GOOD
919,2026-09-10,15,3.454,GOOD
919,2026-09-10,16,1.712,GOOD
919,2026-09-10,17,2.277,GOOD
919,2026-09-10,18,6.692,GOOD
919,2026-09-10,19,1.49,GOOD
919,2026-09-10,20,3.177,GOOD
919,2026-09-10,21,4.758,GOOD
919,2026-09-10,22,51.599,POOR
919,2026-09-10,23,26.491,FAIR
919,2026-09-10,24,11.02,GOOD
919,2026-09-11,1,11.424,GOOD
919,2026-09-11,2,12.701,GOOD
919,2026-09-11,3,11.44,GOOD
919,2026-09-11,4,9.565,GOOD
919,2026-09-11,5,-1.373,GOOD
919,2026-09-11,6,2.629,GOOD
919,2026-09-11,7,12.106,GOOD
919,2026-09-11,8,12.078,GOOD
919,2026-09-11,9,10.628,GOOD
919,2026-09-11,10,,
919,2026-09-11,11,,
919,2026-09-11,12,,
919,2026-09-11,13,5.998,GOOD
919,2026-09-11,14,6.318,GOOD
919,2026-09-11,15,5.235,GOOD
919,2026-09-11,16,4.702,GOOD
919,2026-09-11,17,44.715,FAIR
919,2026-09-11,18,28.617,FAIR
919,2026-09-11,19,-2.7,GOOD
919,2026-09-11,20,-7.566,GOOD
919,2026-09-11,21,-4.344,GOOD
919,2026-09-11,22,6.065,GOOD
919,2026-09-11,23,15.643,GOOD
919,2026-09-11,24,14.636,GOOD
919,2026-09-12,1,12.613,GOOD
919,2026-09-12,2,21.997,GOOD
919,2026-09-12,3,13.765,GOOD
919,2026-09-12,4,17.665,GOOD
919,2026-09-12,5,21.553,GOOD
919,2026-09-12,6,21.312,GOOD
919,2026-09-12,7,14.113,GOOD
919,2026-09-12,8,-5.831,GOOD
919,2026-09-12,9,10.176,GOOD
919,2026-09-12,10,8.781,GOOD
919,2026-09-12,11,-6.818,GOOD
919,2026-09-12,12,-5.275,GOOD
919,2026-09-12,13,-7.915,GOOD
919,2026-09-12,14,-3.538,GOOD
919,2026-09-12,15,-1.256,GOOD
919,2026-09-12,16,7.127,GOOD
919,2026-09-12,17,84.733,POOR
919,2026-09-12,18,45.302,FAIR
919,2026-09-12,19,9.896,GOOD
919,2026-09-12,20,8.033,GOOD
919,2026-09-12,21,34.359,FAIR
919,2026-09-12,22,69.617,POOR
919,2026-09-12,23,72.155,POOR
919,2026-09-12,24,26.675,FAIR
919,2026-09-13,1,20.385,GOOD
919,2026-09-13,2,15.407,GOOD
919,2026-09-13,3,18.352,GOOD
919,2026-09-13,4,17.579,GOOD
919,2026-09-13,5,13.915,GOOD
919,2026-09-13,6,10.498,GOOD
919,2026-09-13,7,8.473,GOOD
919,2026-09-13,8,14.732,GOOD
919,2026-09-13,9,5.487,GOOD
919,2026-09-13,10,10.902,GOOD
919,2026-09-13,11,13.062,GOOD
919,2026-09-13,12,14.12,GOOD
919,2026-09-13,13,13.941,GOOD
919,2026-09-13,14,6.75,GOOD
919,2026-09-13,15,,
919,2026-09-13,16,7.107,GOOD
919,2026-09-13,17,5.643,GOOD
919,2026-09-13,18,0.9,GOOD
919,2026-09-13,19,34.404,FAIR
919,2026-09-13,20,48.307,FAIR
919,2026-09-13,21,50.307,POOR
919,2026-09-13,22,82.417,POOR
919,2026-09-13,23,8.853,GOOD
919,2026-09-13,24,3.268,GOOD
919,2026-09-14,1,3.115,GOOD
919,2026-09-14,2,7.291,GOOD
919,2026-09-14,3,9.86,GOOD
919,2026-09-14,4,12.304,GOOD
919,2026-09-14,5,17.969,GOOD
919,2026-09-14,6,16.514,GOOD
919,2026-09-14,7,14.783,GOOD
919,2026-09-14,8,4.403,GOOD
919,2026-09-14,9,9.196,GOOD
919,2026-09-14,10,7.188,GOOD
919,2026-09-14,11,2.653,GOOD
919,2026-09-14,12,2.246,GOOD
919,2026-09-14,13,-1.424,GOOD
919,2026-09-14,14,5.447,GOOD
919,2026-09-14,15,2.417,GOOD
919,2026-09-14,16,2.451,GOOD
919,2026-09-14,17,11.527,GOOD
919,2026-09-14,18,13.137,GOOD
919,2026-09-14,19,-4.62,GOOD
919,2026-09-14,20,-4.682,GOOD
919,2026-09-14,21,1.034,GOOD
919,2026-09-14,22,25.873,FAIR
919,2026-09-14,23,36.505,FAIR
919,2026-09-14,24,37.554,FAIR
919,2026-09-15,1,33.714,FAIR
919,2026-09-15,2,24.079,GOOD
919,2026-09-15,3,7.738,GOOD
919,2026-09-15,4,3.6,GOOD
919,2026-09-15,5,-1.569,GOOD
919,2026-09-15,6,9.724,GOOD
919,2026-09-15,7,11.876,GOOD
919,2026-09-15,8,1.902,GOOD
919,2026-09-15,9,4.655,GOOD
919,2026-09-15,10,5.875,GOOD
919,2026-09-15,11,6.643,GOOD
919,2026-09-15,12,5.969,GOOD
919,2026-09-15,13,-4.879,GOOD
919,2026-09-15,14,-5.145,GOOD
919,2026-09-15,15,-0.688,GOOD
919,2026-09-15,16,4.67,GOOD
919,2026-09-15,17,2.075,GOOD
919,2026-09-15,18,-3.425,GOOD
919,2026-09-15,19,7.808,GOOD
919,2026-09-15,20,7.36,GOOD
919,2026-09-15,21,6.202,GOOD
919,2026-09-15,22,3.525,GOOD
919,2026-09-15,23,10.122,GOOD
919,2026-09-15,24,12.872,GOOD
919,2026-09-16,1,7.393,GOOD
919,2026-09-16,2,8.64,GOOD
919,2026-09-16,3,12.689,GOOD
919,2026-09-16,4,14.725,GOOD
919,2026-09-16,5,18.808,GOOD
919,2026-09-16,6,52.315,POOR
919,2026-09-16,7,22.02,GOOD
919,2026-09-16,8,,
919,2026-09-16,9,-4.767,GOOD
919,2026-09-16,10,-7.717,GOOD
919,2026-09-16,11,-2.933,GOOD
919,2026-09-16,12,-0.834,GOOD
919,2026-09-16,13,-5.739,GOOD
919,2026-09-16,14,3.384,GOOD
919,2026-09-16,15,5.639,GOOD
919,2026-09-16,16,3.126,GOOD
919,2026-09-16,17,4.571,GOOD
919,2026-09-16,18,5.179,GOOD
919,2026-09-16,19,8.508,GOOD
919,2026-09-16,20,19.519,GOOD
919,2026-09-16,21,62.968,POOR
919,2026-09-16,22,7.533,GOOD
919,2026-09-16,23,-0.778,GOOD
919,2026-09-16,24,-3.428,GOOD
919,2026-09-17,1,2.934,GOOD
919,2026-09-17,2,4.012,GOOD
919,2026-09-17,3,2.656,GOOD
919,2026-09-17,4,-1.54,GOOD
919,2026-09-17,5,6.178,GOOD
919,2026-09-17,6,5.811,GOOD
919,2026-09-17,7,3.785,GOOD
919,2026-09-17,8,0.599,GOOD
919,2026-09-17,9,2.699,GOOD
919,2026-09-17,10,-1.881,GOOD
919,2026-09-17,11,2.615,GOOD
919,2026-09-17,12,2.923,GOOD
919,2026-09-17,13,-4.724,GOOD
919,2026-09-17,14,1.525,GOOD
919,2026-09-17,15,7.878,GOOD
919,2026-09-17,16,5.309,GOOD
919,2026-09-17,17,6.597,GOOD
919,2026-09-17,18,39.141,FAIR
919,2026-09-17,19,12.617,GOOD
919,2026-09-17,20,-4.661,GOOD
919,2026-09-17,21,-2.114,GOOD
919,2026-09-17,22,8.212,GOOD
919,2026-09-17,23,12.114,GOOD
919,2026-09-17,24,7.447,GOOD
919,2026-09-18,1,12.843,GOOD
919,2026-09-18,2,13.486,GOOD
919,2026-09-18,3,12.572,GOOD
919,2026-09-18,4,11.227,GOOD
919,2026-09-18,5,11.887,GOOD
919,2026-09-18,6,11.45,GOOD
919,2026-09-18,7,,
919,2026-09-18,8,-8.446,GOOD
919,2026-09-18,9,4.946,GOOD
919,2026-09-18,10,5.171,GOOD
919,2026-09-18,11,2.267,GOOD
919,2026-09-18,12,0.434,GOOD
919,2026-09-18,13,2.156,GOOD
919,2026-09-18,14,0.313,GOOD
919,2026-09-18,15,-2.354,GOOD
919,2026-09-18,16,2.417,GOOD
919,2026-09-18,17,8.36,GOOD
919,2026-09-18,18,7.102,GOOD
919,2026-09-18,19,7.127,GOOD
919,2026-09-18,20,5.638,GOOD
919,2026-09-18,21,8.145,GOOD
919,2026-09-18,22,13.594,GOOD
919,2026-09-18,23,21.523,GOOD
919,2026-09-18,24,24.938,GOOD
919,2026-09-19,1,23.443,GOOD
919,2026-09-19,2,20.901,GOOD
919,2026-09-19,3,12.987,GOOD
919,2026-09-19,4,11.781,GOOD
919,2026-09-19,5,13.4,GOOD
919,2026-09-19,6,14.966,GOOD
919,2026-09-19,7,7.273,GOOD
919,2026-09-19,8,-6.451,GOOD
919,2026-09-19,9,-6.035,GOOD
919,2026-09-19,10,-3.772,GOOD
919,2026-09-19,11,-3.19,GOOD
919,2026-09-19,12,-6.418,GOOD
919,2026-09-19,13,-4.624,GOOD
919,2026-09-19,14,-0.193,GOOD
919,2026-09-19,15,1.896,GOOD
919,2026-09-19,16,2.478,GOOD
919,2026-09-19,17,4.076,GOOD
919,2026-09-19,18,6.442,GOOD
919,2026-09-19,19,11.705,GOOD
919,2026-09-19,20,8.896,GOOD
919,2026-09-19,21,16.07,GOOD
919,2026-09-19,22,7.743,GOOD
919,2026-09-19,23,4.491,GOOD
919,2026-09-19,24,8.748,GOOD
919,2026-09-20,1,12.75,GOOD
919,2026-09-20,2,7.001,GOOD
919,2026-09-20,3,6.646,GOOD
919,2026-09-20,4,10.102,GOOD
919,2026-09-20,5,13.383,GOOD
919,2026-09-20,6,13.023,GOOD
919,2026-09-20,7,12.681,GOOD
919,2026-09-20,8,1.155,GOOD
919,2026-09-20,9,-0.757,GOOD
919,2026-09-20,10,-4.313,GOOD
919,2026-09-20,11,-7.08,GOOD
919,2026-09-20,12,-4.2,GOOD
919,2026-09-20,13,-3.343,GOOD
919,2026-09-20,14,-3.931,GOOD
919,2026-09-20,15,0.029,GOOD
919,2026-09-20,16,1.888,GOOD
919,2026-09-20,17,6.559,GOOD
919,2026-09-20,18,3.995,GOOD
919,2026-09-20,19,6.499,GOOD
919,2026-09-20,20,7.7,GOOD
919,2026-09-20,21,13.357,GOOD
919,2026-09-20,22,15.912,GOOD
919,2026-09-20,23,15.327,GOOD
919,2026-09-20,24,3.671,GOOD
919,2026-09-21,1,4.029,GOOD
919,2026-09-21,2,-0.79,GOOD
919,2026-09-21,3,1.161,GOOD
919,2026-09-21,4,5.712,GOOD
919,2026-09-21,5,12.575,GOOD
919,2026-09-21,6,10.663,GOOD
919,2026-09-21,7,3.984,GOOD
919,2026-09-21,8,-2.432,GOOD
919,2026-09-21,9,-3.915,GOOD
919,2026-09-21,10,-0.586,GOOD
919,2026-09-21,11,-2.339,GOOD
919,2026-09-21,12,,
919,2026-09-21,13,,
919,2026-09-21,14,3.989,GOOD
919,2026-09-21,15,5.586,GOOD
919,2026-09-21,16,10.411,GOOD
919,2026-09-21,17,10.549,GOOD
919,2026-09-21,18,10.202,GOOD
919,2026-09-21,19,11.057,GOOD
919,2026-09-21,20,5.418,GOOD
919,2026-09-21,21,8.793,GOOD
919,2026-09-21,22,-8.146,GOOD
919,2026-09-21,23,4.827,GOOD
919,2026-09-21,24,6.736,GOOD
919,2026-09-22,1,-0.481,GOOD
919,2026-09-22,2,2.231,GOOD
919,2026-09-22,3,5.423,GOOD
919,2026-09-22,4,1.066,GOOD
919,2026-09-22,5,11.929,GOOD
919,2026-09-22,6,11.707,GOOD
919,2026-09-22,7,13.037,GOOD
919,2026-09-22,8,5.518,GOOD
919,2026-09-22,9,10.322,GOOD
919,2026-09-22,10,8.131,GOOD
919,2026-09-22,11,1.399,GOOD
919,2026-09-22,12,30.178,FAIR
919,2026-09-22,13,-6.358,GOOD
919,2026-09-22,14,,
919,2026-09-22,15,,
919,2026-09-22,16,,
919,2026-09-22,17,-5.741,GOOD
919,2026-09-22,18,-2.703,GOOD
919,2026-09-22,19,-0.438,GOOD
919,2026-09-22,20,1.547,GOOD
919,2026-09-22,21,6.418,GOOD
919,2026-09-22,22,0.793,GOOD
919,2026-09-22,23,6.192,GOOD
919,2026-09-22,24,3.29,GOOD
919,2026-09-23,1,1.225,GOOD
919,2026-09-23,2,3.039,GOOD
919,2026-09-23,3,8.662,GOOD
919,2026-09-23,4,5.411,GOOD
919,2026-09-23,5,4.59,GOOD
919,2026-09-23,6,10.076,GOOD
919,2026-09-23,7,7.695,GOOD
919,2026-09-23,8,2.51,GOOD
919,2026-09-23,9,-3.096,GOOD
919,2026-09-23,10,0.783,GOOD
919,2026-09-23,11,1.884,GOOD
919,2026-09-23,12,6.037,GOOD
919,2026-09-23,13,11.698,GOOD
919,2026-09-23,14,9.798,GOOD
919,2026-09-23,15,13.272,GOOD
919,2026-09-23,16,11.593,GOOD
919,2026-09-23,17,8.41,GOOD
919,2026-09-23,18,8.296,GOOD
919,2026-09-23,19,11.256,GOOD
919,2026-09-23,20,7.49,GOOD
919,2026-09-23,21,9.065,GOOD
919,2026-09-23,22,9.206,GOOD
919,2026-09-23,23,22.998,GOOD
919,2026-09-23,24,17.418,GOOD
919,2026-09-24,1,11.729,GOOD
919,2026-09-24,2,5.724,GOOD
919,2026-09-24,3,5.968,GOOD
919,2026-09-24,4,8.819,GOOD
919,2026-09-24,5,11.559,GOOD
919,2026-09-24,6,11.618,GOOD
919,2026-09-24,7,14.169,GOOD
919,2026-09-24,8,9.542,GOOD
919,2026-09-24,9,1.669,GOOD
919,2026-09-24,10,7.542,GOOD
919,2026-09-24,11,2.6,GOOD
919,2026-09-24,12,8.785,GOOD
919,2026-09-24,13,13.241,GOOD
919,2026-09-24,14,15.888,GOOD
919,2026-09-24,15,15.427,GOOD
919,2026-09-24,16,10.542,GOOD
919,2026-09-24,17,7.823,GOOD
919,2026-09-24,18,8.559,GOOD
919,2026-09-24,19,4.032,GOOD
919,2026-09-24,20,3.441,GOOD
919,2026-09-24,21,1.718,GOOD
919,2026-09-24,22,8.282,GOOD
919,2026-09-24,23,4.649,GOOD
919,2026-09-24,24,11.199,GOOD
919,2026-09-25,1,12.474,GOOD
919,2026-09-25,2,12.638,GOOD
919,2026-09-25,3,12.36,GOOD
919,2026-09-25,4,11.968,GOOD
919,2026-09-25,5,6.691,GOOD
919,2026-09-25,6,10.683,GOOD
919,2026-09-25,7,12.789,GOOD
919,2026-09-25,8,-3.535,GOOD
919,2026-09-25,9,-8.951,GOOD
919,2026-09-25,10,-3.25,GOOD
919,2026-09-25,11,2.047,GOOD
919,2026-09-25,12,2.764,GOOD
919,2026-09-25,13,16.504,GOOD
919,2026-09-25,14,17.719,GOOD
919,2026-09-25,15,20.084,GOOD
919,2026-09-25,16,10.163,GOOD
919,2026-09-25,17,15.852,GOOD
919,2026-09-25,18,7.71,GOOD
919,2026-09-25,19,10.993,GOOD
919,2026-09-25,20,5.578,GOOD
919,2026-09-25,21,1.341,GOOD
919,2026-09-25,22,9.851,GOOD
919,2026-09-25,23,14.753,GOOD
919,2026-09-25,24,15.984,GOOD
919,2026-09-26,1,16.301,GOOD
919,2026-09-26,2,19.946,GOOD
919,2026-09-26,3,15.199,GOOD
919,2026-09-26,4,20.411,GOOD
919,2026-09-26,5,8.695,GOOD
919,2026-09-26,6,9.425,GOOD
919,2026-09-26,7,10.901,GOOD
919,2026-09-26,8,-0.701,GOOD
919,2026-09-26,9,7.366,GOOD
919,2026-09-26,10,0.598,GOOD
919,2026-09-26,11,2.819,GOOD
919,2026-09-26,12,3.282,GOOD
919,2026-09-26,13,-1.7,GOOD
919,2026-09-26,14,5.028,GOOD
919,2026-09-26,15,18.8,GOOD
919,2026-09-26,16,11.46,GOOD
919,2026-09-26,17,9.024,GOOD
919,2026-09-26,18,11.796,GOOD
919,2026-09-26,19,,
919,2026-09-26,20,,
919,2026-09-26,21,3.205,GOOD
919,2026-09-26,22,15.203,GOOD
919,2026-09-26,23,12.204,GOOD
919,2026-09-26,24,11.418,GOOD
919,2026-09-27,1,8.979,GOOD
919,2026-09-27,2,7.738,GOOD
919,2026-09-27,3,9.614,GOOD
919,2026-09-27,4,3.784,GOOD
919,2026-09-27,5,-3.543,GOOD
919,2026-09-27,6,,
919,2026-09-27,7,31.349,FAIR
919,2026-09-27,8,-2.262,GOOD
919,2026-09-27,9,-0.758,GOOD
919,2026-09-27,10,-0.049,GOOD
919,2026-09-27,11,,
919,2026-09-27,12,,
919,2026-09-27,13,,
919,2026-09-27,14,-3.524,GOOD
919,2026-09-27,15,2,GOOD
919,2026-09-27,16,0.254,GOOD
919,2026-09-27,17,1.269,GOOD
919,2026-09-27,18,51.147,POOR
919,2026-09-27,19,8.779,GOOD
919,2026-09-27,20,,
919,2026-09-27,21,3.449,GOOD
919,2026-09-27,22,1.419,GOOD
919,2026-09-27,23,0.564,GOOD
919,2026-09-27,24,0.865,GOOD
919,2026-09-28,1,4.131,GOOD
919,2026-09-28,2,0.963,GOOD
919,2026-09-28,3,4.443,GOOD
919,2026-09-28,4,1.506,GOOD
919,2026-09-28,5,5.369,GOOD
919,2026-09-28,6,8.889,GOOD
919,2026-09-28,7,7.899,GOOD
919,2026-09-28,8,5.692,GOOD
919,2026-09-28,9,2.786,GOOD
919,2026-09-28,10,11.964,GOOD
919,2026-09-28,11,44.782,FAIR
919,2026-09-28,12,-4.769,GOOD
919,2026-09-28,13,,
919,2026-09-28,14,-2.298,GOOD
919,2026-09-28,15,0.164,GOOD
919,2026-09-28,16,-0.199,GOOD
919,2026-09-28,17,5.727,GOOD
919,2026-09-28,18,2.555,GOOD
919,2026-09-28,19,-2.047,GOOD
919,2026-09-28,20,-1.085,GOOD
919,2026-09-28,21,-4.405,GOOD
919,2026-09-28,22,-1.022,GOOD
919,2026-09-28,23,5.019,GOOD
919,2026-09-28,24,3.398,GOOD
919,2026-09-29,1,5.646,GOOD
919,2026-09-29,2,6.926,GOOD
919,2026-09-29,3,9.754,GOOD
919,2026-09-29,4,9.61,GOOD
919,2026-09-29,5,7.238,GOOD
919,2026-09-29,6,9.559,GOOD
919,2026-09-29,7,6.366,GOOD
919,2026-09-29,8,9.821,GOOD
919,2026-09-29,9,37.099,FAIR
919,2026-09-29,10,16.641,GOOD
919,2026-09-29,11,-5.514,GOOD
919,2026-09-29,12,-6.859,GOOD
919,2026-09-29,13,,
919,2026-09-29,14,-9.461,GOOD
919,2026-09-29,15,-3.408,GOOD
919,2026-09-29,16,-6.274,GOOD
919,2026-09-29,17,-2.896,GOOD
919,2026-09-29,18,0.282,GOOD
919,2026-09-29,19,-0.49,GOOD
919,2026-09-29,20,-3.278,GOOD
919,2026-09-29,21,2.307,GOOD
919,2026-09-29,22,3.763,GOOD
919,2026-09-29,23,-0.223,GOOD
919,2026-09-29,24,3.659,GOOD
919,2026-09-30,1,7.329,GOOD
919,2026-09-30,2,13.367,GOOD
919,2026-09-30,3,11.339,GOOD
919,2026-09-30,4,9.392,GOOD
919,2026-09-30,5,9.578,GOOD
919,2026-09-30,6,12.336,GOOD
919,2026-09-30,7,2.683,GOOD
919,2026-09-30,8,-4.028,GOOD
919,2026-09-30,9,-3.635,GOOD
919,2026-09-30,10,1.93,GOOD
919,2026-09-30,11,-0.326,GOOD
919,2026-09-30,12,,
919,2026-09-30,13,-0.178,GOOD
919,2026-09-30,14,16.162,GOOD
919,2026-09-30,15,12.142,GOOD
919,2026-09-30,16,,
919,2026-09-30,17,,
919,2026-09-30,18,2.909,GOOD
919,2026-09-30,19,10.577,GOOD
919,2026-09-30,20,5.99,GOOD
919,2026-09-30,21,0.712,GOOD
919,2026-09-30,22,6.941,GOOD
919,2026-09-30,23,7.703,GOOD
919,2026-09-30,24,8.928,GOOD
795,2026-09-01,1,4.211,GOOD
795,2026-09-01,2,-1.803,GOOD
795,2026-09-01,3,0.629,GOOD
795,2026-09-01,4,6.058,GOOD
795,2026-09-01,5,-3.387,GOOD
795,2026-09-01,6,0.666,GOOD
795,2026-09-01,7,6.699,GOOD
795,2026-09-01,8,7.614,GOOD
795,2026-09-01,9,17.557,GOOD
795,2026-09-01,10,26.001,FAIR
795,2026-09-01,11,18.187,GOOD
795,2026-09-01,12,12.779,GOOD
795,2026-09-01,13,10.313,GOOD
795,2026-09-01,14,8.259,GOOD
795,2026-09-01,15,8.639,GOOD
795,2026-09-01,16,7.18,GOOD
795,2026-09-01,17,9.118,GOOD
795,2026-09-01,18,11.629,GOOD
795,2026-09-01,19,11.014,GOOD
795,2026-09-01,20,8.09,GOOD
795,2026-09-01,21,6.508,GOOD
795,2026-09-01,22,8.819,GOOD
795,2026-09-01,23,3.045,GOOD
795,2026-09-01,24,1.611,GOOD
795,2026-09-02,1,12.962,GOOD
795,2026-09-02,2,16.96,GOOD
795,2026-09-02,3,11.423,GOOD
795,2026-09-02,4,10.355,GOOD
795,2026-09-02,5,13.963,GOOD
795,2026-09-02,6,13.534,GOOD
795,2026-09-02,7,13.367,GOOD
795,2026-09-02,8,3.775,GOOD
795,2026-09-02,9,11.656,GOOD
795,2026-09-02,10,7.875,GOOD
795,2026-09-02,11,2.843,GOOD
795,2026-09-02,12,5.11,GOOD
795,2026-09-02,13,-4.158,GOOD
795,2026-09-02,14,-5.623,GOOD
795,2026-09-02,15,5.087,GOOD
795,2026-09-02,16,3.644,GOOD
795,2026-09-02,17,6.314,GOOD
795,2026-09-02,18,0.694,GOOD
795,2026-09-02,19,1.718,GOOD
795,2026-09-02,20,3.769,GOOD
795,2026-09-02,21,-0.779,GOOD
795,2026-09-02,22,2.334,GOOD
795,2026-09-02,23,-2.403,GOOD
795,2026-09-02,24,11.249,GOOD
795,2026-09-03,1,12.187,GOOD
795,2026-09-03,2,8.342,GOOD
795,2026-09-03,3,2.746,GOOD
795,2026-09-03,4,3.957,GOOD
795,2026-09-03,5,3.798,GOOD
795,2026-09-03,6,5.945,GOOD
795,2026-09-03,7,3.921,GOOD
795,2026-09-03,8,2.339,GOOD
795,2026-09-03,9,11.334,GOOD
795,2026-09-03,10,11.705,GOOD
795,2026-09-03,11,,
795,2026-09-03,12,,
795,2026-09-03,13,,
795,2026-09-03,14,-6.412,GOOD
795,2026-09-03,15,6.369,GOOD
795,2026-09-03,16,3.264,GOOD
795,2026-09-03,17,4.404,GOOD
795,2026-09-03,18,3.712,GOOD
795,2026-09-03,19,1.075,GOOD
795,2026-09-03,20,0.894,GOOD
795,2026-09-03,21,-3.572,GOOD
795,2026-09-03,22,2.571,GOOD
795,2026-09-03,23,3.157,GOOD
795,2026-09-03,24,5.091,GOOD
795,2026-09-04,1,6.962,GOOD
795,2026-09-04,2,3.068,GOOD
795,2026-09-04,3,10.146,GOOD
795,2026-09-04,4,0.421,GOOD
795,2026-09-04,5,0.966,GOOD
795,2026-09-04,6,0.334,GOOD
795,2026-09-04,7,4.77,GOOD
795,2026-09-04,8,1.972,GOOD
795,2026-09-04,9,14.146,GOOD
795,2026-09-04,10,13.996,GOOD
795,2026-09-04,11,4.02,GOOD
795,2026-09-04,12,1.846,GOOD
795,2026-09-04,13,9.504,GOOD
795,2026-09-04,14,8.742,GOOD
795,2026-09-04,15,4.545,GOOD
795,2026-09-04,16,4.534,GOOD
795,2026-09-04,17,2.627,GOOD
795,2026-09-04,18,3.104,GOOD
795,2026-09-04,19,1.173,GOOD
795,2026-09-04,20,2.13,GOOD
795,2026-09-04,21,-5.088,GOOD
795,2026-09-04,22,,
795,2026-09-04,23,4.583,GOOD
795,2026-09-04,24,-0.275,GOOD
795,2026-09-05,1,6.002,GOOD
795,2026-09-05,2,8.545,GOOD
795,2026-09-05,3,10.059,GOOD
795,2026-09-05,4,8.301,GOOD
795,2026-09-05,5,8.67,GOOD
795,2026-09-05,6,3.668,GOOD
795,2026-09-05,7,3.476,GOOD
795,2026-09-05,8,9.13,GOOD
795,2026-09-05,9,15.029,GOOD
795,2026-09-05,10,5.779,GOOD
795,2026-09-05,11,4.781,GOOD
795,2026-09-05,12,2.462,GOOD
795,2026-09-05,13,7.609,GOOD
795,2026-09-05,14,8.365,GOOD
795,2026-09-05,15,4.739,GOOD
795,2026-09-05,16,,
795,2026-09-05,17,5.737,GOOD
795,2026-09-05,18,0.615,GOOD
795,2026-09-05,19,3.292,GOOD
795,2026-09-05,20,4.738,GOOD
795,2026-09-05,21,-0.587,GOOD
795,2026-09-05,22,-3.792,GOOD
795,2026-09-05,23,5.44,GOOD
795,2026-09-05,24,7.111,GOOD
795,2026-09-06,1,5.04,GOOD
795,2026-09-06,2,-1.89,GOOD
795,2026-09-06,3,7.867,GOOD
795,2026-09-06,4,4.603,GOOD
795,2026-09-06,5,6.631,GOOD
795,2026-09-06,6,6.034,GOOD
795,2026-09-06,7,5.724,GOOD
795,2026-09-06,8,6.017,GOOD
795,2026-09-06,9,1.103,GOOD
795,2026-09-06,10,3.007,GOOD
795,2026-09-06,11,6.768,GOOD
795,2026-09-06,12,1.025,GOOD
795,2026-09-06,13,0.959,GOOD
795,2026-09-06,14,1.144,GOOD
795,2026-09-06,15,4.1,GOOD
795,2026-09-06,16,1.29,GOOD
795,2026-09-06,17,2.223,GOOD
795,2026-09-06,18,0.062,GOOD
795,2026-09-06,19,3.828,GOOD
795,2026-09-06,20,0.415,GOOD
795,2026-09-06,21,1.816,GOOD
795,2026-09-06,22,9.096,GOOD
795,2026-09-06,23,5.813,GOOD
795,2026-09-06,24,2.124,GOOD
795,2026-09-07,1,-2.676,GOOD
795,2026-09-07,2,-1.47,GOOD
795,2026-09-07,3,-0.175,GOOD
795,2026-09-07,4,2.015,GOOD
795,2026-09-07,5,-2.163,GOOD
795,2026-09-07,6,2.852,GOOD
795,2026-09-07,7,4.113,GOOD
795,2026-09-07,8,2.957,GOOD
795,2026-09-07,9,2.652,GOOD
795,2026-09-07,10,13.353,GOOD
795,2026-09-07,11,7.604,GOOD
795,2026-09-07,12,13.354,GOOD
795,2026-09-07,13,3.695,GOOD
795,2026-09-07,14,-0.219,GOOD
795,2026-09-07,15,1.233,GOOD
795,2026-09-07,16,2.165,GOOD
795,2026-09-07,17,2.541,GOOD
795,2026-09-07,18,2.458,GOOD
795,2026-09-07,19,-2.934,GOOD
795,2026-09-07,20,-2.559,GOOD
795,2026-09-07,21,0.223,GOOD
795,2026-09-07,22,6.429,GOOD
795,2026-09-07,23,6.729,GOOD
795,2026-09-07,24,1.405,GOOD
795,2026-09-08,1,1.696,GOOD
795,2026-09-08,2,3.403,GOOD
795,2026-09-08,3,2.733,GOOD
795,2026-09-08,4,2.901,GOOD
795,2026-09-08,5,5.832,GOOD
795,2026-09-08,6,9.228,GOOD
795,2026-09-08,7,6.867,GOOD
795,2026-09-08,8,5.776,GOOD
795,2026-09-08,9,15.061,GOOD
795,2026-09-08,10,12.026,GOOD
795,2026-09-08,11,3.386,GOOD
795,2026-09-08,12,4.429,GOOD
795,2026-09-08,13,9.461,GOOD
795,2026-09-08,14,13.443,GOOD
795,2026-09-08,15,8.406,GOOD
795,2026-09-08,16,5.386,GOOD
795,2026-09-08,17,5.217,GOOD
795,2026-09-08,18,2.657,GOOD
795,2026-09-08,19,3.413,GOOD
795,2026-09-08,20,5.914,GOOD
795,2026-09-08,21,3.968,GOOD
795,2026-09-08,22,5.454,GOOD
795,2026-09-08,23,6.962,GOOD
795,2026-09-08,24,-2.686,GOOD
795,2026-09-09,1,-2.211,GOOD
795,2026-09-09,2,0.534,GOOD
795,2026-09-09,3,2.783,GOOD
795,2026-09-09,4,5.343,GOOD
795,2026-09-09,5,6.623,GOOD
795,2026-09-09,6,8.319,GOOD
795,2026-09-09,7,5.588,GOOD
795,2026-09-09,8,7.464,GOOD
795,2026-09-09,9,11.612,GOOD
795,2026-09-09,10,20.662,GOOD
795,2026-09-09,11,8.043,GOOD
795,2026-09-09,12,7.877,GOOD
795,2026-09-09,13,0.059,GOOD
795,2026-09-09,14,0.17,GOOD
795,2026-09-09,15,-0.908,GOOD
795,2026-09-09,16,2.467,GOOD
795,2026-09-09,17,2.52,GOOD
795,2026-09-09,18,4.572,GOOD
795,2026-09-09,19,-1.274,GOOD
795,2026-09-09,20,2.426,GOOD
795,2026-09-09,21,,
795,2026-09-09,22,-2.468,GOOD
795,2026-09-09,23,-1.541,GOOD
795,2026-09-09,24,9.476,GOOD
795,2026-09-10,1,12.622,GOOD
795,2026-09-10,2,8.811,GOOD
795,2026-09-10,3,6.68,GOOD
795,2026-09-10,4,-0.001,GOOD
795,2026-09-10,5,-3.906,GOOD
795,2026-09-10,6,-1.152,GOOD
795,2026-09-10,7,6.449,GOOD
795,2026-09-10,8,7.24,GOOD
795,2026-09-10,9,14.248,GOOD
795,2026-09-10,10,14.143,GOOD
795,2026-09-10,11,1.028,GOOD
795,2026-09-10,12,7.592,GOOD
795,2026-09-10,13,7.748,GOOD
795,2026-09-10,14,5.499,GOOD
795,2026-09-10,15,2.336,GOOD
795,2026-09-10,16,2.483,GOOD
795,2026-09-10,17,1.059,GOOD
795,2026-09-10,18,1.959,GOOD
795,2026-09-10,19,1.323,GOOD
795,2026-09-10,20,0.912,GOOD
795,2026-09-10,21,3.335,GOOD
795,2026-09-10,22,9.151,GOOD
795,2026-09-10,23,1.389,GOOD
795,2026-09-10,24,-2.317,GOOD
795,2026-09-11,1,3.454,GOOD
795,2026-09-11,2,1.97,GOOD
795,2026-09-11,3,2.5,GOOD
795,2026-09-11,4,3.688,GOOD
795,2026-09-11,5,6.111,GOOD
795,2026-09-11,6,5.663,GOOD
795,2026-09-11,7,5.387,GOOD
795,2026-09-11,8,8.15,GOOD
795,2026-09-11,9,15.814,GOOD
795,2026-09-11,10,13.26,GOOD
795,2026-09-11,11,5.163,GOOD
795,2026-09-11,12,8.685,GOOD
795,2026-09-11,13,7.521,GOOD
795,2026-09-11,14,8.748,GOOD
795,2026-09-11,15,5.963,GOOD
795,2026-09-11,16,3.292,GOOD
795,2026-09-11,17,1.747,GOOD
795,2026-09-11,18,2.7,GOOD
795,2026-09-11,19,5.459,GOOD
795,2026-09-11,20,3.879,GOOD
795,2026-09-11,21,0.417,GOOD
795,2026-09-11,22,5.738,GOOD
795,2026-09-11,23,7.493,GOOD
795,2026-09-11,24,9.969,GOOD
795,2026-09-12,1,9.302,GOOD
795,2026-09-12,2,7.752,GOOD
795,2026-09-12,3,0.906,GOOD
795,2026-09-12,4,-1.147,GOOD
795,2026-09-12,5,-7.245,GOOD
795,2026-09-12,6,2.726,GOOD
795,2026-09-12,7,4.719,GOOD
795,2026-09-12,8,5.556,GOOD
795,2026-09-12,9,18.635,GOOD
795,2026-09-12,10,19.871,GOOD
795,2026-09-12,11,12.04,GOOD
795,2026-09-12,12,6.382,GOOD
795,2026-09-12,13,7.61,GOOD
795,2026-09-12,14,11.849,GOOD
795,2026-09-12,15,10.711,GOOD
795,2026-09-12,16,4.412,GOOD
795,2026-09-12,17,4.893,GOOD
795,2026-09-12,18,2.226,GOOD
795,2026-09-12,19,3.924,GOOD
795,2026-09-12,20,6.489,GOOD
795,2026-09-12,21,0.352,GOOD
795,2026-09-12,22,0.63,GOOD
795,2026-09-12,23,10.295,GOOD
795,2026-09-12,24,15.411,GOOD
795,2026-09-13,1,12.769,GOOD
795,2026-09-13,2,2.896,GOOD
795,2026-09-13,3,0.158,GOOD
795,2026-09-13,4,-0.476,GOOD
795,2026-09-13,5,-2.672,GOOD
795,2026-09-13,6,3.957,GOOD
795,2026-09-13,7,10.22,GOOD
795,2026-09-13,8,10.201,GOOD
795,2026-09-13,9,22.642,GOOD
795,2026-09-13,10,17.618,GOOD
795,2026-09-13,11,9.744,GOOD
795,2026-09-13,12,13.181,GOOD
795,2026-09-13,13,11.749,GOOD
795,2026-09-13,14,4.173,GOOD
795,2026-09-13,15,5.877,GOOD
795,2026-09-13,16,2.906,GOOD
795,2026-09-13,17,,
795,2026-09-13,18,3.283,GOOD
795,2026-09-13,19,3.054,GOOD
795,2026-09-13,20,5.368,GOOD
795,2026-09-13,21,-2.088,GOOD
795,2026-09-13,22,2.913,GOOD
795,2026-09-13,23,11.791,GOOD
795,2026-09-13,24,3.709,GOOD
795,2026-09-14,1,7.589,GOOD
795,2026-09-14,2,2.631,GOOD
795,2026-09-14,3,0.909,GOOD
795,2026-09-14,4,1.418,GOOD
795,2026-09-14,5,-2.965,GOOD
795,2026-09-14,6,7.265,GOOD
795,2026-09-14,7,11.185,GOOD
795,2026-09-14,8,8.636,GOOD
795,2026-09-14,9,9.543,GOOD
795,2026-09-14,10,11.82,GOOD
795,2026-09-14,11,11.029,GOOD
795,2026-09-14,12,11.282,GOOD
795,2026-09-14,13,10.557,GOOD
795,2026-09-14,14,10.064,GOOD
795,2026-09-14,15,4.149,GOOD
795,2026-09-14,16,3.123,GOOD
795,2026-09-14,17,5.458,GOOD
795,2026-09-14,18,2.228,GOOD
795,2026-09-14,19,1.1,GOOD
795,2026-09-14,20,4.146,GOOD
795,2026-09-14,21,-2.125,GOOD
795,2026-09-14,22,-4.573,GOOD
795,2026-09-14,23,-5.516,GOOD
795,2026-09-14,24,2.148,GOOD
795,2026-09-15,1,7.643,GOOD
795,2026-09-15,2,3.752,GOOD
795,2026-09-15,3,0.844,GOOD
795,2026-09-15,4,11.559,GOOD
795,2026-09-15,5,3.785,GOOD
795,2026-09-15,6,-6.62,GOOD
795,2026-09-15,7,-6.057,GOOD
795,2026-09-15,8,6.135,GOOD
795,2026-09-15,9,17.859,GOOD
795,2026-09-15,10,16.524,GOOD
795,2026-09-15,11,20.873,GOOD
795,2026-09-15,12,11.418,GOOD
795,2026-09-15,13,-4.929,GOOD
795,2026-09-15,14,-4.861,GOOD
795,2026-09-15,15,3.27,GOOD
795,2026-09-15,16,2.143,GOOD
795,2026-09-15,17,0.332,GOOD
795,2026-09-15,18,0.977,GOOD
795,2026-09-15,19,2.399,GOOD
795,2026-09-15,20,3.199,GOOD
795,2026-09-15,21,-3.892,GOOD
795,2026-09-15,22,-0.568,GOOD
795,2026-09-15,23,10.258,GOOD
795,2026-09-15,24,6.26,GOOD
795,2026-09-16,1,5.033,GOOD
795,2026-09-16,2,1.037,GOOD
795,2026-09-16,3,-0.718,GOOD
795,2026-09-16,4,-1.89,GOOD
795,2026-09-16,5,2.115,GOOD
795,2026-09-16,6,6.152,GOOD
795,2026-09-16,7,0.837,GOOD
795,2026-09-16,8,2.9,GOOD
795,2026-09-16,9,13.495,GOOD
795,2026-09-16,10,11.871,GOOD
795,2026-09-16,11,4.589,GOOD
795,2026-09-16,12,0.981,GOOD
795,2026-09-16,13,-2.016,GOOD
795,2026-09-16,14,0.877,GOOD
795,2026-09-16,15,1.919,GOOD
795,2026-09-16,16,2.374,GOOD
795,2026-09-16,17,3.827,GOOD
795,2026-09-16,18,0.882,GOOD
795,2026-09-16,19,2.575,GOOD
795,2026-09-16,20,-1.31,GOOD
795,2026-09-16,21,-0.321,GOOD
795,2026-09-16,22,8.482,GOOD
795,2026-09-16,23,-2.247,GOOD
795,2026-09-16,24,1.997,GOOD
795,2026-09-17,1,3.941,GOOD
795,2026-09-17,2,5.16,GOOD
795,2026-09-17,3,5.391,GOOD
795,2026-09-17,4,7.043,GOOD
795,2026-09-17,5,8.117,GOOD
795,2026-09-17,6,13.487,GOOD
795,2026-09-17,7,10.312,GOOD
795,2026-09-17,8,8.307,GOOD
795,2026-09-17,9,3.521,GOOD
795,2026-09-17,10,13.204,GOOD
795,2026-09-17,11,8.857,GOOD
795,2026-09-17,12,-1.847,GOOD
795,2026-09-17,13,6.975,GOOD
795,2026-09-17,14,8.967,GOOD
795,2026-09-17,15,5.451,GOOD
795,2026-09-17,16,4.35,GOOD
795,2026-09-17,17,2.436,GOOD
795,2026-09-17,18,-0.424,GOOD
795,2026-09-17,19,1.477,GOOD
795,2026-09-17,20,-2.49,GOOD
795,2026-09-17,21,-1.935,GOOD
795,2026-09-17,22,10.65,GOOD
795,2026-09-17,23,-1.093,GOOD
795,2026-09-17,24,-0.757,GOOD
795,2026-09-18,1,2.066,GOOD
795,2026-09-18,2,2.268,GOOD
795,2026-09-18,3,1.756,GOOD
795,2026-09-18,4,5.008,GOOD
795,2026-09-18,5,7.129,GOOD
795,2026-09-18,6,8.685,GOOD
795,2026-09-18,7,10.761,GOOD
795,2026-09-18,8,9.229,GOOD
795,2026-09-18,9,19.987,GOOD
795,2026-09-18,10,16.531,GOOD
795,2026-09-18,11,9.552,GOOD
795,2026-09-18,12,4.097,GOOD
795,2026-09-18,13,12.692,GOOD
795,2026-09-18,14,9.998,GOOD
795,2026-09-18,15,5.505,GOOD
795,2026-09-18,16,0.714,GOOD
795,2026-09-18,17,2.506,GOOD
795,2026-09-18,18,1.9,GOOD
795,2026-09-18,19,1.098,GOOD
795,2026-09-18,20,-1.546,GOOD
795,2026-09-18,21,6.267,GOOD
795,2026-09-18,22,13.427,GOOD
795,2026-09-18,23,6.636,GOOD
795,2026-09-18,24,0.734,GOOD
795,2026-09-19,1,4.023,GOOD
795,2026-09-19,2,0.647,GOOD
795,2026-09-19,3,5.282,GOOD
795,2026-09-19,4,7.557,GOOD
795,2026-09-19,5,8.151,GOOD
795,2026-09-19,6,9.12,GOOD
795,2026-09-19,7,11.789,GOOD
795,2026-09-19,8,10.449,GOOD
795,2026-09-19,9,21.372,GOOD
795,2026-09-19,10,18.658,GOOD
795,2026-09-19,11,9.974,GOOD
795,2026-09-19,12,4.306,GOOD
795,2026-09-19,13,4.844,GOOD
795,2026-09-19,14,5.652,GOOD
795,2026-09-19,15,5.127,GOOD
795,2026-09-19,16,1.678,GOOD
795,2026-09-19,17,1.176,GOOD
795,2026-09-19,18,1.461,GOOD
795,2026-09-19,19,5.895,GOOD
795,2026-09-19,20,4.316,GOOD
795,2026-09-19,21,-3.187,GOOD
795,2026-09-19,22,1.817,GOOD
795,2026-09-19,23,9.218,GOOD
795,2026-09-19,24,12.311,GOOD
795,2026-09-20,1,2.416,GOOD
795,2026-09-20,2,-1.616,GOOD
795,2026-09-20,3,-0.348,GOOD
795,2026-09-20,4,5.101,GOOD
795,2026-09-20,5,7.234,GOOD
795,2026-09-20,6,8.096,GOOD
795,2026-09-20,7,7.448,GOOD
795,2026-09-20,8,15.775,GOOD
795,2026-09-20,9,20.143,GOOD
795,2026-09-20,10,12.059,GOOD
795,2026-09-20,11,7.245,GOOD
795,2026-09-20,12,8.062,GOOD
795,2026-09-20,13,9.775,GOOD
795,2026-09-20,14,5.241,GOOD
795,2026-09-20,15,0.499,GOOD
795,2026-09-20,16,1.727,GOOD
795,2026-09-20,17,4.375,GOOD
795,2026-09-20,18,2.735,GOOD
795,2026-09-20,19,3.846,GOOD
795,2026-09-20,20,2.035,GOOD
795,2026-09-20,21,3.429,GOOD
795,2026-09-20,22,0.381,GOOD
795,2026-09-20,23,7.09,GOOD
795,2026-09-20,24,7.121,GOOD
795,2026-09-21,1,11.923,GOOD
795,2026-09-21,2,6.508,GOOD
795,2026-09-21,3,0.598,GOOD
795,2026-09-21,4,-4.237,GOOD
795,2026-09-21,5,-3.424,GOOD
795,2026-09-21,6,1.672,GOOD
795,2026-09-21,7,2.711,GOOD
795,2026-09-21,8,12.503,GOOD
795,2026-09-21,9,20.138,GOOD
795,2026-09-21,10,15.492,GOOD
795,2026-09-21,11,12.61,GOOD
795,2026-09-21,12,13.271,GOOD
795,2026-09-21,13,9.71,GOOD
795,2026-09-21,14,7.002,GOOD
795,2026-09-21,15,3.584,GOOD
795,2026-09-21,16,4.847,GOOD
795,2026-09-21,17,5.377,GOOD
795,2026-09-21,18,9.72,GOOD
795,2026-09-21,19,5.38,GOOD
795,2026-09-21,20,6.8,GOOD
795,2026-09-21,21,0.466,GOOD
795,2026-09-21,22,0.475,GOOD
795,2026-09-21,23,6.523,GOOD
795,2026-09-21,24,2.818,GOOD
795,2026-09-22,1,2.854,GOOD
795,2026-09-22,2,1.683,GOOD
795,2026-09-22,3,-2.982,GOOD
795,2026-09-22,4,1.052,GOOD
795,2026-09-22,5,-2.254,GOOD
795,2026-09-22,6,3.102,GOOD
795,2026-09-22,7,-0.993,GOOD
795,2026-09-22,8,-0.027,GOOD
795,2026-09-22,9,12.003,GOOD
795,2026-09-22,10,5.447,GOOD
795,2026-09-22,11,2.076,GOOD
795,2026-09-22,12,6.31,GOOD
795,2026-09-22,13,11.414,GOOD
795,2026-09-22,14,9.297,GOOD
795,2026-09-22,15,5.859,GOOD
795,2026-09-22,16,4.11,GOOD
795,2026-09-22,17,1.558,GOOD
795,2026-09-22,18,5.088,GOOD
795,2026-09-22,19,3.167,GOOD
795,2026-09-22,20,2.028,GOOD
795,2026-09-22,21,0.972,GOOD
795,2026-09-22,22,0.973,GOOD
795,2026-09-22,23,1.401,GOOD
795,2026-09-22,24,4.319,GOOD
795,2026-09-23,1,6.675,GOOD
795,2026-09-23,2,3.35,GOOD
795,2026-09-23,3,4.578,GOOD
795,2026-09-23,4,2.744,GOOD
795,2026-09-23,5,-1.745,GOOD
795,2026-09-23,6,-5.149,GOOD
795,2026-09-23,7,0.392,GOOD
795,2026-09-23,8,10.608,GOOD
795,2026-09-23,9,12.357,GOOD
795,2026-09-23,10,9.615,GOOD
795,2026-09-23,11,11.45,GOOD
795,2026-09-23,12,9.895,GOOD
795,2026-09-23,13,5.153,GOOD
795,2026-09-23,14,8.967,GOOD
795,2026-09-23,15,7.2,GOOD
795,2026-09-23,16,8.738,GOOD
795,2026-09-23,17,8.896,GOOD
795,2026-09-23,18,8.256,GOOD
795,2026-09-23,19,6.58,GOOD
795,2026-09-23,20,7.142,GOOD
795,2026-09-23,21,12.902,GOOD
795,2026-09-23,22,13.886,GOOD
795,2026-09-23,23,6.927,GOOD
795,2026-09-23,24,-3.183,GOOD
795,2026-09-24,1,4.913,GOOD
795,2026-09-24,2,4.455,GOOD
795,2026-09-24,3,3.328,GOOD
795,2026-09-24,4,1.972,GOOD
795,2026-09-24,5,7.873,GOOD
795,2026-09-24,6,10.512,GOOD
795,2026-09-24,7,9.689,GOOD
795,2026-09-24,8,5.231,GOOD
795,2026-09-24,9,11.047,GOOD
795,2026-09-24,10,21.567,GOOD
795,2026-09-24,11,19.055,GOOD
795,2026-09-24,12,18.36,GOOD
795,2026-09-24,13,14.657,GOOD
795,2026-09-24,14,12.917,GOOD
795,2026-09-24,15,11.519,GOOD
795,2026-09-24,16,13.391,GOOD
795,2026-09-24,17,13.52,GOOD
795,2026-09-24,18,12.944,GOOD
795,2026-09-24,19,13.446,GOOD
795,2026-09-24,20,9.949,GOOD
795,2026-09-24,21,16.286,GOOD
795,2026-09-24,22,12.918,GOOD
795,2026-09-24,23,10.732,GOOD
795,2026-09-24,24,8.589,GOOD
795,2026-09-25,1,1.386,GOOD
795,2026-09-25,2,9.044,GOOD
795,2026-09-25,3,10.182,GOOD
795,2026-09-25,4,9.488,GOOD
795,2026-09-25,5,3.757,GOOD
795,2026-09-25,6,5.126,GOOD
795,2026-09-25,7,7.751,GOOD
795,2026-09-25,8,9.701,GOOD
795,2026-09-25,9,7.76,GOOD
795,2026-09-25,10,16.529,GOOD
795,2026-09-25,11,14.397,GOOD
795,2026-09-25,12,7.299,GOOD
795,2026-09-25,13,10.09,GOOD
795,2026-09-25,14,3.54,GOOD
795,2026-09-25,15,6.466,GOOD
795,2026-09-25,16,8.75,GOOD
795,2026-09-25,17,8.19,GOOD
795,2026-09-25,18,11.501,GOOD
795,2026-09-25,19,12.216,GOOD
795,2026-09-25,20,9.903,GOOD
795,2026-09-25,21,10.951,GOOD
795,2026-09-25,22,12.995,GOOD
795,2026-09-25,23,9.67,GOOD
795,2026-09-25,24,7.701,GOOD
795,2026-09-26,1,2.349,GOOD
795,2026-09-26,2,5.733,GOOD
795,2026-09-26,3,8.267,GOOD
795,2026-09-26,4,4.745,GOOD
795,2026-09-26,5,15.959,GOOD
795,2026-09-26,6,7.497,GOOD
795,2026-09-26,7,7.215,GOOD
795,2026-09-26,8,2.477,GOOD
795,2026-09-26,9,14.594,GOOD
795,2026-09-26,10,17.528,GOOD
795,2026-09-26,11,11.743,GOOD
795,2026-09-26,12,8.809,GOOD
795,2026-09-26,13,3.949,GOOD
795,2026-09-26,14,5.489,GOOD
795,2026-09-26,15,2.857,GOOD
795,2026-09-26,16,9.611,GOOD
795,2026-09-26,17,6.793,GOOD
795,2026-09-26,18,8.853,GOOD
795,2026-09-26,19,9.831,GOOD
795,2026-09-26,20,7.843,GOOD
795,2026-09-26,21,3.883,GOOD
795,2026-09-26,22,6.899,GOOD
795,2026-09-26,23,5.91,GOOD
795,2026-09-26,24,6.94,GOOD
795,2026-09-27,1,5.269,GOOD
795,2026-09-27,2,5.101,GOOD
795,2026-09-27,3,3.201,GOOD
795,2026-09-27,4,7.327,GOOD
795,2026-09-27,5,7.851,GOOD
795,2026-09-27,6,10.201,GOOD
795,2026-09-27,7,6.111,GOOD
795,2026-09-27,8,6.727,GOOD
795,2026-09-27,9,5.057,GOOD
795,2026-09-27,10,3.889,GOOD
795,2026-09-27,11,1.473,GOOD
795,2026-09-27,12,2.854,GOOD
795,2026-09-27,13,-3.636,GOOD
795,2026-09-27,14,-1.088,GOOD
795,2026-09-27,15,2.964,GOOD
795,2026-09-27,16,1.302,GOOD
795,2026-09-27,17,2.672,GOOD
795,2026-09-27,18,0.05,GOOD
795,2026-09-27,19,0.611,GOOD
795,2026-09-27,20,0.087,GOOD
795,2026-09-27,21,-0.315,GOOD
795,2026-09-27,22,3.756,GOOD
795,2026-09-27,23,1.333,GOOD
795,2026-09-27,24,3.594,GOOD
795,2026-09-28,1,-1.044,GOOD
795,2026-09-28,2,-1.133,GOOD
795,2026-09-28,3,2.725,GOOD
795,2026-09-28,4,-1.556,GOOD
795,2026-09-28,5,-2.476,GOOD
795,2026-09-28,6,2.801,GOOD
795,2026-09-28,7,0.533,GOOD
795,2026-09-28,8,2.665,GOOD
795,2026-09-28,9,8.134,GOOD
795,2026-09-28,10,4.644,GOOD
795,2026-09-28,11,0.961,GOOD
795,2026-09-28,12,1.393,GOOD
795,2026-09-28,13,-0.778,GOOD
795,2026-09-28,14,1.986,GOOD
795,2026-09-28,15,2.732,GOOD
795,2026-09-28,16,2.441,GOOD
795,2026-09-28,17,3.36,GOOD
795,2026-09-28,18,1.279,GOOD
795,2026-09-28,19,1.613,GOOD
795,2026-09-28,20,-2.851,GOOD
795,2026-09-28,21,6.51,GOOD
795,2026-09-28,22,2.768,GOOD
795,2026-09-28,23,8.601,GOOD
795,2026-09-28,24,3.257,GOOD
795,2026-09-29,1,0.254,GOOD
795,2026-09-29,2,7.036,GOOD
795,2026-09-29,3,7.708,GOOD
795,2026-09-29,4,-2.544,GOOD
795,2026-09-29,5,-2.758,GOOD
795,2026-09-29,6,6.27,GOOD
795,2026-09-29,7,2.362,GOOD
795,2026-09-29,8,0.492,GOOD
795,2026-09-29,9,9.568,GOOD
795,2026-09-29,10,9.247,GOOD
795,2026-09-29,11,1.591,GOOD
795,2026-09-29,12,1.998,GOOD
795,2026-09-29,13,2.542,GOOD
795,2026-09-29,14,3.142,GOOD
795,2026-09-29,15,6.721,GOOD
795,2026-09-29,16,1.292,GOOD
795,2026-09-29,17,1.18,GOOD
795,2026-09-29,18,-0.668,GOOD
795,2026-09-29,19,1.5,GOOD
795,2026-09-29,20,-1.166,GOOD
795,2026-09-29,21,4.592,GOOD
795,2026-09-29,22,7.964,GOOD
795,2026-09-29,23,7.63,GOOD
795,2026-09-29,24,11.599,GOOD
795,2026-09-30,1,-1.306,GOOD
795,2026-09-30,2,-2.511,GOOD
795,2026-09-30,3,-2.933,GOOD
795,2026-09-30,4,3.011,GOOD
795,2026-09-30,5,9.114,GOOD
795,2026-09-30,6,6.588,GOOD
795,2026-09-30,7,7.303,GOOD
795,2026-09-30,8,13.161,GOOD
795,2026-09-30,9,16.588,GOOD
795,2026-09-30,10,13.533,GOOD
795,2026-09-30,11,10.049,GOOD
795,2026-09-30,12,4.635,GOOD
795,2026-09-30,13,0.634,GOOD
795,2026-09-30,14,2.425,GOOD
795,2026-09-30,15,3.271,GOOD
795,2026-09-30,16,1.197,GOOD
795,2026-09-30,17,4.465,GOOD
795,2026-09-30,18,0.183,GOOD
795,2026-09-30,19,2.369,GOOD
795,2026-09-30,20,9.628,GOOD
795,2026-09-30,21,3.04,GOOD
795,2026-09-30,22,-5.608,GOOD
795,2026-09-30,23,-0.145,GOOD
795,2026-09-30,24,-2.952,GOOD
1148,2026-09-01,1,9.13,GOOD
1148,2026-09-01,2,7.547,GOOD
1148,2026-09-01,3,8.297,GOOD
1148,2026-09-01,4,14.846,GOOD
1148,2026-09-01,5,11.296,GOOD
1148,2026-09-01,6,15.731,GOOD
1148,2026-09-01,7,26.197,FAIR
1148,2026-09-01,8,29.228,FAIR
1148,2026-09-01,9,20.875,GOOD
1148,2026-09-01,10,13.313,GOOD
1148,2026-09-01,11,11.511,GOOD
1148,2026-09-01,12,6.217,GOOD
1148,2026-09-01,13,2.669,GOOD
1148,2026-09-01,14,1.476,GOOD
1148,2026-09-01,15,1.512,GOOD
1148,2026-09-01,16,1.065,GOOD
1148,2026-09-01,17,3.079,GOOD
1148,2026-09-01,18,0.753,GOOD
1148,2026-09-01,19,4.829,GOOD
1148,2026-09-01,20,5.743,GOOD
1148,2026-09-01,21,6.814,GOOD
1148,2026-09-01,22,7.643,GOOD
1148,2026-09-01,23,10.16,GOOD
1148,2026-09-01,24,9.362,GOOD
1148,2026-09-02,1,7.408,GOOD
1148,2026-09-02,2,5.182,GOOD
1148,2026-09-02,3,6.676,GOOD
1148,2026-09-02,4,7.211,GOOD
1148,2026-09-02,5,5.797,GOOD
1148,2026-09-02,6,4.565,GOOD
1148,2026-09-02,7,8.399,GOOD
1148,2026-09-02,8,9.696,GOOD
1148,2026-09-02,9,10.265,GOOD
1148,2026-09-02,10,8.33,GOOD
1148,2026-09-02,11,8.62,GOOD
1148,2026-09-02,12,4.37,GOOD
1148,2026-09-02,13,7.07,GOOD
1148,2026-09-02,14,5.623,GOOD
1148,2026-09-02,15,2.813,GOOD
1148,2026-09-02,16,2.454,GOOD
1148,2026-09-02,17,-0.376,GOOD
1148,2026-09-02,18,3.095,GOOD
1148,2026-09-02,19,3.302,GOOD
1148,2026-09-02,20,4.531,GOOD
1148,2026-09-02,21,6.511,GOOD
1148,2026-09-02,22,13.648,GOOD
1148,2026-09-02,23,12.669,GOOD
1148,2026-09-02,24,11.311,GOOD
1148,2026-09-03,1,7.644,GOOD
1148,2026-09-03,2,6.936,GOOD
1148,2026-09-03,3,6.175,GOOD
1148,2026-09-03,4,4.598,GOOD
1148,2026-09-03,5,4.878,GOOD
1148,2026-09-03,6,5.248,GOOD
1148,2026-09-03,7,4.658,GOOD
1148,2026-09-03,8,6.47,GOOD
1148,2026-09-03,9,7.505,GOOD
1148,2026-09-03,10,5.179,GOOD
1148,2026-09-03,11,-4.481,GOOD
1148,2026-09-03,12,-2.948,GOOD
1148,2026-09-03,13,1.051,GOOD
1148,2026-09-03,14,0.313,GOOD
1148,2026-09-03,15,1.6,GOOD
1148,2026-09-03,16,1.438,GOOD
1148,2026-09-03,17,0.651,GOOD
1148,2026-09-03,18,-0.633,GOOD
1148,2026-09-03,19,1.472,GOOD
1148,2026-09-03,20,2.37,GOOD
1148,2026-09-03,21,3.761,GOOD
1148,2026-09-03,22,4.155,GOOD
1148,2026-09-03,23,3.129,GOOD
1148,2026-09-03,24,4.142,GOOD
1148,2026-09-04,1,4.566,GOOD
1148,2026-09-04,2,5.3,GOOD
1148,2026-09-04,3,2.552,GOOD
1148,2026-09-04,4,4.122,GOOD
1148,2026-09-04,5,4.503,GOOD
1148,2026-09-04,6,2.621,GOOD
1148,2026-09-04,7,9.023,GOOD
1148,2026-09-04,8,12.219,GOOD
1148,2026-09-04,9,10.536,GOOD
1148,2026-09-04,10,9.753,GOOD
1148,2026-09-04,11,2.882,GOOD
1148,2026-09-04,12,-0.843,GOOD
1148,2026-09-04,13,0.361,GOOD
1148,2026-09-04,14,-5.036,GOOD
1148,2026-09-04,15,-1.115,GOOD
1148,2026-09-04,16,1.997,GOOD
1148,2026-09-04,17,2.13,GOOD
1148,2026-09-04,18,1.29,GOOD
1148,2026-09-04,19,3.634,GOOD
1148,2026-09-04,20,7.803,GOOD
1148,2026-09-04,21,13.374,GOOD
1148,2026-09-04,22,25.906,FAIR
1148,2026-09-04,23,29.633,FAIR
1148,2026-09-04,24,30.58,FAIR
1148,2026-09-05,1,24.482,GOOD
1148,2026-09-05,2,19.128,GOOD
1148,2026-09-05,3,10.551,GOOD
1148,2026-09-05,4,6.904,GOOD
1148,2026-09-05,5,4.116,GOOD
1148,2026-09-05,6,0.912,GOOD
1148,2026-09-05,7,2.236,GOOD
1148,2026-09-05,8,6.978,GOOD
1148,2026-09-05,9,7.758,GOOD
1148,2026-09-05,10,2.576,GOOD
1148,2026-09-05,11,-0.919,GOOD
1148,2026-09-05,12,-0.644,GOOD
1148,2026-09-05,13,-0.424,GOOD
1148,2026-09-05,14,3.718,GOOD
1148,2026-09-05,15,6.719,GOOD
1148,2026-09-05,16,7.799,GOOD
1148,2026-09-05,17,,
1148,2026-09-05,18,16.723,GOOD
1148,2026-09-05,19,18.301,GOOD
1148,2026-09-05,20,8.461,GOOD
1148,2026-09-05,21,5.622,GOOD
1148,2026-09-05,22,6.579,GOOD
1148,2026-09-05,23,6.017,GOOD
1148,2026-09-05,24,5.775,GOOD
1148,2026-09-06,1,4.93,GOOD
1148,2026-09-06,2,1.262,GOOD
1148,2026-09-06,3,-6.539,GOOD
1148,2026-09-06,4,-9.12,GOOD
1148,2026-09-06,5,-9.542,GOOD
1148,2026-09-06,6,-5.592,GOOD
1148,2026-09-06,7,-1.832,GOOD
1148,2026-09-06,8,-1.616,GOOD
1148,2026-09-06,9,3.423,GOOD
1148,2026-09-06,10,1.637,GOOD
1148,2026-09-06,11,3.067,GOOD
1148,2026-09-06,12,1.931,GOOD
1148,2026-09-06,13,-1.366,GOOD
1148,2026-09-06,14,-1.618,GOOD
1148,2026-09-06,15,2.458,GOOD
1148,2026-09-06,16,4.741,GOOD
1148,2026-09-06,17,3.098,GOOD
1148,2026-09-06,18,3.842,GOOD
1148,2026-09-06,19,5.967,GOOD
1148,2026-09-06,20,14.698,GOOD
1148,2026-09-06,21,13.987,GOOD
1148,2026-09-06,22,11.991,GOOD
1148,2026-09-06,23,6.749,GOOD
1148,2026-09-06,24,7.397,GOOD
1148,2026-09-07,1,6.94,GOOD
1148,2026-09-07,2,6.82,GOOD
1148,2026-09-07,3,6.334,GOOD
1148,2026-09-07,4,4.624,GOOD
1148,2026-09-07,5,3.298,GOOD
1148,2026-09-07,6,10.835,GOOD
1148,2026-09-07,7,19.115,GOOD
1148,2026-09-07,8,7.469,GOOD
1148,2026-09-07,9,6.005,GOOD
1148,2026-09-07,10,6.933,GOOD
1148,2026-09-07,11,-1.008,GOOD
1148,2026-09-07,12,-6.207,GOOD
1148,2026-09-07,13,1.637,GOOD
1148,2026-09-07,14,-0.904,GOOD
1148,2026-09-07,15,2.702,GOOD
1148,2026-09-07,16,2.554,GOOD
1148,2026-09-07,17,,
1148,2026-09-07,18,9.462,GOOD
1148,2026-09-07,19,7.974,GOOD
1148,2026-09-07,20,10.087,GOOD
1148,2026-09-07,21,8.505,GOOD
1148,2026-09-07,22,14.702,GOOD
1148,2026-09-07,23,10.578,GOOD
1148,2026-09-07,24,5.146,GOOD
1148,2026-09-08,1,0.641,GOOD
1148,2026-09-08,2,-8.225,GOOD
1148,2026-09-08,3,-9.537,GOOD
1148,2026-09-08,4,-5.735,GOOD
1148,2026-09-08,5,-3.264,GOOD
1148,2026-09-08,6,-1.446,GOOD
1148,2026-09-08,7,2.068,GOOD
1148,2026-09-08,8,2.228,GOOD
1148,2026-09-08,9,4.364,GOOD
1148,2026-09-08,10,6.242,GOOD
1148,2026-09-08,11,5.559,GOOD
1148,2026-09-08,12,7.563,GOOD
1148,2026-09-08,13,5.396,GOOD
1148,2026-09-08,14,8.477,GOOD
1148,2026-09-08,15,6.535,GOOD
1148,2026-09-08,16,5.775,GOOD
1148,2026-09-08,17,4.09,GOOD
1148,2026-09-08,18,6.674,GOOD
1148,2026-09-08,19,11.598,GOOD
1148,2026-09-08,20,9.754,GOOD
1148,2026-09-08,21,8.569,GOOD
1148,2026-09-08,22,14.334,GOOD
1148,2026-09-08,23,11.024,GOOD
1148,2026-09-08,24,8.723,GOOD
1148,2026-09-09,1,7.91,GOOD
1148,2026-09-09,2,7.525,GOOD
1148,2026-09-09,3,3.915,GOOD
1148,2026-09-09,4,5.02,GOOD
1148,2026-09-09,5,6.806,GOOD
1148,2026-09-09,6,6.084,GOOD
1148,2026-09-09,7,5.114,GOOD
1148,2026-09-09,8,7.556,GOOD
1148,2026-09-09,9,12.676,GOOD
1148,2026-09-09,10,15.033,GOOD
1148,2026-09-09,11,13.714,GOOD
1148,2026-09-09,12,4.28,GOOD
1148,2026-09-09,13,-2.268,GOOD
1148,2026-09-09,14,4.157,GOOD
1148,2026-09-09,15,12.982,GOOD
1148,2026-09-09,16,14.653,GOOD
1148,2026-09-09,17,8.406,GOOD
1148,2026-09-09,18,5.648,GOOD
1148,2026-09-09,19,4.172,GOOD
1148,2026-09-09,20,5.377,GOOD
1148,2026-09-09,21,6.181,GOOD
1148,2026-09-09,22,3.881,GOOD
1148,2026-09-09,23,3.02,GOOD
1148,2026-09-09,24,2.332,GOOD
1148,2026-09-10,1,2.212,GOOD
1148,2026-09-10,2,2.855,GOOD
1148,2026-09-10,3,3.381,GOOD
1148,2026-09-10,4,2.586,GOOD
1148,2026-09-10,5,4.594,GOOD
1148,2026-09-10,6,6.053,GOOD
1148,2026-09-10,7,6.644,GOOD
1148,2026-09-10,8,6.382,GOOD
1148,2026-09-10,9,9.137,GOOD
1148,2026-09-10,10,7.797,GOOD
1148,2026-09-10,11,8.874,GOOD
1148,2026-09-10,12,10.731,GOOD
1148,2026-09-10,13,12.272,GOOD
1148,2026-09-10,14,11.706,GOOD
1148,2026-09-10,15,6.184,GOOD
1148,2026-09-10,16,6.123,GOOD
1148,2026-09-10,17,5.009,GOOD
1148,2026-09-10,18,5.765,GOOD
1148,2026-09-10,19,5.879,GOOD
1148,2026-09-10,20,5.328,GOOD
1148,2026-09-10,21,10.249,GOOD
1148,2026-09-10,22,15.91,GOOD
1148,2026-09-10,23,14.442,GOOD
1148,2026-09-10,24,33.119,FAIR
1148,2026-09-11,1,11.679,GOOD
1148,2026-09-11,2,7.705,GOOD
1148,2026-09-11,3,3.622,GOOD
1148,2026-09-11,4,5.433,GOOD
1148,2026-09-11,5,6.465,GOOD
1148,2026-09-11,6,5.079,GOOD
1148,2026-09-11,7,11.282,GOOD
1148,2026-09-11,8,13.867,GOOD
1148,2026-09-11,9,17.015,GOOD
1148,2026-09-11,10,9.919,GOOD
1148,2026-09-11,11,15.075,GOOD
1148,2026-09-11,12,14.368,GOOD
1148,2026-09-11,13,10.519,GOOD
1148,2026-09-11,14,3.822,GOOD
1148,2026-09-11,15,-0.541,GOOD
1148,2026-09-11,16,1.477,GOOD
1148,2026-09-11,17,3.984,GOOD
1148,2026-09-11,18,5.467,GOOD
1148,2026-09-11,19,9.707,GOOD
1148,2026-09-11,20,10.103,GOOD
1148,2026-09-11,21,12.324,GOOD
1148,2026-09-11,22,17,GOOD
1148,2026-09-11,23,18.914,GOOD
1148,2026-09-11,24,15.312,GOOD
1148,2026-09-12,1,13.535,GOOD
1148,2026-09-12,2,10.38,GOOD
1148,2026-09-12,3,10.993,GOOD
1148,2026-09-12,4,15.029,GOOD
1148,2026-09-12,5,19.918,GOOD
1148,2026-09-12,6,17.986,GOOD
1148,2026-09-12,7,16.362,GOOD
1148,2026-09-12,8,20.849,GOOD
1148,2026-09-12,9,25.159,FAIR
1148,2026-09-12,10,17.93,GOOD
1148,2026-09-12,11,13.755,GOOD
1148,2026-09-12,12,7.168,GOOD
1148,2026-09-12,13,6.775,GOOD
1148,2026-09-12,14,12.244,GOOD
1148,2026-09-12,15,6.906,GOOD
1148,2026-09-12,16,5.54,GOOD
1148,2026-09-12,17,32.924,FAIR
1148,2026-09-12,18,77.117,POOR
1148,2026-09-12,19,121.308,VERY POOR
1148,2026-09-12,20,126.097,VERY POOR
1148,2026-09-12,21,94.932,POOR
1148,2026-09-12,22,80.344,POOR
1148,2026-09-12,23,67.394,POOR
1148,2026-09-12,24,43.26,FAIR
1148,2026-09-13,1,32.551,FAIR
1148,2026-09-13,2,26.322,FAIR
1148,2026-09-13,3,22.776,GOOD
1148,2026-09-13,4,18.324,GOOD
1148,2026-09-13,5,19.494,GOOD
1148,2026-09-13,6,22.461,GOOD
1148,2026-09-13,7,28.637,FAIR
1148,2026-09-13,8,25.4,FAIR
1148,2026-09-13,9,27.867,FAIR
1148,2026-09-13,10,28.475,FAIR
1148,2026-09-13,11,18.688,GOOD
1148,2026-09-13,12,6.458,GOOD
1148,2026-09-13,13,0.171,GOOD
1148,2026-09-13,14,-1.274,GOOD
1148,2026-09-13,15,-3.682,GOOD
1148,2026-09-13,16,,
1148,2026-09-13,17,15.266,GOOD
1148,2026-09-13,18,56.008,POOR
1148,2026-09-13,19,,
1148,2026-09-13,20,48.187,FAIR
1148,2026-09-13,21,29.129,FAIR
1148,2026-09-13,22,17.203,GOOD
1148,2026-09-13,23,8.265,GOOD
1148,2026-09-13,24,8.343,GOOD
1148,2026-09-14,1,10.385,GOOD
1148,2026-09-14,2,10.385,GOOD
1148,2026-09-14,3,8.27,GOOD
1148,2026-09-14,4,12.644,GOOD
1148,2026-09-14,5,11.352,GOOD
1148,2026-09-14,6,5.87,GOOD
1148,2026-09-14,7,16.698,GOOD
1148,2026-09-14,8,21.719,GOOD
1148,2026-09-14,9,12.48,GOOD
1148,2026-09-14,10,8.207,GOOD
1148,2026-09-14,11,1.347,GOOD
1148,2026-09-14,12,1.831,GOOD
1148,2026-09-14,13,0.43,GOOD
1148,2026-09-14,14,1.973,GOOD
1148,2026-09-14,15,3.856,GOOD
1148,2026-09-14,16,0.353,GOOD
1148,2026-09-14,17,4.867,GOOD
1148,2026-09-14,18,4.996,GOOD
1148,2026-09-14,19,3.32,GOOD
1148,2026-09-14,20,5.516,GOOD
1148,2026-09-14,21,15.838,GOOD
1148,2026-09-14,22,25.06,FAIR
1148,2026-09-14,23,24.952,FAIR
1148,2026-09-14,24,16.992,GOOD
1148,2026-09-15,1,13.345,GOOD
1148,2026-09-15,2,10.708,GOOD
1148,2026-09-15,3,9.898,GOOD
1148,2026-09-15,4,10.991,GOOD
1148,2026-09-15,5,8.77,GOOD
1148,2026-09-15,6,5.39,GOOD
1148,2026-09-15,7,8.511,GOOD
1148,2026-09-15,8,10.032,GOOD
1148,2026-09-15,9,13.243,GOOD
1148,2026-09-15,10,9.221,GOOD
1148,2026-09-15,11,2.352,GOOD
1148,2026-09-15,12,0.592,GOOD
1148,2026-09-15,13,0.245,GOOD
1148,2026-09-15,14,0.233,GOOD
1148,2026-09-15,15,4.916,GOOD
1148,2026-09-15,16,10.705,GOOD
1148,2026-09-15,17,15.207,GOOD
1148,2026-09-15,18,13.623,GOOD
1148,2026-09-15,19,11.203,GOOD
1148,2026-09-15,20,11.673,GOOD
1148,2026-09-15,21,10.11,GOOD
1148,2026-09-15,22,2.219,GOOD
1148,2026-09-15,23,-0.253,GOOD
1148,2026-09-15,24,-0.927,GOOD
1148,2026-09-16,1,-1.315,GOOD
1148,2026-09-16,2,-0.908,GOOD
1148,2026-09-16,3,-3.329,GOOD
1148,2026-09-16,4,-4.3,GOOD
1148,2026-09-16,5,17.709,GOOD
1148,2026-09-16,6,10.188,GOOD
1148,2026-09-16,7,-4.757,GOOD
1148,2026-09-16,8,-6.328,GOOD
1148,2026-09-16,9,-5.057,GOOD
1148,2026-09-16,10,-1.835,GOOD
1148,2026-09-16,11,2.803,GOOD
1148,2026-09-16,12,1.669,GOOD
1148,2026-09-16,13,3.205,GOOD
1148,2026-09-16,14,11,GOOD
1148,2026-09-16,15,6.316,GOOD
1148,2026-09-16,16,3.494,GOOD
1148,2026-09-16,17,1.933,GOOD
1148,2026-09-16,18,4.008,GOOD
1148,2026-09-16,19,2.577,GOOD
1148,2026-09-16,20,0.644,GOOD
1148,2026-09-16,21,-1.107,GOOD
1148,2026-09-16,22,-3.361,GOOD
1148,2026-09-16,23,1.067,GOOD
1148,2026-09-16,24,2.918,GOOD
1148,2026-09-17,1,4.967,GOOD
1148,2026-09-17,2,5.127,GOOD
1148,2026-09-17,3,3.17,GOOD
1148,2026-09-17,4,2.142,GOOD
1148,2026-09-17,5,3.967,GOOD
1148,2026-09-17,6,9.185,GOOD
1148,2026-09-17,7,5.831,GOOD
1148,2026-09-17,8,5.588,GOOD
1148,2026-09-17,9,6.327,GOOD
1148,2026-09-17,10,5.634,GOOD
1148,2026-09-17,11,10.767,GOOD
1148,2026-09-17,12,6.401,GOOD
1148,2026-09-17,13,,
1148,2026-09-17,14,,
1148,2026-09-17,15,,
1148,2026-09-17,16,6.68,GOOD
1148,2026-09-17,17,6.398,GOOD
1148,2026-09-17,18,3.158,GOOD
1148,2026-09-17,19,4.336,GOOD
1148,2026-09-17,20,8.335,GOOD
1148,2026-09-17,21,9.24,GOOD
1148,2026-09-17,22,8.45,GOOD
1148,2026-09-17,23,12.481,GOOD
1148,2026-09-17,24,11.134,GOOD
1148,2026-09-18,1,11.551,GOOD
1148,2026-09-18,2,11.703,GOOD
1148,2026-09-18,3,11.209,GOOD
1148,2026-09-18,4,10.124,GOOD
1148,2026-09-18,5,10.07,GOOD
1148,2026-09-18,6,17.975,GOOD
1148,2026-09-18,7,15.508,GOOD
1148,2026-09-18,8,13.207,GOOD
1148,2026-09-18,9,15.164,GOOD
1148,2026-09-18,10,15.914,GOOD
1148,2026-09-18,11,10.932,GOOD
1148,2026-09-18,12,0.853,GOOD
1148,2026-09-18,13,2.083,GOOD
1148,2026-09-18,14,1.453,GOOD
1148,2026-09-18,15,3.288,GOOD
1148,2026-09-18,16,7.528,GOOD
1148,2026-09-18,17,12.781,GOOD
1148,2026-09-18,18,6.382,GOOD
1148,2026-09-18,19,4.761,GOOD
1148,2026-09-18,20,10.397,GOOD
1148,2026-09-18,21,13.824,GOOD
1148,2026-09-18,22,17.741,GOOD
1148,2026-09-18,23,18.658,GOOD
1148,2026-09-18,24,17.184,GOOD
1148,2026-09-19,1,12.661,GOOD
1148,2026-09-19,2,8.54,GOOD
1148,2026-09-19,3,7.215,GOOD
1148,2026-09-19,4,5.68,GOOD
1148,2026-09-19,5,6.048,GOOD
1148,2026-09-19,6,7.747,GOOD
1148,2026-09-19,7,8.262,GOOD
1148,2026-09-19,8,12.651,GOOD
1148,2026-09-19,9,11.434,GOOD
1148,2026-09-19,10,12.895,GOOD
1148,2026-09-19,11,8.212,GOOD
1148,2026-09-19,12,4.641,GOOD
1148,2026-09-19,13,4.739,GOOD
1148,2026-09-19,14,7.107,GOOD
1148,2026-09-19,15,6.516,GOOD
1148,2026-09-19,16,6.897,GOOD
1148,2026-09-19,17,5.461,GOOD
1148,2026-09-19,18,0.835,GOOD
1148,2026-09-19,19,-1.507,GOOD
1148,2026-09-19,20,6.132,GOOD
1148,2026-09-19,21,7.492,GOOD
1148,2026-09-19,22,6.709,GOOD
1148,2026-09-19,23,2.958,GOOD
1148,2026-09-19,24,1.883,GOOD
1148,2026-09-20,1,4.279,GOOD
1148,2026-09-20,2,2.689,GOOD
1148,2026-09-20,3,0.688,GOOD
1148,2026-09-20,4,3.427,GOOD
1148,2026-09-20,5,8.835,GOOD
1148,2026-09-20,6,13.012,GOOD
1148,2026-09-20,7,8.795,GOOD
1148,2026-09-20,8,9.7,GOOD
1148,2026-09-20,9,12.336,GOOD
1148,2026-09-20,10,10.796,GOOD
1148,2026-09-20,11,5.355,GOOD
1148,2026-09-20,12,5.94,GOOD
1148,2026-09-20,13,9.133,GOOD
1148,2026-09-20,14,8.989,GOOD
1148,2026-09-20,15,5.253,GOOD
1148,2026-09-20,16,6.605,GOOD
1148,2026-09-20,17,3.063,GOOD
1148,2026-09-20,18,2.832,GOOD
1148,2026-09-20,19,1.561,GOOD
1148,2026-09-20,20,1.349,GOOD
1148,2026-09-20,21,0.165,GOOD
1148,2026-09-20,22,-0.756,GOOD
1148,2026-09-20,23,3.353,GOOD
1148,2026-09-20,24,4.591,GOOD
1148,2026-09-21,1,3.777,GOOD
1148,2026-09-21,2,2.645,GOOD
1148,2026-09-21,3,2.44,GOOD
1148,2026-09-21,4,2.609,GOOD
1148,2026-09-21,5,5.618,GOOD
1148,2026-09-21,6,10.952,GOOD
1148,2026-09-21,7,7.502,GOOD
1148,2026-09-21,8,8.162,GOOD
1148,2026-09-21,9,8.879,GOOD
1148,2026-09-21,10,10.567,GOOD
1148,2026-09-21,11,7.949,GOOD
1148,2026-09-21,12,,
1148,2026-09-21,13,,
1148,2026-09-21,14,32.76,FAIR
1148,2026-09-21,15,22.542,GOOD
1148,2026-09-21,16,18.045,GOOD
1148,2026-09-21,17,13.152,GOOD
1148,2026-09-21,18,8.636,GOOD
1148,2026-09-21,19,6.461,GOOD
1148,2026-09-21,20,7.809,GOOD
1148,2026-09-21,21,5.389,GOOD
1148,2026-09-21,22,0.74,GOOD
1148,2026-09-21,23,0.219,GOOD
1148,2026-09-21,24,3.645,GOOD
1148,2026-09-22,1,3.826,GOOD
1148,2026-09-22,2,3.242,GOOD
1148,2026-09-22,3,2.3,GOOD
1148,2026-09-22,4,3.018,GOOD
1148,2026-09-22,5,0.033,GOOD
1148,2026-09-22,6,-2.326,GOOD
1148,2026-09-22,7,1.118,GOOD
1148,2026-09-22,8,5.358,GOOD
1148,2026-09-22,9,4.072,GOOD
1148,2026-09-22,10,6.949,GOOD
1148,2026-09-22,11,6.191,GOOD
1148,2026-09-22,12,5.027,GOOD
1148,2026-09-22,13,6.349,GOOD
1148,2026-09-22,14,10.066,GOOD
1148,2026-09-22,15,9.845,GOOD
1148,2026-09-22,16,9.229,GOOD
1148,2026-09-22,17,11.214,GOOD
1148,2026-09-22,18,8.935,GOOD
1148,2026-09-22,19,6.714,GOOD
1148,2026-09-22,20,4.572,GOOD
1148,2026-09-22,21,4.901,GOOD
1148,2026-09-22,22,6.372,GOOD
1148,2026-09-22,23,-0.24,GOOD
1148,2026-09-22,24,4.021,GOOD
1148,2026-09-23,1,6.039,GOOD
1148,2026-09-23,2,5.243,GOOD
1148,2026-09-23,3,5.547,GOOD
1148,2026-09-23,4,3.737,GOOD
1148,2026-09-23,5,4.349,GOOD
1148,2026-09-23,6,7.466,GOOD
1148,2026-09-23,7,7.09,GOOD
1148,2026-09-23,8,6.098,GOOD
1148,2026-09-23,9,4.365,GOOD
1148,2026-09-23,10,1.76,GOOD
1148,2026-09-23,11,5.043,GOOD
1148,2026-09-23,12,6.156,GOOD
1148,2026-09-23,13,3.872,GOOD
1148,2026-09-23,14,5.601,GOOD
1148,2026-09-23,15,8.304,GOOD
1148,2026-09-23,16,9.196,GOOD
1148,2026-09-23,17,8.617,GOOD
1148,2026-09-23,18,10.031,GOOD
1148,2026-09-23,19,6.299,GOOD
1148,2026-09-23,20,9.063,GOOD
1148,2026-09-23,21,15.97,GOOD
1148,2026-09-23,22,20.011,GOOD
1148,2026-09-23,23,13.62,GOOD
1148,2026-09-23,24,12.758,GOOD
1148,2026-09-24,1,10.752,GOOD
1148,2026-09-24,2,10.504,GOOD
1148,2026-09-24,3,9.89,GOOD
1148,2026-09-24,4,12.028,GOOD
1148,2026-09-24,5,6.18,GOOD
1148,2026-09-24,6,0.802,GOOD
1148,2026-09-24,7,8.614,GOOD
1148,2026-09-24,8,11.492,GOOD
1148,2026-09-24,9,16.975,GOOD
1148,2026-09-24,10,18.847,GOOD
1148,2026-09-24,11,,
1148,2026-09-24,12,,
1148,2026-09-24,13,,
1148,2026-09-24,14,,
1148,2026-09-24,15,,
1148,2026-09-24,16,,
1148,2026-09-24,17,,
1148,2026-09-24,18,,
1148,2026-09-24,19,,
1148,2026-09-24,20,,
1148,2026-09-24,21,,
1148,2026-09-24,22,,
1148,2026-09-24,23,,
1148,2026-09-24,24,,
1148,2026-09-25,1,,
1148,2026-09-25,2,,
1148,2026-09-25,3,,
1148,2026-09-25,4,,
1148,2026-09-25,5,,
1148,2026-09-25,6,,
1148,2026-09-25,7,,
1148,2026-09-25,8,,
1148,2026-09-25,9,,
1148,2026-09-25,10,,
1148,2026-09-25,11,,
1148,2026-09-25,12,,
1148,2026-09-25,13,,
1148,2026-09-25,14,,
1148,2026-09-25,15,,
1148,2026-09-25,16,,
1148,2026-09-25,17,,
1148,2026-09-25,18,8.861,GOOD
1148,2026-09-25,19,17.205,GOOD
1148,2026-09-25,20,16.71,GOOD
1148,2026-09-25,21,12.758,GOOD
1148,2026-09-25,22,14.044,GOOD
1148,2026-09-25,23,16.835,GOOD
1148,2026-09-25,24,13.393,GOOD
1148,2026-09-26,1,5.176,GOOD
1148,2026-09-26,2,3.742,GOOD
1148,2026-09-26,3,7.273,GOOD
1148,2026-09-26,4,12.141,GOOD
1148,2026-09-26,5,8.662,GOOD
1148,2026-09-26,6,4.823,GOOD
1148,2026-09-26,7,10.788,GOOD
1148,2026-09-26,8,16.903,GOOD
1148,2026-09-26,9,18.709,GOOD
1148,2026-09-26,10,12.595,GOOD
1148,2026-09-26,11,10.898,GOOD
1148,2026-09-26,12,11.337,GOOD
1148,2026-09-26,13,8.366,GOOD
1148,2026-09-26,14,-1.59,GOOD
1148,2026-09-26,15,-4.207,GOOD
1148,2026-09-26,16,-5.36,GOOD
1148,2026-09-26,17,-2.585,GOOD
1148,2026-09-26,18,2.487,GOOD
1148,2026-09-26,19,,
1148,2026-09-26,20,,
1148,2026-09-26,21,23.714,GOOD
1148,2026-09-26,22,29.775,FAIR
1148,2026-09-26,23,14.856,GOOD
1148,2026-09-26,24,6.704,GOOD
1148,2026-09-27,1,3.602,GOOD
1148,2026-09-27,2,-0.989,GOOD
1148,2026-09-27,3,-0.651,GOOD
1148,2026-09-27,4,0.352,GOOD
1148,2026-09-27,5,-0.317,GOOD
1148,2026-09-27,6,-2.793,GOOD
1148,2026-09-27,7,3.72,GOOD
1148,2026-09-27,8,-1.099,GOOD
1148,2026-09-27,9,-2.844,GOOD
1148,2026-09-27,10,-0.888,GOOD
1148,2026-09-27,11,0.084,GOOD
1148,2026-09-27,12,3.953,GOOD
1148,2026-09-27,13,10.34,GOOD
1148,2026-09-27,14,9.617,GOOD
1148,2026-09-27,15,5.392,GOOD
1148,2026-09-27,16,4.182,GOOD
1148,2026-09-27,17,3.555,GOOD
1148,2026-09-27,18,5.797,GOOD
1148,2026-09-27,19,4.195,GOOD
1148,2026-09-27,20,5.237,GOOD
1148,2026-09-27,21,30.248,FAIR
1148,2026-09-27,22,12.171,GOOD
1148,2026-09-27,23,0.993,GOOD
1148,2026-09-27,24,0.606,GOOD
1148,2026-09-28,1,-0.835,GOOD
1148,2026-09-28,2,0.76,GOOD
1148,2026-09-28,3,-2.563,GOOD
1148,2026-09-28,4,-0.379,GOOD
1148,2026-09-28,5,-0.215,GOOD
1148,2026-09-28,6,-1.067,GOOD
1148,2026-09-28,7,1.783,GOOD
1148,2026-09-28,8,3.282,GOOD
1148,2026-09-28,9,2.919,GOOD
1148,2026-09-28,10,0.006,GOOD
1148,2026-09-28,11,-3.72,GOOD
1148,2026-09-28,12,0.23,GOOD
1148,2026-09-28,13,1.572,GOOD
1148,2026-09-28,14,2.925,GOOD
1148,2026-09-28,15,0.495,GOOD
1148,2026-09-28,16,0.245,GOOD
1148,2026-09-28,17,-1.786,GOOD
1148,2026-09-28,18,-1.583,GOOD
1148,2026-09-28,19,1.959,GOOD
1148,2026-09-28,20,2.688,GOOD
1148,2026-09-28,21,5.969,GOOD
1148,2026-09-28,22,15.095,GOOD
1148,2026-09-28,23,10.505,GOOD
1148,2026-09-28,24,9.874,GOOD
1148,2026-09-29,1,16.909,GOOD
1148,2026-09-29,2,18.872,GOOD
1148,2026-09-29,3,6.49,GOOD
1148,2026-09-29,4,6.087,GOOD
1148,2026-09-29,5,5.777,GOOD
1148,2026-09-29,6,6.288,GOOD
1148,2026-09-29,7,8.683,GOOD
1148,2026-09-29,8,11.675,GOOD
1148,2026-09-29,9,13.31,GOOD
1148,2026-09-29,10,4.198,GOOD
1148,2026-09-29,11,-5.962,GOOD
1148,2026-09-29,12,-5.732,GOOD
1148,2026-09-29,13,-5.376,GOOD
1148,2026-09-29,14,-3.415,GOOD
1148,2026-09-29,15,-0.492,GOOD
1148,2026-09-29,16,2.404,GOOD
1148,2026-09-29,17,1.166,GOOD
1148,2026-09-29,18,-2.019,GOOD
1148,2026-09-29,19,0.326,GOOD
1148,2026-09-29,20,7.929,GOOD
1148,2026-09-29,21,26.228,FAIR
1148,2026-09-29,22,7.788,GOOD
1148,2026-09-29,23,3.001,GOOD
1148,2026-09-29,24,13.387,GOOD
1148,2026-09-30,1,13.052,GOOD
1148,2026-09-30,2,-0.93,GOOD
1148,2026-09-30,3,1.212,GOOD
1148,2026-09-30,4,3.926,GOOD
1148,2026-09-30,5,-0.518,GOOD
1148,2026-09-30,6,5.921,GOOD
1148,2026-09-30,7,13.86,GOOD
1148,2026-09-30,8,15.094,GOOD
1148,2026-09-30,9,11.021,GOOD
1148,2026-09-30,10,6.307,GOOD
1148,2026-09-30,11,3.256,GOOD
1148,2026-09-30,12,-1.021,GOOD
1148,2026-09-30,13,-0.613,GOOD
1148,2026-09-30,14,0.421,GOOD
1148,2026-09-30,15,1.416,GOOD
1148,2026-09-30,16,-0.387,GOOD
1148,2026-09-30,17,,
1148,2026-09-30,18,7.608,GOOD
1148,2026-09-30,19,8.847,GOOD
1148,2026-09-30,20,11.326,GOOD
1148,2026-09-30,21,6.338,GOOD
1148,2026-09-30,22,-1.691,GOOD
1148,2026-09-30,23,1.525,GOOD
1148,2026-09-30,24,4.76,GOOD
1570,2026-09-01,1,9.252,GOOD
1570,2026-09-01,2,13.068,GOOD
1570,2026-09-01,3,4.427,GOOD
1570,2026-09-01,4,7.751,GOOD
1570,2026-09-01,5,14.131,GOOD
1570,2026-09-01,6,12.428,GOOD
1570,2026-09-01,7,9.845,GOOD
1570,2026-09-01,8,2.393,GOOD
1570,2026-09-01,9,7.233,GOOD
1570,2026-09-01,10,3.222,GOOD
1570,2026-09-01,11,1.124,GOOD
1570,2026-09-01,12,3.112,GOOD
1570,2026-09-01,13,7.918,GOOD
1570,2026-09-01,14,4.824,GOOD
1570,2026-09-01,15,3.006,GOOD
1570,2026-09-01,16,5.288,GOOD
1570,2026-09-01,17,7.35,GOOD
1570,2026-09-01,18,8.114,GOOD
1570,2026-09-01,19,8.395,GOOD
1570,2026-09-01,20,7.305,GOOD
1570,2026-09-01,21,7.698,GOOD
1570,2026-09-01,22,5.856,GOOD
1570,2026-09-01,23,3.948,GOOD
1570,2026-09-01,24,5.257,GOOD
1570,2026-09-02,1,7.978,GOOD
1570,2026-09-02,2,4.637,GOOD
1570,2026-09-02,3,4.206,GOOD
1570,2026-09-02,4,3.562,GOOD
1570,2026-09-02,5,3.158,GOOD
1570,2026-09-02,6,6.718,GOOD
1570,2026-09-02,7,6.767,GOOD
1570,2026-09-02,8,2.462,GOOD
1570,2026-09-02,9,1.585,GOOD
1570,2026-09-02,10,-1.031,GOOD
1570,2026-09-02,11,0.105,GOOD
1570,2026-09-02,12,3.46,GOOD
1570,2026-09-02,13,-2.311,GOOD
1570,2026-09-02,14,-1.718,GOOD
1570,2026-09-02,15,2.261,GOOD
1570,2026-09-02,16,2.997,GOOD
1570,2026-09-02,17,6.772,GOOD
1570,2026-09-02,18,6.36,GOOD
1570,2026-09-02,19,6.234,GOOD
1570,2026-09-02,20,2.577,GOOD
1570,2026-09-02,21,8.221,GOOD
1570,2026-09-02,22,8.486,GOOD
1570,2026-09-02,23,3.187,GOOD
1570,2026-09-02,24,3.53,GOOD
1570,2026-09-03,1,2.107,GOOD
1570,2026-09-03,2,2.477,GOOD
1570,2026-09-03,3,2.386,GOOD
1570,2026-09-03,4,4.975,GOOD
1570,2026-09-03,5,13.423,GOOD
1570,2026-09-03,6,8.47,GOOD
1570,2026-09-03,7,2.594,GOOD
1570,2026-09-03,8,-1.203,GOOD
1570,2026-09-03,9,-1.034,GOOD
1570,2026-09-03,10,3.5,GOOD
1570,2026-09-03,11,6.362,GOOD
1570,2026-09-03,12,4.029,GOOD
1570,2026-09-03,13,0.59,GOOD
1570,2026-09-03,14,1.507,GOOD
1570,2026-09-03,15,1.6,GOOD
1570,2026-09-03,16,0.798,GOOD
1570,2026-09-03,17,4.126,GOOD
1570,2026-09-03,18,7.054,GOOD
1570,2026-09-03,19,4.65,GOOD
1570,2026-09-03,20,2.769,GOOD
1570,2026-09-03,21,1.997,GOOD
1570,2026-09-03,22,8.266,GOOD
1570,2026-09-03,23,3.685,GOOD
1570,2026-09-03,24,2.272,GOOD
1570,2026-09-04,1,0.095,GOOD
1570,2026-09-04,2,-3.493,GOOD
1570,2026-09-04,3,5.193,GOOD
1570,2026-09-04,4,7.332,GOOD
1570,2026-09-04,5,8.165,GOOD
1570,2026-09-04,6,1.537,GOOD
1570,2026-09-04,7,-4.837,GOOD
1570,2026-09-04,8,-0.712,GOOD
1570,2026-09-04,9,7.876,GOOD
1570,2026-09-04,10,1.345,GOOD
1570,2026-09-04,11,1.149,GOOD
1570,2026-09-04,12,1.793,GOOD
1570,2026-09-04,13,-2.782,GOOD
1570,2026-09-04,14,-2.232,GOOD
1570,2026-09-04,15,-2.161,GOOD
1570,2026-09-04,16,4.156,GOOD
1570,2026-09-04,17,2.743,GOOD
1570,2026-09-04,18,6.815,GOOD
1570,2026-09-04,19,3.202,GOOD
1570,2026-09-04,20,4.632,GOOD
1570,2026-09-04,21,5.553,GOOD
1570,2026-09-04,22,9.114,GOOD
1570,2026-09-04,23,1.997,GOOD
1570,2026-09-04,24,5.386,GOOD
1570,2026-09-05,1,1.714,GOOD
1570,2026-09-05,2,0.322,GOOD
1570,2026-09-05,3,6.505,GOOD
1570,2026-09-05,4,5.103,GOOD
1570,2026-09-05,5,5.187,GOOD
1570,2026-09-05,6,5.818,GOOD
1570,2026-09-05,7,1.967,GOOD
1570,2026-09-05,8,-3.013,GOOD
1570,2026-09-05,9,-4.887,GOOD
1570,2026-09-05,10,0.72,GOOD
1570,2026-09-05,11,-0.813,GOOD
1570,2026-09-05,12,0.937,GOOD
1570,2026-09-05,13,0.958,GOOD
1570,2026-09-05,14,3.682,GOOD
1570,2026-09-05,15,,
1570,2026-09-05,16,9.54,GOOD
1570,2026-09-05,17,7.971,GOOD
1570,2026-09-05,18,3.313,GOOD
1570,2026-09-05,19,2.064,GOOD
1570,2026-09-05,20,1.589,GOOD
1570,2026-09-05,21,-0.708,GOOD
1570,2026-09-05,22,3.453,GOOD
1570,2026-09-05,23,0.51,GOOD
1570,2026-09-05,24,5.449,GOOD
1570,2026-09-06,1,4.64,GOOD
1570,2026-09-06,2,4.115,GOOD
1570,2026-09-06,3,6.808,GOOD
1570,2026-09-06,4,1.234,GOOD
1570,2026-09-06,5,-1.252,GOOD
1570,2026-09-06,6,6.655,GOOD
1570,2026-09-06,7,2.32,GOOD
1570,2026-09-06,8,-2.488,GOOD
1570,2026-09-06,9,2.947,GOOD
1570,2026-09-06,10,-0.312,GOOD
1570,2026-09-06,11,-4.541,GOOD
1570,2026-09-06,12,2.642,GOOD
1570,2026-09-06,13,2.447,GOOD
1570,2026-09-06,14,4.577,GOOD
1570,2026-09-06,15,7.087,GOOD
1570,2026-09-06,16,4.534,GOOD
1570,2026-09-06,17,1.385,GOOD
1570,2026-09-06,18,3.953,GOOD
1570,2026-09-06,19,6.606,GOOD
1570,2026-09-06,20,6.05,GOOD
1570,2026-09-06,21,-3.494,GOOD
1570,2026-09-06,22,1.14,GOOD
1570,2026-09-06,23,1.434,GOOD
1570,2026-09-06,24,-0.614,GOOD
1570,2026-09-07,1,3.837,GOOD
1570,2026-09-07,2,1.751,GOOD
1570,2026-09-07,3,5.505,GOOD
1570,2026-09-07,4,7.345,GOOD
1570,2026-09-07,5,6.134,GOOD
1570,2026-09-07,6,3.214,GOOD
1570,2026-09-07,7,1.668,GOOD
1570,2026-09-07,8,-1.981,GOOD
1570,2026-09-07,9,3.224,GOOD
1570,2026-09-07,10,0.272,GOOD
1570,2026-09-07,11,-1.651,GOOD
1570,2026-09-07,12,2.163,GOOD
1570,2026-09-07,13,-4.067,GOOD
1570,2026-09-07,14,-1.282,GOOD
1570,2026-09-07,15,3.962,GOOD
1570,2026-09-07,16,3.59,GOOD
1570,2026-09-07,17,-1.88,GOOD
1570,2026-09-07,18,9.228,GOOD
1570,2026-09-07,19,3.195,GOOD
1570,2026-09-07,20,2.147,GOOD
1570,2026-09-07,21,2.274,GOOD
1570,2026-09-07,22,13.682,GOOD
1570,2026-09-07,23,3.288,GOOD
1570,2026-09-07,24,0.967,GOOD
1570,2026-09-08,1,0.575,GOOD
1570,2026-09-08,2,3.409,GOOD
1570,2026-09-08,3,2.877,GOOD
1570,2026-09-08,4,1.102,GOOD
1570,2026-09-08,5,-5.74,GOOD
1570,2026-09-08,6,-1.24,GOOD
1570,2026-09-08,7,3.162,GOOD
1570,2026-09-08,8,-2.493,GOOD
1570,2026-09-08,9,1.659,GOOD
1570,2026-09-08,10,-0.33,GOOD
1570,2026-09-08,11,3.83,GOOD
1570,2026-09-08,12,7.312,GOOD
1570,2026-09-08,13,7.994,GOOD
1570,2026-09-08,14,6.179,GOOD
1570,2026-09-08,15,1.731,GOOD
1570,2026-09-08,16,4.889,GOOD
1570,2026-09-08,17,6.394,GOOD
1570,2026-09-08,18,9.107,GOOD
1570,2026-09-08,19,5.687,GOOD
1570,2026-09-08,20,-0.787,GOOD
1570,2026-09-08,21,4.531,GOOD
1570,2026-09-08,22,6.684,GOOD
1570,2026-09-08,23,6.405,GOOD
1570,2026-09-08,24,2.207,GOOD
1570,2026-09-09,1,-0.568,GOOD
1570,2026-09-09,2,6.727,GOOD
1570,2026-09-09,3,1.085,GOOD
1570,2026-09-09,4,-2.945,GOOD
1570,2026-09-09,5,1.057,GOOD
1570,2026-09-09,6,4.601,GOOD
1570,2026-09-09,7,2.642,GOOD
1570,2026-09-09,8,-6.868,GOOD
1570,2026-09-09,9,-2.934,GOOD
1570,2026-09-09,10,5.573,GOOD
1570,2026-09-09,11,2.612,GOOD
1570,2026-09-09,12,4.809,GOOD
1570,2026-09-09,13,7.42,GOOD
1570,2026-09-09,14,6.384,GOOD
1570,2026-09-09,15,4.625,GOOD
1570,2026-09-09,16,5.321,GOOD
1570,2026-09-09,17,13.061,GOOD
1570,2026-09-09,18,7.781,GOOD
1570,2026-09-09,19,9.555,GOOD
1570,2026-09-09,20,3.958,GOOD
1570,2026-09-09,21,11.113,GOOD
1570,2026-09-09,22,8.809,GOOD
1570,2026-09-09,23,8.865,GOOD
1570,2026-09-09,24,4.522,GOOD
1570,2026-09-10,1,6.936,GOOD
1570,2026-09-10,2,1.485,GOOD
1570,2026-09-10,3,1.893,GOOD
1570,2026-09-10,4,8.109,GOOD
1570,2026-09-10,5,4.646,GOOD
1570,2026-09-10,6,-1.635,GOOD
1570,2026-09-10,7,5.392,GOOD
1570,2026-09-10,8,2.903,GOOD
1570,2026-09-10,9,-0.05,GOOD
1570,2026-09-10,10,1.27,GOOD
1570,2026-09-10,11,7.498,GOOD
1570,2026-09-10,12,5.169,GOOD
1570,2026-09-10,13,-5.363,GOOD
1570,2026-09-10,14,-1.584,GOOD
1570,2026-09-10,15,0.023,GOOD
1570,2026-09-10,16,3.448,GOOD
1570,2026-09-10,17,2.762,GOOD
1570,2026-09-10,18,9.841,GOOD
1570,2026-09-10,19,9.754,GOOD
1570,2026-09-10,20,12.748,GOOD
1570,2026-09-10,21,24.031,GOOD
1570,2026-09-10,22,17.965,GOOD
1570,2026-09-10,23,7.644,GOOD
1570,2026-09-10,24,4.449,GOOD
1570,2026-09-11,1,3.998,GOOD
1570,2026-09-11,2,4.216,GOOD
1570,2026-09-11,3,2.838,GOOD
1570,2026-09-11,4,6.87,GOOD
1570,2026-09-11,5,7.685,GOOD
1570,2026-09-11,6,5.089,GOOD
1570,2026-09-11,7,5.659,GOOD
1570,2026-09-11,8,3.743,GOOD
1570,2026-09-11,9,6.331,GOOD
1570,2026-09-11,10,8,GOOD
1570,2026-09-11,11,2.596,GOOD
1570,2026-09-11,12,0.174,GOOD
1570,2026-09-11,13,-2.72,GOOD
1570,2026-09-11,14,1.826,GOOD
1570,2026-09-11,15,2.701,GOOD
1570,2026-09-11,16,4.5,GOOD
1570,2026-09-11,17,7.553,GOOD
1570,2026-09-11,18,9.513,GOOD
1570,2026-09-11,19,18.499,GOOD
1570,2026-09-11,20,14.978,GOOD
1570,2026-09-11,21,7.233,GOOD
1570,2026-09-11,22,24.395,GOOD
1570,2026-09-11,23,93.023,POOR
1570,2026-09-11,24,92.205,POOR
1570,2026-09-12,1,53.047,POOR
1570,2026-09-12,2,15.727,GOOD
1570,2026-09-12,3,3.606,GOOD
1570,2026-09-12,4,3.224,GOOD
1570,2026-09-12,5,16.57,GOOD
1570,2026-09-12,6,14.394,GOOD
1570,2026-09-12,7,15.927,GOOD
1570,2026-09-12,8,5.337,GOOD
1570,2026-09-12,9,9.491,GOOD
1570,2026-09-12,10,4.338,GOOD
1570,2026-09-12,11,5.629,GOOD
1570,2026-09-12,12,6.122,GOOD
1570,2026-09-12,13,12.087,GOOD
1570,2026-09-12,14,12.323,GOOD
1570,2026-09-12,15,9.528,GOOD
1570,2026-09-12,16,8.402,GOOD
1570,2026-09-12,17,9.048,GOOD
1570,2026-09-12,18,10.915,GOOD
1570,2026-09-12,19,14.574,GOOD
1570,2026-09-12,20,14.036,GOOD
1570,2026-09-12,21,7.161,GOOD
1570,2026-09-12,22,4.18,GOOD
1570,2026-09-12,23,6.107,GOOD
1570,2026-09-12,24,8.23,GOOD
1570,2026-09-13,1,20.319,GOOD
1570,2026-09-13,2,43.115,FAIR
1570,2026-09-13,3,36.869,FAIR
1570,2026-09-13,4,34.751,FAIR
1570,2026-09-13,5,37.718,FAIR
1570,2026-09-13,6,33.523,FAIR
1570,2026-09-13,7,26.632,FAIR
1570,2026-09-13,8,23.635,GOOD
1570,2026-09-13,9,14.82,GOOD
1570,2026-09-13,10,13.73,GOOD
1570,2026-09-13,11,8.918,GOOD
1570,2026-09-13,12,3.888,GOOD
1570,2026-09-13,13,-0.752,GOOD
1570,2026-09-13,14,2.011,GOOD
1570,2026-09-13,15,3.169,GOOD
1570,2026-09-13,16,0.717,GOOD
1570,2026-09-13,17,6.338,GOOD
1570,2026-09-13,18,9.724,GOOD
1570,2026-09-13,19,13.001,GOOD
1570,2026-09-13,20,16.31,GOOD
1570,2026-09-13,21,13.92,GOOD
1570,2026-09-13,22,8.628,GOOD
1570,2026-09-13,23,10.148,GOOD
1570,2026-09-13,24,5.328,GOOD
1570,2026-09-14,1,15.01,GOOD
1570,2026-09-14,2,21.446,GOOD
1570,2026-09-14,3,17.769,GOOD
1570,2026-09-14,4,13.952,GOOD
1570,2026-09-14,5,18.218,GOOD
1570,2026-09-14,6,14.666,GOOD
1570,2026-09-14,7,6.235,GOOD
1570,2026-09-14,8,1.672,GOOD
1570,2026-09-14,9,0.577,GOOD
1570,2026-09-14,10,1.601,GOOD
1570,2026-09-14,11,3.858,GOOD
1570,2026-09-14,12,1.685,GOOD
1570,2026-09-14,13,4.007,GOOD
1570,2026-09-14,14,-3.237,GOOD
1570,2026-09-14,15,-0.314,GOOD
1570,2026-09-14,16,-0.353,GOOD
1570,2026-09-14,17,3.505,GOOD
1570,2026-09-14,18,7.304,GOOD
1570,2026-09-14,19,3.896,GOOD
1570,2026-09-14,20,4.562,GOOD
1570,2026-09-14,21,2.719,GOOD
1570,2026-09-14,22,5.005,GOOD
1570,2026-09-14,23,3.606,GOOD
1570,2026-09-14,24,3.767,GOOD
1570,2026-09-15,1,6.705,GOOD
1570,2026-09-15,2,4.083,GOOD
1570,2026-09-15,3,3.969,GOOD
1570,2026-09-15,4,6.499,GOOD
1570,2026-09-15,5,-1.681,GOOD
1570,2026-09-15,6,5.177,GOOD
1570,2026-09-15,7,3.145,GOOD
1570,2026-09-15,8,-0.449,GOOD
1570,2026-09-15,9,,
1570,2026-09-15,10,,
1570,2026-09-15,11,-0.128,GOOD
1570,2026-09-15,12,1.262,GOOD
1570,2026-09-15,13,5.561,GOOD
1570,2026-09-15,14,5.133,GOOD
1570,2026-09-15,15,1.786,GOOD
1570,2026-09-15,16,1.428,GOOD
1570,2026-09-15,17,2.998,GOOD
1570,2026-09-15,18,2.905,GOOD
1570,2026-09-15,19,6.538,GOOD
1570,2026-09-15,20,4.289,GOOD
1570,2026-09-15,21,-5.127,GOOD
1570,2026-09-15,22,2.042,GOOD
1570,2026-09-15,23,1.123,GOOD
1570,2026-09-15,24,4.622,GOOD
1570,2026-09-16,1,6.335,GOOD
1570,2026-09-16,2,3.879,GOOD
1570,2026-09-16,3,4.764,GOOD
1570,2026-09-16,4,1.349,GOOD
1570,2026-09-16,5,1.124,GOOD
1570,2026-09-16,6,2.87,GOOD
1570,2026-09-16,7,-0.812,GOOD
1570,2026-09-16,8,-2.722,GOOD
1570,2026-09-16,9,-0.569,GOOD
1570,2026-09-16,10,4.398,GOOD
1570,2026-09-16,11,-1.741,GOOD
1570,2026-09-16,12,4.743,GOOD
1570,2026-09-16,13,7.02,GOOD
1570,2026-09-16,14,3.797,GOOD
1570,2026-09-16,15,1.319,GOOD
1570,2026-09-16,16,3.555,GOOD
1570,2026-09-16,17,0.808,GOOD
1570,2026-09-16,18,6.998,GOOD
1570,2026-09-16,19,2.214,GOOD
1570,2026-09-16,20,5.236,GOOD
1570,2026-09-16,21,4.373,GOOD
1570,2026-09-16,22,3.032,GOOD
1570,2026-09-16,23,3.415,GOOD
1570,2026-09-16,24,5.538,GOOD
1570,2026-09-17,1,2.618,GOOD
1570,2026-09-17,2,0.931,GOOD
1570,2026-09-17,3,1.624,GOOD
1570,2026-09-17,4,2.032,GOOD
1570,2026-09-17,5,-1.509,GOOD
1570,2026-09-17,6,0.239,GOOD
1570,2026-09-17,7,1.865,GOOD
1570,2026-09-17,8,0.179,GOOD
1570,2026-09-17,9,-0.074,GOOD
1570,2026-09-17,10,1.996,GOOD
1570,2026-09-17,11,2.858,GOOD
1570,2026-09-17,12,1.831,GOOD
1570,2026-09-17,13,2.182,GOOD
1570,2026-09-17,14,2.391,GOOD
1570,2026-09-17,15,-1.326,GOOD
1570,2026-09-17,16,0.065,GOOD
1570,2026-09-17,17,7.301,GOOD
1570,2026-09-17,18,3.826,GOOD
1570,2026-09-17,19,5.232,GOOD
1570,2026-09-17,20,6.359,GOOD
1570,2026-09-17,21,6.357,GOOD
1570,2026-09-17,22,5.353,GOOD
1570,2026-09-17,23,3.359,GOOD
1570,2026-09-17,24,3.862,GOOD
1570,2026-09-18,1,-1.26,GOOD
1570,2026-09-18,2,3.745,GOOD
1570,2026-09-18,3,4.012,GOOD
1570,2026-09-18,4,2.281,GOOD
1570,2026-09-18,5,0.984,GOOD
1570,2026-09-18,6,5.955,GOOD
1570,2026-09-18,7,4.995,GOOD
1570,2026-09-18,8,-3.4,GOOD
1570,2026-09-18,9,-0.772,GOOD
1570,2026-09-18,10,-1.657,GOOD
1570,2026-09-18,11,0.173,GOOD
1570,2026-09-18,12,-1.349,GOOD
1570,2026-09-18,13,7.067,GOOD
1570,2026-09-18,14,3.577,GOOD
1570,2026-09-18,15,-0.419,GOOD
1570,2026-09-18,16,0.575,GOOD
1570,2026-09-18,17,3.726,GOOD
1570,2026-09-18,18,3.575,GOOD
1570,2026-09-18,19,3.591,GOOD
1570,2026-09-18,20,2.08,GOOD
1570,2026-09-18,21,-1.263,GOOD
1570,2026-09-18,22,1.166,GOOD
1570,2026-09-18,23,2.727,GOOD
1570,2026-09-18,24,2.918,GOOD
1570,2026-09-19,1,-0.924,GOOD
1570,2026-09-19,2,10.935,GOOD
1570,2026-09-19,3,0.799,GOOD
1570,2026-09-19,4,0.708,GOOD
1570,2026-09-19,5,2.577,GOOD
1570,2026-09-19,6,2.732,GOOD
1570,2026-09-19,7,3.215,GOOD
1570,2026-09-19,8,-4.869,GOOD
1570,2026-09-19,9,2.641,GOOD
1570,2026-09-19,10,-1.407,GOOD
1570,2026-09-19,11,1.488,GOOD
1570,2026-09-19,12,-0.654,GOOD
1570,2026-09-19,13,2.927,GOOD
1570,2026-09-19,14,2.746,GOOD
1570,2026-09-19,15,1.087,GOOD
1570,2026-09-19,16,1.259,GOOD
1570,2026-09-19,17,3.263,GOOD
1570,2026-09-19,18,7.182,GOOD
1570,2026-09-19,19,5.171,GOOD
1570,2026-09-19,20,3.089,GOOD
1570,2026-09-19,21,7.666,GOOD
1570,2026-09-19,22,6.576,GOOD
1570,2026-09-19,23,1.325,GOOD
1570,2026-09-19,24,3.654,GOOD
1570,2026-09-20,1,5.179,GOOD
1570,2026-09-20,2,3.498,GOOD
1570,2026-09-20,3,1.005,GOOD
1570,2026-09-20,4,3.135,GOOD
1570,2026-09-20,5,5.598,GOOD
1570,2026-09-20,6,6.168,GOOD
1570,2026-09-20,7,1.976,GOOD
1570,2026-09-20,8,-6.484,GOOD
1570,2026-09-20,9,0.9,GOOD
1570,2026-09-20,10,-0.33,GOOD
1570,2026-09-20,11,0.721,GOOD
1570,2026-09-20,12,2.426,GOOD
1570,2026-09-20,13,2.397,GOOD
1570,2026-09-20,14,3.212,GOOD
1570,2026-09-20,15,1.644,GOOD
1570,2026-09-20,16,3.105,GOOD
1570,2026-09-20,17,0.433,GOOD
1570,2026-09-20,18,6.565,GOOD
1570,2026-09-20,19,5.998,GOOD
1570,2026-09-20,20,1.972,GOOD
1570,2026-09-20,21,6.219,GOOD
1570,2026-09-20,22,6.404,GOOD
1570,2026-09-20,23,1.094,GOOD
1570,2026-09-20,24,4.253,GOOD
1570,2026-09-21,1,6.448,GOOD
1570,2026-09-21,2,2.959,GOOD
1570,2026-09-21,3,5.165,GOOD
1570,2026-09-21,4,3.249,GOOD
1570,2026-09-21,5,-2.535,GOOD
1570,2026-09-21,6,-3.184,GOOD
1570,2026-09-21,7,-0.469,GOOD
1570,2026-09-21,8,0.978,GOOD
1570,2026-09-21,9,1.656,GOOD
1570,2026-09-21,10,3.009,GOOD
1570,2026-09-21,11,3.868,GOOD
1570,2026-09-21,12,2.91,GOOD
1570,2026-09-21,13,16.885,GOOD
1570,2026-09-21,14,13.645,GOOD
1570,2026-09-21,15,13.282,GOOD
1570,2026-09-21,16,14.812,GOOD
1570,2026-09-21,17,13.178,GOOD
1570,2026-09-21,18,11.218,GOOD
1570,2026-09-21,19,4.012,GOOD
1570,2026-09-21,20,6.833,GOOD
1570,2026-09-21,21,9.292,GOOD
1570,2026-09-21,22,10.986,GOOD
1570,2026-09-21,23,-1.875,GOOD
1570,2026-09-21,24,7.478,GOOD
1570,2026-09-22,1,2.461,GOOD
1570,2026-09-22,2,-0.484,GOOD
1570,2026-09-22,3,1.84,GOOD
1570,2026-09-22,4,3.897,GOOD
1570,2026-09-22,5,1.569,GOOD
1570,2026-09-22,6,11.844,GOOD
1570,2026-09-22,7,0.026,GOOD
1570,2026-09-22,8,3.519,GOOD
1570,2026-09-22,9,11.906,GOOD
1570,2026-09-22,10,-0.794,GOOD
1570,2026-09-22,11,6.428,GOOD
1570,2026-09-22,12,9.102,GOOD
1570,2026-09-22,13,-0.474,GOOD
1570,2026-09-22,14,5.67,GOOD
1570,2026-09-22,15,10.489,GOOD
1570,2026-09-22,16,2.964,GOOD
1570,2026-09-22,17,3.495,GOOD
1570,2026-09-22,18,5.635,GOOD
1570,2026-09-22,19,-2.929,GOOD
1570,2026-09-22,20,0.287,GOOD
1570,2026-09-22,21,9.71,GOOD
1570,2026-09-22,22,-6.854,GOOD
1570,2026-09-22,23,1.753,GOOD
1570,2026-09-22,24,4.204,GOOD
1570,2026-09-23,1,-9.457,GOOD
1570,2026-09-23,2,3.2,GOOD
1570,2026-09-23,3,-0.741,GOOD
1570,2026-09-23,4,-6.173,GOOD
1570,2026-09-23,5,1.715,GOOD
1570,2026-09-23,6,-3.717,GOOD
1570,2026-09-23,7,-3.112,GOOD
1570,2026-09-23,8,-7.063,GOOD
1570,2026-09-23,9,5.022,GOOD
1570,2026-09-23,10,3.623,GOOD
1570,2026-09-23,11,-6.748,GOOD
1570,2026-09-23,12,-1.128,GOOD
1570,2026-09-23,13,1.68,GOOD
1570,2026-09-23,14,1.066,GOOD
1570,2026-09-23,15,5.087,GOOD
1570,2026-09-23,16,3.587,GOOD
1570,2026-09-23,17,6.942,GOOD
1570,2026-09-23,18,12.346,GOOD
1570,2026-09-23,19,11.689,GOOD
1570,2026-09-23,20,11.228,GOOD
1570,2026-09-23,21,15.171,GOOD
1570,2026-09-23,22,10.787,GOOD
1570,2026-09-23,23,8.743,GOOD
1570,2026-09-23,24,10.97,GOOD
1570,2026-09-24,1,8.359,GOOD
1570,2026-09-24,2,8.394,GOOD
1570,2026-09-24,3,7.282,GOOD
1570,2026-09-24,4,6.09,GOOD
1570,2026-09-24,5,14.651,GOOD
1570,2026-09-24,6,2.513,GOOD
1570,2026-09-24,7,-4.85,GOOD
1570,2026-09-24,8,-5.872,GOOD
1570,2026-09-24,9,6.697,GOOD
1570,2026-09-24,10,9.88,GOOD
1570,2026-09-24,11,10.496,GOOD
1570,2026-09-24,12,,
1570,2026-09-24,13,3.698,GOOD
1570,2026-09-24,14,7.99,GOOD
1570,2026-09-24,15,12.692,GOOD
1570,2026-09-24,16,13.694,GOOD
1570,2026-09-24,17,15.695,GOOD
1570,2026-09-24,18,13.688,GOOD
1570,2026-09-24,19,10.983,GOOD
1570,2026-09-24,20,6.998,GOOD
1570,2026-09-24,21,-0.648,GOOD
1570,2026-09-24,22,7.185,GOOD
1570,2026-09-24,23,9.766,GOOD
1570,2026-09-24,24,0.874,GOOD
1570,2026-09-25,1,1.926,GOOD
1570,2026-09-25,2,1.454,GOOD
1570,2026-09-25,3,2.701,GOOD
1570,2026-09-25,4,3.887,GOOD
1570,2026-09-25,5,7.101,GOOD
1570,2026-09-25,6,10.247,GOOD
1570,2026-09-25,7,8.325,GOOD
1570,2026-09-25,8,,
1570,2026-09-25,9,6.964,GOOD
1570,2026-09-25,10,17.943,GOOD
1570,2026-09-25,11,9.595,GOOD
1570,2026-09-25,12,2.205,GOOD
1570,2026-09-25,13,3.636,GOOD
1570,2026-09-25,14,15.778,GOOD
1570,2026-09-25,15,18.858,GOOD
1570,2026-09-25,16,19.616,GOOD
1570,2026-09-25,17,9.863,GOOD
1570,2026-09-25,18,10.82,GOOD
1570,2026-09-25,19,8.935,GOOD
1570,2026-09-25,20,9.197,GOOD
1570,2026-09-25,21,9.361,GOOD
1570,2026-09-25,22,7.218,GOOD
1570,2026-09-25,23,3.679,GOOD
1570,2026-09-25,24,3.665,GOOD
1570,2026-09-26,1,9.027,GOOD
1570,2026-09-26,2,9.368,GOOD
1570,2026-09-26,3,3.851,GOOD
1570,2026-09-26,4,8.641,GOOD
1570,2026-09-26,5,10.057,GOOD
1570,2026-09-26,6,8.208,GOOD
1570,2026-09-26,7,8.171,GOOD
1570,2026-09-26,8,4.685,GOOD
1570,2026-09-26,9,,
1570,2026-09-26,10,,
1570,2026-09-26,11,,
1570,2026-09-26,12,,
1570,2026-09-26,13,,
1570,2026-09-26,14,,
1570,2026-09-26,15,,
1570,2026-09-26,16,,
1570,2026-09-26,17,,
1570,2026-09-26,18,,
1570,2026-09-26,19,-9.956,GOOD
1570,2026-09-26,20,,
1570,2026-09-26,21,,
1570,2026-09-26,22,-1.3,GOOD
1570,2026-09-26,23,0.939,GOOD
1570,2026-09-26,24,-0.398,GOOD
1570,2026-09-27,1,-1.587,GOOD
1570,2026-09-27,2,1.39,GOOD
1570,2026-09-27,3,-0.486,GOOD
1570,2026-09-27,4,3.937,GOOD
1570,2026-09-27,5,1.376,GOOD
1570,2026-09-27,6,0.71,GOOD
1570,2026-09-27,7,0.146,GOOD
1570,2026-09-27,8,-0.232,GOOD
1570,2026-09-27,9,1.995,GOOD
1570,2026-09-27,10,7.035,GOOD
1570,2026-09-27,11,0.437,GOOD
1570,2026-09-27,12,-4.478,GOOD
1570,2026-09-27,13,-5.109,GOOD
1570,2026-09-27,14,0.962,GOOD
1570,2026-09-27,15,-0.336,GOOD
1570,2026-09-27,16,4.891,GOOD
1570,2026-09-27,17,10.614,GOOD
1570,2026-09-27,18,5.555,GOOD
1570,2026-09-27,19,4.013,GOOD
1570,2026-09-27,20,3.36,GOOD
1570,2026-09-27,21,2.885,GOOD
1570,2026-09-27,22,3.475,GOOD
1570,2026-09-27,23,2.559,GOOD
1570,2026-09-27,24,2.081,GOOD
1570,2026-09-28,1,1.042,GOOD
1570,2026-09-28,2,-0.224,GOOD
1570,2026-09-28,3,3.032,GOOD
1570,2026-09-28,4,-0.405,GOOD
1570,2026-09-28,5,-2.549,GOOD
1570,2026-09-28,6,-1.974,GOOD
1570,2026-09-28,7,-1.332,GOOD
1570,2026-09-28,8,0.067,GOOD
1570,2026-09-28,9,1.417,GOOD
1570,2026-09-28,10,1.8,GOOD
1570,2026-09-28,11,0.686,GOOD
1570,2026-09-28,12,1.565,GOOD
1570,2026-09-28,13,2.733,GOOD
1570,2026-09-28,14,1.013,GOOD
1570,2026-09-28,15,1.588,GOOD
1570,2026-09-28,16,2.692,GOOD
1570,2026-09-28,17,5.217,GOOD
1570,2026-09-28,18,2.609,GOOD
1570,2026-09-28,19,6.591,GOOD
1570,2026-09-28,20,1.935,GOOD
1570,2026-09-28,21,4.247,GOOD
1570,2026-09-28,22,6.978,GOOD
1570,2026-09-28,23,3.669,GOOD
1570,2026-09-28,24,4.868,GOOD
1570,2026-09-29,1,2.782,GOOD
1570,2026-09-29,2,1.319,GOOD
1570,2026-09-29,3,-1.044,GOOD
1570,2026-09-29,4,-2.372,GOOD
1570,2026-09-29,5,4.819,GOOD
1570,2026-09-29,6,6.396,GOOD
1570,2026-09-29,7,4.07,GOOD
1570,2026-09-29,8,-1.518,GOOD
1570,2026-09-29,9,-3.156,GOOD
1570,2026-09-29,10,2.407,GOOD
1570,2026-09-29,11,0.545,GOOD
1570,2026-09-29,12,2.177,GOOD
1570,2026-09-29,13,-7.675,GOOD
1570,2026-09-29,14,0.528,GOOD
1570,2026-09-29,15,1.483,GOOD
1570,2026-09-29,16,3.682,GOOD
1570,2026-09-29,17,7.155,GOOD
1570,2026-09-29,18,7.977,GOOD
1570,2026-09-29,19,7.193,GOOD
1570,2026-09-29,20,7.686,GOOD
1570,2026-09-29,21,4.123,GOOD
1570,2026-09-29,22,6.667,GOOD
1570,2026-09-29,23,1.733,GOOD
1570,2026-09-29,24,1.854,GOOD
1570,2026-09-30,1,4.042,GOOD
1570,2026-09-30,2,-0.822,GOOD
1570,2026-09-30,3,0.788,GOOD
1570,2026-09-30,4,6.861,GOOD
1570,2026-09-30,5,6.075,GOOD
1570,2026-09-30,6,8.524,GOOD
1570,2026-09-30,7,2.128,GOOD
1570,2026-09-30,8,-3.778,GOOD
1570,2026-09-30,9,1.329,GOOD
1570,2026-09-30,10,-1.007,GOOD
1570,2026-09-30,11,-0.258,GOOD
1570,2026-09-30,12,0.899,GOOD
1570,2026-09-30,13,4.426,GOOD
1570,2026-09-30,14,4.436,GOOD
1570,2026-09-30,15,2.262,GOOD
1570,2026-09-30,16,0.5,GOOD
1570,2026-09-30,17,3.954,GOOD
1570,2026-09-30,18,7.417,GOOD
1570,2026-09-30,19,4.195,GOOD
1570,2026-09-30,20,3.201,GOOD
1570,2026-09-30,21,-3.781,GOOD
1570,2026-09-30,22,-2.651,GOOD
1570,2026-09-30,23,5.375,GOOD
1570,2026-09-30,24,5.603,GOOD
1350,2026-09-01,1,23.127,GOOD
1350,2026-09-01,2,29.912,FAIR
1350,2026-09-01,3,25.526,FAIR
1350,2026-09-01,4,17.678,GOOD
1350,2026-09-01,5,15.299,GOOD
1350,2026-09-01,6,13.918,GOOD
1350,2026-09-01,7,14.255,GOOD
1350,2026-09-01,8,19.464,GOOD
1350,2026-09-01,9,21.173,GOOD
1350,2026-09-01,10,11.697,GOOD
1350,2026-09-01,11,11.508,GOOD
1350,2026-09-01,12,13.93,GOOD
1350,2026-09-01,13,7.17,GOOD
1350,2026-09-01,14,6.247,GOOD
1350,2026-09-01,15,7.614,GOOD
1350,2026-09-01,16,7.418,GOOD
1350,2026-09-01,17,6.86,GOOD
1350,2026-09-01,18,9.872,GOOD
1350,2026-09-01,19,14.21,GOOD
1350,2026-09-01,20,26.708,FAIR
1350,2026-09-01,21,25.826,FAIR
1350,2026-09-01,22,16.478,GOOD
1350,2026-09-01,23,18.056,GOOD
1350,2026-09-01,24,13.777,GOOD
1350,2026-09-02,1,17.957,GOOD
1350,2026-09-02,2,15.572,GOOD
1350,2026-09-02,3,7.446,GOOD
1350,2026-09-02,4,11.482,GOOD
1350,2026-09-02,5,9.46,GOOD
1350,2026-09-02,6,7.718,GOOD
1350,2026-09-02,7,8.42,GOOD
1350,2026-09-02,8,6.691,GOOD
1350,2026-09-02,9,5.926,GOOD
1350,2026-09-02,10,7.82,GOOD
1350,2026-09-02,11,3.903,GOOD
1350,2026-09-02,12,0.044,GOOD
1350,2026-09-02,13,2.859,GOOD
1350,2026-09-02,14,3.067,GOOD
1350,2026-09-02,15,4.807,GOOD
1350,2026-09-02,16,4.864,GOOD
1350,2026-09-02,17,3.878,GOOD
1350,2026-09-02,18,6.087,GOOD
1350,2026-09-02,19,7.497,GOOD
1350,2026-09-02,20,27.103,FAIR
1350,2026-09-02,21,30.357,FAIR
1350,2026-09-02,22,29.694,FAIR
1350,2026-09-02,23,33.554,FAIR
1350,2026-09-02,24,39.135,FAIR
1350,2026-09-03,1,49.231,FAIR
1350,2026-09-03,2,30.103,FAIR
1350,2026-09-03,3,8.307,GOOD
1350,2026-09-03,4,4.4,GOOD
1350,2026-09-03,5,4.854,GOOD
1350,2026-09-03,6,4.588,GOOD
1350,2026-09-03,7,3.504,GOOD
1350,2026-09-03,8,7.71,GOOD
1350,2026-09-03,9,4.06,GOOD
1350,2026-09-03,10,0.668,GOOD
1350,2026-09-03,11,4.823,GOOD
1350,2026-09-03,12,9.207,GOOD
1350,2026-09-03,13,6.015,GOOD
1350,2026-09-03,14,0.878,GOOD
1350,2026-09-03,15,3.206,GOOD
1350,2026-09-03,16,5.541,GOOD
1350,2026-09-03,17,2.431,GOOD
1350,2026-09-03,18,4.665,GOOD
1350,2026-09-03,19,6.104,GOOD
1350,2026-09-03,20,4.361,GOOD
1350,2026-09-03,21,3.226,GOOD
1350,2026-09-03,22,6.468,GOOD
1350,2026-09-03,23,5.408,GOOD
1350,2026-09-03,24,4.897,GOOD
1350,2026-09-04,1,7.521,GOOD
1350,2026-09-04,2,6.268,GOOD
1350,2026-09-04,3,6.782,GOOD
1350,2026-09-04,4,4.954,GOOD
1350,2026-09-04,5,3.474,GOOD
1350,2026-09-04,6,1.975,GOOD
1350,2026-09-04,7,4.392,GOOD
1350,2026-09-04,8,1.715,GOOD
1350,2026-09-04,9,11.109,GOOD
1350,2026-09-04,10,6.171,GOOD
1350,2026-09-04,11,3.81,GOOD
1350,2026-09-04,12,3.947,GOOD
1350,2026-09-04,13,5.526,GOOD
1350,2026-09-04,14,0.989,GOOD
1350,2026-09-04,15,-0.71,GOOD
1350,2026-09-04,16,5.975,GOOD
1350,2026-09-04,17,1.176,GOOD
1350,2026-09-04,18,3.642,GOOD
1350,2026-09-04,19,10.296,GOOD
1350,2026-09-04,20,16.383,GOOD
1350,2026-09-04,21,14.585,GOOD
1350,2026-09-04,22,14.783,GOOD
1350,2026-09-04,23,13.056,GOOD
1350,2026-09-04,24,10.61,GOOD
1350,2026-09-05,1,11.482,GOOD
1350,2026-09-05,2,6.602,GOOD
1350,2026-09-05,3,8.199,GOOD
1350,2026-09-05,4,5.247,GOOD
1350,2026-09-05,5,3.033,GOOD
1350,2026-09-05,6,4.407,GOOD
1350,2026-09-05,7,7.173,GOOD
1350,2026-09-05,8,2.884,GOOD
1350,2026-09-05,9,2.185,GOOD
1350,2026-09-05,10,2.001,GOOD
1350,2026-09-05,11,2.234,GOOD
1350,2026-09-05,12,5.039,GOOD
1350,2026-09-05,13,1.063,GOOD
1350,2026-09-05,14,-0.486,GOOD
1350,2026-09-05,15,6.34,GOOD
1350,2026-09-05,16,4.717,GOOD
1350,2026-09-05,17,3.113,GOOD
1350,2026-09-05,18,8.126,GOOD
1350,2026-09-05,19,10.474,GOOD
1350,2026-09-05,20,10.485,GOOD
1350,2026-09-05,21,9.502,GOOD
1350,2026-09-05,22,2.121,GOOD
1350,2026-09-05,23,-1.565,GOOD
1350,2026-09-05,24,6.449,GOOD
1350,2026-09-06,1,3.205,GOOD
1350,2026-09-06,2,4.93,GOOD
1350,2026-09-06,3,3.976,GOOD
1350,2026-09-06,4,4.162,GOOD
1350,2026-09-06,5,4.963,GOOD
1350,2026-09-06,6,3.067,GOOD
1350,2026-09-06,7,4.922,GOOD
1350,2026-09-06,8,2.624,GOOD
1350,2026-09-06,9,3.059,GOOD
1350,2026-09-06,10,0.21,GOOD
1350,2026-09-06,11,1.456,GOOD
1350,2026-09-06,12,-1.293,GOOD
1350,2026-09-06,13,-1.339,GOOD
1350,2026-09-06,14,0.618,GOOD
1350,2026-09-06,15,7.047,GOOD
1350,2026-09-06,16,-4.314,GOOD
1350,2026-09-06,17,-8.093,GOOD
1350,2026-09-06,18,3.092,GOOD
1350,2026-09-06,19,3.708,GOOD
1350,2026-09-06,20,7.01,GOOD
1350,2026-09-06,21,10.315,GOOD
1350,2026-09-06,22,10.949,GOOD
1350,2026-09-06,23,14.67,GOOD
1350,2026-09-06,24,11.118,GOOD
1350,2026-09-07,1,10.98,GOOD
1350,2026-09-07,2,8.588,GOOD
1350,2026-09-07,3,6.324,GOOD
1350,2026-09-07,4,10.291,GOOD
1350,2026-09-07,5,8.139,GOOD
1350,2026-09-07,6,7.128,GOOD
1350,2026-09-07,7,5.263,GOOD
1350,2026-09-07,8,14.766,GOOD
1350,2026-09-07,9,37.122,FAIR
1350,2026-09-07,10,48.495,FAIR
1350,2026-09-07,11,31.872,FAIR
1350,2026-09-07,12,17.29,GOOD
1350,2026-09-07,13,6.146,GOOD
1350,2026-09-07,14,17.876,GOOD
1350,2026-09-07,15,14.526,GOOD
1350,2026-09-07,16,14.182,GOOD
1350,2026-09-07,17,6.497,GOOD
1350,2026-09-07,18,2.131,GOOD
1350,2026-09-07,19,8.829,GOOD
1350,2026-09-07,20,8.619,GOOD
1350,2026-09-07,21,9.654,GOOD
1350,2026-09-07,22,19.515,GOOD
1350,2026-09-07,23,13.908,GOOD
1350,2026-09-07,24,12.7,GOOD
1350,2026-09-08,1,14.785,GOOD
1350,2026-09-08,2,14.995,GOOD
1350,2026-09-08,3,13.546,GOOD
1350,2026-09-08,4,8.672,GOOD
1350,2026-09-08,5,9.643,GOOD
1350,2026-09-08,6,7.055,GOOD
1350,2026-09-08,7,2.796,GOOD
1350,2026-09-08,8,2.097,GOOD
1350,2026-09-08,9,1.83,GOOD
1350,2026-09-08,10,6.493,GOOD
1350,2026-09-08,11,2.97,GOOD
1350,2026-09-08,12,4.364,GOOD
1350,2026-09-08,13,5.825,GOOD
1350,2026-09-08,14,4.255,GOOD
1350,2026-09-08,15,6.578,GOOD
1350,2026-09-08,16,14.125,GOOD
1350,2026-09-08,17,15.73,GOOD
1350,2026-09-08,18,11.723,GOOD
1350,2026-09-08,19,8.792,GOOD
1350,2026-09-08,20,11.036,GOOD
1350,2026-09-08,21,7.027,GOOD
1350,2026-09-08,22,2.558,GOOD
1350,2026-09-08,23,3.47,GOOD
1350,2026-09-08,24,2.839,GOOD
1350,2026-09-09,1,7.335,GOOD
1350,2026-09-09,2,3.609,GOOD
1350,2026-09-09,3,5.166,GOOD
1350,2026-09-09,4,7.358,GOOD
1350,2026-09-09,5,5.299,GOOD
1350,2026-09-09,6,4.589,GOOD
1350,2026-09-09,7,3.393,GOOD
1350,2026-09-09,8,12.105,GOOD
1350,2026-09-09,9,12.438,GOOD
1350,2026-09-09,10,11.582,GOOD
1350,2026-09-09,11,6.234,GOOD
1350,2026-09-09,12,2.564,GOOD
1350,2026-09-09,13,7.13,GOOD
1350,2026-09-09,14,8.896,GOOD
1350,2026-09-09,15,12.13,GOOD
1350,2026-09-09,16,7.545,GOOD
1350,2026-09-09,17,6.532,GOOD
1350,2026-09-09,18,4.805,GOOD
1350,2026-09-09,19,8.966,GOOD
1350,2026-09-09,20,13.462,GOOD
1350,2026-09-09,21,26.331,FAIR
1350,2026-09-09,22,24.034,GOOD
1350,2026-09-09,23,17.086,GOOD
1350,2026-09-09,24,11.724,GOOD
1350,2026-09-10,1,10.26,GOOD
1350,2026-09-10,2,3.992,GOOD
1350,2026-09-10,3,0.172,GOOD
1350,2026-09-10,4,0.812,GOOD
1350,2026-09-10,5,0.726,GOOD
1350,2026-09-10,6,-0.267,GOOD
1350,2026-09-10,7,1.095,GOOD
1350,2026-09-10,8,2.758,GOOD
1350,2026-09-10,9,,
1350,2026-09-10,10,,
1350,2026-09-10,11,,
1350,2026-09-10,12,,
1350,2026-09-10,13,,
1350,2026-09-10,14,,
1350,2026-09-10,15,,
1350,2026-09-10,16,,
1350,2026-09-10,17,2.767,GOOD
1350,2026-09-10,18,0.348,GOOD
1350,2026-09-10,19,1.926,GOOD
1350,2026-09-10,20,2.986,GOOD
1350,2026-09-10,21,3.433,GOOD
1350,2026-09-10,22,6.281,GOOD
1350,2026-09-10,23,8.624,GOOD
1350,2026-09-10,24,15.392,GOOD
1350,2026-09-11,1,11.593,GOOD
1350,2026-09-11,2,12.699,GOOD
1350,2026-09-11,3,11.537,GOOD
1350,2026-09-11,4,7.82,GOOD
1350,2026-09-11,5,8.615,GOOD
1350,2026-09-11,6,5.576,GOOD
1350,2026-09-11,7,6.251,GOOD
1350,2026-09-11,8,6.232,GOOD
1350,2026-09-11,9,0.488,GOOD
1350,2026-09-11,10,-1,GOOD
1350,2026-09-11,11,0.748,GOOD
1350,2026-09-11,12,0.653,GOOD
1350,2026-09-11,13,-1.686,GOOD
1350,2026-09-11,14,0.08,GOOD
1350,2026-09-11,15,0.553,GOOD
1350,2026-09-11,16,0.292,GOOD
1350,2026-09-11,17,0.74,GOOD
1350,2026-09-11,18,-0.331,GOOD
1350,2026-09-11,19,2.094,GOOD
1350,2026-09-11,20,0.431,GOOD
1350,2026-09-11,21,3.354,GOOD
1350,2026-09-11,22,2.606,GOOD
1350,2026-09-11,23,2.712,GOOD
1350,2026-09-11,24,1.455,GOOD
1350,2026-09-12,1,3.316,GOOD
1350,2026-09-12,2,3.997,GOOD
1350,2026-09-12,3,4.276,GOOD
1350,2026-09-12,4,5.131,GOOD
1350,2026-09-12,5,1.979,GOOD
1350,2026-09-12,6,0.377,GOOD
1350,2026-09-12,7,0.144,GOOD
1350,2026-09-12,8,-0.05,GOOD
1350,2026-09-12,9,-0.905,GOOD
1350,2026-09-12,10,1.683,GOOD
1350,2026-09-12,11,-1.5,GOOD
1350,2026-09-12,12,2.459,GOOD
1350,2026-09-12,13,3.648,GOOD
1350,2026-09-12,14,4.479,GOOD
1350,2026-09-12,15,2.518,GOOD
1350,2026-09-12,16,0.89,GOOD
1350,2026-09-12,17,-1.488,GOOD
1350,2026-09-12,18,3.278,GOOD
1350,2026-09-12,19,5.598,GOOD
1350,2026-09-12,20,3.503,GOOD
1350,2026-09-12,21,2.056,GOOD
1350,2026-09-12,22,2.599,GOOD
1350,2026-09-12,23,1.389,GOOD
1350,2026-09-12,24,2.009,GOOD
1350,2026-09-13,1,6.221,GOOD
1350,2026-09-13,2,11.519,GOOD
1350,2026-09-13,3,9.557,GOOD
1350,2026-09-13,4,9.566,GOOD
1350,2026-09-13,5,6.435,GOOD
1350,2026-09-13,6,3.052,GOOD
1350,2026-09-13,7,6.38,GOOD
1350,2026-09-13,8,5.378,GOOD
1350,2026-09-13,9,6.022,GOOD
1350,2026-09-13,10,6.6,GOOD
1350,2026-09-13,11,4.684,GOOD
1350,2026-09-13,12,4.191,GOOD
1350,2026-09-13,13,3.72,GOOD
1350,2026-09-13,14,2.559,GOOD
1350,2026-09-13,15,0.244,GOOD
1350,2026-09-13,16,2.102,GOOD
1350,2026-09-13,17,4.716,GOOD
1350,2026-09-13,18,15.031,GOOD
1350,2026-09-13,19,17.164,GOOD
1350,2026-09-13,20,9.578,GOOD
1350,2026-09-13,21,18.07,GOOD
1350,2026-09-13,22,34.548,FAIR
1350,2026-09-13,23,37.852,FAIR
1350,2026-09-13,24,32.813,FAIR
1350,2026-09-14,1,29.41,FAIR
1350,2026-09-14,2,33.576,FAIR
1350,2026-09-14,3,28.652,FAIR
1350,2026-09-14,4,26.448,FAIR
1350,2026-09-14,5,22.892,GOOD
1350,2026-09-14,6,19.65,GOOD
1350,2026-09-14,7,16.893,GOOD
1350,2026-09-14,8,20.931,GOOD
1350,2026-09-14,9,19.265,GOOD
1350,2026-09-14,10,9.209,GOOD
1350,2026-09-14,11,1.561,GOOD
1350,2026-09-14,12,4.12,GOOD
1350,2026-09-14,13,4.593,GOOD
1350,2026-09-14,14,6.687,GOOD
1350,2026-09-14,15,4.036,GOOD
1350,2026-09-14,16,3.834,GOOD
1350,2026-09-14,17,4.718,GOOD
1350,2026-09-14,18,7.811,GOOD
1350,2026-09-14,19,14.466,GOOD
1350,2026-09-14,20,15.865,GOOD
1350,2026-09-14,21,15.587,GOOD
1350,2026-09-14,22,15.25,GOOD
1350,2026-09-14,23,,
1350,2026-09-14,24,22.82,GOOD
1350,2026-09-15,1,15.644,GOOD
1350,2026-09-15,2,17.276,GOOD
1350,2026-09-15,3,16.733,GOOD
1350,2026-09-15,4,9.547,GOOD
1350,2026-09-15,5,14.123,GOOD
1350,2026-09-15,6,9.944,GOOD
1350,2026-09-15,7,11.291,GOOD
1350,2026-09-15,8,11.994,GOOD
1350,2026-09-15,9,14.554,GOOD
1350,2026-09-15,10,5.753,GOOD
1350,2026-09-15,11,6.434,GOOD
1350,2026-09-15,12,2.63,GOOD
1350,2026-09-15,13,3.33,GOOD
1350,2026-09-15,14,4.481,GOOD
1350,2026-09-15,15,1.7,GOOD
1350,2026-09-15,16,3.47,GOOD
1350,2026-09-15,17,3.963,GOOD
1350,2026-09-15,18,5.714,GOOD
1350,2026-09-15,19,6.884,GOOD
1350,2026-09-15,20,12.254,GOOD
1350,2026-09-15,21,11.06,GOOD
1350,2026-09-15,22,11.782,GOOD
1350,2026-09-15,23,13.309,GOOD
1350,2026-09-15,24,15.193,GOOD
1350,2026-09-16,1,14.414,GOOD
1350,2026-09-16,2,12.411,GOOD
1350,2026-09-16,3,5.6,GOOD
1350,2026-09-16,4,4.625,GOOD
1350,2026-09-16,5,7.327,GOOD
1350,2026-09-16,6,5.088,GOOD
1350,2026-09-16,7,3.059,GOOD
1350,2026-09-16,8,7.003,GOOD
1350,2026-09-16,9,9.591,GOOD
1350,2026-09-16,10,3.72,GOOD
1350,2026-09-16,11,0.288,GOOD
1350,2026-09-16,12,2.386,GOOD
1350,2026-09-16,13,0.649,GOOD
1350,2026-09-16,14,6.667,GOOD
1350,2026-09-16,15,18,GOOD
1350,2026-09-16,16,5.436,GOOD
1350,2026-09-16,17,0.834,GOOD
1350,2026-09-16,18,1.151,GOOD
1350,2026-09-16,19,2.941,GOOD
1350,2026-09-16,20,5.104,GOOD
1350,2026-09-16,21,5,GOOD
1350,2026-09-16,22,7.366,GOOD
1350,2026-09-16,23,5.757,GOOD
1350,2026-09-16,24,2.444,GOOD
1350,2026-09-17,1,2.576,GOOD
1350,2026-09-17,2,4.274,GOOD
1350,2026-09-17,3,6.283,GOOD
1350,2026-09-17,4,3.926,GOOD
1350,2026-09-17,5,4.811,GOOD
1350,2026-09-17,6,6.787,GOOD
1350,2026-09-17,7,8.507,GOOD
1350,2026-09-17,8,10.926,GOOD
1350,2026-09-17,9,3.626,GOOD
1350,2026-09-17,10,2.22,GOOD
1350,2026-09-17,11,2.067,GOOD
1350,2026-09-17,12,1.611,GOOD
1350,2026-09-17,13,13.323,GOOD
1350,2026-09-17,14,15.514,GOOD
1350,2026-09-17,15,1.927,GOOD
1350,2026-09-17,16,0.147,GOOD
1350,2026-09-17,17,3.344,GOOD
1350,2026-09-17,18,1.416,GOOD
1350,2026-09-17,19,0.688,GOOD
1350,2026-09-17,20,3.33,GOOD
1350,2026-09-17,21,13.907,GOOD
1350,2026-09-17,22,18.881,GOOD
1350,2026-09-17,23,24.295,GOOD
1350,2026-09-17,24,14.48,GOOD
1350,2026-09-18,1,11.396,GOOD
1350,2026-09-18,2,10.308,GOOD
1350,2026-09-18,3,11.73,GOOD
1350,2026-09-18,4,6.6,GOOD
1350,2026-09-18,5,6.13,GOOD
1350,2026-09-18,6,6.5,GOOD
1350,2026-09-18,7,4.866,GOOD
1350,2026-09-18,8,4.405,GOOD
1350,2026-09-18,9,3.759,GOOD
1350,2026-09-18,10,4.087,GOOD
1350,2026-09-18,11,5.809,GOOD
1350,2026-09-18,12,0.351,GOOD
1350,2026-09-18,13,-1.023,GOOD
1350,2026-09-18,14,0.249,GOOD
1350,2026-09-18,15,2.536,GOOD
1350,2026-09-18,16,0.279,GOOD
1350,2026-09-18,17,1.359,GOOD
1350,2026-09-18,18,5.032,GOOD
1350,2026-09-18,19,10.642,GOOD
1350,2026-09-18,20,9.14,GOOD
1350,2026-09-18,21,16.72,GOOD
1350,2026-09-18,22,16.471,GOOD
1350,2026-09-18,23,13.85,GOOD
1350,2026-09-18,24,15.464,GOOD
1350,2026-09-19,1,14.513,GOOD
1350,2026-09-19,2,9.417,GOOD
1350,2026-09-19,3,8.176,GOOD
1350,2026-09-19,4,11.802,GOOD
1350,2026-09-19,5,14.707,GOOD
1350,2026-09-19,6,9.828,GOOD
1350,2026-09-19,7,6.793,GOOD
1350,2026-09-19,8,5.266,GOOD
1350,2026-09-19,9,3.174,GOOD
1350,2026-09-19,10,3.676,GOOD
1350,2026-09-19,11,3.525,GOOD
1350,2026-09-19,12,3.453,GOOD
1350,2026-09-19,13,5.587,GOOD
1350,2026-09-19,14,1.007,GOOD
1350,2026-09-19,15,2.361,GOOD
1350,2026-09-19,16,2.933,GOOD
1350,2026-09-19,17,2.649,GOOD
1350,2026-09-19,18,3.368,GOOD
1350,2026-09-19,19,10.167,GOOD
1350,2026-09-19,20,9.959,GOOD
1350,2026-09-19,21,7.705,GOOD
1350,2026-09-19,22,15.992,GOOD
1350,2026-09-19,23,11.728,GOOD
1350,2026-09-19,24,5.786,GOOD
1350,2026-09-20,1,2.579,GOOD
1350,2026-09-20,2,5.095,GOOD
1350,2026-09-20,3,6.017,GOOD
1350,2026-09-20,4,1.289,GOOD
1350,2026-09-20,5,2.971,GOOD
1350,2026-09-20,6,3.856,GOOD
1350,2026-09-20,7,4.179,GOOD
1350,2026-09-20,8,3.522,GOOD
1350,2026-09-20,9,3.495,GOOD
1350,2026-09-20,10,1.354,GOOD
1350,2026-09-20,11,3.33,GOOD
1350,2026-09-20,12,5.636,GOOD
1350,2026-09-20,13,9.133,GOOD
1350,2026-09-20,14,5.853,GOOD
1350,2026-09-20,15,8.19,GOOD
1350,2026-09-20,16,6.052,GOOD
1350,2026-09-20,17,2.437,GOOD
1350,2026-09-20,18,0.755,GOOD
1350,2026-09-20,19,6.322,GOOD
1350,2026-09-20,20,8.084,GOOD
1350,2026-09-20,21,7.609,GOOD
1350,2026-09-20,22,6.421,GOOD
1350,2026-09-20,23,6.958,GOOD
1350,2026-09-20,24,6.198,GOOD
1350,2026-09-21,1,7.873,GOOD
1350,2026-09-21,2,6.842,GOOD
1350,2026-09-21,3,3.297,GOOD
1350,2026-09-21,4,1.672,GOOD
1350,2026-09-21,5,2.544,GOOD
1350,2026-09-21,6,1.19,GOOD
1350,2026-09-21,7,4.795,GOOD
1350,2026-09-21,8,4.758,GOOD
1350,2026-09-21,9,5.095,GOOD
1350,2026-09-21,10,2.671,GOOD
1350,2026-09-21,11,2.148,GOOD
1350,2026-09-21,12,2.842,GOOD
1350,2026-09-21,13,2.931,GOOD
1350,2026-09-21,14,3.024,GOOD
1350,2026-09-21,15,1.407,GOOD
1350,2026-09-21,16,2.528,GOOD
1350,2026-09-21,17,2.184,GOOD
1350,2026-09-21,18,6.393,GOOD
1350,2026-09-21,19,5.495,GOOD
1350,2026-09-21,20,5.811,GOOD
1350,2026-09-21,21,9.997,GOOD
1350,2026-09-21,22,7.181,GOOD
1350,2026-09-21,23,6.639,GOOD
1350,2026-09-21,24,14.747,GOOD
1350,2026-09-22,1,11.576,GOOD
1350,2026-09-22,2,13.094,GOOD
1350,2026-09-22,3,10.309,GOOD
1350,2026-09-22,4,11.316,GOOD
1350,2026-09-22,5,13.501,GOOD
1350,2026-09-22,6,13.152,GOOD
1350,2026-09-22,7,10.342,GOOD
1350,2026-09-22,8,9.819,GOOD
1350,2026-09-22,9,11.89,GOOD
1350,2026-09-22,10,12.413,GOOD
1350,2026-09-22,11,12.677,GOOD
1350,2026-09-22,12,14.567,GOOD
1350,2026-09-22,13,20.96,GOOD
1350,2026-09-22,14,31.833,FAIR
1350,2026-09-22,15,19.828,GOOD
1350,2026-09-22,16,17.271,GOOD
1350,2026-09-22,17,14.269,GOOD
1350,2026-09-22,18,13.324,GOOD
1350,2026-09-22,19,7.856,GOOD
1350,2026-09-22,20,6.731,GOOD
1350,2026-09-22,21,6.83,GOOD
1350,2026-09-22,22,7.812,GOOD
1350,2026-09-22,23,6.068,GOOD
1350,2026-09-22,24,7.275,GOOD
1350,2026-09-23,1,10.413,GOOD
1350,2026-09-23,2,12.625,GOOD
1350,2026-09-23,3,14.019,GOOD
1350,2026-09-23,4,5.543,GOOD
1350,2026-09-23,5,10.133,GOOD
1350,2026-09-23,6,7.828,GOOD
1350,2026-09-23,7,3.885,GOOD
1350,2026-09-23,8,7.166,GOOD
1350,2026-09-23,9,6.327,GOOD
1350,2026-09-23,10,5.199,GOOD
1350,2026-09-23,11,7.033,GOOD
1350,2026-09-23,12,11.663,GOOD
1350,2026-09-23,13,9.822,GOOD
1350,2026-09-23,14,8.772,GOOD
1350,2026-09-23,15,8.914,GOOD
1350,2026-09-23,16,9.719,GOOD
1350,2026-09-23,17,9.721,GOOD
1350,2026-09-23,18,12.371,GOOD
1350,2026-09-23,19,10.332,GOOD
1350,2026-09-23,20,7.112,GOOD
1350,2026-09-23,21,7.079,GOOD
1350,2026-09-23,22,7.136,GOOD
1350,2026-09-23,23,8.632,GOOD
1350,2026-09-23,24,6.371,GOOD
1350,2026-09-24,1,7.754,GOOD
1350,2026-09-24,2,5.868,GOOD
1350,2026-09-24,3,8.708,GOOD
1350,2026-09-24,4,7.644,GOOD
1350,2026-09-24,5,7.543,GOOD
1350,2026-09-24,6,3.737,GOOD
1350,2026-09-24,7,1.347,GOOD
1350,2026-09-24,8,3.812,GOOD
1350,2026-09-24,9,4.917,GOOD
1350,2026-09-24,10,3.757,GOOD
1350,2026-09-24,11,5.124,GOOD
1350,2026-09-24,12,4.538,GOOD
1350,2026-09-24,13,5.127,GOOD
1350,2026-09-24,14,7.916,GOOD
1350,2026-09-24,15,9.663,GOOD
1350,2026-09-24,16,5.264,GOOD
1350,2026-09-24,17,5.17,GOOD
1350,2026-09-24,18,5.724,GOOD
1350,2026-09-24,19,6.933,GOOD
1350,2026-09-24,20,9.364,GOOD
1350,2026-09-24,21,8.326,GOOD
1350,2026-09-24,22,6.347,GOOD
1350,2026-09-24,23,7.192,GOOD
1350,2026-09-24,24,5.261,GOOD
1350,2026-09-25,1,4.229,GOOD
1350,2026-09-25,2,5.454,GOOD
1350,2026-09-25,3,4.361,GOOD
1350,2026-09-25,4,3.945,GOOD
1350,2026-09-25,5,2.61,GOOD
1350,2026-09-25,6,4.775,GOOD
1350,2026-09-25,7,8.723,GOOD
1350,2026-09-25,8,4.329,GOOD
1350,2026-09-25,9,6.826,GOOD
1350,2026-09-25,10,6.316,GOOD
1350,2026-09-25,11,6.688,GOOD
1350,2026-09-25,12,5.013,GOOD
1350,2026-09-25,13,8.942,GOOD
1350,2026-09-25,14,4.498,GOOD
1350,2026-09-25,15,6.1,GOOD
1350,2026-09-25,16,2.233,GOOD
1350,2026-09-25,17,5.451,GOOD
1350,2026-09-25,18,4.315,GOOD
1350,2026-09-25,19,4.841,GOOD
1350,2026-09-25,20,11.691,GOOD
1350,2026-09-25,21,13.395,GOOD
1350,2026-09-25,22,9.65,GOOD
1350,2026-09-25,23,10.194,GOOD
1350,2026-09-25,24,9.424,GOOD
1350,2026-09-26,1,5.837,GOOD
1350,2026-09-26,2,5.479,GOOD
1350,2026-09-26,3,6.031,GOOD
1350,2026-09-26,4,4.801,GOOD
1350,2026-09-26,5,7.029,GOOD
1350,2026-09-26,6,4.641,GOOD
1350,2026-09-26,7,4.803,GOOD
1350,2026-09-26,8,4.481,GOOD
1350,2026-09-26,9,7.935,GOOD
1350,2026-09-26,10,3.813,GOOD
1350,2026-09-26,11,5.974,GOOD
1350,2026-09-26,12,9.656,GOOD
1350,2026-09-26,13,6.689,GOOD
1350,2026-09-26,14,6.394,GOOD
1350,2026-09-26,15,9.375,GOOD
1350,2026-09-26,16,7.13,GOOD
1350,2026-09-26,17,10.648,GOOD
1350,2026-09-26,18,8.692,GOOD
1350,2026-09-26,19,6.323,GOOD
1350,2026-09-26,20,8.189,GOOD
1350,2026-09-26,21,15.97,GOOD
1350,2026-09-26,22,12.063,GOOD
1350,2026-09-26,23,11.121,GOOD
1350,2026-09-26,24,7.975,GOOD
1350,2026-09-27,1,7.875,GOOD
1350,2026-09-27,2,5.884,GOOD
1350,2026-09-27,3,5.798,GOOD
1350,2026-09-27,4,5.929,GOOD
1350,2026-09-27,5,4.759,GOOD
1350,2026-09-27,6,5.741,GOOD
1350,2026-09-27,7,5.948,GOOD
1350,2026-09-27,8,5.715,GOOD
1350,2026-09-27,9,6.022,GOOD
1350,2026-09-27,10,6.861,GOOD
1350,2026-09-27,11,11.224,GOOD
1350,2026-09-27,12,10.906,GOOD
1350,2026-09-27,13,9.95,GOOD
1350,2026-09-27,14,4.714,GOOD
1350,2026-09-27,15,4.644,GOOD
1350,2026-09-27,16,6.192,GOOD
1350,2026-09-27,17,8.794,GOOD
1350,2026-09-27,18,8.073,GOOD
1350,2026-09-27,19,7.505,GOOD
1350,2026-09-27,20,5.827,GOOD
1350,2026-09-27,21,2.735,GOOD
1350,2026-09-27,22,0.462,GOOD
1350,2026-09-27,23,0.713,GOOD
1350,2026-09-27,24,0.925,GOOD
1350,2026-09-28,1,1.392,GOOD
1350,2026-09-28,2,-1.683,GOOD
1350,2026-09-28,3,-0.287,GOOD
1350,2026-09-28,4,2.606,GOOD
1350,2026-09-28,5,0.948,GOOD
1350,2026-09-28,6,1.752,GOOD
1350,2026-09-28,7,-0.27,GOOD
1350,2026-09-28,8,-1.134,GOOD
1350,2026-09-28,9,-1.502,GOOD
1350,2026-09-28,10,-0.058,GOOD
1350,2026-09-28,11,-0.066,GOOD
1350,2026-09-28,12,-2.152,GOOD
1350,2026-09-28,13,-0.973,GOOD
1350,2026-09-28,14,0.036,GOOD
1350,2026-09-28,15,-1.47,GOOD
1350,2026-09-28,16,0.007,GOOD
1350,2026-09-28,17,2.461,GOOD
1350,2026-09-28,18,1.005,GOOD
1350,2026-09-28,19,-0.082,GOOD
1350,2026-09-28,20,-1.092,GOOD
1350,2026-09-28,21,-0.094,GOOD
1350,2026-09-28,22,0.099,GOOD
1350,2026-09-28,23,0.852,GOOD
1350,2026-09-28,24,-1.261,GOOD
1350,2026-09-29,1,1.567,GOOD
1350,2026-09-29,2,1.527,GOOD
1350,2026-09-29,3,-0.015,GOOD
1350,2026-09-29,4,0.04,GOOD
1350,2026-09-29,5,-0.367,GOOD
1350,2026-09-29,6,0.146,GOOD
1350,2026-09-29,7,-0.775,GOOD
1350,2026-09-29,8,0.406,GOOD
1350,2026-09-29,9,1.874,GOOD
1350,2026-09-29,10,1.72,GOOD
1350,2026-09-29,11,1.203,GOOD
1350,2026-09-29,12,-3.172,GOOD
1350,2026-09-29,13,1.327,GOOD
1350,2026-09-29,14,-0.59,GOOD
1350,2026-09-29,15,0.796,GOOD
1350,2026-09-29,16,2.901,GOOD
1350,2026-09-29,17,3.504,GOOD
1350,2026-09-29,18,2.776,GOOD
1350,2026-09-29,19,1.238,GOOD
1350,2026-09-29,20,2.526,GOOD
1350,2026-09-29,21,1.698,GOOD
1350,2026-09-29,22,2.285,GOOD
1350,2026-09-29,23,5.826,GOOD
1350,2026-09-29,24,4.008,GOOD
1350,2026-09-30,1,3.034,GOOD
1350,2026-09-30,2,4.981,GOOD
1350,2026-09-30,3,4.404,GOOD
1350,2026-09-30,4,4.05,GOOD
1350,2026-09-30,5,6.713,GOOD
1350,2026-09-30,6,1.99,GOOD
1350,2026-09-30,7,4.05,GOOD
1350,2026-09-30,8,7.323,GOOD
1350,2026-09-30,9,4.259,GOOD
1350,2026-09-30,10,3.485,GOOD
1350,2026-09-30,11,-0.725,GOOD
1350,2026-09-30,12,2.564,GOOD
1350,2026-09-30,13,1.324,GOOD
1350,2026-09-30,14,-1.377,GOOD
1350,2026-09-30,15,1.132,GOOD
1350,2026-09-30,16,-0.295,GOOD
1350,2026-09-30,17,-0.106,GOOD
1350,2026-09-30,18,1.508,GOOD
1350,2026-09-30,19,4.739,GOOD
1350,2026-09-30,20,4.892,GOOD
1350,2026-09-30,21,8.366,GOOD
1350,2026-09-30,22,9.659,GOOD
1350,2026-09-30,23,7.986,GOOD
1350,2026-09-30,24,10.173,GOOD
2330,2026-09-01,1,7.592,GOOD
2330,2026-09-01,2,7.175,GOOD
2330,2026-09-01,3,7.734,GOOD
2330,2026-09-01,4,6.008,GOOD
2330,2026-09-01,5,8.702,GOOD
2330,2026-09-01,6,12.678,GOOD
2330,2026-09-01,7,10.929,GOOD
2330,2026-09-01,8,14.081,GOOD
2330,2026-09-01,9,18.846,GOOD
2330,2026-09-01,10,14.011,GOOD
2330,2026-09-01,11,8.092,GOOD
2330,2026-09-01,12,3.804,GOOD
2330,2026-09-01,13,5.184,GOOD
2330,2026-09-01,14,12.071,GOOD
2330,2026-09-01,15,11.745,GOOD
2330,2026-09-01,16,16.482,GOOD
2330,2026-09-01,17,7.252,GOOD
2330,2026-09-01,18,5.424,GOOD
2330,2026-09-01,19,3.172,GOOD
2330,2026-09-01,20,5.955,GOOD
2330,2026-09-01,21,14.038,GOOD
2330,2026-09-01,22,16.25,GOOD
2330,2026-09-01,23,8.71,GOOD
2330,2026-09-01,24,8.05,GOOD
2330,2026-09-02,1,8.309,GOOD
2330,2026-09-02,2,7.79,GOOD
2330,2026-09-02,3,7.741,GOOD
2330,2026-09-02,4,8.053,GOOD
2330,2026-09-02,5,14.33,GOOD
2330,2026-09-02,6,12.426,GOOD
2330,2026-09-02,7,7.887,GOOD
2330,2026-09-02,8,9.22,GOOD
2330,2026-09-02,9,6.9,GOOD
2330,2026-09-02,10,7.363,GOOD
2330,2026-09-02,11,2.446,GOOD
2330,2026-09-02,12,2.791,GOOD
2330,2026-09-02,13,11.26,GOOD
2330,2026-09-02,14,12.6,GOOD
2330,2026-09-02,15,6.817,GOOD
2330,2026-09-02,16,3.39,GOOD
2330,2026-09-02,17,5.771,GOOD
2330,2026-09-02,18,4.973,GOOD
2330,2026-09-02,19,4.567,GOOD
2330,2026-09-02,20,4.973,GOOD
2330,2026-09-02,21,6.909,GOOD
2330,2026-09-02,22,6.23,GOOD
2330,2026-09-02,23,5.489,GOOD
2330,2026-09-02,24,5.71,GOOD
2330,2026-09-03,1,4.301,GOOD
2330,2026-09-03,2,6.903,GOOD
2330,2026-09-03,3,7.802,GOOD
2330,2026-09-03,4,7.715,GOOD
2330,2026-09-03,5,9.809,GOOD
2330,2026-09-03,6,10.151,GOOD
2330,2026-09-03,7,5.449,GOOD
2330,2026-09-03,8,5.627,GOOD
2330,2026-09-03,9,2.332,GOOD
2330,2026-09-03,10,5.309,GOOD
2330,2026-09-03,11,6.698,GOOD
2330,2026-09-03,12,7.998,GOOD
2330,2026-09-03,13,14.401,GOOD
2330,2026-09-03,14,17.85,GOOD
2330,2026-09-03,15,12.719,GOOD
2330,2026-09-03,16,7.793,GOOD
2330,2026-09-03,17,3.652,GOOD
2330,2026-09-03,18,4.667,GOOD
2330,2026-09-03,19,0.574,GOOD
2330,2026-09-03,20,2.806,GOOD
2330,2026-09-03,21,2.403,GOOD
2330,2026-09-03,22,3.747,GOOD
2330,2026-09-03,23,5.167,GOOD
2330,2026-09-03,24,6.24,GOOD
2330,2026-09-04,1,6.444,GOOD
2330,2026-09-04,2,4.428,GOOD
2330,2026-09-04,3,4.993,GOOD
2330,2026-09-04,4,4.009,GOOD
2330,2026-09-04,5,11.059,GOOD
2330,2026-09-04,6,8.801,GOOD
2330,2026-09-04,7,7.019,GOOD
2330,2026-09-04,8,6.357,GOOD
2330,2026-09-04,9,7.828,GOOD
2330,2026-09-04,10,6.231,GOOD
2330,2026-09-04,11,0.359,GOOD
2330,2026-09-04,12,-0.175,GOOD
2330,2026-09-04,13,3.943,GOOD
2330,2026-09-04,14,7.931,GOOD
2330,2026-09-04,15,10.681,GOOD
2330,2026-09-04,16,6.272,GOOD
2330,2026-09-04,17,7.352,GOOD
2330,2026-09-04,18,8.137,GOOD
2330,2026-09-04,19,3.036,GOOD
2330,2026-09-04,20,4.329,GOOD
2330,2026-09-04,21,1.527,GOOD
2330,2026-09-04,22,2.331,GOOD
2330,2026-09-04,23,5.557,GOOD
2330,2026-09-04,24,2.569,GOOD
2330,2026-09-05,1,3.63,GOOD
2330,2026-09-05,2,5.084,GOOD
2330,2026-09-05,3,3.287,GOOD
2330,2026-09-05,4,4.409,GOOD
2330,2026-09-05,5,5.953,GOOD
2330,2026-09-05,6,5.767,GOOD
2330,2026-09-05,7,4.56,GOOD
2330,2026-09-05,8,5.116,GOOD
2330,2026-09-05,9,5.069,GOOD
2330,2026-09-05,10,2.998,GOOD
2330,2026-09-05,11,4.687,GOOD
2330,2026-09-05,12,-0.339,GOOD
2330,2026-09-05,13,2.849,GOOD
2330,2026-09-05,14,9.218,GOOD
2330,2026-09-05,15,7.374,GOOD
2330,2026-09-05,16,6.28,GOOD
2330,2026-09-05,17,6.188,GOOD
2330,2026-09-05,18,6.837,GOOD
2330,2026-09-05,19,,
2330,2026-09-05,20,6.396,GOOD
2330,2026-09-05,21,5.211,GOOD
2330,2026-09-05,22,7.278,GOOD
2330,2026-09-05,23,3.906,GOOD
2330,2026-09-05,24,2.844,GOOD
2330,2026-09-06,1,0.816,GOOD
2330,2026-09-06,2,0.257,GOOD
2330,2026-09-06,3,1.304,GOOD
2330,2026-09-06,4,4.432,GOOD
2330,2026-09-06,5,5.444,GOOD
2330,2026-09-06,6,2.964,GOOD
2330,2026-09-06,7,5.088,GOOD
2330,2026-09-06,8,5.186,GOOD
2330,2026-09-06,9,3.94,GOOD
2330,2026-09-06,10,4.132,GOOD
2330,2026-09-06,11,3.698,GOOD
2330,2026-09-06,12,2.715,GOOD
2330,2026-09-06,13,-1.189,GOOD
2330,2026-09-06,14,2.52,GOOD
2330,2026-09-06,15,4.156,GOOD
2330,2026-09-06,16,6.059,GOOD
2330,2026-09-06,17,0.937,GOOD
2330,2026-09-06,18,4.931,GOOD
2330,2026-09-06,19,4.759,GOOD
2330,2026-09-06,20,3.922,GOOD
2330,2026-09-06,21,4.042,GOOD
2330,2026-09-06,22,6.932,GOOD
2330,2026-09-06,23,7.289,GOOD
2330,2026-09-06,24,3.561,GOOD
2330,2026-09-07,1,3.7,GOOD
2330,2026-09-07,2,2.406,GOOD
2330,2026-09-07,3,6.838,GOOD
2330,2026-09-07,4,4.406,GOOD
2330,2026-09-07,5,3.315,GOOD
2330,2026-09-07,6,5.196,GOOD
2330,2026-09-07,7,2.979,GOOD
2330,2026-09-07,8,6.59,GOOD
2330,2026-09-07,9,10.984,GOOD
2330,2026-09-07,10,10.327,GOOD
2330,2026-09-07,11,6.907,GOOD
2330,2026-09-07,12,2.412,GOOD
2330,2026-09-07,13,3.665,GOOD
2330,2026-09-07,14,9.058,GOOD
2330,2026-09-07,15,3.525,GOOD
2330,2026-09-07,16,2.928,GOOD
2330,2026-09-07,17,6.039,GOOD
2330,2026-09-07,18,5.707,GOOD
2330,2026-09-07,19,6.636,GOOD
2330,2026-09-07,20,4.683,GOOD
2330,2026-09-07,21,11.767,GOOD
2330,2026-09-07,22,14.757,GOOD
2330,2026-09-07,23,9.943,GOOD
2330,2026-09-07,24,6.078,GOOD
2330,2026-09-08,1,0.858,GOOD
2330,2026-09-08,2,0.274,GOOD
2330,2026-09-08,3,0.97,GOOD
2330,2026-09-08,4,4.149,GOOD
2330,2026-09-08,5,5.435,GOOD
2330,2026-09-08,6,5.35,GOOD
2330,2026-09-08,7,3.229,GOOD
2330,2026-09-08,8,4.786,GOOD
2330,2026-09-08,9,5.448,GOOD
2330,2026-09-08,10,4.725,GOOD
2330,2026-09-08,11,4.837,GOOD
2330,2026-09-08,12,0.452,GOOD
2330,2026-09-08,13,4.136,GOOD
2330,2026-09-08,14,5.679,GOOD
2330,2026-09-08,15,6.105,GOOD
2330,2026-09-08,16,6.463,GOOD
2330,2026-09-08,17,4.011,GOOD
2330,2026-09-08,18,7.967,GOOD
2330,2026-09-08,19,6.354,GOOD
2330,2026-09-08,20,3.511,GOOD
2330,2026-09-08,21,1.147,GOOD
2330,2026-09-08,22,2.782,GOOD
2330,2026-09-08,23,3.006,GOOD
2330,2026-09-08,24,2.679,GOOD
2330,2026-09-09,1,1.487,GOOD
2330,2026-09-09,2,2.024,GOOD
2330,2026-09-09,3,0.344,GOOD
2330,2026-09-09,4,2.265,GOOD
2330,2026-09-09,5,-1.437,GOOD
2330,2026-09-09,6,-0.192,GOOD
2330,2026-09-09,7,6.359,GOOD
2330,2026-09-09,8,6.793,GOOD
2330,2026-09-09,9,8.654,GOOD
2330,2026-09-09,10,10.179,GOOD
2330,2026-09-09,11,9.48,GOOD
2330,2026-09-09,12,7.015,GOOD
2330,2026-09-09,13,2.971,GOOD
2330,2026-09-09,14,7.461,GOOD
2330,2026-09-09,15,9.336,GOOD
2330,2026-09-09,16,4.913,GOOD
2330,2026-09-09,17,7.32,GOOD
2330,2026-09-09,18,13.281,GOOD
2330,2026-09-09,19,11.323,GOOD
2330,2026-09-09,20,9.33,GOOD
2330,2026-09-09,21,10.758,GOOD
2330,2026-09-09,22,10.19,GOOD
2330,2026-09-09,23,7.41,GOOD
2330,2026-09-09,24,8.011,GOOD
2330,2026-09-10,1,8.88,GOOD
2330,2026-09-10,2,5.934,GOOD
2330,2026-09-10,3,3.831,GOOD
2330,2026-09-10,4,7.225,GOOD
2330,2026-09-10,5,7.437,GOOD
2330,2026-09-10,6,6.843,GOOD
2330,2026-09-10,7,7.939,GOOD
2330,2026-09-10,8,6.779,GOOD
2330,2026-09-10,9,9.579,GOOD
2330,2026-09-10,10,7.123,GOOD
2330,2026-09-10,11,7.273,GOOD
2330,2026-09-10,12,4.621,GOOD
2330,2026-09-10,13,6.055,GOOD
2330,2026-09-10,14,8.918,GOOD
2330,2026-09-10,15,4.573,GOOD
2330,2026-09-10,16,6.301,GOOD
2330,2026-09-10,17,4.751,GOOD
2330,2026-09-10,18,6.188,GOOD
2330,2026-09-10,19,4.54,GOOD
2330,2026-09-10,20,3.756,GOOD
2330,2026-09-10,21,7.229,GOOD
2330,2026-09-10,22,6.621,GOOD
2330,2026-09-10,23,6.027,GOOD
2330,2026-09-10,24,6.666,GOOD
2330,2026-09-11,1,3.265,GOOD
2330,2026-09-11,2,0.639,GOOD
2330,2026-09-11,3,0.296,GOOD
2330,2026-09-11,4,1.288,GOOD
2330,2026-09-11,5,0.771,GOOD
2330,2026-09-11,6,4.674,GOOD
2330,2026-09-11,7,6.291,GOOD
2330,2026-09-11,8,6.731,GOOD
2330,2026-09-11,9,,
2330,2026-09-11,10,19.747,GOOD
2330,2026-09-11,11,8.071,GOOD
2330,2026-09-11,12,3.384,GOOD
2330,2026-09-11,13,3.887,GOOD
2330,2026-09-11,14,9.013,GOOD
2330,2026-09-11,15,9.694,GOOD
2330,2026-09-11,16,6.433,GOOD
2330,2026-09-11,17,7.691,GOOD
2330,2026-09-11,18,6.436,GOOD
2330,2026-09-11,19,7.81,GOOD
2330,2026-09-11,20,6.793,GOOD
2330,2026-09-11,21,6.102,GOOD
2330,2026-09-11,22,8.512,GOOD
2330,2026-09-11,23,7.978,GOOD
2330,2026-09-11,24,7.378,GOOD
2330,2026-09-12,1,2.853,GOOD
2330,2026-09-12,2,4.091,GOOD
2330,2026-09-12,3,2.318,GOOD
2330,2026-09-12,4,2.191,GOOD
2330,2026-09-12,5,-1.111,GOOD
2330,2026-09-12,6,-1.36,GOOD
2330,2026-09-12,7,-0.002,GOOD
2330,2026-09-12,8,2.815,GOOD
2330,2026-09-12,9,,
2330,2026-09-12,10,23.519,GOOD
2330,2026-09-12,11,9.301,GOOD
2330,2026-09-12,12,4.352,GOOD
2330,2026-09-12,13,5.919,GOOD
2330,2026-09-12,14,5.762,GOOD
2330,2026-09-12,15,5.149,GOOD
2330,2026-09-12,16,5.237,GOOD
2330,2026-09-12,17,-0.251,GOOD
2330,2026-09-12,18,3.674,GOOD
2330,2026-09-12,19,6.76,GOOD
2330,2026-09-12,20,12.082,GOOD
2330,2026-09-12,21,9.068,GOOD
2330,2026-09-12,22,10.473,GOOD
2330,2026-09-12,23,8.019,GOOD
2330,2026-09-12,24,5.286,GOOD
2330,2026-09-13,1,6.556,GOOD
2330,2026-09-13,2,3.471,GOOD
2330,2026-09-13,3,-0.92,GOOD
2330,2026-09-13,4,-1.085,GOOD
2330,2026-09-13,5,3.091,GOOD
2330,2026-09-13,6,6.581,GOOD
2330,2026-09-13,7,3.744,GOOD
2330,2026-09-13,8,,
2330,2026-09-13,9,,
2330,2026-09-13,10,19.077,GOOD
2330,2026-09-13,11,7.933,GOOD
2330,2026-09-13,12,0.962,GOOD
2330,2026-09-13,13,1.839,GOOD
2330,2026-09-13,14,0.012,GOOD
2330,2026-09-13,15,-2.46,GOOD
2330,2026-09-13,16,4.596,GOOD
2330,2026-09-13,17,3.085,GOOD
2330,2026-09-13,18,3.141,GOOD
2330,2026-09-13,19,0.48,GOOD
2330,2026-09-13,20,5.92,GOOD
2330,2026-09-13,21,7.967,GOOD
2330,2026-09-13,22,9.203,GOOD
2330,2026-09-13,23,9.52,GOOD
2330,2026-09-13,24,9.924,GOOD
2330,2026-09-14,1,8.421,GOOD
2330,2026-09-14,2,7.036,GOOD
2330,2026-09-14,3,6.058,GOOD
2330,2026-09-14,4,7.284,GOOD
2330,2026-09-14,5,9.885,GOOD
2330,2026-09-14,6,13.445,GOOD
2330,2026-09-14,7,6.652,GOOD
2330,2026-09-14,8,11.812,GOOD
2330,2026-09-14,9,14.612,GOOD
2330,2026-09-14,10,10.719,GOOD
2330,2026-09-14,11,4.177,GOOD
2330,2026-09-14,12,-1.525,GOOD
2330,2026-09-14,13,1.151,GOOD
2330,2026-09-14,14,3.22,GOOD
2330,2026-09-14,15,6.264,GOOD
2330,2026-09-14,16,7.178,GOOD
2330,2026-09-14,17,5.669,GOOD
2330,2026-09-14,18,5.252,GOOD
2330,2026-09-14,19,3.394,GOOD
2330,2026-09-14,20,1.202,GOOD
2330,2026-09-14,21,3.776,GOOD
2330,2026-09-14,22,6.533,GOOD
2330,2026-09-14,23,5.964,GOOD
2330,2026-09-14,24,4.985,GOOD
2330,2026-09-15,1,5.127,GOOD
2330,2026-09-15,2,8.204,GOOD
2330,2026-09-15,3,7.619,GOOD
2330,2026-09-15,4,8.749,GOOD
2330,2026-09-15,5,10.285,GOOD
2330,2026-09-15,6,10.472,GOOD
2330,2026-09-15,7,8.778,GOOD
2330,2026-09-15,8,8.176,GOOD
2330,2026-09-15,9,5.373,GOOD
2330,2026-09-15,10,5.125,GOOD
2330,2026-09-15,11,,
2330,2026-09-15,12,,
2330,2026-09-15,13,,
2330,2026-09-15,14,,
2330,2026-09-15,15,,
2330,2026-09-15,16,,
2330,2026-09-15,17,,
2330,2026-09-15,18,,
2330,2026-09-15,19,,
2330,2026-09-15,20,,
2330,2026-09-15,21,,
2330,2026-09-15,22,,
2330,2026-09-15,23,,
2330,2026-09-15,24,,
2330,2026-09-16,1,,
2330,2026-09-16,2,,
2330,2026-09-16,3,,
2330,2026-09-16,4,,
2330,2026-09-16,5,,
2330,2026-09-16,6,,
2330,2026-09-16,7,,
2330,2026-09-16,8,,
2330,2026-09-16,9,,
2330,2026-09-16,10,,
2330,2026-09-16,11,,
2330,2026-09-16,12,,
2330,2026-09-16,13,,
2330,2026-09-16,14,,
2330,2026-09-16,15,,
2330,2026-09-16,16,-5.174,GOOD
2330,2026-09-16,17,4.592,GOOD
2330,2026-09-16,18,16.68,GOOD
2330,2026-09-16,19,21.26,GOOD
2330,2026-09-16,20,15.894,GOOD
2330,2026-09-16,21,12.97,GOOD
2330,2026-09-16,22,11.592,GOOD
2330,2026-09-16,23,10.691,GOOD
2330,2026-09-16,24,11.786,GOOD
2330,2026-09-17,1,9.746,GOOD
2330,2026-09-17,2,2.269,GOOD
2330,2026-09-17,3,1.544,GOOD
2330,2026-09-17,4,2.607,GOOD
2330,2026-09-17,5,2.747,GOOD
2330,2026-09-17,6,6.286,GOOD
2330,2026-09-17,7,5.795,GOOD
2330,2026-09-17,8,-8.661,GOOD
2330,2026-09-17,9,,
2330,2026-09-17,10,4.494,GOOD
2330,2026-09-17,11,6.974,GOOD
2330,2026-09-17,12,-2.059,GOOD
2330,2026-09-17,13,-0.913,GOOD
2330,2026-09-17,14,-6.144,GOOD
2330,2026-09-17,15,-0.198,GOOD
2330,2026-09-17,16,3.371,GOOD
2330,2026-09-17,17,9.348,GOOD
2330,2026-09-17,18,17.226,GOOD
2330,2026-09-17,19,24.588,GOOD
2330,2026-09-17,20,23.215,GOOD
2330,2026-09-17,21,14.708,GOOD
2330,2026-09-17,22,12.586,GOOD
2330,2026-09-17,23,5.317,GOOD
2330,2026-09-17,24,-1.963,GOOD
2330,2026-09-18,1,8.408,GOOD
2330,2026-09-18,2,16.022,GOOD
2330,2026-09-18,3,18.033,GOOD
2330,2026-09-18,4,12.741,GOOD
2330,2026-09-18,5,7.662,GOOD
2330,2026-09-18,6,-4.871,GOOD
2330,2026-09-18,7,5.791,GOOD
2330,2026-09-18,8,-1.626,GOOD
2330,2026-09-18,9,1.148,GOOD
2330,2026-09-18,10,8.853,GOOD
2330,2026-09-18,11,7.588,GOOD
2330,2026-09-18,12,3.039,GOOD
2330,2026-09-18,13,-2.671,GOOD
2330,2026-09-18,14,,
2330,2026-09-18,15,-3.475,GOOD
2330,2026-09-18,16,-3.32,GOOD
2330,2026-09-18,17,9.15,GOOD
2330,2026-09-18,18,11.505,GOOD
2330,2026-09-18,19,15.747,GOOD
2330,2026-09-18,20,13.415,GOOD
2330,2026-09-18,21,11.652,GOOD
2330,2026-09-18,22,10.929,GOOD
2330,2026-09-18,23,9.129,GOOD
2330,2026-09-18,24,8.919,GOOD
2330,2026-09-19,1,6.759,GOOD
2330,2026-09-19,2,6.804,GOOD
2330,2026-09-19,3,7.385,GOOD
2330,2026-09-19,4,6.799,GOOD
2330,2026-09-19,5,7.203,GOOD
2330,2026-09-19,6,10.905,GOOD
2330,2026-09-19,7,5.363,GOOD
2330,2026-09-19,8,-2.037,GOOD
2330,2026-09-19,9,1.619,GOOD
2330,2026-09-19,10,7.642,GOOD
2330,2026-09-19,11,2.638,GOOD
2330,2026-09-19,12,-2.146,GOOD
2330,2026-09-19,13,-8.033,GOOD
2330,2026-09-19,14,-2.996,GOOD
2330,2026-09-19,15,-3.372,GOOD
2330,2026-09-19,16,0.386,GOOD
2330,2026-09-19,17,7.382,GOOD
2330,2026-09-19,18,17.939,GOOD
2330,2026-09-19,19,22.19,GOOD
2330,2026-09-19,20,17.223,GOOD
2330,2026-09-19,21,11.574,GOOD
2330,2026-09-19,22,9.937,GOOD
2330,2026-09-19,23,7.411,GOOD
2330,2026-09-19,24,8.671,GOOD
2330,2026-09-20,1,7.692,GOOD
2330,2026-09-20,2,2.795,GOOD
2330,2026-09-20,3,2.005,GOOD
2330,2026-09-20,4,5.003,GOOD
2330,2026-09-20,5,7.263,GOOD
2330,2026-09-20,6,5.576,GOOD
2330,2026-09-20,7,1.494,GOOD
2330,2026-09-20,8,-1.575,GOOD
2330,2026-09-20,9,-0.926,GOOD
2330,2026-09-20,10,5.283,GOOD
2330,2026-09-20,11,0.092,GOOD
2330,2026-09-20,12,-7.609,GOOD
2330,2026-09-20,13,-6.879,GOOD
2330,2026-09-20,14,-6.226,GOOD
2330,2026-09-20,15,-0.871,GOOD
2330,2026-09-20,16,3.121,GOOD
2330,2026-09-20,17,3.877,GOOD
2330,2026-09-20,18,5.852,GOOD
2330,2026-09-20,19,18.394,GOOD
2330,2026-09-20,20,16.284,GOOD
2330,2026-09-20,21,16.431,GOOD
2330,2026-09-20,22,11.936,GOOD
2330,2026-09-20,23,10.733,GOOD
2330,2026-09-20,24,11.687,GOOD
2330,2026-09-21,1,7.22,GOOD
2330,2026-09-21,2,6.128,GOOD
2330,2026-09-21,3,9.905,GOOD
2330,2026-09-21,4,6.759,GOOD
2330,2026-09-21,5,6.964,GOOD
2330,2026-09-21,6,6.578,GOOD
2330,2026-09-21,7,3.312,GOOD
2330,2026-09-21,8,-0.847,GOOD
2330,2026-09-21,9,-0.561,GOOD
2330,2026-09-21,10,1.305,GOOD
2330,2026-09-21,11,-2.514,GOOD
2330,2026-09-21,12,-2.254,GOOD
2330,2026-09-21,13,5.941,GOOD
2330,2026-09-21,14,6.393,GOOD
2330,2026-09-21,15,5.235,GOOD
2330,2026-09-21,16,13.631,GOOD
2330,2026-09-21,17,,
2330,2026-09-21,18,,
2330,2026-09-21,19,-0.793,GOOD
2330,2026-09-21,20,13.825,GOOD
2330,2026-09-21,21,12.123,GOOD
2330,2026-09-21,22,17.598,GOOD
2330,2026-09-21,23,19.024,GOOD
2330,2026-09-21,24,14.855,GOOD
2330,2026-09-22,1,11.442,GOOD
2330,2026-09-22,2,18.997,GOOD
2330,2026-09-22,3,15.065,GOOD
2330,2026-09-22,4,16.242,GOOD
2330,2026-09-22,5,10.687,GOOD
2330,2026-09-22,6,1.339,GOOD
2330,2026-09-22,7,-2.958,GOOD
2330,2026-09-22,8,-5.093,GOOD
2330,2026-09-22,9,2.434,GOOD
2330,2026-09-22,10,2.085,GOOD
2330,2026-09-22,11,-4.332,GOOD
2330,2026-09-22,12,-1.66,GOOD
2330,2026-09-22,13,3.55,GOOD
2330,2026-09-22,14,5.145,GOOD
2330,2026-09-22,15,3.3,GOOD
2330,2026-09-22,16,-0.413,GOOD
2330,2026-09-22,17,-1.133,GOOD
2330,2026-09-22,18,1.964,GOOD
2330,2026-09-22,19,1.801,GOOD
2330,2026-09-22,20,4.876,GOOD
2330,2026-09-22,21,2.334,GOOD
2330,2026-09-22,22,4.953,GOOD
2330,2026-09-22,23,3.497,GOOD
2330,2026-09-22,24,6.925,GOOD
2330,2026-09-23,1,11.064,GOOD
2330,2026-09-23,2,2.711,GOOD
2330,2026-09-23,3,2.504,GOOD
2330,2026-09-23,4,2.21,GOOD
2330,2026-09-23,5,6.397,GOOD
2330,2026-09-23,6,7.766,GOOD
2330,2026-09-23,7,5.72,GOOD
2330,2026-09-23,8,-1.031,GOOD
2330,2026-09-23,9,-0.031,GOOD
2330,2026-09-23,10,1.517,GOOD
2330,2026-09-23,11,-0.227,GOOD
2330,2026-09-23,12,0.499,GOOD
2330,2026-09-23,13,18.464,GOOD
2330,2026-09-23,14,19.346,GOOD
2330,2026-09-23,15,14.722,GOOD
2330,2026-09-23,16,19.524,GOOD
2330,2026-09-23,17,21.284,GOOD
2330,2026-09-23,18,16.119,GOOD
2330,2026-09-23,19,-1.107,GOOD
2330,2026-09-23,20,-6.493,GOOD
2330,2026-09-23,21,4.916,GOOD
2330,2026-09-23,22,11.16,GOOD
2330,2026-09-23,23,11.015,GOOD
2330,2026-09-23,24,8.151,GOOD
2330,2026-09-24,1,17.033,GOOD
2330,2026-09-24,2,19.123,GOOD
2330,2026-09-24,3,11.974,GOOD
2330,2026-09-24,4,8.852,GOOD
2330,2026-09-24,5,9.175,GOOD
2330,2026-09-24,6,6.431,GOOD
2330,2026-09-24,7,9.803,GOOD
2330,2026-09-24,8,5.38,GOOD
2330,2026-09-24,9,12.767,GOOD
2330,2026-09-24,10,13.877,GOOD
2330,2026-09-24,11,7.558,GOOD
2330,2026-09-24,12,7.193,GOOD
2330,2026-09-24,13,13.106,GOOD
2330,2026-09-24,14,27.675,FAIR
2330,2026-09-24,15,27.094,FAIR
2330,2026-09-24,16,25.698,FAIR
2330,2026-09-24,17,21.624,GOOD
2330,2026-09-24,18,28.45,FAIR
2330,2026-09-24,19,11.652,GOOD
2330,2026-09-24,20,,
2330,2026-09-24,21,,
2330,2026-09-24,22,-2.083,GOOD
2330,2026-09-24,23,8.117,GOOD
2330,2026-09-24,24,8.162,GOOD
2330,2026-09-25,1,7.438,GOOD
2330,2026-09-25,2,4.12,GOOD
2330,2026-09-25,3,11.515,GOOD
2330,2026-09-25,4,19.032,GOOD
2330,2026-09-25,5,22.683,GOOD
2330,2026-09-25,6,11.996,GOOD
2330,2026-09-25,7,-1.785,GOOD
2330,2026-09-25,8,,
2330,2026-09-25,9,,
2330,2026-09-25,10,,
2330,2026-09-25,11,40.98,FAIR
2330,2026-09-25,12,51.704,POOR
2330,2026-09-25,13,45.337,FAIR
2330,2026-09-25,14,29.124,FAIR
2330,2026-09-25,15,29.948,FAIR
2330,2026-09-25,16,15.871,GOOD
2330,2026-09-25,17,12.28,GOOD
2330,2026-09-25,18,21.016,GOOD
2330,2026-09-25,19,10.234,GOOD
2330,2026-09-25,20,-1.52,GOOD
2330,2026-09-25,21,-3.371,GOOD
2330,2026-09-25,22,-0.306,GOOD
2330,2026-09-25,23,-4.026,GOOD
2330,2026-09-25,24,-1.76,GOOD
2330,2026-09-26,1,-2.94,GOOD
2330,2026-09-26,2,0.606,GOOD
2330,2026-09-26,3,3.175,GOOD
2330,2026-09-26,4,7.92,GOOD
2330,2026-09-26,5,11.872,GOOD
2330,2026-09-26,6,22.851,GOOD
2330,2026-09-26,7,13.713,GOOD
2330,2026-09-26,8,3.822,GOOD
2330,2026-09-26,9,0.565,GOOD
2330,2026-09-26,10,6.47,GOOD
2330,2026-09-26,11,17.638,GOOD
2330,2026-09-26,12,23.014,GOOD
2330,2026-09-26,13,26.296,FAIR
2330,2026-09-26,14,24.806,GOOD
2330,2026-09-26,15,15.429,GOOD
2330,2026-09-26,16,14.274,GOOD
2330,2026-09-26,17,10.574,GOOD
2330,2026-09-26,18,13.208,GOOD
2330,2026-09-26,19,14.286,GOOD
2330,2026-09-26,20,10.027,GOOD
2330,2026-09-26,21,0.151,GOOD
2330,2026-09-26,22,-4.999,GOOD
2330,2026-09-26,23,,
2330,2026-09-26,24,,
2330,2026-09-27,1,,
2330,2026-09-27,2,,
2330,2026-09-27,3,14.171,GOOD
2330,2026-09-27,4,19.311,GOOD
2330,2026-09-27,5,23.706,GOOD
2330,2026-09-27,6,23.41,GOOD
2330,2026-09-27,7,22.69,GOOD
2330,2026-09-27,8,18.009,GOOD
2330,2026-09-27,9,10.994,GOOD
2330,2026-09-27,10,0.927,GOOD
2330,2026-09-27,11,-0.762,GOOD
2330,2026-09-27,12,2.391,GOOD
2330,2026-09-27,13,-0.019,GOOD
2330,2026-09-27,14,6.259,GOOD
2330,2026-09-27,15,7.04,GOOD
2330,2026-09-27,16,8.247,GOOD
2330,2026-09-27,17,1.756,GOOD
2330,2026-09-27,18,-7.947,GOOD
2330,2026-09-27,19,-8.543,GOOD
2330,2026-09-27,20,-2.933,GOOD
2330,2026-09-27,21,-0.002,GOOD
2330,2026-09-27,22,2.603,GOOD
2330,2026-09-27,23,0.363,GOOD
2330,2026-09-27,24,-1.361,GOOD
2330,2026-09-28,1,0.192,GOOD
2330,2026-09-28,2,2.631,GOOD
2330,2026-09-28,3,1.696,GOOD
2330,2026-09-28,4,1.07,GOOD
2330,2026-09-28,5,10.412,GOOD
2330,2026-09-28,6,10.534,GOOD
2330,2026-09-28,7,5.069,GOOD
2330,2026-09-28,8,0.712,GOOD
2330,2026-09-28,9,3.468,GOOD
2330,2026-09-28,10,-6.957,GOOD
2330,2026-09-28,11,8.185,GOOD
2330,2026-09-28,12,23.291,GOOD
2330,2026-09-28,13,31.134,FAIR
2330,2026-09-28,14,19.171,GOOD
2330,2026-09-28,15,9.725,GOOD
2330,2026-09-28,16,18.345,GOOD
2330,2026-09-28,17,12.976,GOOD
2330,2026-09-28,18,5.145,GOOD
2330,2026-09-28,19,3.97,GOOD
2330,2026-09-28,20,12.075,GOOD
2330,2026-09-28,21,13.482,GOOD
2330,2026-09-28,22,4.891,GOOD
2330,2026-09-28,23,4.495,GOOD
2330,2026-09-28,24,7.165,GOOD
2330,2026-09-29,1,2.298,GOOD
2330,2026-09-29,2,-1.758,GOOD
2330,2026-09-29,3,-3.128,GOOD
2330,2026-09-29,4,0.473,GOOD
2330,2026-09-29,5,7.331,GOOD
2330,2026-09-29,6,18.077,GOOD
2330,2026-09-29,7,3.091,GOOD
2330,2026-09-29,8,,
2330,2026-09-29,9,3.717,GOOD
2330,2026-09-29,10,4.942,GOOD
2330,2026-09-29,11,13.942,GOOD
2330,2026-09-29,12,8.438,GOOD
2330,2026-09-29,13,3.841,GOOD
2330,2026-09-29,14,-5.304,GOOD
2330,2026-09-29,15,-4.712,GOOD
2330,2026-09-29,16,-2.474,GOOD
2330,2026-09-29,17,2.634,GOOD
2330,2026-09-29,18,11.231,GOOD
2330,2026-09-29,19,16.638,GOOD
2330,2026-09-29,20,2.059,GOOD
2330,2026-09-29,21,-2.757,GOOD
2330,2026-09-29,22,0.626,GOOD
2330,2026-09-29,23,4.821,GOOD
2330,2026-09-29,24,6.243,GOOD
2330,2026-09-30,1,2.01,GOOD
2330,2026-09-30,2,8.656,GOOD
2330,2026-09-30,3,3.562,GOOD
2330,2026-09-30,4,4.544,GOOD
2330,2026-09-30,5,7.361,GOOD
2330,2026-09-30,6,8.125,GOOD
2330,2026-09-30,7,-5.997,GOOD
2330,2026-09-30,8,,
2330,2026-09-30,9,-1.106,GOOD
2330,2026-09-30,10,9.365,GOOD
2330,2026-09-30,11,17.786,GOOD
2330,2026-09-30,12,22.494,GOOD
2330,2026-09-30,13,12.697,GOOD
2330,2026-09-30,14,0.565,GOOD
2330,2026-09-30,15,0.049,GOOD
2330,2026-09-30,16,2.489,GOOD
2330,2026-09-30,17,4.578,GOOD
2330,2026-09-30,18,8.592,GOOD
2330,2026-09-30,19,18.125,GOOD
2330,2026-09-30,20,11.832,GOOD
2330,2026-09-30,21,7.21,GOOD
2330,2026-09-30,22,5.709,GOOD
2330,2026-09-30,23,5.922,GOOD
2330,2026-09-30,24,1.19,GOOD
760,2026-09-01,1,8.698,GOOD
760,2026-09-01,2,12.991,GOOD
760,2026-09-01,3,11.109,GOOD
760,2026-09-01,4,9.381,GOOD
760,2026-09-01,5,10.368,GOOD
760,2026-09-01,6,12.221,GOOD
760,2026-09-01,7,11.97,GOOD
760,2026-09-01,8,9.165,GOOD
760,2026-09-01,9,,
760,2026-09-01,10,10.287,GOOD
760,2026-09-01,11,25.591,FAIR
760,2026-09-01,12,24.335,GOOD
760,2026-09-01,13,20.49,GOOD
760,2026-09-01,14,15.112,GOOD
760,2026-09-01,15,9.888,GOOD
760,2026-09-01,16,6.682,GOOD
760,2026-09-01,17,8.114,GOOD
760,2026-09-01,18,2.58,GOOD
760,2026-09-01,19,7.12,GOOD
760,2026-09-01,20,7.383,GOOD
760,2026-09-01,21,5.801,GOOD
760,2026-09-01,22,9.713,GOOD
760,2026-09-01,23,11.662,GOOD
760,2026-09-01,24,10.592,GOOD
760,2026-09-02,1,8.588,GOOD
760,2026-09-02,2,9.378,GOOD
760,2026-09-02,3,12.582,GOOD
760,2026-09-02,4,9.931,GOOD
760,2026-09-02,5,9.273,GOOD
760,2026-09-02,6,7.66,GOOD
760,2026-09-02,7,5.583,GOOD
760,2026-09-02,8,7.43,GOOD
760,2026-09-02,9,8.812,GOOD
760,2026-09-02,10,8.119,GOOD
760,2026-09-02,11,8.979,GOOD
760,2026-09-02,12,6.255,GOOD
760,2026-09-02,13,6.15,GOOD
760,2026-09-02,14,5.917,GOOD
760,2026-09-02,15,3.94,GOOD
760,2026-09-02,16,4.863,GOOD
760,2026-09-02,17,1.877,GOOD
760,2026-09-02,18,2.129,GOOD
760,2026-09-02,19,7.374,GOOD
760,2026-09-02,20,7.456,GOOD
760,2026-09-02,21,12.209,GOOD
760,2026-09-02,22,12.684,GOOD
760,2026-09-02,23,7.963,GOOD
760,2026-09-02,24,9.981,GOOD
760,2026-09-03,1,5.998,GOOD
760,2026-09-03,2,6.92,GOOD
760,2026-09-03,3,5.906,GOOD
760,2026-09-03,4,2.933,GOOD
760,2026-09-03,5,6.052,GOOD
760,2026-09-03,6,7.086,GOOD
760,2026-09-03,7,3.976,GOOD
760,2026-09-03,8,6.402,GOOD
760,2026-09-03,9,6.093,GOOD
760,2026-09-03,10,3.91,GOOD
760,2026-09-03,11,2.357,GOOD
760,2026-09-03,12,-0.535,GOOD
760,2026-09-03,13,4.001,GOOD
760,2026-09-03,14,7.945,GOOD
760,2026-09-03,15,4.408,GOOD
760,2026-09-03,16,2.946,GOOD
760,2026-09-03,17,2.443,GOOD
760,2026-09-03,18,4.299,GOOD
760,2026-09-03,19,7.355,GOOD
760,2026-09-03,20,6.166,GOOD
760,2026-09-03,21,10.328,GOOD
760,2026-09-03,22,8.987,GOOD
760,2026-09-03,23,5.384,GOOD
760,2026-09-03,24,4.072,GOOD
760,2026-09-04,1,3.876,GOOD
760,2026-09-04,2,1.676,GOOD
760,2026-09-04,3,4.125,GOOD
760,2026-09-04,4,2.54,GOOD
760,2026-09-04,5,5.991,GOOD
760,2026-09-04,6,8.928,GOOD
760,2026-09-04,7,4.37,GOOD
760,2026-09-04,8,3.173,GOOD
760,2026-09-04,9,-4.335,GOOD
760,2026-09-04,10,1.985,GOOD
760,2026-09-04,11,5.578,GOOD
760,2026-09-04,12,3.819,GOOD
760,2026-09-04,13,3.796,GOOD
760,2026-09-04,14,3.895,GOOD
760,2026-09-04,15,0.897,GOOD
760,2026-09-04,16,3.589,GOOD
760,2026-09-04,17,-0.554,GOOD
760,2026-09-04,18,2.538,GOOD
760,2026-09-04,19,2.642,GOOD
760,2026-09-04,20,3.679,GOOD
760,2026-09-04,21,10.323,GOOD
760,2026-09-04,22,12.975,GOOD
760,2026-09-04,23,11.345,GOOD
760,2026-09-04,24,12.674,GOOD
760,2026-09-05,1,8.836,GOOD
760,2026-09-05,2,11.022,GOOD
760,2026-09-05,3,12.015,GOOD
760,2026-09-05,4,11.296,GOOD
760,2026-09-05,5,9.615,GOOD
760,2026-09-05,6,9.424,GOOD
760,2026-09-05,7,9.53,GOOD
760,2026-09-05,8,5.722,GOOD
760,2026-09-05,9,3.613,GOOD
760,2026-09-05,10,4.574,GOOD
760,2026-09-05,11,5.051,GOOD
760,2026-09-05,12,2.398,GOOD
760,2026-09-05,13,1.894,GOOD
760,2026-09-05,14,2.104,GOOD
760,2026-09-05,15,-1.064,GOOD
760,2026-09-05,16,1.708,GOOD
760,2026-09-05,17,,
760,2026-09-05,18,1.557,GOOD
760,2026-09-05,19,6.261,GOOD
760,2026-09-05,20,6.535,GOOD
760,2026-09-05,21,0.361,GOOD
760,2026-09-05,22,-2.733,GOOD
760,2026-09-05,23,1.573,GOOD
760,2026-09-05,24,3.115,GOOD
760,2026-09-06,1,5.077,GOOD
760,2026-09-06,2,6.151,GOOD
760,2026-09-06,3,7.804,GOOD
760,2026-09-06,4,3.363,GOOD
760,2026-09-06,5,3.093,GOOD
760,2026-09-06,6,2.192,GOOD
760,2026-09-06,7,4.657,GOOD
760,2026-09-06,8,3.822,GOOD
760,2026-09-06,9,-1.987,GOOD
760,2026-09-06,10,1.52,GOOD
760,2026-09-06,11,0.033,GOOD
760,2026-09-06,12,0.43,GOOD
760,2026-09-06,13,8.658,GOOD
760,2026-09-06,14,5.434,GOOD
760,2026-09-06,15,2.402,GOOD
760,2026-09-06,16,0.171,GOOD
760,2026-09-06,17,2.066,GOOD
760,2026-09-06,18,1.728,GOOD
760,2026-09-06,19,2.976,GOOD
760,2026-09-06,20,1.771,GOOD
760,2026-09-06,21,0.57,GOOD
760,2026-09-06,22,0.391,GOOD
760,2026-09-06,23,0.008,GOOD
760,2026-09-06,24,5.088,GOOD
760,2026-09-07,1,5.95,GOOD
760,2026-09-07,2,4.776,GOOD
760,2026-09-07,3,3.462,GOOD
760,2026-09-07,4,3.134,GOOD
760,2026-09-07,5,4.281,GOOD
760,2026-09-07,6,4.896,GOOD
760,2026-09-07,7,5.484,GOOD
760,2026-09-07,8,3.874,GOOD
760,2026-09-07,9,-2.744,GOOD
760,2026-09-07,10,3.854,GOOD
760,2026-09-07,11,6.158,GOOD
760,2026-09-07,12,6.617,GOOD
760,2026-09-07,13,3.401,GOOD
760,2026-09-07,14,-0.041,GOOD
760,2026-09-07,15,3.645,GOOD
760,2026-09-07,16,5.902,GOOD
760,2026-09-07,17,6.753,GOOD
760,2026-09-07,18,4.465,GOOD
760,2026-09-07,19,,
760,2026-09-07,20,3.678,GOOD
760,2026-09-07,21,2.83,GOOD
760,2026-09-07,22,6.639,GOOD
760,2026-09-07,23,4.792,GOOD
760,2026-09-07,24,1.782,GOOD
760,2026-09-08,1,4.041,GOOD
760,2026-09-08,2,7.227,GOOD
760,2026-09-08,3,7.964,GOOD
760,2026-09-08,4,3.884,GOOD
760,2026-09-08,5,4.566,GOOD
760,2026-09-08,6,4.578,GOOD
760,2026-09-08,7,3.449,GOOD
760,2026-09-08,8,2.423,GOOD
760,2026-09-08,9,2.535,GOOD
760,2026-09-08,10,3.568,GOOD
760,2026-09-08,11,4.204,GOOD
760,2026-09-08,12,6.406,GOOD
760,2026-09-08,13,5.566,GOOD
760,2026-09-08,14,1.647,GOOD
760,2026-09-08,15,3.928,GOOD
760,2026-09-08,16,4.362,GOOD
760,2026-09-08,17,5.29,GOOD
760,2026-09-08,18,4.294,GOOD
760,2026-09-08,19,5.051,GOOD
760,2026-09-08,20,6.352,GOOD
760,2026-09-08,21,6.895,GOOD
760,2026-09-08,22,3.191,GOOD
760,2026-09-08,23,4.64,GOOD
760,2026-09-08,24,4.495,GOOD
760,2026-09-09,1,5.112,GOOD
760,2026-09-09,2,4.741,GOOD
760,2026-09-09,3,4.838,GOOD
760,2026-09-09,4,2.527,GOOD
760,2026-09-09,5,6.688,GOOD
760,2026-09-09,6,11.096,GOOD
760,2026-09-09,7,6.845,GOOD
760,2026-09-09,8,-1.762,GOOD
760,2026-09-09,9,-5.561,GOOD
760,2026-09-09,10,-0.214,GOOD
760,2026-09-09,11,,
760,2026-09-09,12,11.162,GOOD
760,2026-09-09,13,4.816,GOOD
760,2026-09-09,14,,
760,2026-09-09,15,5.934,GOOD
760,2026-09-09,16,12.981,GOOD
760,2026-09-09,17,13.355,GOOD
760,2026-09-09,18,9.988,GOOD
760,2026-09-09,19,8.928,GOOD
760,2026-09-09,20,8.171,GOOD
760,2026-09-09,21,13.023,GOOD
760,2026-09-09,22,14.329,GOOD
760,2026-09-09,23,9.636,GOOD
760,2026-09-09,24,7.492,GOOD
760,2026-09-10,1,7.903,GOOD
760,2026-09-10,2,5.953,GOOD
760,2026-09-10,3,5.158,GOOD
760,2026-09-10,4,3.019,GOOD
760,2026-09-10,5,0.655,GOOD
760,2026-09-10,6,2.278,GOOD
760,2026-09-10,7,3.868,GOOD
760,2026-09-10,8,-0.385,GOOD
760,2026-09-10,9,0.642,GOOD
760,2026-09-10,10,0.247,GOOD
760,2026-09-10,11,6.055,GOOD
760,2026-09-10,12,3.802,GOOD
760,2026-09-10,13,5.927,GOOD
760,2026-09-10,14,7.522,GOOD
760,2026-09-10,15,7.093,GOOD
760,2026-09-10,16,7.996,GOOD
760,2026-09-10,17,6.875,GOOD
760,2026-09-10,18,8.168,GOOD
760,2026-09-10,19,6.83,GOOD
760,2026-09-10,20,7.389,GOOD
760,2026-09-10,21,7.683,GOOD
760,2026-09-10,22,7.119,GOOD
760,2026-09-10,23,7.662,GOOD
760,2026-09-10,24,4.532,GOOD
760,2026-09-11,1,6.504,GOOD
760,2026-09-11,2,4.517,GOOD
760,2026-09-11,3,4.011,GOOD
760,2026-09-11,4,4.234,GOOD
760,2026-09-11,5,11.018,GOOD
760,2026-09-11,6,9.947,GOOD
760,2026-09-11,7,3.039,GOOD
760,2026-09-11,8,2.037,GOOD
760,2026-09-11,9,7.935,GOOD
760,2026-09-11,10,10.362,GOOD
760,2026-09-11,11,11.507,GOOD
760,2026-09-11,12,7.543,GOOD
760,2026-09-11,13,9.544,GOOD
760,2026-09-11,14,12.312,GOOD
760,2026-09-11,15,11.401,GOOD
760,2026-09-11,16,9.396,GOOD
760,2026-09-11,17,8.473,GOOD
760,2026-09-11,18,8.336,GOOD
760,2026-09-11,19,8.468,GOOD
760,2026-09-11,20,7.996,GOOD
760,2026-09-11,21,7.323,GOOD
760,2026-09-11,22,7.753,GOOD
760,2026-09-11,23,7.682,GOOD
760,2026-09-11,24,6.035,GOOD
760,2026-09-12,1,6.26,GOOD
760,2026-09-12,2,6.84,GOOD
760,2026-09-12,3,7.04,GOOD
760,2026-09-12,4,5.983,GOOD
760,2026-09-12,5,3.892,GOOD
760,2026-09-12,6,3.402,GOOD
760,2026-09-12,7,6.402,GOOD
760,2026-09-12,8,2.25,GOOD
760,2026-09-12,9,-6.813,GOOD
760,2026-09-12,10,4.884,GOOD
760,2026-09-12,11,6.867,GOOD
760,2026-09-12,12,7.259,GOOD
760,2026-09-12,13,5.122,GOOD
760,2026-09-12,14,6.062,GOOD
760,2026-09-12,15,5.911,GOOD
760,2026-09-12,16,4.921,GOOD
760,2026-09-12,17,,
760,2026-09-12,18,37.005,FAIR
760,2026-09-12,19,104.034,VERY POOR
760,2026-09-12,20,160.458,VERY POOR
760,2026-09-12,21,166.376,VERY POOR
760,2026-09-12,22,160.555,VERY POOR
760,2026-09-12,23,143.778,VERY POOR
760,2026-09-12,24,122.352,VERY POOR
760,2026-09-13,1,104.861,VERY POOR
760,2026-09-13,2,91.905,POOR
760,2026-09-13,3,81.025,POOR
760,2026-09-13,4,70.709,POOR
760,2026-09-13,5,63.723,POOR
760,2026-09-13,6,61.297,POOR
760,2026-09-13,7,63.511,POOR
760,2026-09-13,8,55.113,POOR
760,2026-09-13,9,39.738,FAIR
760,2026-09-13,10,33.921,FAIR
760,2026-09-13,11,22.659,GOOD
760,2026-09-13,12,10.494,GOOD
760,2026-09-13,13,11.487,GOOD
760,2026-09-13,14,12.772,GOOD
760,2026-09-13,15,7.917,GOOD
760,2026-09-13,16,6.548,GOOD
760,2026-09-13,17,,
760,2026-09-13,18,6.942,GOOD
760,2026-09-13,19,12.512,GOOD
760,2026-09-13,20,12.924,GOOD
760,2026-09-13,21,16.943,GOOD
760,2026-09-13,22,12.149,GOOD
760,2026-09-13,23,12.878,GOOD
760,2026-09-13,24,13.274,GOOD
760,2026-09-14,1,14.565,GOOD
760,2026-09-14,2,14.594,GOOD
760,2026-09-14,3,11.857,GOOD
760,2026-09-14,4,12.995,GOOD
760,2026-09-14,5,23.837,GOOD
760,2026-09-14,6,24.916,GOOD
760,2026-09-14,7,18.248,GOOD
760,2026-09-14,8,,
760,2026-09-14,9,7.577,GOOD
760,2026-09-14,10,14.985,GOOD
760,2026-09-14,11,14.539,GOOD
760,2026-09-14,12,16.029,GOOD
760,2026-09-14,13,12.654,GOOD
760,2026-09-14,14,8.306,GOOD
760,2026-09-14,15,1.203,GOOD
760,2026-09-14,16,1.704,GOOD
760,2026-09-14,17,4.082,GOOD
760,2026-09-14,18,2.853,GOOD
760,2026-09-14,19,5.091,GOOD
760,2026-09-14,20,5.15,GOOD
760,2026-09-14,21,4.061,GOOD
760,2026-09-14,22,6.866,GOOD
760,2026-09-14,23,9.205,GOOD
760,2026-09-14,24,11.976,GOOD
760,2026-09-15,1,12.881,GOOD
760,2026-09-15,2,8.271,GOOD
760,2026-09-15,3,6.559,GOOD
760,2026-09-15,4,5.221,GOOD
760,2026-09-15,5,7.716,GOOD
760,2026-09-15,6,8.871,GOOD
760,2026-09-15,7,7.117,GOOD
760,2026-09-15,8,5.261,GOOD
760,2026-09-15,9,7.651,GOOD
760,2026-09-15,10,8.271,GOOD
760,2026-09-15,11,7.142,GOOD
760,2026-09-15,12,4.965,GOOD
760,2026-09-15,13,-0.226,GOOD
760,2026-09-15,14,1.023,GOOD
760,2026-09-15,15,,
760,2026-09-15,16,5.331,GOOD
760,2026-09-15,17,10.082,GOOD
760,2026-09-15,18,7.295,GOOD
760,2026-09-15,19,10.64,GOOD
760,2026-09-15,20,6.949,GOOD
760,2026-09-15,21,10.214,GOOD
760,2026-09-15,22,10.593,GOOD
760,2026-09-15,23,7.483,GOOD
760,2026-09-15,24,6.19,GOOD
760,2026-09-16,1,7.624,GOOD
760,2026-09-16,2,4.195,GOOD
760,2026-09-16,3,2.948,GOOD
760,2026-09-16,4,3.547,GOOD
760,2026-09-16,5,-1.701,GOOD
760,2026-09-16,6,1.199,GOOD
760,2026-09-16,7,7.163,GOOD
760,2026-09-16,8,7.184,GOOD
760,2026-09-16,9,-0.827,GOOD
760,2026-09-16,10,2.453,GOOD
760,2026-09-16,11,6.223,GOOD
760,2026-09-16,12,6.229,GOOD
760,2026-09-16,13,8.615,GOOD
760,2026-09-16,14,8.428,GOOD
760,2026-09-16,15,7.792,GOOD
760,2026-09-16,16,4.381,GOOD
760,2026-09-16,17,4.766,GOOD
760,2026-09-16,18,6.222,GOOD
760,2026-09-16,19,7.873,GOOD
760,2026-09-16,20,7.301,GOOD
760,2026-09-16,21,4.97,GOOD
760,2026-09-16,22,0.367,GOOD
760,2026-09-16,23,6.395,GOOD
760,2026-09-16,24,5.223,GOOD
760,2026-09-17,1,0.868,GOOD
760,2026-09-17,2,2.754,GOOD
760,2026-09-17,3,-0.344,GOOD
760,2026-09-17,4,2.888,GOOD
760,2026-09-17,5,5.3,GOOD
760,2026-09-17,6,6.901,GOOD
760,2026-09-17,7,5.175,GOOD
760,2026-09-17,8,1.068,GOOD
760,2026-09-17,9,-0.011,GOOD
760,2026-09-17,10,3.104,GOOD
760,2026-09-17,11,2.526,GOOD
760,2026-09-17,12,,
760,2026-09-17,13,5.982,GOOD
760,2026-09-17,14,5.865,GOOD
760,2026-09-17,15,1.529,GOOD
760,2026-09-17,16,2.175,GOOD
760,2026-09-17,17,2.354,GOOD
760,2026-09-17,18,5.182,GOOD
760,2026-09-17,19,6.245,GOOD
760,2026-09-17,20,5.323,GOOD
760,2026-09-17,21,7.744,GOOD
760,2026-09-17,22,8.054,GOOD
760,2026-09-17,23,5.364,GOOD
760,2026-09-17,24,4.737,GOOD
760,2026-09-18,1,2.827,GOOD
760,2026-09-18,2,4.279,GOOD
760,2026-09-18,3,5.467,GOOD
760,2026-09-18,4,2.507,GOOD
760,2026-09-18,5,1.953,GOOD
760,2026-09-18,6,2.243,GOOD
760,2026-09-18,7,0.257,GOOD
760,2026-09-18,8,3.969,GOOD
760,2026-09-18,9,2.122,GOOD
760,2026-09-18,10,7.816,GOOD
760,2026-09-18,11,5.347,GOOD
760,2026-09-18,12,4.429,GOOD
760,2026-09-18,13,1.156,GOOD
760,2026-09-18,14,-0.66,GOOD
760,2026-09-18,15,8.765,GOOD
760,2026-09-18,16,39.348,FAIR
760,2026-09-18,17,55.221,POOR
760,2026-09-18,18,35.92,FAIR
760,2026-09-18,19,21.913,GOOD
760,2026-09-18,20,17.257,GOOD
760,2026-09-18,21,11.51,GOOD
760,2026-09-18,22,10.991,GOOD
760,2026-09-18,23,12.903,GOOD
760,2026-09-18,24,13.466,GOOD
760,2026-09-19,1,12.395,GOOD
760,2026-09-19,2,9.283,GOOD
760,2026-09-19,3,7.867,GOOD
760,2026-09-19,4,7.629,GOOD
760,2026-09-19,5,7.171,GOOD
760,2026-09-19,6,10.763,GOOD
760,2026-09-19,7,4.398,GOOD
760,2026-09-19,8,-1.44,GOOD
760,2026-09-19,9,0.511,GOOD
760,2026-09-19,10,7.796,GOOD
760,2026-09-19,11,7.026,GOOD
760,2026-09-19,12,4.706,GOOD
760,2026-09-19,13,4.216,GOOD
760,2026-09-19,14,4.964,GOOD
760,2026-09-19,15,5.656,GOOD
760,2026-09-19,16,1.677,GOOD
760,2026-09-19,17,2.905,GOOD
760,2026-09-19,18,2.264,GOOD
760,2026-09-19,19,3.565,GOOD
760,2026-09-19,20,4.304,GOOD
760,2026-09-19,21,6.452,GOOD
760,2026-09-19,22,3.842,GOOD
760,2026-09-19,23,3.205,GOOD
760,2026-09-19,24,6.18,GOOD
760,2026-09-20,1,4.377,GOOD
760,2026-09-20,2,5.3,GOOD
760,2026-09-20,3,0.558,GOOD
760,2026-09-20,4,4.084,GOOD
760,2026-09-20,5,2.519,GOOD
760,2026-09-20,6,3.344,GOOD
760,2026-09-20,7,2.284,GOOD
760,2026-09-20,8,2.989,GOOD
760,2026-09-20,9,-0.919,GOOD
760,2026-09-20,10,8.052,GOOD
760,2026-09-20,11,6.9,GOOD
760,2026-09-20,12,1.89,GOOD
760,2026-09-20,13,0.452,GOOD
760,2026-09-20,14,2.767,GOOD
760,2026-09-20,15,3.978,GOOD
760,2026-09-20,16,2.715,GOOD
760,2026-09-20,17,0.729,GOOD
760,2026-09-20,18,0.675,GOOD
760,2026-09-20,19,0.977,GOOD
760,2026-09-20,20,4.496,GOOD
760,2026-09-20,21,6.854,GOOD
760,2026-09-20,22,6.337,GOOD
760,2026-09-20,23,4.875,GOOD
760,2026-09-20,24,6.856,GOOD
760,2026-09-21,1,5.251,GOOD
760,2026-09-21,2,5.987,GOOD
760,2026-09-21,3,5.297,GOOD
760,2026-09-21,4,3.493,GOOD
760,2026-09-21,5,3.026,GOOD
760,2026-09-21,6,3.889,GOOD
760,2026-09-21,7,6.745,GOOD
760,2026-09-21,8,6.829,GOOD
760,2026-09-21,9,4.792,GOOD
760,2026-09-21,10,7.912,GOOD
760,2026-09-21,11,6.604,GOOD
760,2026-09-21,12,3.975,GOOD
760,2026-09-21,13,,
760,2026-09-21,14,14.951,GOOD
760,2026-09-21,15,16.003,GOOD
760,2026-09-21,16,14.2,GOOD
760,2026-09-21,17,13.325,GOOD
760,2026-09-21,18,11.37,GOOD
760,2026-09-21,19,10.423,GOOD
760,2026-09-21,20,6.265,GOOD
760,2026-09-21,21,8.193,GOOD
760,2026-09-21,22,11.168,GOOD
760,2026-09-21,23,7.434,GOOD
760,2026-09-21,24,3.236,GOOD
760,2026-09-22,1,3.049,GOOD
760,2026-09-22,2,1.221,GOOD
760,2026-09-22,3,0.155,GOOD
760,2026-09-22,4,3.166,GOOD
760,2026-09-22,5,5.84,GOOD
760,2026-09-22,6,8.851,GOOD
760,2026-09-22,7,5.546,GOOD
760,2026-09-22,8,7.196,GOOD
760,2026-09-22,9,5.378,GOOD
760,2026-09-22,10,5.546,GOOD
760,2026-09-22,11,7.497,GOOD
760,2026-09-22,12,6.096,GOOD
760,2026-09-22,13,4.015,GOOD
760,2026-09-22,14,5.024,GOOD
760,2026-09-22,15,4.006,GOOD
760,2026-09-22,16,2.908,GOOD
760,2026-09-22,17,2.686,GOOD
760,2026-09-22,18,0.219,GOOD
760,2026-09-22,19,2.499,GOOD
760,2026-09-22,20,3.432,GOOD
760,2026-09-22,21,6.62,GOOD
760,2026-09-22,22,8.014,GOOD
760,2026-09-22,23,3.136,GOOD
760,2026-09-22,24,2.637,GOOD
760,2026-09-23,1,5.328,GOOD
760,2026-09-23,2,3.912,GOOD
760,2026-09-23,3,0.724,GOOD
760,2026-09-23,4,0.305,GOOD
760,2026-09-23,5,0.963,GOOD
760,2026-09-23,6,2.228,GOOD
760,2026-09-23,7,-3.825,GOOD
760,2026-09-23,8,4.956,GOOD
760,2026-09-23,9,2.59,GOOD
760,2026-09-23,10,-0.314,GOOD
760,2026-09-23,11,-1.809,GOOD
760,2026-09-23,12,-2.56,GOOD
760,2026-09-23,13,4.394,GOOD
760,2026-09-23,14,13.151,GOOD
760,2026-09-23,15,8.105,GOOD
760,2026-09-23,16,8.342,GOOD
760,2026-09-23,17,10.641,GOOD
760,2026-09-23,18,12.071,GOOD
760,2026-09-23,19,13.839,GOOD
760,2026-09-23,20,13.598,GOOD
760,2026-09-23,21,7.445,GOOD
760,2026-09-23,22,2.806,GOOD
760,2026-09-23,23,8.342,GOOD
760,2026-09-23,24,7.571,GOOD
760,2026-09-24,1,10.626,GOOD
760,2026-09-24,2,11.733,GOOD
760,2026-09-24,3,7.96,GOOD
760,2026-09-24,4,7.139,GOOD
760,2026-09-24,5,5.336,GOOD
760,2026-09-24,6,7.231,GOOD
760,2026-09-24,7,5.434,GOOD
760,2026-09-24,8,2.443,GOOD
760,2026-09-24,9,2.105,GOOD
760,2026-09-24,10,13.212,GOOD
760,2026-09-24,11,14.479,GOOD
760,2026-09-24,12,13.096,GOOD
760,2026-09-24,13,11.794,GOOD
760,2026-09-24,14,10.06,GOOD
760,2026-09-24,15,12.933,GOOD
760,2026-09-24,16,14.405,GOOD
760,2026-09-24,17,18.067,GOOD
760,2026-09-24,18,15.544,GOOD
760,2026-09-24,19,13.163,GOOD
760,2026-09-24,20,9.976,GOOD
760,2026-09-24,21,10.445,GOOD
760,2026-09-24,22,7.937,GOOD
760,2026-09-24,23,1.043,GOOD
760,2026-09-24,24,2.931,GOOD
760,2026-09-25,1,2.024,GOOD
760,2026-09-25,2,3.948,GOOD
760,2026-09-25,3,2.375,GOOD
760,2026-09-25,4,3.215,GOOD
760,2026-09-25,5,3.796,GOOD
760,2026-09-25,6,-1.867,GOOD
760,2026-09-25,7,1.759,GOOD
760,2026-09-25,8,9.426,GOOD
760,2026-09-25,9,11.343,GOOD
760,2026-09-25,10,9.201,GOOD
760,2026-09-25,11,14.627,GOOD
760,2026-09-25,12,13.937,GOOD
760,2026-09-25,13,9.236,GOOD
760,2026-09-25,14,8.416,GOOD
760,2026-09-25,15,9.725,GOOD
760,2026-09-25,16,14.06,GOOD
760,2026-09-25,17,8.684,GOOD
760,2026-09-25,18,8.345,GOOD
760,2026-09-25,19,6.245,GOOD
760,2026-09-25,20,9.338,GOOD
760,2026-09-25,21,11.344,GOOD
760,2026-09-25,22,8.237,GOOD
760,2026-09-25,23,8.586,GOOD
760,2026-09-25,24,13.212,GOOD
760,2026-09-26,1,15.409,GOOD
760,2026-09-26,2,13.081,GOOD
760,2026-09-26,3,13.127,GOOD
760,2026-09-26,4,9.255,GOOD
760,2026-09-26,5,6.608,GOOD
760,2026-09-26,6,2.766,GOOD
760,2026-09-26,7,8.89,GOOD
760,2026-09-26,8,2.53,GOOD
760,2026-09-26,9,6.582,GOOD
760,2026-09-26,10,8.813,GOOD
760,2026-09-26,11,11.28,GOOD
760,2026-09-26,12,9.095,GOOD
760,2026-09-26,13,4.276,GOOD
760,2026-09-26,14,4.811,GOOD
760,2026-09-26,15,8.406,GOOD
760,2026-09-26,16,7.719,GOOD
760,2026-09-26,17,3.794,GOOD
760,2026-09-26,18,4.04,GOOD
760,2026-09-26,19,5.56,GOOD
760,2026-09-26,20,,
760,2026-09-26,21,9.353,GOOD
760,2026-09-26,22,6.696,GOOD
760,2026-09-26,23,10.399,GOOD
760,2026-09-26,24,7.817,GOOD
760,2026-09-27,1,5.496,GOOD
760,2026-09-27,2,5.844,GOOD
760,2026-09-27,3,4.721,GOOD
760,2026-09-27,4,2.457,GOOD
760,2026-09-27,5,4.344,GOOD
760,2026-09-27,6,3.435,GOOD
760,2026-09-27,7,1.671,GOOD
760,2026-09-27,8,0.192,GOOD
760,2026-09-27,9,0.417,GOOD
760,2026-09-27,10,1.497,GOOD
760,2026-09-27,11,2.854,GOOD
760,2026-09-27,12,0.887,GOOD
760,2026-09-27,13,-1.657,GOOD
760,2026-09-27,14,-8.215,GOOD
760,2026-09-27,15,-3.252,GOOD
760,2026-09-27,16,3.038,GOOD
760,2026-09-27,17,1.581,GOOD
760,2026-09-27,18,1.79,GOOD
760,2026-09-27,19,0.939,GOOD
760,2026-09-27,20,1.949,GOOD
760,2026-09-27,21,4.886,GOOD
760,2026-09-27,22,3.498,GOOD
760,2026-09-27,23,4.366,GOOD
760,2026-09-27,24,5.818,GOOD
760,2026-09-28,1,4.281,GOOD
760,2026-09-28,2,1.96,GOOD
760,2026-09-28,3,1.241,GOOD
760,2026-09-28,4,2.982,GOOD
760,2026-09-28,5,-1.174,GOOD
760,2026-09-28,6,-0.032,GOOD
760,2026-09-28,7,0.429,GOOD
760,2026-09-28,8,-0.232,GOOD
760,2026-09-28,9,3.401,GOOD
760,2026-09-28,10,7.7,GOOD
760,2026-09-28,11,5.429,GOOD
760,2026-09-28,12,4.606,GOOD
760,2026-09-28,13,0.266,GOOD
760,2026-09-28,14,-1.828,GOOD
760,2026-09-28,15,3.722,GOOD
760,2026-09-28,16,3.735,GOOD
760,2026-09-28,17,4.359,GOOD
760,2026-09-28,18,2.468,GOOD
760,2026-09-28,19,4.046,GOOD
760,2026-09-28,20,2.724,GOOD
760,2026-09-28,21,1.35,GOOD
760,2026-09-28,22,-0.721,GOOD
760,2026-09-28,23,0.675,GOOD
760,2026-09-28,24,1.959,GOOD
760,2026-09-29,1,4.005,GOOD
760,2026-09-29,2,2.957,GOOD
760,2026-09-29,3,3.92,GOOD
760,2026-09-29,4,1,GOOD
760,2026-09-29,5,1.549,GOOD
760,2026-09-29,6,-1.099,GOOD
760,2026-09-29,7,3.769,GOOD
760,2026-09-29,8,1.378,GOOD
760,2026-09-29,9,0.287,GOOD
760,2026-09-29,10,4.514,GOOD
760,2026-09-29,11,2.951,GOOD
760,2026-09-29,12,2.307,GOOD
760,2026-09-29,13,7.197,GOOD
760,2026-09-29,14,11.923,GOOD
760,2026-09-29,15,6.649,GOOD
760,2026-09-29,16,3.341,GOOD
760,2026-09-29,17,0.262,GOOD
760,2026-09-29,18,1.284,GOOD
760,2026-09-29,19,5.359,GOOD
760,2026-09-29,20,3.736,GOOD
760,2026-09-29,21,3.337,GOOD
760,2026-09-29,22,9.896,GOOD
760,2026-09-29,23,7.538,GOOD
760,2026-09-29,24,4.111,GOOD
760,2026-09-30,1,3.825,GOOD
760,2026-09-30,2,4.064,GOOD
760,2026-09-30,3,5.632,GOOD
760,2026-09-30,4,7.093,GOOD
760,2026-09-30,5,7.069,GOOD
760,2026-09-30,6,6.987,GOOD
760,2026-09-30,7,4.312,GOOD
760,2026-09-30,8,-5.955,GOOD
760,2026-09-30,9,-6.012,GOOD
760,2026-09-30,10,4.315,GOOD
760,2026-09-30,11,4.465,GOOD
760,2026-09-30,12,2.831,GOOD
760,2026-09-30,13,10.184,GOOD
760,2026-09-30,14,5.97,GOOD
760,2026-09-30,15,5.75,GOOD
760,2026-09-30,16,3.001,GOOD
760,2026-09-30,17,1.592,GOOD
760,2026-09-30,18,,
760,2026-09-30,19,3.231,GOOD
760,2026-09-30,20,6.081,GOOD
760,2026-09-30,21,7.947,GOOD
760,2026-09-30,22,10.472,GOOD
760,2026-09-30,23,14.117,GOOD
760,2026-09-30,24,11.184,GOOD
2570,2026-09-01,1,9.554,GOOD
2570,2026-09-01,2,6.829,GOOD
2570,2026-09-01,3,5.28,GOOD
2570,2026-09-01,4,7.911,GOOD
2570,2026-09-01,5,5.253,GOOD
2570,2026-09-01,6,6.406,GOOD
2570,2026-09-01,7,5.831,GOOD
2570,2026-09-01,8,7.096,GOOD
2570,2026-09-01,9,,
2570,2026-09-01,10,13.219,GOOD
2570,2026-09-01,11,10.545,GOOD
2570,2026-09-01,12,6.465,GOOD
2570,2026-09-01,13,2.344,GOOD
2570,2026-09-01,14,-3.991,GOOD
2570,2026-09-01,15,-0.882,GOOD
2570,2026-09-01,16,1.643,GOOD
2570,2026-09-01,17,2.163,GOOD
2570,2026-09-01,18,2.571,GOOD
2570,2026-09-01,19,2.994,GOOD
2570,2026-09-01,20,5.971,GOOD
2570,2026-09-01,21,6.407,GOOD
2570,2026-09-01,22,5.635,GOOD
2570,2026-09-01,23,7.252,GOOD
2570,2026-09-01,24,7.933,GOOD
2570,2026-09-02,1,7.031,GOOD
2570,2026-09-02,2,7.3,GOOD
2570,2026-09-02,3,7.172,GOOD
2570,2026-09-02,4,5.619,GOOD
2570,2026-09-02,5,1.824,GOOD
2570,2026-09-02,6,5.384,GOOD
2570,2026-09-02,7,7.958,GOOD
2570,2026-09-02,8,8.613,GOOD
2570,2026-09-02,9,11.473,GOOD
2570,2026-09-02,10,13.149,GOOD
2570,2026-09-02,11,7.659,GOOD
2570,2026-09-02,12,2.455,GOOD
2570,2026-09-02,13,0.484,GOOD
2570,2026-09-02,14,-2.135,GOOD
2570,2026-09-02,15,0.479,GOOD
2570,2026-09-02,16,3.044,GOOD
2570,2026-09-02,17,2.105,GOOD
2570,2026-09-02,18,1.847,GOOD
2570,2026-09-02,19,1.444,GOOD
2570,2026-09-02,20,1.83,GOOD
2570,2026-09-02,21,3.823,GOOD
2570,2026-09-02,22,2.522,GOOD
2570,2026-09-02,23,4.623,GOOD
2570,2026-09-02,24,6.27,GOOD
2570,2026-09-03,1,5.325,GOOD
2570,2026-09-03,2,5.472,GOOD
2570,2026-09-03,3,3.477,GOOD
2570,2026-09-03,4,5.619,GOOD
2570,2026-09-03,5,6.019,GOOD
2570,2026-09-03,6,8.258,GOOD
2570,2026-09-03,7,4.977,GOOD
2570,2026-09-03,8,6.555,GOOD
2570,2026-09-03,9,10.126,GOOD
2570,2026-09-03,10,7.429,GOOD
2570,2026-09-03,11,,
2570,2026-09-03,12,,
2570,2026-09-03,13,-2.468,GOOD
2570,2026-09-03,14,0.335,GOOD
2570,2026-09-03,15,-0.605,GOOD
2570,2026-09-03,16,-0.431,GOOD
2570,2026-09-03,17,1.606,GOOD
2570,2026-09-03,18,1.687,GOOD
2570,2026-09-03,19,2.006,GOOD
2570,2026-09-03,20,2.428,GOOD
2570,2026-09-03,21,8.078,GOOD
2570,2026-09-03,22,11.739,GOOD
2570,2026-09-03,23,7.211,GOOD
2570,2026-09-03,24,3.708,GOOD
2570,2026-09-04,1,1.884,GOOD
2570,2026-09-04,2,1.071,GOOD
2570,2026-09-04,3,1.187,GOOD
2570,2026-09-04,4,0.442,GOOD
2570,2026-09-04,5,6.453,GOOD
2570,2026-09-04,6,8.113,GOOD
2570,2026-09-04,7,6.173,GOOD
2570,2026-09-04,8,5.024,GOOD
2570,2026-09-04,9,10.671,GOOD
2570,2026-09-04,10,6.081,GOOD
2570,2026-09-04,11,-1.928,GOOD
2570,2026-09-04,12,-1.445,GOOD
2570,2026-09-04,13,2.087,GOOD
2570,2026-09-04,14,4.265,GOOD
2570,2026-09-04,15,2.764,GOOD
2570,2026-09-04,16,1.115,GOOD
2570,2026-09-04,17,3.397,GOOD
2570,2026-09-04,18,2.231,GOOD
2570,2026-09-04,19,4.846,GOOD
2570,2026-09-04,20,4.419,GOOD
2570,2026-09-04,21,5.616,GOOD
2570,2026-09-04,22,8.486,GOOD
2570,2026-09-04,23,8.201,GOOD
2570,2026-09-04,24,7.518,GOOD
2570,2026-09-05,1,6.389,GOOD
2570,2026-09-05,2,5.502,GOOD
2570,2026-09-05,3,3.922,GOOD
2570,2026-09-05,4,4.518,GOOD
2570,2026-09-05,5,5.99,GOOD
2570,2026-09-05,6,6.34,GOOD
2570,2026-09-05,7,5.639,GOOD
2570,2026-09-05,8,4.389,GOOD
2570,2026-09-05,9,9.884,GOOD
2570,2026-09-05,10,9.481,GOOD
2570,2026-09-05,11,5.923,GOOD
2570,2026-09-05,12,3.894,GOOD
2570,2026-09-05,13,2.935,GOOD
2570,2026-09-05,14,2.333,GOOD
2570,2026-09-05,15,3.772,GOOD
2570,2026-09-05,16,5.37,GOOD
2570,2026-09-05,17,,
2570,2026-09-05,18,5.933,GOOD
2570,2026-09-05,19,2.294,GOOD
2570,2026-09-05,20,5.813,GOOD
2570,2026-09-05,21,1.652,GOOD
2570,2026-09-05,22,-2.296,GOOD
2570,2026-09-05,23,-0.007,GOOD
2570,2026-09-05,24,2.329,GOOD
2570,2026-09-06,1,0.657,GOOD
2570,2026-09-06,2,0.862,GOOD
2570,2026-09-06,3,-0.006,GOOD
2570,2026-09-06,4,1.676,GOOD
2570,2026-09-06,5,-1.058,GOOD
2570,2026-09-06,6,1.448,GOOD
2570,2026-09-06,7,3.241,GOOD
2570,2026-09-06,8,2.857,GOOD
2570,2026-09-06,9,2.109,GOOD
2570,2026-09-06,10,5.456,GOOD
2570,2026-09-06,11,2.851,GOOD
2570,2026-09-06,12,-1.039,GOOD
2570,2026-09-06,13,-0.143,GOOD
2570,2026-09-06,14,-0.853,GOOD
2570,2026-09-06,15,0.787,GOOD
2570,2026-09-06,16,1.296,GOOD
2570,2026-09-06,17,2.541,GOOD
2570,2026-09-06,18,1.64,GOOD
2570,2026-09-06,19,3.09,GOOD
2570,2026-09-06,20,6.37,GOOD
2570,2026-09-06,21,4.775,GOOD
2570,2026-09-06,22,7.06,GOOD
2570,2026-09-06,23,6.86,GOOD
2570,2026-09-06,24,3.748,GOOD
2570,2026-09-07,1,3.529,GOOD
2570,2026-09-07,2,6.044,GOOD
2570,2026-09-07,3,5.649,GOOD
2570,2026-09-07,4,6.253,GOOD
2570,2026-09-07,5,7.434,GOOD
2570,2026-09-07,6,8.683,GOOD
2570,2026-09-07,7,3.593,GOOD
2570,2026-09-07,8,,
2570,2026-09-07,9,7.248,GOOD
2570,2026-09-07,10,5.38,GOOD
2570,2026-09-07,11,-0.055,GOOD
2570,2026-09-07,12,0.279,GOOD
2570,2026-09-07,13,-1.404,GOOD
2570,2026-09-07,14,-5.01,GOOD
2570,2026-09-07,15,0.365,GOOD
2570,2026-09-07,16,-1.722,GOOD
2570,2026-09-07,17,-0.257,GOOD
2570,2026-09-07,18,-0.178,GOOD
2570,2026-09-07,19,,
2570,2026-09-07,20,4.061,GOOD
2570,2026-09-07,21,3.906,GOOD
2570,2026-09-07,22,3.493,GOOD
2570,2026-09-07,23,6.11,GOOD
2570,2026-09-07,24,5.797,GOOD
2570,2026-09-08,1,1.331,GOOD
2570,2026-09-08,2,-0.106,GOOD
2570,2026-09-08,3,0.277,GOOD
2570,2026-09-08,4,-1.134,GOOD
2570,2026-09-08,5,-1.952,GOOD
2570,2026-09-08,6,1.276,GOOD
2570,2026-09-08,7,1.74,GOOD
2570,2026-09-08,8,3.031,GOOD
2570,2026-09-08,9,5.171,GOOD
2570,2026-09-08,10,4.876,GOOD
2570,2026-09-08,11,5.128,GOOD
2570,2026-09-08,12,9.541,GOOD
2570,2026-09-08,13,8.796,GOOD
2570,2026-09-08,14,7.657,GOOD
2570,2026-09-08,15,7.114,GOOD
2570,2026-09-08,16,5.109,GOOD
2570,2026-09-08,17,4.907,GOOD
2570,2026-09-08,18,5.8,GOOD
2570,2026-09-08,19,3.856,GOOD
2570,2026-09-08,20,6.274,GOOD
2570,2026-09-08,21,-0.008,GOOD
2570,2026-09-08,22,1.796,GOOD
2570,2026-09-08,23,3.22,GOOD
2570,2026-09-08,24,2.64,GOOD
2570,2026-09-09,1,1.823,GOOD
2570,2026-09-09,2,1.904,GOOD
2570,2026-09-09,3,-0.373,GOOD
2570,2026-09-09,4,0.876,GOOD
2570,2026-09-09,5,-1.621,GOOD
2570,2026-09-09,6,0.67,GOOD
2570,2026-09-09,7,3.823,GOOD
2570,2026-09-09,8,2.728,GOOD
2570,2026-09-09,9,,
2570,2026-09-09,10,12.963,GOOD
2570,2026-09-09,11,6.899,GOOD
2570,2026-09-09,12,1.453,GOOD
2570,2026-09-09,13,-0.532,GOOD
2570,2026-09-09,14,3.977,GOOD
2570,2026-09-09,15,10.762,GOOD
2570,2026-09-09,16,13.054,GOOD
2570,2026-09-09,17,9.58,GOOD
2570,2026-09-09,18,6.644,GOOD
2570,2026-09-09,19,7.123,GOOD
2570,2026-09-09,20,6.294,GOOD
2570,2026-09-09,21,7.548,GOOD
2570,2026-09-09,22,6.725,GOOD
2570,2026-09-09,23,6.558,GOOD
2570,2026-09-09,24,5.316,GOOD
2570,2026-09-10,1,5.624,GOOD
2570,2026-09-10,2,6.942,GOOD
2570,2026-09-10,3,2.801,GOOD
2570,2026-09-10,4,2.9,GOOD
2570,2026-09-10,5,5.429,GOOD
2570,2026-09-10,6,6.001,GOOD
2570,2026-09-10,7,4.639,GOOD
2570,2026-09-10,8,3.239,GOOD
2570,2026-09-10,9,6.45,GOOD
2570,2026-09-10,10,,
2570,2026-09-10,11,,
2570,2026-09-10,12,6.776,GOOD
2570,2026-09-10,13,11.171,GOOD
2570,2026-09-10,14,9.943,GOOD
2570,2026-09-10,15,6.206,GOOD
2570,2026-09-10,16,5.34,GOOD
2570,2026-09-10,17,7.142,GOOD
2570,2026-09-10,18,6.797,GOOD
2570,2026-09-10,19,6.903,GOOD
2570,2026-09-10,20,7.069,GOOD
2570,2026-09-10,21,8.207,GOOD
2570,2026-09-10,22,11.125,GOOD
2570,2026-09-10,23,7.576,GOOD
2570,2026-09-10,24,4.596,GOOD
2570,2026-09-11,1,6.352,GOOD
2570,2026-09-11,2,4.599,GOOD
2570,2026-09-11,3,2.745,GOOD
2570,2026-09-11,4,3.152,GOOD
2570,2026-09-11,5,1.745,GOOD
2570,2026-09-11,6,1.324,GOOD
2570,2026-09-11,7,5.114,GOOD
2570,2026-09-11,8,7.831,GOOD
2570,2026-09-11,9,9.695,GOOD
2570,2026-09-11,10,9.421,GOOD
2570,2026-09-11,11,10.382,GOOD
2570,2026-09-11,12,6.189,GOOD
2570,2026-09-11,13,11.096,GOOD
2570,2026-09-11,14,8.335,GOOD
2570,2026-09-11,15,5.927,GOOD
2570,2026-09-11,16,5.442,GOOD
2570,2026-09-11,17,6.747,GOOD
2570,2026-09-11,18,7.36,GOOD
2570,2026-09-11,19,8.788,GOOD
2570,2026-09-11,20,20.801,GOOD
2570,2026-09-11,21,62.92,POOR
2570,2026-09-11,22,59.892,POOR
2570,2026-09-11,23,46.506,FAIR
2570,2026-09-11,24,42.496,FAIR
2570,2026-09-12,1,42.169,FAIR
2570,2026-09-12,2,34.583,FAIR
2570,2026-09-12,3,33.035,FAIR
2570,2026-09-12,4,27.058,FAIR
2570,2026-09-12,5,19.073,GOOD
2570,2026-09-12,6,19.882,GOOD
2570,2026-09-12,7,19.319,GOOD
2570,2026-09-12,8,,
2570,2026-09-12,9,,
2570,2026-09-12,10,17.254,GOOD
2570,2026-09-12,11,9.116,GOOD
2570,2026-09-12,12,7.672,GOOD
2570,2026-09-12,13,13.07,GOOD
2570,2026-09-12,14,9.585,GOOD
2570,2026-09-12,15,6.807,GOOD
2570,2026-09-12,16,9.45,GOOD
2570,2026-09-12,17,,
2570,2026-09-12,18,10.04,GOOD
2570,2026-09-12,19,13.355,GOOD
2570,2026-09-12,20,11.889,GOOD
2570,2026-09-12,21,7.768,GOOD
2570,2026-09-12,22,8.94,GOOD
2570,2026-09-12,23,6.47,GOOD
2570,2026-09-12,24,6.463,GOOD
2570,2026-09-13,1,7.56,GOOD
2570,2026-09-13,2,5.458,GOOD
2570,2026-09-13,3,5.496,GOOD
2570,2026-09-13,4,4.432,GOOD
2570,2026-09-13,5,15.013,GOOD
2570,2026-09-13,6,14.148,GOOD
2570,2026-09-13,7,6.684,GOOD
2570,2026-09-13,8,7.02,GOOD
2570,2026-09-13,9,,
2570,2026-09-13,10,20.363,GOOD
2570,2026-09-13,11,19.138,GOOD
2570,2026-09-13,12,14.453,GOOD
2570,2026-09-13,13,13.893,GOOD
2570,2026-09-13,14,5.997,GOOD
2570,2026-09-13,15,4.717,GOOD
2570,2026-09-13,16,3.484,GOOD
2570,2026-09-13,17,4.957,GOOD
2570,2026-09-13,18,13.99,GOOD
2570,2026-09-13,19,9.248,GOOD
2570,2026-09-13,20,9.254,GOOD
2570,2026-09-13,21,7.034,GOOD
2570,2026-09-13,22,8.349,GOOD
2570,2026-09-13,23,10.35,GOOD
2570,2026-09-13,24,11.089,GOOD
2570,2026-09-14,1,7.789,GOOD
2570,2026-09-14,2,6.391,GOOD
2570,2026-09-14,3,7.165,GOOD
2570,2026-09-14,4,4.684,GOOD
2570,2026-09-14,5,11.049,GOOD
2570,2026-09-14,6,12.256,GOOD
2570,2026-09-14,7,8.016,GOOD
2570,2026-09-14,8,8.191,GOOD
2570,2026-09-14,9,10.588,GOOD
2570,2026-09-14,10,13.565,GOOD
2570,2026-09-14,11,11.371,GOOD
2570,2026-09-14,12,9.609,GOOD
2570,2026-09-14,13,6.954,GOOD
2570,2026-09-14,14,1.563,GOOD
2570,2026-09-14,15,4.141,GOOD
2570,2026-09-14,16,3.134,GOOD
2570,2026-09-14,17,-1.926,GOOD
2570,2026-09-14,18,2.91,GOOD
2570,2026-09-14,19,2.429,GOOD
2570,2026-09-14,20,3.164,GOOD
2570,2026-09-14,21,6.292,GOOD
2570,2026-09-14,22,9.117,GOOD
2570,2026-09-14,23,8.144,GOOD
2570,2026-09-14,24,9.055,GOOD
2570,2026-09-15,1,8.606,GOOD
2570,2026-09-15,2,9.476,GOOD
2570,2026-09-15,3,6.156,GOOD
2570,2026-09-15,4,5.047,GOOD
2570,2026-09-15,5,7.917,GOOD
2570,2026-09-15,6,8.611,GOOD
2570,2026-09-15,7,7.809,GOOD
2570,2026-09-15,8,8.481,GOOD
2570,2026-09-15,9,5.232,GOOD
2570,2026-09-15,10,5.589,GOOD
2570,2026-09-15,11,2.416,GOOD
2570,2026-09-15,12,-1.216,GOOD
2570,2026-09-15,13,-4.539,GOOD
2570,2026-09-15,14,-0.048,GOOD
2570,2026-09-15,15,,
2570,2026-09-15,16,,
2570,2026-09-15,17,7.727,GOOD
2570,2026-09-15,18,11.812,GOOD
2570,2026-09-15,19,8.288,GOOD
2570,2026-09-15,20,,
2570,2026-09-15,21,6.143,GOOD
2570,2026-09-15,22,10.116,GOOD
2570,2026-09-15,23,5.349,GOOD
2570,2026-09-15,24,2.633,GOOD
2570,2026-09-16,1,2.81,GOOD
2570,2026-09-16,2,2.142,GOOD
2570,2026-09-16,3,0.365,GOOD
2570,2026-09-16,4,0.5,GOOD
2570,2026-09-16,5,0.917,GOOD
2570,2026-09-16,6,2.181,GOOD
2570,2026-09-16,7,2.46,GOOD
2570,2026-09-16,8,2.014,GOOD
2570,2026-09-16,9,4.936,GOOD
2570,2026-09-16,10,2.157,GOOD
2570,2026-09-16,11,3.726,GOOD
2570,2026-09-16,12,1.565,GOOD
2570,2026-09-16,13,-0.535,GOOD
2570,2026-09-16,14,1.926,GOOD
2570,2026-09-16,15,1.486,GOOD
2570,2026-09-16,16,1.859,GOOD
2570,2026-09-16,17,3.289,GOOD
2570,2026-09-16,18,4.459,GOOD
2570,2026-09-16,19,5.887,GOOD
2570,2026-09-16,20,4.351,GOOD
2570,2026-09-16,21,2.939,GOOD
2570,2026-09-16,22,0.475,GOOD
2570,2026-09-16,23,3.54,GOOD
2570,2026-09-16,24,3.951,GOOD
2570,2026-09-17,1,5.779,GOOD
2570,2026-09-17,2,2.551,GOOD
2570,2026-09-17,3,0.952,GOOD
2570,2026-09-17,4,1.622,GOOD
2570,2026-09-17,5,4.927,GOOD
2570,2026-09-17,6,5.599,GOOD
2570,2026-09-17,7,5.06,GOOD
2570,2026-09-17,8,3.634,GOOD
2570,2026-09-17,9,4.3,GOOD
2570,2026-09-17,10,6.239,GOOD
2570,2026-09-17,11,3.222,GOOD
2570,2026-09-17,12,3.798,GOOD
2570,2026-09-17,13,5.714,GOOD
2570,2026-09-17,14,6.191,GOOD
2570,2026-09-17,15,1.789,GOOD
2570,2026-09-17,16,2.011,GOOD
2570,2026-09-17,17,2.327,GOOD
2570,2026-09-17,18,2.105,GOOD
2570,2026-09-17,19,6.748,GOOD
2570,2026-09-17,20,3.486,GOOD
2570,2026-09-17,21,13.022,GOOD
2570,2026-09-17,22,13.189,GOOD
2570,2026-09-17,23,7.856,GOOD
2570,2026-09-17,24,3.582,GOOD
2570,2026-09-18,1,4.999,GOOD
2570,2026-09-18,2,2.156,GOOD
2570,2026-09-18,3,0.748,GOOD
2570,2026-09-18,4,1.586,GOOD
2570,2026-09-18,5,5.883,GOOD
2570,2026-09-18,6,7.057,GOOD
2570,2026-09-18,7,4.05,GOOD
2570,2026-09-18,8,6.407,GOOD
2570,2026-09-18,9,6.67,GOOD
2570,2026-09-18,10,7.019,GOOD
2570,2026-09-18,11,4.191,GOOD
2570,2026-09-18,12,1.041,GOOD
2570,2026-09-18,13,5.319,GOOD
2570,2026-09-18,14,5.822,GOOD
2570,2026-09-18,15,3.652,GOOD
2570,2026-09-18,16,2.037,GOOD
2570,2026-09-18,17,-0.441,GOOD
2570,2026-09-18,18,1.271,GOOD
2570,2026-09-18,19,1.617,GOOD
2570,2026-09-18,20,1.025,GOOD
2570,2026-09-18,21,6.846,GOOD
2570,2026-09-18,22,8.764,GOOD
2570,2026-09-18,23,3.726,GOOD
2570,2026-09-18,24,3.375,GOOD
2570,2026-09-19,1,3.039,GOOD
2570,2026-09-19,2,2.134,GOOD
2570,2026-09-19,3,1.854,GOOD
2570,2026-09-19,4,1.405,GOOD
2570,2026-09-19,5,7.903,GOOD
2570,2026-09-19,6,8.436,GOOD
2570,2026-09-19,7,7.922,GOOD
2570,2026-09-19,8,5.408,GOOD
2570,2026-09-19,9,6.763,GOOD
2570,2026-09-19,10,5.888,GOOD
2570,2026-09-19,11,-0.479,GOOD
2570,2026-09-19,12,1.164,GOOD
2570,2026-09-19,13,5.439,GOOD
2570,2026-09-19,14,3.072,GOOD
2570,2026-09-19,15,1.626,GOOD
2570,2026-09-19,16,1.283,GOOD
2570,2026-09-19,17,3.786,GOOD
2570,2026-09-19,18,3.057,GOOD
2570,2026-09-19,19,3.597,GOOD
2570,2026-09-19,20,1.995,GOOD
2570,2026-09-19,21,6.744,GOOD
2570,2026-09-19,22,6.788,GOOD
2570,2026-09-19,23,3.239,GOOD
2570,2026-09-19,24,1.774,GOOD
2570,2026-09-20,1,4.029,GOOD
2570,2026-09-20,2,2.826,GOOD
2570,2026-09-20,3,1.341,GOOD
2570,2026-09-20,4,2.842,GOOD
2570,2026-09-20,5,4.888,GOOD
2570,2026-09-20,6,7.375,GOOD
2570,2026-09-20,7,7.852,GOOD
2570,2026-09-20,8,6.561,GOOD
2570,2026-09-20,9,6.24,GOOD
2570,2026-09-20,10,5.695,GOOD
2570,2026-09-20,11,-1.433,GOOD
2570,2026-09-20,12,2.374,GOOD
2570,2026-09-20,13,-3.872,GOOD
2570,2026-09-20,14,-1.128,GOOD
2570,2026-09-20,15,1.596,GOOD
2570,2026-09-20,16,0.639,GOOD
2570,2026-09-20,17,1.137,GOOD
2570,2026-09-20,18,0.573,GOOD
2570,2026-09-20,19,0.749,GOOD
2570,2026-09-20,20,3.686,GOOD
2570,2026-09-20,21,5.19,GOOD
2570,2026-09-20,22,6.608,GOOD
2570,2026-09-20,23,4.835,GOOD
2570,2026-09-20,24,4.552,GOOD
2570,2026-09-21,1,5.113,GOOD
2570,2026-09-21,2,3.197,GOOD
2570,2026-09-21,3,4.663,GOOD
2570,2026-09-21,4,3.628,GOOD
2570,2026-09-21,5,2.328,GOOD
2570,2026-09-21,6,3.12,GOOD
2570,2026-09-21,7,6.056,GOOD
2570,2026-09-21,8,6.838,GOOD
2570,2026-09-21,9,10.442,GOOD
2570,2026-09-21,10,9.834,GOOD
2570,2026-09-21,11,9.607,GOOD
2570,2026-09-21,12,,
2570,2026-09-21,13,,
2570,2026-09-21,14,16.441,GOOD
2570,2026-09-21,15,17.538,GOOD
2570,2026-09-21,16,14.81,GOOD
2570,2026-09-21,17,9.204,GOOD
2570,2026-09-21,18,6.81,GOOD
2570,2026-09-21,19,6.659,GOOD
2570,2026-09-21,20,6.619,GOOD
2570,2026-09-21,21,5.582,GOOD
2570,2026-09-21,22,0.627,GOOD
2570,2026-09-21,23,4.626,GOOD
2570,2026-09-21,24,2.812,GOOD
2570,2026-09-22,1,3.25,GOOD
2570,2026-09-22,2,0.576,GOOD
2570,2026-09-22,3,1.1,GOOD
2570,2026-09-22,4,4.589,GOOD
2570,2026-09-22,5,3.814,GOOD
2570,2026-09-22,6,2.823,GOOD
2570,2026-09-22,7,3.391,GOOD
2570,2026-09-22,8,5.016,GOOD
2570,2026-09-22,9,4.613,GOOD
2570,2026-09-22,10,4.476,GOOD
2570,2026-09-22,11,6.46,GOOD
2570,2026-09-22,12,5.717,GOOD
2570,2026-09-22,13,2.111,GOOD
2570,2026-09-22,14,5.623,GOOD
2570,2026-09-22,15,3.292,GOOD
2570,2026-09-22,16,6.813,GOOD
2570,2026-09-22,17,4.667,GOOD
2570,2026-09-22,18,7.642,GOOD
2570,2026-09-22,19,7.891,GOOD
2570,2026-09-22,20,6.853,GOOD
2570,2026-09-22,21,7.16,GOOD
2570,2026-09-22,22,7.748,GOOD
2570,2026-09-22,23,5.471,GOOD
2570,2026-09-22,24,3.555,GOOD
2570,2026-09-23,1,0.525,GOOD
2570,2026-09-23,2,1.98,GOOD
2570,2026-09-23,3,1.265,GOOD
2570,2026-09-23,4,-0.782,GOOD
2570,2026-09-23,5,2.474,GOOD
2570,2026-09-23,6,1.267,GOOD
2570,2026-09-23,7,2.944,GOOD
2570,2026-09-23,8,1.033,GOOD
2570,2026-09-23,9,-0.058,GOOD
2570,2026-09-23,10,1.129,GOOD
2570,2026-09-23,11,1.348,GOOD
2570,2026-09-23,12,1.646,GOOD
2570,2026-09-23,13,-3.241,GOOD
2570,2026-09-23,14,-7.545,GOOD
2570,2026-09-23,15,1.125,GOOD
2570,2026-09-23,16,5.746,GOOD
2570,2026-09-23,17,8.654,GOOD
2570,2026-09-23,18,9.325,GOOD
2570,2026-09-23,19,12.499,GOOD
2570,2026-09-23,20,13.21,GOOD
2570,2026-09-23,21,11.403,GOOD
2570,2026-09-23,22,11.091,GOOD
2570,2026-09-23,23,6.52,GOOD
2570,2026-09-23,24,7.598,GOOD
2570,2026-09-24,1,7.369,GOOD
2570,2026-09-24,2,5.242,GOOD
2570,2026-09-24,3,4.464,GOOD
2570,2026-09-24,4,4.742,GOOD
2570,2026-09-24,5,5.246,GOOD
2570,2026-09-24,6,1.233,GOOD
2570,2026-09-24,7,2.731,GOOD
2570,2026-09-24,8,5.361,GOOD
2570,2026-09-24,9,10.956,GOOD
2570,2026-09-24,10,11.278,GOOD
2570,2026-09-24,11,9.13,GOOD
2570,2026-09-24,12,9.754,GOOD
2570,2026-09-24,13,5.738,GOOD
2570,2026-09-24,14,10.198,GOOD
2570,2026-09-24,15,12.896,GOOD
2570,2026-09-24,16,16.204,GOOD
2570,2026-09-24,17,15.864,GOOD
2570,2026-09-24,18,14.322,GOOD
2570,2026-09-24,19,10.068,GOOD
2570,2026-09-24,20,10.858,GOOD
2570,2026-09-24,21,3.902,GOOD
2570,2026-09-24,22,2.602,GOOD
2570,2026-09-24,23,0.452,GOOD
2570,2026-09-24,24,2.367,GOOD
2570,2026-09-25,1,3.59,GOOD
2570,2026-09-25,2,1.615,GOOD
2570,2026-09-25,3,1.35,GOOD
2570,2026-09-25,4,1.905,GOOD
2570,2026-09-25,5,-5.049,GOOD
2570,2026-09-25,6,-3.323,GOOD
2570,2026-09-25,7,-0.391,GOOD
2570,2026-09-25,8,-0.808,GOOD
2570,2026-09-25,9,8.906,GOOD
2570,2026-09-25,10,12.353,GOOD
2570,2026-09-25,11,14.052,GOOD
2570,2026-09-25,12,15.466,GOOD
2570,2026-09-25,13,14.326,GOOD
2570,2026-09-25,14,15.378,GOOD
2570,2026-09-25,15,7.022,GOOD
2570,2026-09-25,16,14.561,GOOD
2570,2026-09-25,17,7.746,GOOD
2570,2026-09-25,18,4.671,GOOD
2570,2026-09-25,19,7.116,GOOD
2570,2026-09-25,20,7.414,GOOD
2570,2026-09-25,21,3.273,GOOD
2570,2026-09-25,22,4.188,GOOD
2570,2026-09-25,23,8.08,GOOD
2570,2026-09-25,24,11.165,GOOD
2570,2026-09-26,1,9.64,GOOD
2570,2026-09-26,2,7.585,GOOD
2570,2026-09-26,3,8.166,GOOD
2570,2026-09-26,4,7.431,GOOD
2570,2026-09-26,5,12.106,GOOD
2570,2026-09-26,6,11.543,GOOD
2570,2026-09-26,7,8.274,GOOD
2570,2026-09-26,8,11.256,GOOD
2570,2026-09-26,9,16.039,GOOD
2570,2026-09-26,10,10.696,GOOD
2570,2026-09-26,11,8.286,GOOD
2570,2026-09-26,12,3.328,GOOD
2570,2026-09-26,13,0.313,GOOD
2570,2026-09-26,14,1.844,GOOD
2570,2026-09-26,15,5.949,GOOD
2570,2026-09-26,16,2.644,GOOD
2570,2026-09-26,17,2.146,GOOD
2570,2026-09-26,18,7.771,GOOD
2570,2026-09-26,19,,
2570,2026-09-26,20,,
2570,2026-09-26,21,19.789,GOOD
2570,2026-09-26,22,14.141,GOOD
2570,2026-09-26,23,7.38,GOOD
2570,2026-09-26,24,3.38,GOOD
2570,2026-09-27,1,3.552,GOOD
2570,2026-09-27,2,1.906,GOOD
2570,2026-09-27,3,4.084,GOOD
2570,2026-09-27,4,-0.399,GOOD
2570,2026-09-27,5,0.643,GOOD
2570,2026-09-27,6,1.375,GOOD
2570,2026-09-27,7,3.572,GOOD
2570,2026-09-27,8,0.991,GOOD
2570,2026-09-27,9,2.994,GOOD
2570,2026-09-27,10,1.661,GOOD
2570,2026-09-27,11,-0.477,GOOD
2570,2026-09-27,12,3.545,GOOD
2570,2026-09-27,13,-5.162,GOOD
2570,2026-09-27,14,-3.882,GOOD
2570,2026-09-27,15,0.604,GOOD
2570,2026-09-27,16,3.246,GOOD
2570,2026-09-27,17,2.746,GOOD
2570,2026-09-27,18,3.238,GOOD
2570,2026-09-27,19,1.826,GOOD
2570,2026-09-27,20,1.815,GOOD
2570,2026-09-27,21,5.078,GOOD
2570,2026-09-27,22,6.135,GOOD
2570,2026-09-27,23,4.311,GOOD
2570,2026-09-27,24,2.231,GOOD
2570,2026-09-28,1,3.3,GOOD
2570,2026-09-28,2,1.922,GOOD
2570,2026-09-28,3,3.011,GOOD
2570,2026-09-28,4,0.767,GOOD
2570,2026-09-28,5,3.421,GOOD
2570,2026-09-28,6,-0.17,GOOD
2570,2026-09-28,7,0.758,GOOD
2570,2026-09-28,8,4.252,GOOD
2570,2026-09-28,9,3.092,GOOD
2570,2026-09-28,10,3.212,GOOD
2570,2026-09-28,11,2.764,GOOD
2570,2026-09-28,12,0.463,GOOD
2570,2026-09-28,13,-2.619,GOOD
2570,2026-09-28,14,1.293,GOOD
2570,2026-09-28,15,1.424,GOOD
2570,2026-09-28,16,3.439,GOOD
2570,2026-09-28,17,2.777,GOOD
2570,2026-09-28,18,3.048,GOOD
2570,2026-09-28,19,1.7,GOOD
2570,2026-09-28,20,3.184,GOOD
2570,2026-09-28,21,-0.778,GOOD
2570,2026-09-28,22,0.864,GOOD
2570,2026-09-28,23,3.875,GOOD
2570,2026-09-28,24,5.56,GOOD
2570,2026-09-29,1,1.569,GOOD
2570,2026-09-29,2,3.449,GOOD
2570,2026-09-29,3,2.557,GOOD
2570,2026-09-29,4,3.605,GOOD
2570,2026-09-29,5,-2.225,GOOD
2570,2026-09-29,6,1.599,GOOD
2570,2026-09-29,7,1.081,GOOD
2570,2026-09-29,8,4.28,GOOD
2570,2026-09-29,9,3.602,GOOD
2570,2026-09-29,10,5.192,GOOD
2570,2026-09-29,11,1.502,GOOD
2570,2026-09-29,12,0.937,GOOD
2570,2026-09-29,13,4.643,GOOD
2570,2026-09-29,14,6.388,GOOD
2570,2026-09-29,15,5.358,GOOD
2570,2026-09-29,16,4.229,GOOD
2570,2026-09-29,17,3.784,GOOD
2570,2026-09-29,18,3.637,GOOD
2570,2026-09-29,19,3.748,GOOD
2570,2026-09-29,20,2.814,GOOD
2570,2026-09-29,21,3.976,GOOD
2570,2026-09-29,22,4.429,GOOD
2570,2026-09-29,23,5.443,GOOD
2570,2026-09-29,24,3.97,GOOD
2570,2026-09-30,1,4.523,GOOD
2570,2026-09-30,2,4.85,GOOD
2570,2026-09-30,3,3.148,GOOD
2570,2026-09-30,4,3.251,GOOD
2570,2026-09-30,5,9.852,GOOD
2570,2026-09-30,6,9.502,GOOD
2570,2026-09-30,7,5,GOOD
2570,2026-09-30,8,7.078,GOOD
2570,2026-09-30,9,6.036,GOOD
2570,2026-09-30,10,5.195,GOOD
2570,2026-09-30,11,1.965,GOOD
2570,2026-09-30,12,3.958,GOOD
2570,2026-09-30,13,-1.424,GOOD
2570,2026-09-30,14,-0.208,GOOD
2570,2026-09-30,15,-0.289,GOOD
2570,2026-09-30,16,0.634,GOOD
2570,2026-09-30,17,5.795,GOOD
2570,2026-09-30,18,,
2570,2026-09-30,19,8.095,GOOD
2570,2026-09-30,20,12.318,GOOD
2570,2026-09-30,21,4.844,GOOD
2570,2026-09-30,22,1.672,GOOD
2570,2026-09-30,23,5.991,GOOD
2570,2026-09-30,24,7.351,GOOD
61,2026-09-01,1,6.667,GOOD
61,2026-09-01,2,8.047,GOOD
61,2026-09-01,3,6.677,GOOD
61,2026-09-01,4,7.512,GOOD
61,2026-09-01,5,10.164,GOOD
61,2026-09-01,6,19.47,GOOD
61,2026-09-01,7,22.66,GOOD
61,2026-09-01,8,31.214,FAIR
61,2026-09-01,9,30.548,FAIR
61,2026-09-01,10,28.889,FAIR
61,2026-09-01,11,28.375,FAIR
61,2026-09-01,12,20.289,GOOD
61,2026-09-01,13,13.555,GOOD
61,2026-09-01,14,13.245,GOOD
61,2026-09-01,15,16.363,GOOD
61,2026-09-01,16,15.181,GOOD
61,2026-09-01,17,17.134,GOOD
61,2026-09-01,18,10.346,GOOD
61,2026-09-01,19,8.647,GOOD
61,2026-09-01,20,6.687,GOOD
61,2026-09-01,21,7.532,GOOD
61,2026-09-01,22,10.635,GOOD
61,2026-09-01,23,9.374,GOOD
61,2026-09-01,24,5.727,GOOD
61,2026-09-02,1,5.106,GOOD
61,2026-09-02,2,4.963,GOOD
61,2026-09-02,3,5.502,GOOD
61,2026-09-02,4,2.793,GOOD
61,2026-09-02,5,2.897,GOOD
61,2026-09-02,6,6.088,GOOD
61,2026-09-02,7,6.021,GOOD
61,2026-09-02,8,9.669,GOOD
61,2026-09-02,9,15.707,GOOD
61,2026-09-02,10,15.386,GOOD
61,2026-09-02,11,10.662,GOOD
61,2026-09-02,12,5.286,GOOD
61,2026-09-02,13,8.739,GOOD
61,2026-09-02,14,7.95,GOOD
61,2026-09-02,15,4.402,GOOD
61,2026-09-02,16,6.513,GOOD
61,2026-09-02,17,8.119,GOOD
61,2026-09-02,18,15.364,GOOD
61,2026-09-02,19,13.527,GOOD
61,2026-09-02,20,7.836,GOOD
61,2026-09-02,21,7.685,GOOD
61,2026-09-02,22,8.291,GOOD
61,2026-09-02,23,8.057,GOOD
61,2026-09-02,24,6.988,GOOD
61,2026-09-03,1,5.917,GOOD
61,2026-09-03,2,3.614,GOOD
61,2026-09-03,3,2.053,GOOD
61,2026-09-03,4,0.495,GOOD
61,2026-09-03,5,1.294,GOOD
61,2026-09-03,6,4.587,GOOD
61,2026-09-03,7,7.717,GOOD
61,2026-09-03,8,6.784,GOOD
61,2026-09-03,9,5.924,GOOD
61,2026-09-03,10,8.04,GOOD
61,2026-09-03,11,9.1,GOOD
61,2026-09-03,12,4.441,GOOD
61,2026-09-03,13,4.862,GOOD
61,2026-09-03,14,7.081,GOOD
61,2026-09-03,15,8.958,GOOD
61,2026-09-03,16,5.699,GOOD
61,2026-09-03,17,6.039,GOOD
61,2026-09-03,18,5.144,GOOD
61,2026-09-03,19,6.23,GOOD
61,2026-09-03,20,6.171,GOOD
61,2026-09-03,21,6.547,GOOD
61,2026-09-03,22,6.857,GOOD
61,2026-09-03,23,3.396,GOOD
61,2026-09-03,24,3.059,GOOD
61,2026-09-04,1,2.271,GOOD
61,2026-09-04,2,1.299,GOOD
61,2026-09-04,3,2.418,GOOD
61,2026-09-04,4,2.734,GOOD
61,2026-09-04,5,-0.482,GOOD
61,2026-09-04,6,2.165,GOOD
61,2026-09-04,7,4.953,GOOD
61,2026-09-04,8,8.828,GOOD
61,2026-09-04,9,9.143,GOOD
61,2026-09-04,10,7.1,GOOD
61,2026-09-04,11,5.427,GOOD
61,2026-09-04,12,2.19,GOOD
61,2026-09-04,13,3.507,GOOD
61,2026-09-04,14,2.334,GOOD
61,2026-09-04,15,0.192,GOOD
61,2026-09-04,16,7.319,GOOD
61,2026-09-04,17,14.24,GOOD
61,2026-09-04,18,9.516,GOOD
61,2026-09-04,19,7.748,GOOD
61,2026-09-04,20,7.024,GOOD
61,2026-09-04,21,7.48,GOOD
61,2026-09-04,22,4.261,GOOD
61,2026-09-04,23,6.961,GOOD
61,2026-09-04,24,10.966,GOOD
61,2026-09-05,1,21.416,GOOD
61,2026-09-05,2,20.968,GOOD
61,2026-09-05,3,15.777,GOOD
61,2026-09-05,4,7.845,GOOD
61,2026-09-05,5,9.858,GOOD
61,2026-09-05,6,8.853,GOOD
61,2026-09-05,7,11.216,GOOD
61,2026-09-05,8,8.874,GOOD
61,2026-09-05,9,9.335,GOOD
61,2026-09-05,10,6.582,GOOD
61,2026-09-05,11,4.571,GOOD
61,2026-09-05,12,5.819,GOOD
61,2026-09-05,13,6.655,GOOD
61,2026-09-05,14,5.858,GOOD
61,2026-09-05,15,6.421,GOOD
61,2026-09-05,16,12.167,GOOD
61,2026-09-05,17,11.788,GOOD
61,2026-09-05,18,-5.972,GOOD
61,2026-09-05,19,8.253,GOOD
61,2026-09-05,20,7.577,GOOD
61,2026-09-05,21,5.78,GOOD
61,2026-09-05,22,6.571,GOOD
61,2026-09-05,23,4.277,GOOD
61,2026-09-05,24,3.065,GOOD
61,2026-09-06,1,4.497,GOOD
61,2026-09-06,2,4.627,GOOD
61,2026-09-06,3,2.855,GOOD
61,2026-09-06,4,1.645,GOOD
61,2026-09-06,5,1.218,GOOD
61,2026-09-06,6,6.549,GOOD
61,2026-09-06,7,3.72,GOOD
61,2026-09-06,8,-1.352,GOOD
61,2026-09-06,9,0.259,GOOD
61,2026-09-06,10,-0.322,GOOD
61,2026-09-06,11,2.513,GOOD
61,2026-09-06,12,0.625,GOOD
61,2026-09-06,13,1.842,GOOD
61,2026-09-06,14,3.917,GOOD
61,2026-09-06,15,2.651,GOOD
61,2026-09-06,16,4.604,GOOD
61,2026-09-06,17,2.194,GOOD
61,2026-09-06,18,4.594,GOOD
61,2026-09-06,19,5.879,GOOD
61,2026-09-06,20,5.834,GOOD
61,2026-09-06,21,4.3,GOOD
61,2026-09-06,22,1.426,GOOD
61,2026-09-06,23,3.243,GOOD
61,2026-09-06,24,4.082,GOOD
61,2026-09-07,1,5.879,GOOD
61,2026-09-07,2,3.986,GOOD
61,2026-09-07,3,4.71,GOOD
61,2026-09-07,4,2.557,GOOD
61,2026-09-07,5,5.214,GOOD
61,2026-09-07,6,4.294,GOOD
61,2026-09-07,7,6.312,GOOD
61,2026-09-07,8,9.641,GOOD
61,2026-09-07,9,10.428,GOOD
61,2026-09-07,10,12.469,GOOD
61,2026-09-07,11,8.501,GOOD
61,2026-09-07,12,6.781,GOOD
61,2026-09-07,13,10.925,GOOD
61,2026-09-07,14,9.734,GOOD
61,2026-09-07,15,8.662,GOOD
61,2026-09-07,16,9.826,GOOD
61,2026-09-07,17,9.279,GOOD
61,2026-09-07,18,9.706,GOOD
61,2026-09-07,19,8.912,GOOD
61,2026-09-07,20,6.102,GOOD
61,2026-09-07,21,4.447,GOOD
61,2026-09-07,22,4.555,GOOD
61,2026-09-07,23,6.212,GOOD
61,2026-09-07,24,3.557,GOOD
61,2026-09-08,1,3.562,GOOD
61,2026-09-08,2,3.085,GOOD
61,2026-09-08,3,2.906,GOOD
61,2026-09-08,4,2.888,GOOD
61,2026-09-08,5,1.255,GOOD
61,2026-09-08,6,1.156,GOOD
61,2026-09-08,7,3.358,GOOD
61,2026-09-08,8,5.868,GOOD
61,2026-09-08,9,7.983,GOOD
61,2026-09-08,10,7.164,GOOD
61,2026-09-08,11,3.563,GOOD
61,2026-09-08,12,5.448,GOOD
61,2026-09-08,13,8.109,GOOD
61,2026-09-08,14,7.763,GOOD
61,2026-09-08,15,7.826,GOOD
61,2026-09-08,16,5.74,GOOD
61,2026-09-08,17,8.025,GOOD
61,2026-09-08,18,11.259,GOOD
61,2026-09-08,19,8.25,GOOD
61,2026-09-08,20,7.554,GOOD
61,2026-09-08,21,8.005,GOOD
61,2026-09-08,22,9.164,GOOD
61,2026-09-08,23,6.324,GOOD
61,2026-09-08,24,7.58,GOOD
61,2026-09-09,1,4.338,GOOD
61,2026-09-09,2,4.676,GOOD
61,2026-09-09,3,4.642,GOOD
61,2026-09-09,4,3.833,GOOD
61,2026-09-09,5,3.388,GOOD
61,2026-09-09,6,5.196,GOOD
61,2026-09-09,7,5.75,GOOD
61,2026-09-09,8,9.011,GOOD
61,2026-09-09,9,9.933,GOOD
61,2026-09-09,10,12.568,GOOD
61,2026-09-09,11,12.737,GOOD
61,2026-09-09,12,7.289,GOOD
61,2026-09-09,13,8.286,GOOD
61,2026-09-09,14,9.29,GOOD
61,2026-09-09,15,9.163,GOOD
61,2026-09-09,16,5.024,GOOD
61,2026-09-09,17,5.365,GOOD
61,2026-09-09,18,4.482,GOOD
61,2026-09-09,19,6.544,GOOD
61,2026-09-09,20,7.898,GOOD
61,2026-09-09,21,3.716,GOOD
61,2026-09-09,22,4.98,GOOD
61,2026-09-09,23,5.37,GOOD
61,2026-09-09,24,2.317,GOOD
61,2026-09-10,1,2.432,GOOD
61,2026-09-10,2,0.198,GOOD
61,2026-09-10,3,3.154,GOOD
61,2026-09-10,4,3.147,GOOD
61,2026-09-10,5,2.466,GOOD
61,2026-09-10,6,4.394,GOOD
61,2026-09-10,7,6.269,GOOD
61,2026-09-10,8,4.474,GOOD
61,2026-09-10,9,6.598,GOOD
61,2026-09-10,10,7.008,GOOD
61,2026-09-10,11,6.917,GOOD
61,2026-09-10,12,2.606,GOOD
61,2026-09-10,13,3.274,GOOD
61,2026-09-10,14,4.834,GOOD
61,2026-09-10,15,9.808,GOOD
61,2026-09-10,16,6.745,GOOD
61,2026-09-10,17,6.639,GOOD
61,2026-09-10,18,7.523,GOOD
61,2026-09-10,19,8.798,GOOD
61,2026-09-10,20,8.382,GOOD
61,2026-09-10,21,10.364,GOOD
61,2026-09-10,22,9.742,GOOD
61,2026-09-10,23,7.712,GOOD
61,2026-09-10,24,9.22,GOOD
61,2026-09-11,1,6.692,GOOD
61,2026-09-11,2,5.568,GOOD
61,2026-09-11,3,7.309,GOOD
61,2026-09-11,4,7.589,GOOD
61,2026-09-11,5,5.845,GOOD
61,2026-09-11,6,5.182,GOOD
61,2026-09-11,7,8.944,GOOD
61,2026-09-11,8,9.998,GOOD
61,2026-09-11,9,10.083,GOOD
61,2026-09-11,10,12.305,GOOD
61,2026-09-11,11,9.146,GOOD
61,2026-09-11,12,8.46,GOOD
61,2026-09-11,13,9.446,GOOD
61,2026-09-11,14,9.642,GOOD
61,2026-09-11,15,12.307,GOOD
61,2026-09-11,16,11.895,GOOD
61,2026-09-11,17,12.613,GOOD
61,2026-09-11,18,14.786,GOOD
61,2026-09-11,19,13.149,GOOD
61,2026-09-11,20,10.549,GOOD
61,2026-09-11,21,10.586,GOOD
61,2026-09-11,22,8.304,GOOD
61,2026-09-11,23,10.129,GOOD
61,2026-09-11,24,12.234,GOOD
61,2026-09-12,1,18.452,GOOD
61,2026-09-12,2,32.392,FAIR
61,2026-09-12,3,61.306,POOR
61,2026-09-12,4,35.512,FAIR
61,2026-09-12,5,27.035,FAIR
61,2026-09-12,6,25.682,FAIR
61,2026-09-12,7,26.609,FAIR
61,2026-09-12,8,25.179,FAIR
61,2026-09-12,9,26.476,FAIR
61,2026-09-12,10,22.053,GOOD
61,2026-09-12,11,18.332,GOOD
61,2026-09-12,12,16.981,GOOD
61,2026-09-12,13,15.087,GOOD
61,2026-09-12,14,12.394,GOOD
61,2026-09-12,15,7.968,GOOD
61,2026-09-12,16,6.284,GOOD
61,2026-09-12,17,6.154,GOOD
61,2026-09-12,18,5.14,GOOD
61,2026-09-12,19,5.797,GOOD
61,2026-09-12,20,8.879,GOOD
61,2026-09-12,21,6.97,GOOD
61,2026-09-12,22,5.171,GOOD
61,2026-09-12,23,3.131,GOOD
61,2026-09-12,24,2.499,GOOD
61,2026-09-13,1,3.807,GOOD
61,2026-09-13,2,5.376,GOOD
61,2026-09-13,3,1.912,GOOD
61,2026-09-13,4,3.962,GOOD
61,2026-09-13,5,19.649,GOOD
61,2026-09-13,6,12.676,GOOD
61,2026-09-13,7,27.239,FAIR
61,2026-09-13,8,14.875,GOOD
61,2026-09-13,9,11.495,GOOD
61,2026-09-13,10,20.356,GOOD
61,2026-09-13,11,30.683,FAIR
61,2026-09-13,12,23.487,GOOD
61,2026-09-13,13,9.331,GOOD
61,2026-09-13,14,10.066,GOOD
61,2026-09-13,15,6.898,GOOD
61,2026-09-13,16,7.945,GOOD
61,2026-09-13,17,4.96,GOOD
61,2026-09-13,18,5.321,GOOD
61,2026-09-13,19,6.705,GOOD
61,2026-09-13,20,6.538,GOOD
61,2026-09-13,21,8.936,GOOD
61,2026-09-13,22,5.145,GOOD
61,2026-09-13,23,4.703,GOOD
61,2026-09-13,24,7.819,GOOD
61,2026-09-14,1,5.109,GOOD
61,2026-09-14,2,3.628,GOOD
61,2026-09-14,3,2.382,GOOD
61,2026-09-14,4,5.242,GOOD
61,2026-09-14,5,8.149,GOOD
61,2026-09-14,6,10.018,GOOD
61,2026-09-14,7,20.929,GOOD
61,2026-09-14,8,25.383,FAIR
61,2026-09-14,9,24.951,FAIR
61,2026-09-14,10,22.626,GOOD
61,2026-09-14,11,21.159,GOOD
61,2026-09-14,12,17.483,GOOD
61,2026-09-14,13,14.915,GOOD
61,2026-09-14,14,13.46,GOOD
61,2026-09-14,15,10.019,GOOD
61,2026-09-14,16,12.423,GOOD
61,2026-09-14,17,16.767,GOOD
61,2026-09-14,18,14.351,GOOD
61,2026-09-14,19,11.433,GOOD
61,2026-09-14,20,10.106,GOOD
61,2026-09-14,21,8.747,GOOD
61,2026-09-14,22,8.904,GOOD
61,2026-09-14,23,8.398,GOOD
61,2026-09-14,24,10.684,GOOD
61,2026-09-15,1,11.252,GOOD
61,2026-09-15,2,12.545,GOOD
61,2026-09-15,3,7.447,GOOD
61,2026-09-15,4,8.45,GOOD
61,2026-09-15,5,4.973,GOOD
61,2026-09-15,6,9.814,GOOD
61,2026-09-15,7,11.465,GOOD
61,2026-09-15,8,12.729,GOOD
61,2026-09-15,9,13.268,GOOD
61,2026-09-15,10,13.635,GOOD
61,2026-09-15,11,13.522,GOOD
61,2026-09-15,12,6.466,GOOD
61,2026-09-15,13,8.885,GOOD
61,2026-09-15,14,10.154,GOOD
61,2026-09-15,15,12.728,GOOD
61,2026-09-15,16,12.303,GOOD
61,2026-09-15,17,10.848,GOOD
61,2026-09-15,18,10.947,GOOD
61,2026-09-15,19,8.634,GOOD
61,2026-09-15,20,5.369,GOOD
61,2026-09-15,21,4.144,GOOD
61,2026-09-15,22,3.672,GOOD
61,2026-09-15,23,3.84,GOOD
61,2026-09-15,24,2.587,GOOD
61,2026-09-16,1,1.876,GOOD
61,2026-09-16,2,2.366,GOOD
61,2026-09-16,3,3.431,GOOD
61,2026-09-16,4,3.213,GOOD
61,2026-09-16,5,3.087,GOOD
61,2026-09-16,6,4.658,GOOD
61,2026-09-16,7,5.093,GOOD
61,2026-09-16,8,4.849,GOOD
61,2026-09-16,9,4.322,GOOD
61,2026-09-16,10,3.417,GOOD
61,2026-09-16,11,2.08,GOOD
61,2026-09-16,12,3.051,GOOD
61,2026-09-16,13,3.57,GOOD
61,2026-09-16,14,7.051,GOOD
61,2026-09-16,15,4.409,GOOD
61,2026-09-16,16,2.831,GOOD
61,2026-09-16,17,5.073,GOOD
61,2026-09-16,18,4.989,GOOD
61,2026-09-16,19,2.849,GOOD
61,2026-09-16,20,2.7,GOOD
61,2026-09-16,21,2.319,GOOD
61,2026-09-16,22,6.088,GOOD
61,2026-09-16,23,4.59,GOOD
61,2026-09-16,24,3.528,GOOD
61,2026-09-17,1,2.889,GOOD
61,2026-09-17,2,1.109,GOOD
61,2026-09-17,3,1.274,GOOD
61,2026-09-17,4,3.395,GOOD
61,2026-09-17,5,1.003,GOOD
61,2026-09-17,6,3.409,GOOD
61,2026-09-17,7,3.813,GOOD
61,2026-09-17,8,6.598,GOOD
61,2026-09-17,9,4.212,GOOD
61,2026-09-17,10,5.557,GOOD
61,2026-09-17,11,5.438,GOOD
61,2026-09-17,12,3.948,GOOD
61,2026-09-17,13,5.219,GOOD
61,2026-09-17,14,5.061,GOOD
61,2026-09-17,15,5.775,GOOD
61,2026-09-17,16,8.381,GOOD
61,2026-09-17,17,10.833,GOOD
61,2026-09-17,18,9.984,GOOD
61,2026-09-17,19,7.937,GOOD
61,2026-09-17,20,7.387,GOOD
61,2026-09-17,21,6.861,GOOD
61,2026-09-17,22,5.11,GOOD
61,2026-09-17,23,7.153,GOOD
61,2026-09-17,24,6.929,GOOD
61,2026-09-18,1,6.06,GOOD
61,2026-09-18,2,3.511,GOOD
61,2026-09-18,3,1.803,GOOD
61,2026-09-18,4,4.361,GOOD
61,2026-09-18,5,4.506,GOOD
61,2026-09-18,6,4.541,GOOD
61,2026-09-18,7,4.983,GOOD
61,2026-09-18,8,8.097,GOOD
61,2026-09-18,9,9.684,GOOD
61,2026-09-18,10,9.71,GOOD
61,2026-09-18,11,10.107,GOOD
61,2026-09-18,12,10.336,GOOD
61,2026-09-18,13,7.828,GOOD
61,2026-09-18,14,6.619,GOOD
61,2026-09-18,15,7.053,GOOD
61,2026-09-18,16,5.802,GOOD
61,2026-09-18,17,8.877,GOOD
61,2026-09-18,18,10.009,GOOD
61,2026-09-18,19,12.999,GOOD
61,2026-09-18,20,10.395,GOOD
61,2026-09-18,21,10.36,GOOD
61,2026-09-18,22,15.078,GOOD
61,2026-09-18,23,13.126,GOOD
61,2026-09-18,24,11.978,GOOD
61,2026-09-19,1,9.493,GOOD
61,2026-09-19,2,7.162,GOOD
61,2026-09-19,3,4.368,GOOD
61,2026-09-19,4,5.616,GOOD
61,2026-09-19,5,4.879,GOOD
61,2026-09-19,6,0.375,GOOD
61,2026-09-19,7,5.4,GOOD
61,2026-09-19,8,5.896,GOOD
61,2026-09-19,9,5.383,GOOD
61,2026-09-19,10,5.588,GOOD
61,2026-09-19,11,1.607,GOOD
61,2026-09-19,12,4.638,GOOD
61,2026-09-19,13,6.524,GOOD
61,2026-09-19,14,4.925,GOOD
61,2026-09-19,15,8.415,GOOD
61,2026-09-19,16,8.975,GOOD
61,2026-09-19,17,13.382,GOOD
61,2026-09-19,18,8.456,GOOD
61,2026-09-19,19,7.258,GOOD
61,2026-09-19,20,12.278,GOOD
61,2026-09-19,21,8.293,GOOD
61,2026-09-19,22,3.889,GOOD
61,2026-09-19,23,2.428,GOOD
61,2026-09-19,24,2.586,GOOD
61,2026-09-20,1,2.342,GOOD
61,2026-09-20,2,2.168,GOOD
61,2026-09-20,3,2.255,GOOD
61,2026-09-20,4,3.836,GOOD
61,2026-09-20,5,2.088,GOOD
61,2026-09-20,6,2.834,GOOD
61,2026-09-20,7,5.383,GOOD
61,2026-09-20,8,9.222,GOOD
61,2026-09-20,9,7.902,GOOD
61,2026-09-20,10,3.796,GOOD
61,2026-09-20,11,5.408,GOOD
61,2026-09-20,12,6.441,GOOD
61,2026-09-20,13,7.406,GOOD
61,2026-09-20,14,5.73,GOOD
61,2026-09-20,15,10.163,GOOD
61,2026-09-20,16,8.676,GOOD
61,2026-09-20,17,8.541,GOOD
61,2026-09-20,18,11.981,GOOD
61,2026-09-20,19,11.157,GOOD
61,2026-09-20,20,11.217,GOOD
61,2026-09-20,21,5.094,GOOD
61,2026-09-20,22,5.852,GOOD
61,2026-09-20,23,6.569,GOOD
61,2026-09-20,24,5.924,GOOD
61,2026-09-21,1,2.59,GOOD
61,2026-09-21,2,1.345,GOOD
61,2026-09-21,3,3.692,GOOD
61,2026-09-21,4,2.556,GOOD
61,2026-09-21,5,0.657,GOOD
61,2026-09-21,6,3.389,GOOD
61,2026-09-21,7,4.982,GOOD
61,2026-09-21,8,4.612,GOOD
61,2026-09-21,9,8.603,GOOD
61,2026-09-21,10,6.123,GOOD
61,2026-09-21,11,6.313,GOOD
61,2026-09-21,12,7.022,GOOD
61,2026-09-21,13,12.04,GOOD
61,2026-09-21,14,14.357,GOOD
61,2026-09-21,15,13.958,GOOD
61,2026-09-21,16,10.51,GOOD
61,2026-09-21,17,9.278,GOOD
61,2026-09-21,18,5.538,GOOD
61,2026-09-21,19,7.378,GOOD
61,2026-09-21,20,6.685,GOOD
61,2026-09-21,21,7.158,GOOD
61,2026-09-21,22,1.931,GOOD
61,2026-09-21,23,1.231,GOOD
61,2026-09-21,24,2.65,GOOD
61,2026-09-22,1,3.164,GOOD
61,2026-09-22,2,2.992,GOOD
61,2026-09-22,3,3.207,GOOD
61,2026-09-22,4,2.517,GOOD
61,2026-09-22,5,2.802,GOOD
61,2026-09-22,6,4.587,GOOD
61,2026-09-22,7,7.734,GOOD
61,2026-09-22,8,8.555,GOOD
61,2026-09-22,9,7.834,GOOD
61,2026-09-22,10,8.233,GOOD
61,2026-09-22,11,5.421,GOOD
61,2026-09-22,12,7.409,GOOD
61,2026-09-22,13,9.812,GOOD
61,2026-09-22,14,4.579,GOOD
61,2026-09-22,15,-2.208,GOOD
61,2026-09-22,16,3.678,GOOD
61,2026-09-22,17,7.497,GOOD
61,2026-09-22,18,6.63,GOOD
61,2026-09-22,19,5.051,GOOD
61,2026-09-22,20,5.592,GOOD
61,2026-09-22,21,6.145,GOOD
61,2026-09-22,22,4.55,GOOD
61,2026-09-22,23,2.659,GOOD
61,2026-09-22,24,2.56,GOOD
61,2026-09-23,1,3.42,GOOD
61,2026-09-23,2,2.862,GOOD
61,2026-09-23,3,5.134,GOOD
61,2026-09-23,4,5.582,GOOD
61,2026-09-23,5,4.072,GOOD
61,2026-09-23,6,4.42,GOOD
61,2026-09-23,7,6.978,GOOD
61,2026-09-23,8,11.255,GOOD
61,2026-09-23,9,14.375,GOOD
61,2026-09-23,10,18.715,GOOD
61,2026-09-23,11,15.769,GOOD
61,2026-09-23,12,10.441,GOOD
61,2026-09-23,13,11.403,GOOD
61,2026-09-23,14,13.591,GOOD
61,2026-09-23,15,11.809,GOOD
61,2026-09-23,16,12.015,GOOD
61,2026-09-23,17,15.278,GOOD
61,2026-09-23,18,13.758,GOOD
61,2026-09-23,19,13.278,GOOD
61,2026-09-23,20,10.684,GOOD
61,2026-09-23,21,10.361,GOOD
61,2026-09-23,22,12.301,GOOD
61,2026-09-23,23,10.492,GOOD
61,2026-09-23,24,8.594,GOOD
61,2026-09-24,1,9.054,GOOD
61,2026-09-24,2,8.998,GOOD
61,2026-09-24,3,8.64,GOOD
61,2026-09-24,4,10.695,GOOD
61,2026-09-24,5,10.887,GOOD
61,2026-09-24,6,11.126,GOOD
61,2026-09-24,7,13.601,GOOD
61,2026-09-24,8,15.368,GOOD
61,2026-09-24,9,16.886,GOOD
61,2026-09-24,10,,
61,2026-09-24,11,,
61,2026-09-24,12,,
61,2026-09-24,13,,
61,2026-09-24,14,14.174,GOOD
61,2026-09-24,15,13.858,GOOD
61,2026-09-24,16,12.202,GOOD
61,2026-09-24,17,13.022,GOOD
61,2026-09-24,18,14.849,GOOD
61,2026-09-24,19,11.06,GOOD
61,2026-09-24,20,7.812,GOOD
61,2026-09-24,21,9.767,GOOD
61,2026-09-24,22,9.961,GOOD
61,2026-09-24,23,7.044,GOOD
61,2026-09-24,24,3.346,GOOD
61,2026-09-25,1,4.274,GOOD
61,2026-09-25,2,7.605,GOOD
61,2026-09-25,3,7.2,GOOD
61,2026-09-25,4,7.046,GOOD
61,2026-09-25,5,4.503,GOOD
61,2026-09-25,6,5.352,GOOD
61,2026-09-25,7,10.699,GOOD
61,2026-09-25,8,11.183,GOOD
61,2026-09-25,9,11.531,GOOD
61,2026-09-25,10,13.87,GOOD
61,2026-09-25,11,15.603,GOOD
61,2026-09-25,12,17.573,GOOD
61,2026-09-25,13,17.975,GOOD
61,2026-09-25,14,18.072,GOOD
61,2026-09-25,15,19.481,GOOD
61,2026-09-25,16,15.687,GOOD
61,2026-09-25,17,16.847,GOOD
61,2026-09-25,18,24.328,GOOD
61,2026-09-25,19,,
61,2026-09-25,20,,
61,2026-09-25,21,,
61,2026-09-25,22,17.233,GOOD
61,2026-09-25,23,12.425,GOOD
61,2026-09-25,24,13.569,GOOD
61,2026-09-26,1,14.516,GOOD
61,2026-09-26,2,11.547,GOOD
61,2026-09-26,3,12.921,GOOD
61,2026-09-26,4,11.071,GOOD
61,2026-09-26,5,11.231,GOOD
61,2026-09-26,6,16.694,GOOD
61,2026-09-26,7,22.133,GOOD
61,2026-09-26,8,25.286,FAIR
61,2026-09-26,9,17.972,GOOD
61,2026-09-26,10,17.063,GOOD
61,2026-09-26,11,16.699,GOOD
61,2026-09-26,12,13.572,GOOD
61,2026-09-26,13,14.158,GOOD
61,2026-09-26,14,21.761,GOOD
61,2026-09-26,15,23.268,GOOD
61,2026-09-26,16,19.337,GOOD
61,2026-09-26,17,20.371,GOOD
61,2026-09-26,18,17.619,GOOD
61,2026-09-26,19,14.047,GOOD
61,2026-09-26,20,13.722,GOOD
61,2026-09-26,21,17.413,GOOD
61,2026-09-26,22,10.145,GOOD
61,2026-09-26,23,7.459,GOOD
61,2026-09-26,24,8.236,GOOD
61,2026-09-27,1,9.578,GOOD
61,2026-09-27,2,4.322,GOOD
61,2026-09-27,3,2.758,GOOD
61,2026-09-27,4,0.086,GOOD
61,2026-09-27,5,4.435,GOOD
61,2026-09-27,6,2.313,GOOD
61,2026-09-27,7,1.903,GOOD
61,2026-09-27,8,3.769,GOOD
61,2026-09-27,9,2.96,GOOD
61,2026-09-27,10,5.261,GOOD
61,2026-09-27,11,5.308,GOOD
61,2026-09-27,12,6.59,GOOD
61,2026-09-27,13,3.201,GOOD
61,2026-09-27,14,3.742,GOOD
61,2026-09-27,15,3.123,GOOD
61,2026-09-27,16,6.783,GOOD
61,2026-09-27,17,6.85,GOOD
61,2026-09-27,18,6.786,GOOD
61,2026-09-27,19,5.75,GOOD
61,2026-09-27,20,4.64,GOOD
61,2026-09-27,21,3.017,GOOD
61,2026-09-27,22,4.869,GOOD
61,2026-09-27,23,5.483,GOOD
61,2026-09-27,24,5.702,GOOD
61,2026-09-28,1,4.22,GOOD
61,2026-09-28,2,1.318,GOOD
61,2026-09-28,3,2.716,GOOD
61,2026-09-28,4,3.113,GOOD
61,2026-09-28,5,3.218,GOOD
61,2026-09-28,6,4.619,GOOD
61,2026-09-28,7,6.786,GOOD
61,2026-09-28,8,6.964,GOOD
61,2026-09-28,9,9.881,GOOD
61,2026-09-28,10,9.043,GOOD
61,2026-09-28,11,5.466,GOOD
61,2026-09-28,12,7.079,GOOD
61,2026-09-28,13,6.705,GOOD
61,2026-09-28,14,7.106,GOOD
61,2026-09-28,15,6.098,GOOD
61,2026-09-28,16,6.62,GOOD
61,2026-09-28,17,7.595,GOOD
61,2026-09-28,18,8.147,GOOD
61,2026-09-28,19,11.763,GOOD
61,2026-09-28,20,10.611,GOOD
61,2026-09-28,21,9.031,GOOD
61,2026-09-28,22,7.205,GOOD
61,2026-09-28,23,3.608,GOOD
61,2026-09-28,24,4.647,GOOD
61,2026-09-29,1,6.023,GOOD
61,2026-09-29,2,5.461,GOOD
61,2026-09-29,3,1.553,GOOD
61,2026-09-29,4,1.622,GOOD
61,2026-09-29,5,5.105,GOOD
61,2026-09-29,6,7.041,GOOD
61,2026-09-29,7,9.786,GOOD
61,2026-09-29,8,9.889,GOOD
61,2026-09-29,9,12.478,GOOD
61,2026-09-29,10,15.633,GOOD
61,2026-09-29,11,5.782,GOOD
61,2026-09-29,12,6.5,GOOD
61,2026-09-29,13,6.101,GOOD
61,2026-09-29,14,4.245,GOOD
61,2026-09-29,15,5.509,GOOD
61,2026-09-29,16,5.299,GOOD
61,2026-09-29,17,6.193,GOOD
61,2026-09-29,18,7.762,GOOD
61,2026-09-29,19,7.406,GOOD
61,2026-09-29,20,4.867,GOOD
61,2026-09-29,21,8.206,GOOD
61,2026-09-29,22,2.758,GOOD
61,2026-09-29,23,4.177,GOOD
61,2026-09-29,24,4.953,GOOD
61,2026-09-30,1,2.849,GOOD
61,2026-09-30,2,2.017,GOOD
61,2026-09-30,3,6.242,GOOD
61,2026-09-30,4,10.551,GOOD
61,2026-09-30,5,6.045,GOOD
61,2026-09-30,6,4.949,GOOD
61,2026-09-30,7,3.28,GOOD
61,2026-09-30,8,7.275,GOOD
61,2026-09-30,9,9.778,GOOD
61,2026-09-30,10,12.492,GOOD
61,2026-09-30,11,10.637,GOOD
61,2026-09-30,12,8.327,GOOD
61,2026-09-30,13,13.566,GOOD
61,2026-09-30,14,12.524,GOOD
61,2026-09-30,15,14.22,GOOD
61,2026-09-30,16,12.172,GOOD
61,2026-09-30,17,11.214,GOOD
61,2026-09-30,18,8.323,GOOD
61,2026-09-30,19,6.906,GOOD
61,2026-09-30,20,8.95,GOOD
61,2026-09-30,21,9.506,GOOD
61,2026-09-30,22,7.724,GOOD
61,2026-09-30,23,7.255,GOOD
61,2026-09-30,24,6.428,GOOD
1650,2026-09-01,1,23.218,GOOD
1650,2026-09-01,2,16.075,GOOD
1650,2026-09-01,3,9.947,GOOD
1650,2026-09-01,4,8.959,GOOD
1650,2026-09-01,5,0.792,GOOD
1650,2026-09-01,6,-6.556,GOOD
1650,2026-09-01,7,-0.06,GOOD
1650,2026-09-01,8,5.214,GOOD
1650,2026-09-01,9,5.678,GOOD
1650,2026-09-01,10,3.466,GOOD
1650,2026-09-01,11,12.045,GOOD
1650,2026-09-01,12,9.333,GOOD
1650,2026-09-01,13,3.001,GOOD
1650,2026-09-01,14,-0.213,GOOD
1650,2026-09-01,15,,
1650,2026-09-01,16,,
1650,2026-09-01,17,,
1650,2026-09-01,18,,
1650,2026-09-01,19,,
1650,2026-09-01,20,,
1650,2026-09-01,21,,
1650,2026-09-01,22,,
1650,2026-09-01,23,,
1650,2026-09-01,24,,
1650,2026-09-02,1,,
1650,2026-09-02,2,,
1650,2026-09-02,3,,
1650,2026-09-02,4,,
1650,2026-09-02,5,,
1650,2026-09-02,6,,
1650,2026-09-02,7,,
1650,2026-09-02,8,,
1650,2026-09-02,9,,
1650,2026-09-02,10,,
1650,2026-09-02,11,,
1650,2026-09-02,12,,
1650,2026-09-02,13,,
1650,2026-09-02,14,,
1650,2026-09-02,15,,
1650,2026-09-02,16,,
1650,2026-09-02,17,,
1650,2026-09-02,18,14.572,GOOD
1650,2026-09-02,19,19.423,GOOD
1650,2026-09-02,20,20.723,GOOD
1650,2026-09-02,21,19.472,GOOD
1650,2026-09-02,22,13.534,GOOD
1650,2026-09-02,23,15.454,GOOD
1650,2026-09-02,24,15.954,GOOD
1650,2026-09-03,1,11.942,GOOD
1650,2026-09-03,2,8.49,GOOD
1650,2026-09-03,3,6.567,GOOD
1650,2026-09-03,4,3.508,GOOD
1650,2026-09-03,5,5.318,GOOD
1650,2026-09-03,6,4.318,GOOD
1650,2026-09-03,7,3.695,GOOD
1650,2026-09-03,8,5.521,GOOD
1650,2026-09-03,9,3.684,GOOD
1650,2026-09-03,10,3.348,GOOD
1650,2026-09-03,11,0.67,GOOD
1650,2026-09-03,12,0.342,GOOD
1650,2026-09-03,13,3.158,GOOD
1650,2026-09-03,14,2.431,GOOD
1650,2026-09-03,15,0.905,GOOD
1650,2026-09-03,16,1.977,GOOD
1650,2026-09-03,17,1.961,GOOD
1650,2026-09-03,18,-0.643,GOOD
1650,2026-09-03,19,3.735,GOOD
1650,2026-09-03,20,5.113,GOOD
1650,2026-09-03,21,6.048,GOOD
1650,2026-09-03,22,9.092,GOOD
1650,2026-09-03,23,17.084,GOOD
1650,2026-09-03,24,17.24,GOOD
1650,2026-09-04,1,19.445,GOOD
1650,2026-09-04,2,13.488,GOOD
1650,2026-09-04,3,12.732,GOOD
1650,2026-09-04,4,8.825,GOOD
1650,2026-09-04,5,5.661,GOOD
1650,2026-09-04,6,6.329,GOOD
1650,2026-09-04,7,6.822,GOOD
1650,2026-09-04,8,7.798,GOOD
1650,2026-09-04,9,8.148,GOOD
1650,2026-09-04,10,4.582,GOOD
1650,2026-09-04,11,0.524,GOOD
1650,2026-09-04,12,0.638,GOOD
1650,2026-09-04,13,-0.652,GOOD
1650,2026-09-04,14,-5.788,GOOD
1650,2026-09-04,15,-2.192,GOOD
1650,2026-09-04,16,0.118,GOOD
1650,2026-09-04,17,2.674,GOOD
1650,2026-09-04,18,1.535,GOOD
1650,2026-09-04,19,4.614,GOOD
1650,2026-09-04,20,12.888,GOOD
1650,2026-09-04,21,11.549,GOOD
1650,2026-09-04,22,13.195,GOOD
1650,2026-09-04,23,9.253,GOOD
1650,2026-09-04,24,3.897,GOOD
1650,2026-09-05,1,4.248,GOOD
1650,2026-09-05,2,3.028,GOOD
1650,2026-09-05,3,2.198,GOOD
1650,2026-09-05,4,1.187,GOOD
1650,2026-09-05,5,11.098,GOOD
1650,2026-09-05,6,8.571,GOOD
1650,2026-09-05,7,7.217,GOOD
1650,2026-09-05,8,3.901,GOOD
1650,2026-09-05,9,5.498,GOOD
1650,2026-09-05,10,5.149,GOOD
1650,2026-09-05,11,3.869,GOOD
1650,2026-09-05,12,4.089,GOOD
1650,2026-09-05,13,6.752,GOOD
1650,2026-09-05,14,2.112,GOOD
1650,2026-09-05,15,-1.114,GOOD
1650,2026-09-05,16,-0.495,GOOD
1650,2026-09-05,17,2.496,GOOD
1650,2026-09-05,18,1.647,GOOD
1650,2026-09-05,19,3.693,GOOD
1650,2026-09-05,20,3.667,GOOD
1650,2026-09-05,21,7.177,GOOD
1650,2026-09-05,22,7.606,GOOD
1650,2026-09-05,23,5.403,GOOD
1650,2026-09-05,24,3.174,GOOD
1650,2026-09-06,1,2.209,GOOD
1650,2026-09-06,2,3.357,GOOD
1650,2026-09-06,3,3.258,GOOD
1650,2026-09-06,4,2.004,GOOD
1650,2026-09-06,5,2.516,GOOD
1650,2026-09-06,6,0.369,GOOD
1650,2026-09-06,7,3.231,GOOD
1650,2026-09-06,8,2.108,GOOD
1650,2026-09-06,9,1.995,GOOD
1650,2026-09-06,10,4.218,GOOD
1650,2026-09-06,11,4.27,GOOD
1650,2026-09-06,12,3.822,GOOD
1650,2026-09-06,13,4.118,GOOD
1650,2026-09-06,14,2.101,GOOD
1650,2026-09-06,15,2.959,GOOD
1650,2026-09-06,16,3.379,GOOD
1650,2026-09-06,17,3.1,GOOD
1650,2026-09-06,18,3.181,GOOD
1650,2026-09-06,19,8.104,GOOD
1650,2026-09-06,20,9.265,GOOD
1650,2026-09-06,21,9.593,GOOD
1650,2026-09-06,22,20.263,GOOD
1650,2026-09-06,23,23.822,GOOD
1650,2026-09-06,24,23.086,GOOD
1650,2026-09-07,1,16.132,GOOD
1650,2026-09-07,2,9.61,GOOD
1650,2026-09-07,3,7.348,GOOD
1650,2026-09-07,4,0.752,GOOD
1650,2026-09-07,5,7.131,GOOD
1650,2026-09-07,6,7.911,GOOD
1650,2026-09-07,7,5.547,GOOD
1650,2026-09-07,8,4.409,GOOD
1650,2026-09-07,9,2.904,GOOD
1650,2026-09-07,10,-0.575,GOOD
1650,2026-09-07,11,-0.31,GOOD
1650,2026-09-07,12,-0.058,GOOD
1650,2026-09-07,13,-2.764,GOOD
1650,2026-09-07,14,-4.984,GOOD
1650,2026-09-07,15,-0.903,GOOD
1650,2026-09-07,16,-2.317,GOOD
1650,2026-09-07,17,-0.171,GOOD
1650,2026-09-07,18,0.414,GOOD
1650,2026-09-07,19,-0.098,GOOD
1650,2026-09-07,20,0.412,GOOD
1650,2026-09-07,21,1.614,GOOD
1650,2026-09-07,22,3,GOOD
1650,2026-09-07,23,3.731,GOOD
1650,2026-09-07,24,6.41,GOOD
1650,2026-09-08,1,12.666,GOOD
1650,2026-09-08,2,14.185,GOOD
1650,2026-09-08,3,7.73,GOOD
1650,2026-09-08,4,0.361,GOOD
1650,2026-09-08,5,-3.279,GOOD
1650,2026-09-08,6,1.318,GOOD
1650,2026-09-08,7,6.43,GOOD
1650,2026-09-08,8,7.105,GOOD
1650,2026-09-08,9,4.473,GOOD
1650,2026-09-08,10,0.556,GOOD
1650,2026-09-08,11,2.724,GOOD
1650,2026-09-08,12,11.471,GOOD
1650,2026-09-08,13,5.058,GOOD
1650,2026-09-08,14,0.877,GOOD
1650,2026-09-08,15,0.126,GOOD
1650,2026-09-08,16,1.208,GOOD
1650,2026-09-08,17,-1.496,GOOD
1650,2026-09-08,18,0.239,GOOD
1650,2026-09-08,19,0.444,GOOD
1650,2026-09-08,20,4.999,GOOD
1650,2026-09-08,21,7.928,GOOD
1650,2026-09-08,22,15.638,GOOD
1650,2026-09-08,23,20.106,GOOD
1650,2026-09-08,24,19.8,GOOD
1650,2026-09-09,1,15.745,GOOD
1650,2026-09-09,2,15.036,GOOD
1650,2026-09-09,3,7.167,GOOD
1650,2026-09-09,4,5.734,GOOD
1650,2026-09-09,5,5.442,GOOD
1650,2026-09-09,6,8.222,GOOD
1650,2026-09-09,7,4.911,GOOD
1650,2026-09-09,8,5.124,GOOD
1650,2026-09-09,9,0.777,GOOD
1650,2026-09-09,10,-3.692,GOOD
1650,2026-09-09,11,1.023,GOOD
1650,2026-09-09,12,2.417,GOOD
1650,2026-09-09,13,2.331,GOOD
1650,2026-09-09,14,5.856,GOOD
1650,2026-09-09,15,4.678,GOOD
1650,2026-09-09,16,2.699,GOOD
1650,2026-09-09,17,2.844,GOOD
1650,2026-09-09,18,1.129,GOOD
1650,2026-09-09,19,1.361,GOOD
1650,2026-09-09,20,3.994,GOOD
1650,2026-09-09,21,-3.989,GOOD
1650,2026-09-09,22,-1.608,GOOD
1650,2026-09-09,23,5.742,GOOD
1650,2026-09-09,24,6.454,GOOD
1650,2026-09-10,1,10.934,GOOD
1650,2026-09-10,2,8.112,GOOD
1650,2026-09-10,3,5.681,GOOD
1650,2026-09-10,4,4.412,GOOD
1650,2026-09-10,5,5.26,GOOD
1650,2026-09-10,6,8.74,GOOD
1650,2026-09-10,7,16.021,GOOD
1650,2026-09-10,8,13.4,GOOD
1650,2026-09-10,9,8.346,GOOD
1650,2026-09-10,10,2.394,GOOD
1650,2026-09-10,11,2.137,GOOD
1650,2026-09-10,12,11.542,GOOD
1650,2026-09-10,13,7.286,GOOD
1650,2026-09-10,14,3.101,GOOD
1650,2026-09-10,15,1.321,GOOD
1650,2026-09-10,16,1.743,GOOD
1650,2026-09-10,17,2.539,GOOD
1650,2026-09-10,18,2.823,GOOD
1650,2026-09-10,19,7.965,GOOD
1650,2026-09-10,20,12.661,GOOD
1650,2026-09-10,21,13.469,GOOD
1650,2026-09-10,22,15.684,GOOD
1650,2026-09-10,23,20.471,GOOD
1650,2026-09-10,24,23.071,GOOD
1650,2026-09-11,1,21.307,GOOD
1650,2026-09-11,2,15.786,GOOD
1650,2026-09-11,3,3.6,GOOD
1650,2026-09-11,4,-0.709,GOOD
1650,2026-09-11,5,1.592,GOOD
1650,2026-09-11,6,8.477,GOOD
1650,2026-09-11,7,12.073,GOOD
1650,2026-09-11,8,9.905,GOOD
1650,2026-09-11,9,3.574,GOOD
1650,2026-09-11,10,0.086,GOOD
1650,2026-09-11,11,13.2,GOOD
1650,2026-09-11,12,13.019,GOOD
1650,2026-09-11,13,4.965,GOOD
1650,2026-09-11,14,-0.058,GOOD
1650,2026-09-11,15,1.756,GOOD
1650,2026-09-11,16,3.297,GOOD
1650,2026-09-11,17,3.607,GOOD
1650,2026-09-11,18,2.986,GOOD
1650,2026-09-11,19,5.915,GOOD
1650,2026-09-11,20,12.035,GOOD
1650,2026-09-11,21,12.887,GOOD
1650,2026-09-11,22,17.996,GOOD
1650,2026-09-11,23,22.344,GOOD
1650,2026-09-11,24,22.452,GOOD
1650,2026-09-12,1,22.772,GOOD
1650,2026-09-12,2,15.888,GOOD
1650,2026-09-12,3,11.922,GOOD
1650,2026-09-12,4,8.997,GOOD
1650,2026-09-12,5,8.97,GOOD
1650,2026-09-12,6,1.675,GOOD
1650,2026-09-12,7,1.838,GOOD
1650,2026-09-12,8,1.268,GOOD
1650,2026-09-12,9,-3.258,GOOD
1650,2026-09-12,10,-0.643,GOOD
1650,2026-09-12,11,11.677,GOOD
1650,2026-09-12,12,3.596,GOOD
1650,2026-09-12,13,-1.082,GOOD
1650,2026-09-12,14,-2.761,GOOD
1650,2026-09-12,15,0.679,GOOD
1650,2026-09-12,16,2.739,GOOD
1650,2026-09-12,17,3.951,GOOD
1650,2026-09-12,18,5.265,GOOD
1650,2026-09-12,19,7.986,GOOD
1650,2026-09-12,20,17.475,GOOD
1650,2026-09-12,21,19.99,GOOD
1650,2026-09-12,22,25.274,FAIR
1650,2026-09-12,23,22.544,GOOD
1650,2026-09-12,24,26.099,FAIR
1650,2026-09-13,1,21.96,GOOD
1650,2026-09-13,2,18.546,GOOD
1650,2026-09-13,3,11.277,GOOD
1650,2026-09-13,4,8.828,GOOD
1650,2026-09-13,5,5.288,GOOD
1650,2026-09-13,6,4.602,GOOD
1650,2026-09-13,7,9.356,GOOD
1650,2026-09-13,8,10.6,GOOD
1650,2026-09-13,9,8.369,GOOD
1650,2026-09-13,10,7.743,GOOD
1650,2026-09-13,11,3.482,GOOD
1650,2026-09-13,12,1.479,GOOD
1650,2026-09-13,13,-6.155,GOOD
1650,2026-09-13,14,-4.604,GOOD
1650,2026-09-13,15,0.453,GOOD
1650,2026-09-13,16,4.247,GOOD
1650,2026-09-13,17,2.074,GOOD
1650,2026-09-13,18,4.249,GOOD
1650,2026-09-13,19,4.069,GOOD
1650,2026-09-13,20,5.792,GOOD
1650,2026-09-13,21,2.438,GOOD
1650,2026-09-13,22,4.562,GOOD
1650,2026-09-13,23,5.411,GOOD
1650,2026-09-13,24,4.768,GOOD
1650,2026-09-14,1,4.206,GOOD
1650,2026-09-14,2,2.886,GOOD
1650,2026-09-14,3,4.283,GOOD
1650,2026-09-14,4,1.816,GOOD
1650,2026-09-14,5,6.652,GOOD
1650,2026-09-14,6,5.661,GOOD
1650,2026-09-14,7,4.974,GOOD
1650,2026-09-14,8,5.63,GOOD
1650,2026-09-14,9,4.551,GOOD
1650,2026-09-14,10,2.208,GOOD
1650,2026-09-14,11,-0.766,GOOD
1650,2026-09-14,12,0.155,GOOD
1650,2026-09-14,13,2.677,GOOD
1650,2026-09-14,14,3.371,GOOD
1650,2026-09-14,15,4.25,GOOD
1650,2026-09-14,16,4.274,GOOD
1650,2026-09-14,17,5.636,GOOD
1650,2026-09-14,18,5.939,GOOD
1650,2026-09-14,19,6.303,GOOD
1650,2026-09-14,20,5.447,GOOD
1650,2026-09-14,21,11.152,GOOD
1650,2026-09-14,22,9.195,GOOD
1650,2026-09-14,23,8.115,GOOD
1650,2026-09-14,24,6.443,GOOD
1650,2026-09-15,1,2.769,GOOD
1650,2026-09-15,2,1.373,GOOD
1650,2026-09-15,3,2.097,GOOD
1650,2026-09-15,4,2.732,GOOD
1650,2026-09-15,5,1.688,GOOD
1650,2026-09-15,6,5.147,GOOD
1650,2026-09-15,7,6.366,GOOD
1650,2026-09-15,8,4.644,GOOD
1650,2026-09-15,9,4.483,GOOD
1650,2026-09-15,10,3.928,GOOD
1650,2026-09-15,11,2.956,GOOD
1650,2026-09-15,12,3.657,GOOD
1650,2026-09-15,13,3.313,GOOD
1650,2026-09-15,14,-1.512,GOOD
1650,2026-09-15,15,-0.425,GOOD
1650,2026-09-15,16,-0.33,GOOD
1650,2026-09-15,17,3.697,GOOD
1650,2026-09-15,18,3.185,GOOD
1650,2026-09-15,19,4.049,GOOD
1650,2026-09-15,20,2.645,GOOD
1650,2026-09-15,21,1.507,GOOD
1650,2026-09-15,22,3.913,GOOD
1650,2026-09-15,23,5.066,GOOD
1650,2026-09-15,24,3.767,GOOD
1650,2026-09-16,1,-3.847,GOOD
1650,2026-09-16,2,-4.089,GOOD
1650,2026-09-16,3,-0.273,GOOD
1650,2026-09-16,4,1.792,GOOD
1650,2026-09-16,5,3.151,GOOD
1650,2026-09-16,6,4.585,GOOD
1650,2026-09-16,7,7.182,GOOD
1650,2026-09-16,8,7.989,GOOD
1650,2026-09-16,9,6.059,GOOD
1650,2026-09-16,10,3.08,GOOD
1650,2026-09-16,11,-0.901,GOOD
1650,2026-09-16,12,6.415,GOOD
1650,2026-09-16,13,17.593,GOOD
1650,2026-09-16,14,10.416,GOOD
1650,2026-09-16,15,4.574,GOOD
1650,2026-09-16,16,4.67,GOOD
1650,2026-09-16,17,14.868,GOOD
1650,2026-09-16,18,17.273,GOOD
1650,2026-09-16,19,-0.501,GOOD
1650,2026-09-16,20,-2.607,GOOD
1650,2026-09-16,21,2.915,GOOD
1650,2026-09-16,22,6.852,GOOD
1650,2026-09-16,23,16.2,GOOD
1650,2026-09-16,24,10.672,GOOD
1650,2026-09-17,1,8.811,GOOD
1650,2026-09-17,2,7.557,GOOD
1650,2026-09-17,3,7.116,GOOD
1650,2026-09-17,4,8.034,GOOD
1650,2026-09-17,5,5.08,GOOD
1650,2026-09-17,6,8.41,GOOD
1650,2026-09-17,7,10.872,GOOD
1650,2026-09-17,8,7.523,GOOD
1650,2026-09-17,9,6.986,GOOD
1650,2026-09-17,10,-1.087,GOOD
1650,2026-09-17,11,2.821,GOOD
1650,2026-09-17,12,13.091,GOOD
1650,2026-09-17,13,9.81,GOOD
1650,2026-09-17,14,4.475,GOOD
1650,2026-09-17,15,4.999,GOOD
1650,2026-09-17,16,1.621,GOOD
1650,2026-09-17,17,1.906,GOOD
1650,2026-09-17,18,2.083,GOOD
1650,2026-09-17,19,3.914,GOOD
1650,2026-09-17,20,7.959,GOOD
1650,2026-09-17,21,14.096,GOOD
1650,2026-09-17,22,21.235,GOOD
1650,2026-09-17,23,27.178,FAIR
1650,2026-09-17,24,27.855,FAIR
1650,2026-09-18,1,12.519,GOOD
1650,2026-09-18,2,6.366,GOOD
1650,2026-09-18,3,6.962,GOOD
1650,2026-09-18,4,4.773,GOOD
1650,2026-09-18,5,7.442,GOOD
1650,2026-09-18,6,9.723,GOOD
1650,2026-09-18,7,9.644,GOOD
1650,2026-09-18,8,7.096,GOOD
1650,2026-09-18,9,4.847,GOOD
1650,2026-09-18,10,0.551,GOOD
1650,2026-09-18,11,10.224,GOOD
1650,2026-09-18,12,13.322,GOOD
1650,2026-09-18,13,9.268,GOOD
1650,2026-09-18,14,4.841,GOOD
1650,2026-09-18,15,-0.157,GOOD
1650,2026-09-18,16,-0.511,GOOD
1650,2026-09-18,17,0.871,GOOD
1650,2026-09-18,18,4.096,GOOD
1650,2026-09-18,19,5.465,GOOD
1650,2026-09-18,20,13.062,GOOD
1650,2026-09-18,21,23.832,GOOD
1650,2026-09-18,22,29.337,FAIR
1650,2026-09-18,23,34.664,FAIR
1650,2026-09-18,24,25.828,FAIR
1650,2026-09-19,1,17.751,GOOD
1650,2026-09-19,2,16.7,GOOD
1650,2026-09-19,3,14.956,GOOD
1650,2026-09-19,4,4.523,GOOD
1650,2026-09-19,5,-0.075,GOOD
1650,2026-09-19,6,3.137,GOOD
1650,2026-09-19,7,12.176,GOOD
1650,2026-09-19,8,6.629,GOOD
1650,2026-09-19,9,1.151,GOOD
1650,2026-09-19,10,-0.768,GOOD
1650,2026-09-19,11,10.339,GOOD
1650,2026-09-19,12,8.765,GOOD
1650,2026-09-19,13,2.53,GOOD
1650,2026-09-19,14,1.474,GOOD
1650,2026-09-19,15,-0.357,GOOD
1650,2026-09-19,16,1.024,GOOD
1650,2026-09-19,17,-0.069,GOOD
1650,2026-09-19,18,0.852,GOOD
1650,2026-09-19,19,4.46,GOOD
1650,2026-09-19,20,14.284,GOOD
1650,2026-09-19,21,20.097,GOOD
1650,2026-09-19,22,24.882,GOOD
1650,2026-09-19,23,25.99,FAIR
1650,2026-09-19,24,30.084,FAIR
1650,2026-09-20,1,24.903,GOOD
1650,2026-09-20,2,12.486,GOOD
1650,2026-09-20,3,8.41,GOOD
1650,2026-09-20,4,9.236,GOOD
1650,2026-09-20,5,7.072,GOOD
1650,2026-09-20,6,8.86,GOOD
1650,2026-09-20,7,9.035,GOOD
1650,2026-09-20,8,5.767,GOOD
1650,2026-09-20,9,4.095,GOOD
1650,2026-09-20,10,2.774,GOOD
1650,2026-09-20,11,5.688,GOOD
1650,2026-09-20,12,2.76,GOOD
1650,2026-09-20,13,-0.363,GOOD
1650,2026-09-20,14,-3.846,GOOD
1650,2026-09-20,15,-4.918,GOOD
1650,2026-09-20,16,-4.039,GOOD
1650,2026-09-20,17,-1.154,GOOD
1650,2026-09-20,18,-0.443,GOOD
1650,2026-09-20,19,3.294,GOOD
1650,2026-09-20,20,5.531,GOOD
1650,2026-09-20,21,4.206,GOOD
1650,2026-09-20,22,8.944,GOOD
1650,2026-09-20,23,14.074,GOOD
1650,2026-09-20,24,14.62,GOOD
1650,2026-09-21,1,11.86,GOOD
1650,2026-09-21,2,4.577,GOOD
1650,2026-09-21,3,2.399,GOOD
1650,2026-09-21,4,1.988,GOOD
1650,2026-09-21,5,5.313,GOOD
1650,2026-09-21,6,7.649,GOOD
1650,2026-09-21,7,6.607,GOOD
1650,2026-09-21,8,7.458,GOOD
1650,2026-09-21,9,6.366,GOOD
1650,2026-09-21,10,3.773,GOOD
1650,2026-09-21,11,1.345,GOOD
1650,2026-09-21,12,0.605,GOOD
1650,2026-09-21,13,0.603,GOOD
1650,2026-09-21,14,5.336,GOOD
1650,2026-09-21,15,0.6,GOOD
1650,2026-09-21,16,1.623,GOOD
1650,2026-09-21,17,3.018,GOOD
1650,2026-09-21,18,4.683,GOOD
1650,2026-09-21,19,4.086,GOOD
1650,2026-09-21,20,4.499,GOOD
1650,2026-09-21,21,9.625,GOOD
1650,2026-09-21,22,11.51,GOOD
1650,2026-09-21,23,10.98,GOOD
1650,2026-09-21,24,9.938,GOOD
1650,2026-09-22,1,11.291,GOOD
1650,2026-09-22,2,12.098,GOOD
1650,2026-09-22,3,10.337,GOOD
1650,2026-09-22,4,9.879,GOOD
1650,2026-09-22,5,11.63,GOOD
1650,2026-09-22,6,1.623,GOOD
1650,2026-09-22,7,0.612,GOOD
1650,2026-09-22,8,1.563,GOOD
1650,2026-09-22,9,0.037,GOOD
1650,2026-09-22,10,-0.834,GOOD
1650,2026-09-22,11,10.181,GOOD
1650,2026-09-22,12,11.073,GOOD
1650,2026-09-22,13,7.452,GOOD
1650,2026-09-22,14,6.291,GOOD
1650,2026-09-22,15,7.814,GOOD
1650,2026-09-22,16,6.399,GOOD
1650,2026-09-22,17,4.601,GOOD
1650,2026-09-22,18,4.306,GOOD
1650,2026-09-22,19,8.596,GOOD
1650,2026-09-22,20,7.811,GOOD
1650,2026-09-22,21,11.368,GOOD
1650,2026-09-22,22,9.836,GOOD
1650,2026-09-22,23,5.608,GOOD
1650,2026-09-22,24,6.639,GOOD
1650,2026-09-23,1,2.884,GOOD
1650,2026-09-23,2,3.408,GOOD
1650,2026-09-23,3,3.762,GOOD
1650,2026-09-23,4,4.199,GOOD
1650,2026-09-23,5,-2.832,GOOD
1650,2026-09-23,6,-0.307,GOOD
1650,2026-09-23,7,5.46,GOOD
1650,2026-09-23,8,6.416,GOOD
1650,2026-09-23,9,6.654,GOOD
1650,2026-09-23,10,2.844,GOOD
1650,2026-09-23,11,-2.197,GOOD
1650,2026-09-23,12,-4.505,GOOD
1650,2026-09-23,13,-3.346,GOOD
1650,2026-09-23,14,-1.031,GOOD
1650,2026-09-23,15,2.272,GOOD
1650,2026-09-23,16,3.154,GOOD
1650,2026-09-23,17,0.416,GOOD
1650,2026-09-23,18,2.371,GOOD
1650,2026-09-23,19,3.373,GOOD
1650,2026-09-23,20,7.173,GOOD
1650,2026-09-23,21,14.624,GOOD
1650,2026-09-23,22,18.654,GOOD
1650,2026-09-23,23,17.121,GOOD
1650,2026-09-23,24,13.925,GOOD
1650,2026-09-24,1,13.563,GOOD
1650,2026-09-24,2,9.616,GOOD
1650,2026-09-24,3,7.802,GOOD
1650,2026-09-24,4,3.518,GOOD
1650,2026-09-24,5,5.26,GOOD
1650,2026-09-24,6,2.164,GOOD
1650,2026-09-24,7,3.029,GOOD
1650,2026-09-24,8,3.777,GOOD
1650,2026-09-24,9,1.025,GOOD
1650,2026-09-24,10,1.392,GOOD
1650,2026-09-24,11,0.627,GOOD
1650,2026-09-24,12,2.894,GOOD
1650,2026-09-24,13,3.743,GOOD
1650,2026-09-24,14,3.957,GOOD
1650,2026-09-24,15,9.453,GOOD
1650,2026-09-24,16,8.705,GOOD
1650,2026-09-24,17,8.559,GOOD
1650,2026-09-24,18,10.385,GOOD
1650,2026-09-24,19,15.538,GOOD
1650,2026-09-24,20,17.381,GOOD
1650,2026-09-24,21,14.645,GOOD
1650,2026-09-24,22,14.75,GOOD
1650,2026-09-24,23,14.901,GOOD
1650,2026-09-24,24,21.607,GOOD
1650,2026-09-25,1,21.477,GOOD
1650,2026-09-25,2,15.963,GOOD
1650,2026-09-25,3,10.423,GOOD
1650,2026-09-25,4,10.683,GOOD
1650,2026-09-25,5,5.18,GOOD
1650,2026-09-25,6,5.015,GOOD
1650,2026-09-25,7,10.451,GOOD
1650,2026-09-25,8,12.151,GOOD
1650,2026-09-25,9,9.542,GOOD
1650,2026-09-25,10,8.483,GOOD
1650,2026-09-25,11,8.226,GOOD
1650,2026-09-25,12,7.334,GOOD
1650,2026-09-25,13,3.725,GOOD
1650,2026-09-25,14,3.934,GOOD
1650,2026-09-25,15,5.833,GOOD
1650,2026-09-25,16,7.555,GOOD
1650,2026-09-25,17,8.895,GOOD
1650,2026-09-25,18,7.258,GOOD
1650,2026-09-25,19,12.586,GOOD
1650,2026-09-25,20,14.66,GOOD
1650,2026-09-25,21,15.626,GOOD
1650,2026-09-25,22,17.941,GOOD
1650,2026-09-25,23,18.174,GOOD
1650,2026-09-25,24,13.204,GOOD
1650,2026-09-26,1,12.386,GOOD
1650,2026-09-26,2,11.245,GOOD
1650,2026-09-26,3,12.342,GOOD
1650,2026-09-26,4,10.911,GOOD
1650,2026-09-26,5,10.863,GOOD
1650,2026-09-26,6,13.107,GOOD
1650,2026-09-26,7,13.427,GOOD
1650,2026-09-26,8,7.881,GOOD
1650,2026-09-26,9,6.469,GOOD
1650,2026-09-26,10,6.001,GOOD
1650,2026-09-26,11,3.952,GOOD
1650,2026-09-26,12,5.029,GOOD
1650,2026-09-26,13,7.107,GOOD
1650,2026-09-26,14,6.851,GOOD
1650,2026-09-26,15,6.233,GOOD
1650,2026-09-26,16,6.705,GOOD
1650,2026-09-26,17,7.48,GOOD
1650,2026-09-26,18,6.939,GOOD
1650,2026-09-26,19,11.286,GOOD
1650,2026-09-26,20,6.598,GOOD
1650,2026-09-26,21,3.058,GOOD
1650,2026-09-26,22,4.8,GOOD
1650,2026-09-26,23,3.597,GOOD
1650,2026-09-26,24,4.612,GOOD
1650,2026-09-27,1,3.184,GOOD
1650,2026-09-27,2,2.129,GOOD
1650,2026-09-27,3,5.138,GOOD
1650,2026-09-27,4,0.789,GOOD
1650,2026-09-27,5,1.62,GOOD
1650,2026-09-27,6,1.564,GOOD
1650,2026-09-27,7,3.937,GOOD
1650,2026-09-27,8,4.557,GOOD
1650,2026-09-27,9,3.779,GOOD
1650,2026-09-27,10,3.528,GOOD
1650,2026-09-27,11,3.253,GOOD
1650,2026-09-27,12,1.291,GOOD
1650,2026-09-27,13,-2.733,GOOD
1650,2026-09-27,14,-7.427,GOOD
1650,2026-09-27,15,-3.214,GOOD
1650,2026-09-27,16,0.361,GOOD
1650,2026-09-27,17,0.075,GOOD
1650,2026-09-27,18,1.438,GOOD
1650,2026-09-27,19,1.175,GOOD
1650,2026-09-27,20,-1.163,GOOD
1650,2026-09-27,21,-1.476,GOOD
1650,2026-09-27,22,-0.631,GOOD
1650,2026-09-27,23,1.543,GOOD
1650,2026-09-27,24,4.21,GOOD
1650,2026-09-28,1,2.461,GOOD
1650,2026-09-28,2,1.144,GOOD
1650,2026-09-28,3,1.92,GOOD
1650,2026-09-28,4,2.938,GOOD
1650,2026-09-28,5,7.231,GOOD
1650,2026-09-28,6,23.742,GOOD
1650,2026-09-28,7,4.009,GOOD
1650,2026-09-28,8,3.017,GOOD
1650,2026-09-28,9,-0.982,GOOD
1650,2026-09-28,10,-4.06,GOOD
1650,2026-09-28,11,-0.659,GOOD
1650,2026-09-28,12,-2.453,GOOD
1650,2026-09-28,13,-3.803,GOOD
1650,2026-09-28,14,-3.396,GOOD
1650,2026-09-28,15,-0.792,GOOD
1650,2026-09-28,16,2.298,GOOD
1650,2026-09-28,17,23.881,GOOD
1650,2026-09-28,18,1.71,GOOD
1650,2026-09-28,19,-3.23,GOOD
1650,2026-09-28,20,0.878,GOOD
1650,2026-09-28,21,6.082,GOOD
1650,2026-09-28,22,8.368,GOOD
1650,2026-09-28,23,10.62,GOOD
1650,2026-09-28,24,6.982,GOOD
1650,2026-09-29,1,4.129,GOOD
1650,2026-09-29,2,1.788,GOOD
1650,2026-09-29,3,1.653,GOOD
1650,2026-09-29,4,1.175,GOOD
1650,2026-09-29,5,5.844,GOOD
1650,2026-09-29,6,3.012,GOOD
1650,2026-09-29,7,4.682,GOOD
1650,2026-09-29,8,5.009,GOOD
1650,2026-09-29,9,2.944,GOOD
1650,2026-09-29,10,1.061,GOOD
1650,2026-09-29,11,-0.034,GOOD
1650,2026-09-29,12,-0.131,GOOD
1650,2026-09-29,13,2.346,GOOD
1650,2026-09-29,14,0.417,GOOD
1650,2026-09-29,15,1.351,GOOD
1650,2026-09-29,16,2.235,GOOD
1650,2026-09-29,17,1.997,GOOD
1650,2026-09-29,18,1.45,GOOD
1650,2026-09-29,19,3.522,GOOD
1650,2026-09-29,20,6.431,GOOD
1650,2026-09-29,21,6.828,GOOD
1650,2026-09-29,22,11.044,GOOD
1650,2026-09-29,23,15.552,GOOD
1650,2026-09-29,24,14.206,GOOD
1650,2026-09-30,1,7.417,GOOD
1650,2026-09-30,2,4.263,GOOD
1650,2026-09-30,3,3.721,GOOD
1650,2026-09-30,4,5.169,GOOD
1650,2026-09-30,5,5.149,GOOD
1650,2026-09-30,6,5.715,GOOD
1650,2026-09-30,7,6.962,GOOD
1650,2026-09-30,8,8.07,GOOD
1650,2026-09-30,9,5.901,GOOD
1650,2026-09-30,10,6.267,GOOD
1650,2026-09-30,11,1.404,GOOD
1650,2026-09-30,12,-0.876,GOOD
1650,2026-09-30,13,-1.01,GOOD
1650,2026-09-30,14,-3.159,GOOD
1650,2026-09-30,15,-0.054,GOOD
1650,2026-09-30,16,-0.178,GOOD
1650,2026-09-30,17,3.569,GOOD
1650,2026-09-30,18,,
1650,2026-09-30,19,12.493,GOOD
1650,2026-09-30,20,9.437,GOOD
1650,2026-09-30,21,9.092,GOOD
1650,2026-09-30,22,5.592,GOOD
1650,2026-09-30,23,8.94,GOOD
1650,2026-09-30,24,7.079,GOOD
1800,2026-09-01,1,15.888,GOOD
1800,2026-09-01,2,20.079,GOOD
1800,2026-09-01,3,12.67,GOOD
1800,2026-09-01,4,11.388,GOOD
1800,2026-09-01,5,8,GOOD
1800,2026-09-01,6,8.804,GOOD
1800,2026-09-01,7,7.466,GOOD
1800,2026-09-01,8,6.147,GOOD
1800,2026-09-01,9,8.351,GOOD
1800,2026-09-01,10,6.859,GOOD
1800,2026-09-01,11,5.391,GOOD
1800,2026-09-01,12,9.784,GOOD
1800,2026-09-01,13,7.638,GOOD
1800,2026-09-01,14,,
1800,2026-09-01,15,,
1800,2026-09-01,16,,
1800,2026-09-01,17,,
1800,2026-09-01,18,,
1800,2026-09-01,19,,
1800,2026-09-01,20,,
1800,2026-09-01,21,,
1800,2026-09-01,22,,
1800,2026-09-01,23,,
1800,2026-09-01,24,,
1800,2026-09-02,1,,
1800,2026-09-02,2,,
1800,2026-09-02,3,,
1800,2026-09-02,4,,
1800,2026-09-02,5,,
1800,2026-09-02,6,,
1800,2026-09-02,7,,
1800,2026-09-02,8,,
1800,2026-09-02,9,,
1800,2026-09-02,10,,
1800,2026-09-02,11,,
1800,2026-09-02,12,,
1800,2026-09-02,13,,
1800,2026-09-02,14,,
1800,2026-09-02,15,,
1800,2026-09-02,16,,
1800,2026-09-02,17,,
1800,2026-09-02,18,,
1800,2026-09-02,19,,
1800,2026-09-02,20,,
1800,2026-09-02,21,5.105,GOOD
1800,2026-09-02,22,7.216,GOOD
1800,2026-09-02,23,8.821,GOOD
1800,2026-09-02,24,4.615,GOOD
1800,2026-09-03,1,3.049,GOOD
1800,2026-09-03,2,4.425,GOOD
1800,2026-09-03,3,4.794,GOOD
1800,2026-09-03,4,3.538,GOOD
1800,2026-09-03,5,0.018,GOOD
1800,2026-09-03,6,-1.366,GOOD
1800,2026-09-03,7,0.41,GOOD
1800,2026-09-03,8,4.01,GOOD
1800,2026-09-03,9,4.465,GOOD
1800,2026-09-03,10,3.593,GOOD
1800,2026-09-03,11,2.944,GOOD
1800,2026-09-03,12,2.884,GOOD
1800,2026-09-03,13,3.781,GOOD
1800,2026-09-03,14,0.283,GOOD
1800,2026-09-03,15,2.399,GOOD
1800,2026-09-03,16,2.348,GOOD
1800,2026-09-03,17,0.961,GOOD
1800,2026-09-03,18,0.647,GOOD
1800,2026-09-03,19,2.827,GOOD
1800,2026-09-03,20,5.029,GOOD
1800,2026-09-03,21,7.034,GOOD
1800,2026-09-03,22,4.618,GOOD
1800,2026-09-03,23,5.373,GOOD
1800,2026-09-03,24,11.751,GOOD
1800,2026-09-04,1,8.746,GOOD
1800,2026-09-04,2,9.828,GOOD
1800,2026-09-04,3,13.06,GOOD
1800,2026-09-04,4,10.97,GOOD
1800,2026-09-04,5,12.067,GOOD
1800,2026-09-04,6,14.488,GOOD
1800,2026-09-04,7,9.943,GOOD
1800,2026-09-04,8,8.64,GOOD
1800,2026-09-04,9,8.563,GOOD
1800,2026-09-04,10,2.613,GOOD
1800,2026-09-04,11,0.11,GOOD
1800,2026-09-04,12,-0.798,GOOD
1800,2026-09-04,13,2.387,GOOD
1800,2026-09-04,14,2.825,GOOD
1800,2026-09-04,15,-0.012,GOOD
1800,2026-09-04,16,0.452,GOOD
1800,2026-09-04,17,0.125,GOOD
1800,2026-09-04,18,2.332,GOOD
1800,2026-09-04,19,3.9,GOOD
1800,2026-09-04,20,6.332,GOOD
1800,2026-09-04,21,7.033,GOOD
1800,2026-09-04,22,10.393,GOOD
1800,2026-09-04,23,19.968,GOOD
1800,2026-09-04,24,29.765,FAIR
1800,2026-09-05,1,40.851,FAIR
1800,2026-09-05,2,34.413,FAIR
1800,2026-09-05,3,12.287,GOOD
1800,2026-09-05,4,10.563,GOOD
1800,2026-09-05,5,12.478,GOOD
1800,2026-09-05,6,11.063,GOOD
1800,2026-09-05,7,5.645,GOOD
1800,2026-09-05,8,-2.648,GOOD
1800,2026-09-05,9,6.435,GOOD
1800,2026-09-05,10,1.86,GOOD
1800,2026-09-05,11,2.709,GOOD
1800,2026-09-05,12,-0.596,GOOD
1800,2026-09-05,13,1.734,GOOD
1800,2026-09-05,14,0.071,GOOD
1800,2026-09-05,15,5.974,GOOD
1800,2026-09-05,16,4.619,GOOD
1800,2026-09-05,17,3.512,GOOD
1800,2026-09-05,18,-0.723,GOOD
1800,2026-09-05,19,5.073,GOOD
1800,2026-09-05,20,2.781,GOOD
1800,2026-09-05,21,5.864,GOOD
1800,2026-09-05,22,0.92,GOOD
1800,2026-09-05,23,2.551,GOOD
1800,2026-09-05,24,3.754,GOOD
1800,2026-09-06,1,2.742,GOOD
1800,2026-09-06,2,3.541,GOOD
1800,2026-09-06,3,2.126,GOOD
1800,2026-09-06,4,1.814,GOOD
1800,2026-09-06,5,0.167,GOOD
1800,2026-09-06,6,-0.062,GOOD
1800,2026-09-06,7,0.446,GOOD
1800,2026-09-06,8,1.579,GOOD
1800,2026-09-06,9,3.955,GOOD
1800,2026-09-06,10,2.218,GOOD
1800,2026-09-06,11,1.536,GOOD
1800,2026-09-06,12,1.3,GOOD
1800,2026-09-06,13,0.616,GOOD
1800,2026-09-06,14,-2.329,GOOD
1800,2026-09-06,15,-0.556,GOOD
1800,2026-09-06,16,2.965,GOOD
1800,2026-09-06,17,8.572,GOOD
1800,2026-09-06,18,19.022,GOOD
1800,2026-09-06,19,7.779,GOOD
1800,2026-09-06,20,3.628,GOOD
1800,2026-09-06,21,4.79,GOOD
1800,2026-09-06,22,4.984,GOOD
1800,2026-09-06,23,4.904,GOOD
1800,2026-09-06,24,1.474,GOOD
1800,2026-09-07,1,-0.571,GOOD
1800,2026-09-07,2,0.417,GOOD
1800,2026-09-07,3,-1.408,GOOD
1800,2026-09-07,4,-1.71,GOOD
1800,2026-09-07,5,0.862,GOOD
1800,2026-09-07,6,3.891,GOOD
1800,2026-09-07,7,5.727,GOOD
1800,2026-09-07,8,4.918,GOOD
1800,2026-09-07,9,4.458,GOOD
1800,2026-09-07,10,3.522,GOOD
1800,2026-09-07,11,4.004,GOOD
1800,2026-09-07,12,6.559,GOOD
1800,2026-09-07,13,-1.729,GOOD
1800,2026-09-07,14,-1.799,GOOD
1800,2026-09-07,15,3.958,GOOD
1800,2026-09-07,16,4.5,GOOD
1800,2026-09-07,17,2.371,GOOD
1800,2026-09-07,18,3.236,GOOD
1800,2026-09-07,19,4.688,GOOD
1800,2026-09-07,20,5.734,GOOD
1800,2026-09-07,21,6.118,GOOD
1800,2026-09-07,22,1.943,GOOD
1800,2026-09-07,23,1.815,GOOD
1800,2026-09-07,24,1.693,GOOD
1800,2026-09-08,1,-1.548,GOOD
1800,2026-09-08,2,1.226,GOOD
1800,2026-09-08,3,-1.001,GOOD
1800,2026-09-08,4,1.341,GOOD
1800,2026-09-08,5,3.149,GOOD
1800,2026-09-08,6,1.357,GOOD
1800,2026-09-08,7,3.378,GOOD
1800,2026-09-08,8,1.042,GOOD
1800,2026-09-08,9,2.315,GOOD
1800,2026-09-08,10,0.684,GOOD
1800,2026-09-08,11,-0.986,GOOD
1800,2026-09-08,12,-0.34,GOOD
1800,2026-09-08,13,4.21,GOOD
1800,2026-09-08,14,5.649,GOOD
1800,2026-09-08,15,1.386,GOOD
1800,2026-09-08,16,-0.737,GOOD
1800,2026-09-08,17,2.83,GOOD
1800,2026-09-08,18,1.348,GOOD
1800,2026-09-08,19,5.499,GOOD
1800,2026-09-08,20,11.596,GOOD
1800,2026-09-08,21,15.621,GOOD
1800,2026-09-08,22,26.244,FAIR
1800,2026-09-08,23,24.645,GOOD
1800,2026-09-08,24,18.235,GOOD
1800,2026-09-09,1,21.489,GOOD
1800,2026-09-09,2,27.424,FAIR
1800,2026-09-09,3,31.458,FAIR
1800,2026-09-09,4,26.717,FAIR
1800,2026-09-09,5,14.39,GOOD
1800,2026-09-09,6,15.158,GOOD
1800,2026-09-09,7,13.324,GOOD
1800,2026-09-09,8,15.789,GOOD
1800,2026-09-09,9,7.046,GOOD
1800,2026-09-09,10,0.892,GOOD
1800,2026-09-09,11,1.792,GOOD
1800,2026-09-09,12,1.023,GOOD
1800,2026-09-09,13,0.023,GOOD
1800,2026-09-09,14,-0.152,GOOD
1800,2026-09-09,15,3.044,GOOD
1800,2026-09-09,16,3.771,GOOD
1800,2026-09-09,17,2.442,GOOD
1800,2026-09-09,18,3.152,GOOD
1800,2026-09-09,19,4.763,GOOD
1800,2026-09-09,20,7.858,GOOD
1800,2026-09-09,21,8.988,GOOD
1800,2026-09-09,22,12.942,GOOD
1800,2026-09-09,23,10.823,GOOD
1800,2026-09-09,24,8.935,GOOD
1800,2026-09-10,1,6.485,GOOD
1800,2026-09-10,2,6.408,GOOD
1800,2026-09-10,3,1.884,GOOD
1800,2026-09-10,4,3.68,GOOD
1800,2026-09-10,5,2.445,GOOD
1800,2026-09-10,6,0.673,GOOD
1800,2026-09-10,7,-0.004,GOOD
1800,2026-09-10,8,3.048,GOOD
1800,2026-09-10,9,3.48,GOOD
1800,2026-09-10,10,-0.84,GOOD
1800,2026-09-10,11,0.15,GOOD
1800,2026-09-10,12,3.033,GOOD
1800,2026-09-10,13,0.806,GOOD
1800,2026-09-10,14,1.807,GOOD
1800,2026-09-10,15,3.568,GOOD
1800,2026-09-10,16,5.286,GOOD
1800,2026-09-10,17,3.921,GOOD
1800,2026-09-10,18,2.293,GOOD
1800,2026-09-10,19,4.178,GOOD
1800,2026-09-10,20,10.957,GOOD
1800,2026-09-10,21,14.318,GOOD
1800,2026-09-10,22,13.499,GOOD
1800,2026-09-10,23,9.016,GOOD
1800,2026-09-10,24,11.317,GOOD
1800,2026-09-11,1,10.823,GOOD
1800,2026-09-11,2,5.355,GOOD
1800,2026-09-11,3,5.496,GOOD
1800,2026-09-11,4,7.299,GOOD
1800,2026-09-11,5,5.783,GOOD
1800,2026-09-11,6,1.83,GOOD
1800,2026-09-11,7,2.639,GOOD
1800,2026-09-11,8,3.335,GOOD
1800,2026-09-11,9,3.17,GOOD
1800,2026-09-11,10,5.211,GOOD
1800,2026-09-11,11,4.551,GOOD
1800,2026-09-11,12,3.835,GOOD
1800,2026-09-11,13,2.476,GOOD
1800,2026-09-11,14,3.298,GOOD
1800,2026-09-11,15,2.806,GOOD
1800,2026-09-11,16,1.278,GOOD
1800,2026-09-11,17,3.824,GOOD
1800,2026-09-11,18,2.157,GOOD
1800,2026-09-11,19,8.674,GOOD
1800,2026-09-11,20,14.865,GOOD
1800,2026-09-11,21,7.047,GOOD
1800,2026-09-11,22,10.865,GOOD
1800,2026-09-11,23,11.394,GOOD
1800,2026-09-11,24,11.64,GOOD
1800,2026-09-12,1,6.818,GOOD
1800,2026-09-12,2,8.201,GOOD
1800,2026-09-12,3,8.767,GOOD
1800,2026-09-12,4,2.599,GOOD
1800,2026-09-12,5,-2.41,GOOD
1800,2026-09-12,6,-2.732,GOOD
1800,2026-09-12,7,0.542,GOOD
1800,2026-09-12,8,8.864,GOOD
1800,2026-09-12,9,7.986,GOOD
1800,2026-09-12,10,7.738,GOOD
1800,2026-09-12,11,7.409,GOOD
1800,2026-09-12,12,5.356,GOOD
1800,2026-09-12,13,3.199,GOOD
1800,2026-09-12,14,2.353,GOOD
1800,2026-09-12,15,6.41,GOOD
1800,2026-09-12,16,7.118,GOOD
1800,2026-09-12,17,4.526,GOOD
1800,2026-09-12,18,2.148,GOOD
1800,2026-09-12,19,9.609,GOOD
1800,2026-09-12,20,17.415,GOOD
1800,2026-09-12,21,18.047,GOOD
1800,2026-09-12,22,14.806,GOOD
1800,2026-09-12,23,18.51,GOOD
1800,2026-09-12,24,26.689,FAIR
1800,2026-09-13,1,22.388,GOOD
1800,2026-09-13,2,14.131,GOOD
1800,2026-09-13,3,15.15,GOOD
1800,2026-09-13,4,16.197,GOOD
1800,2026-09-13,5,16.125,GOOD
1800,2026-09-13,6,12.999,GOOD
1800,2026-09-13,7,10.942,GOOD
1800,2026-09-13,8,11.033,GOOD
1800,2026-09-13,9,8.768,GOOD
1800,2026-09-13,10,6.579,GOOD
1800,2026-09-13,11,4.393,GOOD
1800,2026-09-13,12,5.804,GOOD
1800,2026-09-13,13,4.94,GOOD
1800,2026-09-13,14,3.439,GOOD
1800,2026-09-13,15,4.9,GOOD
1800,2026-09-13,16,1.577,GOOD
1800,2026-09-13,17,1.007,GOOD
1800,2026-09-13,18,3.087,GOOD
1800,2026-09-13,19,5.628,GOOD
1800,2026-09-13,20,11.847,GOOD
1800,2026-09-13,21,15.664,GOOD
1800,2026-09-13,22,23.778,GOOD
1800,2026-09-13,23,16.827,GOOD
1800,2026-09-13,24,14.569,GOOD
1800,2026-09-14,1,17.595,GOOD
1800,2026-09-14,2,15.767,GOOD
1800,2026-09-14,3,18.131,GOOD
1800,2026-09-14,4,12.892,GOOD
1800,2026-09-14,5,12.347,GOOD
1800,2026-09-14,6,3.45,GOOD
1800,2026-09-14,7,9.752,GOOD
1800,2026-09-14,8,8.759,GOOD
1800,2026-09-14,9,1.112,GOOD
1800,2026-09-14,10,2.552,GOOD
1800,2026-09-14,11,2.132,GOOD
1800,2026-09-14,12,-0.589,GOOD
1800,2026-09-14,13,1.453,GOOD
1800,2026-09-14,14,4.313,GOOD
1800,2026-09-14,15,2.866,GOOD
1800,2026-09-14,16,1.484,GOOD
1800,2026-09-14,17,6.484,GOOD
1800,2026-09-14,18,6.484,GOOD
1800,2026-09-14,19,5.853,GOOD
1800,2026-09-14,20,5.786,GOOD
1800,2026-09-14,21,5.704,GOOD
1800,2026-09-14,22,11.796,GOOD
1800,2026-09-14,23,7.016,GOOD
1800,2026-09-14,24,8.673,GOOD
1800,2026-09-15,1,13.045,GOOD
1800,2026-09-15,2,14.339,GOOD
1800,2026-09-15,3,11.389,GOOD
1800,2026-09-15,4,9.679,GOOD
1800,2026-09-15,5,7.458,GOOD
1800,2026-09-15,6,8.819,GOOD
1800,2026-09-15,7,12.798,GOOD
1800,2026-09-15,8,16.558,GOOD
1800,2026-09-15,9,13.42,GOOD
1800,2026-09-15,10,2.553,GOOD
1800,2026-09-15,11,2.502,GOOD
1800,2026-09-15,12,2.54,GOOD
1800,2026-09-15,13,4.005,GOOD
1800,2026-09-15,14,2.372,GOOD
1800,2026-09-15,15,3.061,GOOD
1800,2026-09-15,16,4.334,GOOD
1800,2026-09-15,17,1.791,GOOD
1800,2026-09-15,18,-0.617,GOOD
1800,2026-09-15,19,1.021,GOOD
1800,2026-09-15,20,2.777,GOOD
1800,2026-09-15,21,3.252,GOOD
1800,2026-09-15,22,5.951,GOOD
1800,2026-09-15,23,5.393,GOOD
1800,2026-09-15,24,3.24,GOOD
1800,2026-09-16,1,4.023,GOOD
1800,2026-09-16,2,6.159,GOOD
1800,2026-09-16,3,4.123,GOOD
1800,2026-09-16,4,1.218,GOOD
1800,2026-09-16,5,1.26,GOOD
1800,2026-09-16,6,2.05,GOOD
1800,2026-09-16,7,3.164,GOOD
1800,2026-09-16,8,1.237,GOOD
1800,2026-09-16,9,3.311,GOOD
1800,2026-09-16,10,3.535,GOOD
1800,2026-09-16,11,-0.554,GOOD
1800,2026-09-16,12,2.024,GOOD
1800,2026-09-16,13,1.426,GOOD
1800,2026-09-16,14,0.734,GOOD
1800,2026-09-16,15,2.751,GOOD
1800,2026-09-16,16,2.273,GOOD
1800,2026-09-16,17,2.639,GOOD
1800,2026-09-16,18,2.85,GOOD
1800,2026-09-16,19,5.994,GOOD
1800,2026-09-16,20,3.084,GOOD
1800,2026-09-16,21,4.125,GOOD
1800,2026-09-16,22,4.476,GOOD
1800,2026-09-16,23,3.744,GOOD
1800,2026-09-16,24,4.242,GOOD
1800,2026-09-17,1,5.324,GOOD
1800,2026-09-17,2,2.587,GOOD
1800,2026-09-17,3,3.494,GOOD
1800,2026-09-17,4,3.752,GOOD
1800,2026-09-17,5,3.836,GOOD
1800,2026-09-17,6,3.229,GOOD
1800,2026-09-17,7,4.782,GOOD
1800,2026-09-17,8,3.599,GOOD
1800,2026-09-17,9,1.278,GOOD
1800,2026-09-17,10,2.722,GOOD
1800,2026-09-17,11,4.015,GOOD
1800,2026-09-17,12,0.747,GOOD
1800,2026-09-17,13,1.086,GOOD
1800,2026-09-17,14,1.911,GOOD
1800,2026-09-17,15,1.749,GOOD
1800,2026-09-17,16,3.056,GOOD
1800,2026-09-17,17,5.798,GOOD
1800,2026-09-17,18,3.125,GOOD
1800,2026-09-17,19,2.863,GOOD
1800,2026-09-17,20,7.648,GOOD
1800,2026-09-17,21,13.063,GOOD
1800,2026-09-17,22,21.698,GOOD
1800,2026-09-17,23,16.168,GOOD
1800,2026-09-17,24,11.522,GOOD
1800,2026-09-18,1,7.986,GOOD
1800,2026-09-18,2,8.969,GOOD
1800,2026-09-18,3,7.79,GOOD
1800,2026-09-18,4,6.629,GOOD
1800,2026-09-18,5,4.024,GOOD
1800,2026-09-18,6,3.565,GOOD
1800,2026-09-18,7,10.913,GOOD
1800,2026-09-18,8,11.195,GOOD
1800,2026-09-18,9,7.654,GOOD
1800,2026-09-18,10,2.376,GOOD
1800,2026-09-18,11,4.829,GOOD
1800,2026-09-18,12,3.173,GOOD
1800,2026-09-18,13,0.031,GOOD
1800,2026-09-18,14,1.216,GOOD
1800,2026-09-18,15,3.647,GOOD
1800,2026-09-18,16,1.595,GOOD
1800,2026-09-18,17,1.659,GOOD
1800,2026-09-18,18,4.113,GOOD
1800,2026-09-18,19,2.128,GOOD
1800,2026-09-18,20,7.575,GOOD
1800,2026-09-18,21,17.392,GOOD
1800,2026-09-18,22,10.948,GOOD
1800,2026-09-18,23,8.387,GOOD
1800,2026-09-18,24,9.167,GOOD
1800,2026-09-19,1,5.399,GOOD
1800,2026-09-19,2,3.908,GOOD
1800,2026-09-19,3,4.99,GOOD
1800,2026-09-19,4,6.691,GOOD
1800,2026-09-19,5,7.502,GOOD
1800,2026-09-19,6,5.07,GOOD
1800,2026-09-19,7,3.898,GOOD
1800,2026-09-19,8,3.099,GOOD
1800,2026-09-19,9,3.628,GOOD
1800,2026-09-19,10,3.296,GOOD
1800,2026-09-19,11,1.381,GOOD
1800,2026-09-19,12,-0.2,GOOD
1800,2026-09-19,13,-0.242,GOOD
1800,2026-09-19,14,3.52,GOOD
1800,2026-09-19,15,3.233,GOOD
1800,2026-09-19,16,5.785,GOOD
1800,2026-09-19,17,1.614,GOOD
1800,2026-09-19,18,1.673,GOOD
1800,2026-09-19,19,1.918,GOOD
1800,2026-09-19,20,18.072,GOOD
1800,2026-09-19,21,37.739,FAIR
1800,2026-09-19,22,20.009,GOOD
1800,2026-09-19,23,18.261,GOOD
1800,2026-09-19,24,19.283,GOOD
1800,2026-09-20,1,17.729,GOOD
1800,2026-09-20,2,13.629,GOOD
1800,2026-09-20,3,16.805,GOOD
1800,2026-09-20,4,10.471,GOOD
1800,2026-09-20,5,9.908,GOOD
1800,2026-09-20,6,4.274,GOOD
1800,2026-09-20,7,6.515,GOOD
1800,2026-09-20,8,2.686,GOOD
1800,2026-09-20,9,3.561,GOOD
1800,2026-09-20,10,1.941,GOOD
1800,2026-09-20,11,0.355,GOOD
1800,2026-09-20,12,2.934,GOOD
1800,2026-09-20,13,1.498,GOOD
1800,2026-09-20,14,2.118,GOOD
1800,2026-09-20,15,-0.509,GOOD
1800,2026-09-20,16,0.907,GOOD
1800,2026-09-20,17,2.607,GOOD
1800,2026-09-20,18,1.835,GOOD
1800,2026-09-20,19,4.079,GOOD
1800,2026-09-20,20,15.801,GOOD
1800,2026-09-20,21,20.369,GOOD
1800,2026-09-20,22,16.438,GOOD
1800,2026-09-20,23,12.868,GOOD
1800,2026-09-20,24,8.917,GOOD
1800,2026-09-21,1,7.52,GOOD
1800,2026-09-21,2,5.532,GOOD
1800,2026-09-21,3,4.765,GOOD
1800,2026-09-21,4,3.929,GOOD
1800,2026-09-21,5,2.402,GOOD
1800,2026-09-21,6,2.433,GOOD
1800,2026-09-21,7,4.357,GOOD
1800,2026-09-21,8,4.775,GOOD
1800,2026-09-21,9,3.895,GOOD
1800,2026-09-21,10,2.322,GOOD
1800,2026-09-21,11,2.271,GOOD
1800,2026-09-21,12,3.657,GOOD
1800,2026-09-21,13,4.736,GOOD
1800,2026-09-21,14,4.519,GOOD
1800,2026-09-21,15,3.3,GOOD
1800,2026-09-21,16,3.998,GOOD
1800,2026-09-21,17,5.857,GOOD
1800,2026-09-21,18,4.383,GOOD
1800,2026-09-21,19,5.594,GOOD
1800,2026-09-21,20,4.397,GOOD
1800,2026-09-21,21,3.811,GOOD
1800,2026-09-21,22,4.523,GOOD
1800,2026-09-21,23,3.331,GOOD
1800,2026-09-21,24,2.915,GOOD
1800,2026-09-22,1,6.318,GOOD
1800,2026-09-22,2,7.247,GOOD
1800,2026-09-22,3,2.462,GOOD
1800,2026-09-22,4,1.172,GOOD
1800,2026-09-22,5,3.788,GOOD
1800,2026-09-22,6,2.268,GOOD
1800,2026-09-22,7,1.953,GOOD
1800,2026-09-22,8,0.471,GOOD
1800,2026-09-22,9,3.16,GOOD
1800,2026-09-22,10,0.662,GOOD
1800,2026-09-22,11,-2.793,GOOD
1800,2026-09-22,12,-0.124,GOOD
1800,2026-09-22,13,2.109,GOOD
1800,2026-09-22,14,2.033,GOOD
1800,2026-09-22,15,3.422,GOOD
1800,2026-09-22,16,3.706,GOOD
1800,2026-09-22,17,2.961,GOOD
1800,2026-09-22,18,1.01,GOOD
1800,2026-09-22,19,2.485,GOOD
1800,2026-09-22,20,2.952,GOOD
1800,2026-09-22,21,4.22,GOOD
1800,2026-09-22,22,1.368,GOOD
1800,2026-09-22,23,3.907,GOOD
1800,2026-09-22,24,3.736,GOOD
1800,2026-09-23,1,2.197,GOOD
1800,2026-09-23,2,2.796,GOOD
1800,2026-09-23,3,2.428,GOOD
1800,2026-09-23,4,1.577,GOOD
1800,2026-09-23,5,2.365,GOOD
1800,2026-09-23,6,2.94,GOOD
1800,2026-09-23,7,2.669,GOOD
1800,2026-09-23,8,4.825,GOOD
1800,2026-09-23,9,4.844,GOOD
1800,2026-09-23,10,6.805,GOOD
1800,2026-09-23,11,7.387,GOOD
1800,2026-09-23,12,13.083,GOOD
1800,2026-09-23,13,9.863,GOOD
1800,2026-09-23,14,11.852,GOOD
1800,2026-09-23,15,7.669,GOOD
1800,2026-09-23,16,11.004,GOOD
1800,2026-09-23,17,10.336,GOOD
1800,2026-09-23,18,8.761,GOOD
1800,2026-09-23,19,9.453,GOOD
1800,2026-09-23,20,9.457,GOOD
1800,2026-09-23,21,8.812,GOOD
1800,2026-09-23,22,8.784,GOOD
1800,2026-09-23,23,9.363,GOOD
1800,2026-09-23,24,8.536,GOOD
1800,2026-09-24,1,10.019,GOOD
1800,2026-09-24,2,10.226,GOOD
1800,2026-09-24,3,16.159,GOOD
1800,2026-09-24,4,9.808,GOOD
1800,2026-09-24,5,8.673,GOOD
1800,2026-09-24,6,12.445,GOOD
1800,2026-09-24,7,10.591,GOOD
1800,2026-09-24,8,12.336,GOOD
1800,2026-09-24,9,16.484,GOOD
1800,2026-09-24,10,14.306,GOOD
1800,2026-09-24,11,10.694,GOOD
1800,2026-09-24,12,12.212,GOOD
1800,2026-09-24,13,14.492,GOOD
1800,2026-09-24,14,11.523,GOOD
1800,2026-09-24,15,11.722,GOOD
1800,2026-09-24,16,11.509,GOOD
1800,2026-09-24,17,10.215,GOOD
1800,2026-09-24,18,10.389,GOOD
1800,2026-09-24,19,11.399,GOOD
1800,2026-09-24,20,11.841,GOOD
1800,2026-09-24,21,13.838,GOOD
1800,2026-09-24,22,23.19,GOOD
1800,2026-09-24,23,18.739,GOOD
1800,2026-09-24,24,8.28,GOOD
1800,2026-09-25,1,9.048,GOOD
1800,2026-09-25,2,9.947,GOOD
1800,2026-09-25,3,8.433,GOOD
1800,2026-09-25,4,7.801,GOOD
1800,2026-09-25,5,7.743,GOOD
1800,2026-09-25,6,9.096,GOOD
1800,2026-09-25,7,9.482,GOOD
1800,2026-09-25,8,9.366,GOOD
1800,2026-09-25,9,7.03,GOOD
1800,2026-09-25,10,5.449,GOOD
1800,2026-09-25,11,2.147,GOOD
1800,2026-09-25,12,5.051,GOOD
1800,2026-09-25,13,7.632,GOOD
1800,2026-09-25,14,5.507,GOOD
1800,2026-09-25,15,5.166,GOOD
1800,2026-09-25,16,5.741,GOOD
1800,2026-09-25,17,9.67,GOOD
1800,2026-09-25,18,10.159,GOOD
1800,2026-09-25,19,10.049,GOOD
1800,2026-09-25,20,10.321,GOOD
1800,2026-09-25,21,20.729,GOOD
1800,2026-09-25,22,17.669,GOOD
1800,2026-09-25,23,19.424,GOOD
1800,2026-09-25,24,10.787,GOOD
1800,2026-09-26,1,11.455,GOOD
1800,2026-09-26,2,16.032,GOOD
1800,2026-09-26,3,15.183,GOOD
1800,2026-09-26,4,11.37,GOOD
1800,2026-09-26,5,12.738,GOOD
1800,2026-09-26,6,12.503,GOOD
1800,2026-09-26,7,13.046,GOOD
1800,2026-09-26,8,11.272,GOOD
1800,2026-09-26,9,5.777,GOOD
1800,2026-09-26,10,3.808,GOOD
1800,2026-09-26,11,5.241,GOOD
1800,2026-09-26,12,7.863,GOOD
1800,2026-09-26,13,6.688,GOOD
1800,2026-09-26,14,6.477,GOOD
1800,2026-09-26,15,5.742,GOOD
1800,2026-09-26,16,6.027,GOOD
1800,2026-09-26,17,6.573,GOOD
1800,2026-09-26,18,4.116,GOOD
1800,2026-09-26,19,8.715,GOOD
1800,2026-09-26,20,10.195,GOOD
1800,2026-09-26,21,16.702,GOOD
1800,2026-09-26,22,9.909,GOOD
1800,2026-09-26,23,10.548,GOOD
1800,2026-09-26,24,13.001,GOOD
1800,2026-09-27,1,16.213,GOOD
1800,2026-09-27,2,20.065,GOOD
1800,2026-09-27,3,15.03,GOOD
1800,2026-09-27,4,9.989,GOOD
1800,2026-09-27,5,5.125,GOOD
1800,2026-09-27,6,5.753,GOOD
1800,2026-09-27,7,7.695,GOOD
1800,2026-09-27,8,10.416,GOOD
1800,2026-09-27,9,8.284,GOOD
1800,2026-09-27,10,2.412,GOOD
1800,2026-09-27,11,6.604,GOOD
1800,2026-09-27,12,6.235,GOOD
1800,2026-09-27,13,4.122,GOOD
1800,2026-09-27,14,1.093,GOOD
1800,2026-09-27,15,-0.144,GOOD
1800,2026-09-27,16,0.098,GOOD
1800,2026-09-27,17,0.008,GOOD
1800,2026-09-27,18,2.03,GOOD
1800,2026-09-27,19,0.091,GOOD
1800,2026-09-27,20,-1.024,GOOD
1800,2026-09-27,21,0.365,GOOD
1800,2026-09-27,22,-1.106,GOOD
1800,2026-09-27,23,0.72,GOOD
1800,2026-09-27,24,1.686,GOOD
1800,2026-09-28,1,0.445,GOOD
1800,2026-09-28,2,1.363,GOOD
1800,2026-09-28,3,-1.285,GOOD
1800,2026-09-28,4,1.68,GOOD
1800,2026-09-28,5,1.525,GOOD
1800,2026-09-28,6,2.682,GOOD
1800,2026-09-28,7,-0.84,GOOD
1800,2026-09-28,8,-2.873,GOOD
1800,2026-09-28,9,2.362,GOOD
1800,2026-09-28,10,5.707,GOOD
1800,2026-09-28,11,2.837,GOOD
1800,2026-09-28,12,0.19,GOOD
1800,2026-09-28,13,-0.169,GOOD
1800,2026-09-28,14,0.365,GOOD
1800,2026-09-28,15,-1.177,GOOD
1800,2026-09-28,16,2.375,GOOD
1800,2026-09-28,17,1.104,GOOD
1800,2026-09-28,18,1.659,GOOD
1800,2026-09-28,19,2.146,GOOD
1800,2026-09-28,20,3.398,GOOD
1800,2026-09-28,21,3.58,GOOD
1800,2026-09-28,22,2.277,GOOD
1800,2026-09-28,23,0.055,GOOD
1800,2026-09-28,24,0.214,GOOD
1800,2026-09-29,1,3.033,GOOD
1800,2026-09-29,2,1.695,GOOD
1800,2026-09-29,3,-0.233,GOOD
1800,2026-09-29,4,-1.666,GOOD
1800,2026-09-29,5,4.742,GOOD
1800,2026-09-29,6,2.602,GOOD
1800,2026-09-29,7,1.919,GOOD
1800,2026-09-29,8,0.15,GOOD
1800,2026-09-29,9,-0.061,GOOD
1800,2026-09-29,10,1.572,GOOD
1800,2026-09-29,11,-0.405,GOOD
1800,2026-09-29,12,0.686,GOOD
1800,2026-09-29,13,1.569,GOOD
1800,2026-09-29,14,,
1800,2026-09-29,15,,
1800,2026-09-29,16,,
1800,2026-09-29,17,2.684,GOOD
1800,2026-09-29,18,2.562,GOOD
1800,2026-09-29,19,3.999,GOOD
1800,2026-09-29,20,4.619,GOOD
1800,2026-09-29,21,10.755,GOOD
1800,2026-09-29,22,11.996,GOOD
1800,2026-09-29,23,10.16,GOOD
1800,2026-09-29,24,9.988,GOOD
1800,2026-09-30,1,6.697,GOOD
1800,2026-09-30,2,3.923,GOOD
1800,2026-09-30,3,8.51,GOOD
1800,2026-09-30,4,11.6,GOOD
1800,2026-09-30,5,11.666,GOOD
1800,2026-09-30,6,6.579,GOOD
1800,2026-09-30,7,6.211,GOOD
1800,2026-09-30,8,9.719,GOOD
1800,2026-09-30,9,2.946,GOOD
1800,2026-09-30,10,1.307,GOOD
1800,2026-09-30,11,6.613,GOOD
1800,2026-09-30,12,0.57,GOOD
1800,2026-09-30,13,2.265,GOOD
1800,2026-09-30,14,6.102,GOOD
1800,2026-09-30,15,5.037,GOOD
1800,2026-09-30,16,2.885,GOOD
1800,2026-09-30,17,2.85,GOOD
1800,2026-09-30,18,2.528,GOOD
1800,2026-09-30,19,3.955,GOOD
1800,2026-09-30,20,6.603,GOOD
1800,2026-09-30,21,8.828,GOOD
1800,2026-09-30,22,16.818,GOOD
1800,2026-09-30,23,15.011,GOOD
1800,2026-09-30,24,9.979,GOOD
2560,2026-09-01,1,9.816,GOOD
2560,2026-09-01,2,13.304,GOOD
2560,2026-09-01,3,10.128,GOOD
2560,2026-09-01,4,14.734,GOOD
2560,2026-09-01,5,20.846,GOOD
2560,2026-09-01,6,19.141,GOOD
2560,2026-09-01,7,14.476,GOOD
2560,2026-09-01,8,4.735,GOOD
2560,2026-09-01,9,-1.904,GOOD
2560,2026-09-01,10,1.099,GOOD
2560,2026-09-01,11,3.892,GOOD
2560,2026-09-01,12,7.176,GOOD
2560,2026-09-01,13,11.46,GOOD
2560,2026-09-01,14,10.82,GOOD
2560,2026-09-01,15,8.489,GOOD
2560,2026-09-01,16,3.826,GOOD
2560,2026-09-01,17,11.306,GOOD
2560,2026-09-01,18,11.967,GOOD
2560,2026-09-01,19,8.662,GOOD
2560,2026-09-01,20,11.127,GOOD
2560,2026-09-01,21,15.364,GOOD
2560,2026-09-01,22,11.954,GOOD
2560,2026-09-01,23,4.958,GOOD
2560,2026-09-01,24,9.345,GOOD
2560,2026-09-02,1,8.259,GOOD
2560,2026-09-02,2,6.765,GOOD
2560,2026-09-02,3,5.519,GOOD
2560,2026-09-02,4,5.667,GOOD
2560,2026-09-02,5,10.624,GOOD
2560,2026-09-02,6,12.779,GOOD
2560,2026-09-02,7,10.733,GOOD
2560,2026-09-02,8,8.898,GOOD
2560,2026-09-02,9,7.209,GOOD
2560,2026-09-02,10,12.015,GOOD
2560,2026-09-02,11,0.269,GOOD
2560,2026-09-02,12,6.717,GOOD
2560,2026-09-02,13,9.262,GOOD
2560,2026-09-02,14,9.273,GOOD
2560,2026-09-02,15,8.89,GOOD
2560,2026-09-02,16,6.039,GOOD
2560,2026-09-02,17,6.581,GOOD
2560,2026-09-02,18,8.871,GOOD
2560,2026-09-02,19,2.034,GOOD
2560,2026-09-02,20,4.153,GOOD
2560,2026-09-02,21,9.999,GOOD
2560,2026-09-02,22,12.1,GOOD
2560,2026-09-02,23,5.47,GOOD
2560,2026-09-02,24,5.159,GOOD
2560,2026-09-03,1,2.486,GOOD
2560,2026-09-03,2,3.262,GOOD
2560,2026-09-03,3,3.543,GOOD
2560,2026-09-03,4,3.953,GOOD
2560,2026-09-03,5,0.492,GOOD
2560,2026-09-03,6,-4.065,GOOD
2560,2026-09-03,7,6.648,GOOD
2560,2026-09-03,8,4.276,GOOD
2560,2026-09-03,9,3.351,GOOD
2560,2026-09-03,10,,
2560,2026-09-03,11,12.662,GOOD
2560,2026-09-03,12,21.949,GOOD
2560,2026-09-03,13,14.035,GOOD
2560,2026-09-03,14,11.481,GOOD
2560,2026-09-03,15,7.974,GOOD
2560,2026-09-03,16,8.721,GOOD
2560,2026-09-03,17,6.911,GOOD
2560,2026-09-03,18,2.965,GOOD
2560,2026-09-03,19,1.228,GOOD
2560,2026-09-03,20,-1.65,GOOD
2560,2026-09-03,21,1.449,GOOD
2560,2026-09-03,22,5.16,GOOD
2560,2026-09-03,23,6.141,GOOD
2560,2026-09-03,24,2.049,GOOD
2560,2026-09-04,1,3.383,GOOD
2560,2026-09-04,2,4.368,GOOD
2560,2026-09-04,3,0.618,GOOD
2560,2026-09-04,4,-0.331,GOOD
2560,2026-09-04,5,-2.477,GOOD
2560,2026-09-04,6,-2.062,GOOD
2560,2026-09-04,7,7.866,GOOD
2560,2026-09-04,8,5.239,GOOD
2560,2026-09-04,9,2.379,GOOD
2560,2026-09-04,10,2.576,GOOD
2560,2026-09-04,11,5.438,GOOD
2560,2026-09-04,12,-3.162,GOOD
2560,2026-09-04,13,-3.173,GOOD
2560,2026-09-04,14,-1.711,GOOD
2560,2026-09-04,15,-2.488,GOOD
2560,2026-09-04,16,-3.283,GOOD
2560,2026-09-04,17,5.527,GOOD
2560,2026-09-04,18,8.399,GOOD
2560,2026-09-04,19,,
2560,2026-09-04,20,-6.72,GOOD
2560,2026-09-04,21,-3.063,GOOD
2560,2026-09-04,22,6.854,GOOD
2560,2026-09-04,23,9.182,GOOD
2560,2026-09-04,24,14.242,GOOD
2560,2026-09-05,1,13.991,GOOD
2560,2026-09-05,2,18.151,GOOD
2560,2026-09-05,3,15.518,GOOD
2560,2026-09-05,4,11.229,GOOD
2560,2026-09-05,5,17.822,GOOD
2560,2026-09-05,6,17.533,GOOD
2560,2026-09-05,7,13.353,GOOD
2560,2026-09-05,8,5.069,GOOD
2560,2026-09-05,9,1.275,GOOD
2560,2026-09-05,10,3.848,GOOD
2560,2026-09-05,11,3.1,GOOD
2560,2026-09-05,12,-3.728,GOOD
2560,2026-09-05,13,2.365,GOOD
2560,2026-09-05,14,-0.976,GOOD
2560,2026-09-05,15,9.52,GOOD
2560,2026-09-05,16,11.077,GOOD
2560,2026-09-05,17,,
2560,2026-09-05,18,-3.856,GOOD
2560,2026-09-05,19,-5.993,GOOD
2560,2026-09-05,20,4.096,GOOD
2560,2026-09-05,21,10.159,GOOD
2560,2026-09-05,22,12.692,GOOD
2560,2026-09-05,23,10.052,GOOD
2560,2026-09-05,24,7.445,GOOD
2560,2026-09-06,1,12.06,GOOD
2560,2026-09-06,2,17.507,GOOD
2560,2026-09-06,3,12.112,GOOD
2560,2026-09-06,4,7.494,GOOD
2560,2026-09-06,5,3.307,GOOD
2560,2026-09-06,6,0.637,GOOD
2560,2026-09-06,7,-1.669,GOOD
2560,2026-09-06,8,-1.057,GOOD
2560,2026-09-06,9,-0.908,GOOD
2560,2026-09-06,10,0.746,GOOD
2560,2026-09-06,11,-3.841,GOOD
2560,2026-09-06,12,-0.397,GOOD
2560,2026-09-06,13,-0.638,GOOD
2560,2026-09-06,14,-0.751,GOOD
2560,2026-09-06,15,-0.531,GOOD
2560,2026-09-06,16,2.226,GOOD
2560,2026-09-06,17,5.146,GOOD
2560,2026-09-06,18,-0.403,GOOD
2560,2026-09-06,19,-1.414,GOOD
2560,2026-09-06,20,-0.744,GOOD
2560,2026-09-06,21,5.242,GOOD
2560,2026-09-06,22,8.913,GOOD
2560,2026-09-06,23,,
2560,2026-09-06,24,7.904,GOOD
2560,2026-09-07,1,5.645,GOOD
2560,2026-09-07,2,4.617,GOOD
2560,2026-09-07,3,3.619,GOOD
2560,2026-09-07,4,5.565,GOOD
2560,2026-09-07,5,3.735,GOOD
2560,2026-09-07,6,2.623,GOOD
2560,2026-09-07,7,4.345,GOOD
2560,2026-09-07,8,1.418,GOOD
2560,2026-09-07,9,-2.032,GOOD
2560,2026-09-07,10,2.55,GOOD
2560,2026-09-07,11,6.159,GOOD
2560,2026-09-07,12,-0.643,GOOD
2560,2026-09-07,13,2.367,GOOD
2560,2026-09-07,14,1.24,GOOD
2560,2026-09-07,15,14.116,GOOD
2560,2026-09-07,16,5.563,GOOD
2560,2026-09-07,17,7.924,GOOD
2560,2026-09-07,18,2.701,GOOD
2560,2026-09-07,19,,
2560,2026-09-07,20,,
2560,2026-09-07,21,,
2560,2026-09-07,22,-2.172,GOOD
2560,2026-09-07,23,3.749,GOOD
2560,2026-09-07,24,6.948,GOOD
2560,2026-09-08,1,14.136,GOOD
2560,2026-09-08,2,14.68,GOOD
2560,2026-09-08,3,9.88,GOOD
2560,2026-09-08,4,7.248,GOOD
2560,2026-09-08,5,8.385,GOOD
2560,2026-09-08,6,14.685,GOOD
2560,2026-09-08,7,5.059,GOOD
2560,2026-09-08,8,4.757,GOOD
2560,2026-09-08,9,0.845,GOOD
2560,2026-09-08,10,1.917,GOOD
2560,2026-09-08,11,-3.981,GOOD
2560,2026-09-08,12,-1.26,GOOD
2560,2026-09-08,13,-5.622,GOOD
2560,2026-09-08,14,-2.177,GOOD
2560,2026-09-08,15,2.934,GOOD
2560,2026-09-08,16,4.416,GOOD
2560,2026-09-08,17,5.205,GOOD
2560,2026-09-08,18,-5.299,GOOD
2560,2026-09-08,19,4.862,GOOD
2560,2026-09-08,20,9.843,GOOD
2560,2026-09-08,21,6.511,GOOD
2560,2026-09-08,22,6.182,GOOD
2560,2026-09-08,23,8.929,GOOD
2560,2026-09-08,24,11.643,GOOD
2560,2026-09-09,1,11.471,GOOD
2560,2026-09-09,2,10.043,GOOD
2560,2026-09-09,3,9.817,GOOD
2560,2026-09-09,4,3.955,GOOD
2560,2026-09-09,5,10.621,GOOD
2560,2026-09-09,6,12.907,GOOD
2560,2026-09-09,7,3.112,GOOD
2560,2026-09-09,8,-8.304,GOOD
2560,2026-09-09,9,,
2560,2026-09-09,10,-1.076,GOOD
2560,2026-09-09,11,8.069,GOOD
2560,2026-09-09,12,5.857,GOOD
2560,2026-09-09,13,-3.712,GOOD
2560,2026-09-09,14,-2.743,GOOD
2560,2026-09-09,15,7.848,GOOD
2560,2026-09-09,16,14.171,GOOD
2560,2026-09-09,17,14.316,GOOD
2560,2026-09-09,18,11.352,GOOD
2560,2026-09-09,19,13.664,GOOD
2560,2026-09-09,20,16.03,GOOD
2560,2026-09-09,21,16.213,GOOD
2560,2026-09-09,22,16.831,GOOD
2560,2026-09-09,23,9.385,GOOD
2560,2026-09-09,24,8.947,GOOD
2560,2026-09-10,1,5.051,GOOD
2560,2026-09-10,2,1.496,GOOD
2560,2026-09-10,3,2.146,GOOD
2560,2026-09-10,4,3.109,GOOD
2560,2026-09-10,5,-0.357,GOOD
2560,2026-09-10,6,3.263,GOOD
2560,2026-09-10,7,3.305,GOOD
2560,2026-09-10,8,6.308,GOOD
2560,2026-09-10,9,-0.196,GOOD
2560,2026-09-10,10,1.801,GOOD
2560,2026-09-10,11,1.513,GOOD
2560,2026-09-10,12,6.659,GOOD
2560,2026-09-10,13,0.55,GOOD
2560,2026-09-10,14,0.32,GOOD
2560,2026-09-10,15,4.3,GOOD
2560,2026-09-10,16,7.274,GOOD
2560,2026-09-10,17,7.439,GOOD
2560,2026-09-10,18,11.53,GOOD
2560,2026-09-10,19,12.966,GOOD
2560,2026-09-10,20,9.307,GOOD
2560,2026-09-10,21,3.344,GOOD
2560,2026-09-10,22,-0.581,GOOD
2560,2026-09-10,23,9.469,GOOD
2560,2026-09-10,24,6.955,GOOD
2560,2026-09-11,1,9.43,GOOD
2560,2026-09-11,2,1.934,GOOD
2560,2026-09-11,3,3.448,GOOD
2560,2026-09-11,4,4.798,GOOD
2560,2026-09-11,5,7.993,GOOD
2560,2026-09-11,6,10.915,GOOD
2560,2026-09-11,7,8.777,GOOD
2560,2026-09-11,8,3.098,GOOD
2560,2026-09-11,9,-1.645,GOOD
2560,2026-09-11,10,-2.572,GOOD
2560,2026-09-11,11,2.875,GOOD
2560,2026-09-11,12,9.814,GOOD
2560,2026-09-11,13,12.178,GOOD
2560,2026-09-11,14,12.593,GOOD
2560,2026-09-11,15,10.691,GOOD
2560,2026-09-11,16,8.455,GOOD
2560,2026-09-11,17,13.934,GOOD
2560,2026-09-11,18,15.322,GOOD
2560,2026-09-11,19,69.524,POOR
2560,2026-09-11,20,121.388,VERY POOR
2560,2026-09-11,21,68.419,POOR
2560,2026-09-11,22,34.685,FAIR
2560,2026-09-11,23,19.518,GOOD
2560,2026-09-11,24,18.181,GOOD
2560,2026-09-12,1,9.237,GOOD
2560,2026-09-12,2,8.596,GOOD
2560,2026-09-12,3,11.061,GOOD
2560,2026-09-12,4,6.876,GOOD
2560,2026-09-12,5,12.103,GOOD
2560,2026-09-12,6,13.607,GOOD
2560,2026-09-12,7,8.457,GOOD
2560,2026-09-12,8,5.92,GOOD
2560,2026-09-12,9,0.837,GOOD
2560,2026-09-12,10,4.275,GOOD
2560,2026-09-12,11,3.408,GOOD
2560,2026-09-12,12,6.095,GOOD
2560,2026-09-12,13,6.864,GOOD
2560,2026-09-12,14,13.558,GOOD
2560,2026-09-12,15,13.241,GOOD
2560,2026-09-12,16,13.773,GOOD
2560,2026-09-12,17,1.49,GOOD
2560,2026-09-12,18,8.87,GOOD
2560,2026-09-12,19,8.813,GOOD
2560,2026-09-12,20,8.916,GOOD
2560,2026-09-12,21,10.023,GOOD
2560,2026-09-12,22,11.857,GOOD
2560,2026-09-12,23,13.473,GOOD
2560,2026-09-12,24,16.679,GOOD
2560,2026-09-13,1,11.799,GOOD
2560,2026-09-13,2,33.085,FAIR
2560,2026-09-13,3,42.271,FAIR
2560,2026-09-13,4,28.847,FAIR
2560,2026-09-13,5,26.893,FAIR
2560,2026-09-13,6,21.558,GOOD
2560,2026-09-13,7,15.957,GOOD
2560,2026-09-13,8,15.989,GOOD
2560,2026-09-13,9,6.436,GOOD
2560,2026-09-13,10,14.046,GOOD
2560,2026-09-13,11,13.832,GOOD
2560,2026-09-13,12,10.388,GOOD
2560,2026-09-13,13,17.3,GOOD
2560,2026-09-13,14,19.135,GOOD
2560,2026-09-13,15,17.279,GOOD
2560,2026-09-13,16,8.785,GOOD
2560,2026-09-13,17,7.839,GOOD
2560,2026-09-13,18,10.867,GOOD
2560,2026-09-13,19,0.798,GOOD
2560,2026-09-13,20,4.133,GOOD
2560,2026-09-13,21,9.096,GOOD
2560,2026-09-13,22,16.675,GOOD
2560,2026-09-13,23,16.361,GOOD
2560,2026-09-13,24,16.269,GOOD
2560,2026-09-14,1,12.771,GOOD
2560,2026-09-14,2,13.052,GOOD
2560,2026-09-14,3,11.194,GOOD
2560,2026-09-14,4,9.419,GOOD
2560,2026-09-14,5,11.01,GOOD
2560,2026-09-14,6,14.623,GOOD
2560,2026-09-14,7,13.738,GOOD
2560,2026-09-14,8,6.755,GOOD
2560,2026-09-14,9,0.372,GOOD
2560,2026-09-14,10,7.267,GOOD
2560,2026-09-14,11,7.314,GOOD
2560,2026-09-14,12,9.304,GOOD
2560,2026-09-14,13,10.87,GOOD
2560,2026-09-14,14,16.932,GOOD
2560,2026-09-14,15,0.6,GOOD
2560,2026-09-14,16,0.714,GOOD
2560,2026-09-14,17,11.085,GOOD
2560,2026-09-14,18,9.769,GOOD
2560,2026-09-14,19,12.752,GOOD
2560,2026-09-14,20,3.99,GOOD
2560,2026-09-14,21,7.423,GOOD
2560,2026-09-14,22,10.933,GOOD
2560,2026-09-14,23,12.379,GOOD
2560,2026-09-14,24,14.618,GOOD
2560,2026-09-15,1,16.937,GOOD
2560,2026-09-15,2,19.641,GOOD
2560,2026-09-15,3,15.912,GOOD
2560,2026-09-15,4,13.785,GOOD
2560,2026-09-15,5,10.33,GOOD
2560,2026-09-15,6,13.32,GOOD
2560,2026-09-15,7,7.036,GOOD
2560,2026-09-15,8,-4.596,GOOD
2560,2026-09-15,9,-0.035,GOOD
2560,2026-09-15,10,8.567,GOOD
2560,2026-09-15,11,2.346,GOOD
2560,2026-09-15,12,4.953,GOOD
2560,2026-09-15,13,-1.652,GOOD
2560,2026-09-15,14,1.998,GOOD
2560,2026-09-15,15,,
2560,2026-09-15,16,-0.853,GOOD
2560,2026-09-15,17,8.358,GOOD
2560,2026-09-15,18,9.141,GOOD
2560,2026-09-15,19,26.003,FAIR
2560,2026-09-15,20,,
2560,2026-09-15,21,8.489,GOOD
2560,2026-09-15,22,19.757,GOOD
2560,2026-09-15,23,14.103,GOOD
2560,2026-09-15,24,12.818,GOOD
2560,2026-09-16,1,9.492,GOOD
2560,2026-09-16,2,6.056,GOOD
2560,2026-09-16,3,5.892,GOOD
2560,2026-09-16,4,4.245,GOOD
2560,2026-09-16,5,3.553,GOOD
2560,2026-09-16,6,1.878,GOOD
2560,2026-09-16,7,6.106,GOOD
2560,2026-09-16,8,-5.966,GOOD
2560,2026-09-16,9,-2.761,GOOD
2560,2026-09-16,10,-0.432,GOOD
2560,2026-09-16,11,0.707,GOOD
2560,2026-09-16,12,-1.328,GOOD
2560,2026-09-16,13,-0.654,GOOD
2560,2026-09-16,14,3.743,GOOD
2560,2026-09-16,15,3.736,GOOD
2560,2026-09-16,16,3.766,GOOD
2560,2026-09-16,17,6.196,GOOD
2560,2026-09-16,18,10.886,GOOD
2560,2026-09-16,19,13.885,GOOD
2560,2026-09-16,20,11.723,GOOD
2560,2026-09-16,21,7.305,GOOD
2560,2026-09-16,22,6.523,GOOD
2560,2026-09-16,23,8.421,GOOD
2560,2026-09-16,24,0.054,GOOD
2560,2026-09-17,1,0.573,GOOD
2560,2026-09-17,2,4.722,GOOD
2560,2026-09-17,3,4.498,GOOD
2560,2026-09-17,4,0.585,GOOD
2560,2026-09-17,5,-0.449,GOOD
2560,2026-09-17,6,1.674,GOOD
2560,2026-09-17,7,3.72,GOOD
2560,2026-09-17,8,1.788,GOOD
2560,2026-09-17,9,-1.39,GOOD
2560,2026-09-17,10,4.415,GOOD
2560,2026-09-17,11,7.242,GOOD
2560,2026-09-17,12,2.014,GOOD
2560,2026-09-17,13,-2.273,GOOD
2560,2026-09-17,14,2.061,GOOD
2560,2026-09-17,15,2.531,GOOD
2560,2026-09-17,16,3.579,GOOD
2560,2026-09-17,17,7.282,GOOD
2560,2026-09-17,18,12.619,GOOD
2560,2026-09-17,19,7.761,GOOD
2560,2026-09-17,20,6.161,GOOD
2560,2026-09-17,21,7.803,GOOD
2560,2026-09-17,22,9.553,GOOD
2560,2026-09-17,23,9.542,GOOD
2560,2026-09-17,24,7.225,GOOD
2560,2026-09-18,1,7.178,GOOD
2560,2026-09-18,2,7.35,GOOD
2560,2026-09-18,3,9.815,GOOD
2560,2026-09-18,4,2.029,GOOD
2560,2026-09-18,5,-0.947,GOOD
2560,2026-09-18,6,7.818,GOOD
2560,2026-09-18,7,12.752,GOOD
2560,2026-09-18,8,6.162,GOOD
2560,2026-09-18,9,-5.125,GOOD
2560,2026-09-18,10,-0.079,GOOD
2560,2026-09-18,11,5.012,GOOD
2560,2026-09-18,12,0.425,GOOD
2560,2026-09-18,13,2.661,GOOD
2560,2026-09-18,14,-4.568,GOOD
2560,2026-09-18,15,-0.811,GOOD
2560,2026-09-18,16,2.605,GOOD
2560,2026-09-18,17,6.457,GOOD
2560,2026-09-18,18,12.347,GOOD
2560,2026-09-18,19,5.355,GOOD
2560,2026-09-18,20,10.757,GOOD
2560,2026-09-18,21,6.012,GOOD
2560,2026-09-18,22,7.062,GOOD
2560,2026-09-18,23,6.124,GOOD
2560,2026-09-18,24,5.437,GOOD
2560,2026-09-19,1,5.973,GOOD
2560,2026-09-19,2,2.096,GOOD
2560,2026-09-19,3,4.004,GOOD
2560,2026-09-19,4,2.462,GOOD
2560,2026-09-19,5,-1.89,GOOD
2560,2026-09-19,6,0.982,GOOD
2560,2026-09-19,7,2.077,GOOD
2560,2026-09-19,8,5.102,GOOD
2560,2026-09-19,9,3.179,GOOD
2560,2026-09-19,10,8.315,GOOD
2560,2026-09-19,11,-2.301,GOOD
2560,2026-09-19,12,1.02,GOOD
2560,2026-09-19,13,2.758,GOOD
2560,2026-09-19,14,1.528,GOOD
2560,2026-09-19,15,0.159,GOOD
2560,2026-09-19,16,2.002,GOOD
2560,2026-09-19,17,6.345,GOOD
2560,2026-09-19,18,12.378,GOOD
2560,2026-09-19,19,13.418,GOOD
2560,2026-09-19,20,3.558,GOOD
2560,2026-09-19,21,0.4,GOOD
2560,2026-09-19,22,-0.656,GOOD
2560,2026-09-19,23,2.115,GOOD
2560,2026-09-19,24,0.973,GOOD
2560,2026-09-20,1,-0.933,GOOD
2560,2026-09-20,2,1.534,GOOD
2560,2026-09-20,3,5.147,GOOD
2560,2026-09-20,4,1.742,GOOD
2560,2026-09-20,5,0.809,GOOD
2560,2026-09-20,6,3.646,GOOD
2560,2026-09-20,7,2.035,GOOD
2560,2026-09-20,8,5.036,GOOD
2560,2026-09-20,9,5.469,GOOD
2560,2026-09-20,10,3.471,GOOD
2560,2026-09-20,11,-4.012,GOOD
2560,2026-09-20,12,-3.291,GOOD
2560,2026-09-20,13,-6.39,GOOD
2560,2026-09-20,14,-0.935,GOOD
2560,2026-09-20,15,11.666,GOOD
2560,2026-09-20,16,11.622,GOOD
2560,2026-09-20,17,4.848,GOOD
2560,2026-09-20,18,9.603,GOOD
2560,2026-09-20,19,16.266,GOOD
2560,2026-09-20,20,16.128,GOOD
2560,2026-09-20,21,8.164,GOOD
2560,2026-09-20,22,5.019,GOOD
2560,2026-09-20,23,6.752,GOOD
2560,2026-09-20,24,8.32,GOOD
2560,2026-09-21,1,9.829,GOOD
2560,2026-09-21,2,8.265,GOOD
2560,2026-09-21,3,6.374,GOOD
2560,2026-09-21,4,5.375,GOOD
2560,2026-09-21,5,9.158,GOOD
2560,2026-09-21,6,10.964,GOOD
2560,2026-09-21,7,8.521,GOOD
2560,2026-09-21,8,5.89,GOOD
2560,2026-09-21,9,5.873,GOOD
2560,2026-09-21,10,3.224,GOOD
2560,2026-09-21,11,,
2560,2026-09-21,12,-4.31,GOOD
2560,2026-09-21,13,,
2560,2026-09-21,14,17.757,GOOD
2560,2026-09-21,15,26.551,FAIR
2560,2026-09-21,16,21.385,GOOD
2560,2026-09-21,17,13.754,GOOD
2560,2026-09-21,18,14.017,GOOD
2560,2026-09-21,19,8.803,GOOD
2560,2026-09-21,20,6.964,GOOD
2560,2026-09-21,21,10.78,GOOD
2560,2026-09-21,22,8.528,GOOD
2560,2026-09-21,23,5.588,GOOD
2560,2026-09-21,24,6.955,GOOD
2560,2026-09-22,1,1.832,GOOD
2560,2026-09-22,2,2.436,GOOD
2560,2026-09-22,3,3.767,GOOD
2560,2026-09-22,4,7.987,GOOD
2560,2026-09-22,5,2.616,GOOD
2560,2026-09-22,6,0.803,GOOD
2560,2026-09-22,7,5.54,GOOD
2560,2026-09-22,8,5.063,GOOD
2560,2026-09-22,9,4.108,GOOD
2560,2026-09-22,10,5.479,GOOD
2560,2026-09-22,11,1.905,GOOD
2560,2026-09-22,12,3.084,GOOD
2560,2026-09-22,13,5.572,GOOD
2560,2026-09-22,14,6.451,GOOD
2560,2026-09-22,15,0.81,GOOD
2560,2026-09-22,16,-4.832,GOOD
2560,2026-09-22,17,-2.509,GOOD
2560,2026-09-22,18,0.465,GOOD
2560,2026-09-22,19,1.827,GOOD
2560,2026-09-22,20,0.599,GOOD
2560,2026-09-22,21,0.62,GOOD
2560,2026-09-22,22,4.541,GOOD
2560,2026-09-22,23,1.51,GOOD
2560,2026-09-22,24,1.476,GOOD
2560,2026-09-23,1,-5.569,GOOD
2560,2026-09-23,2,-3.764,GOOD
2560,2026-09-23,3,0.116,GOOD
2560,2026-09-23,4,0.801,GOOD
2560,2026-09-23,5,4.158,GOOD
2560,2026-09-23,6,3.626,GOOD
2560,2026-09-23,7,6.33,GOOD
2560,2026-09-23,8,2.176,GOOD
2560,2026-09-23,9,-1.617,GOOD
2560,2026-09-23,10,-2.987,GOOD
2560,2026-09-23,11,-0.164,GOOD
2560,2026-09-23,12,2.451,GOOD
2560,2026-09-23,13,9.64,GOOD
2560,2026-09-23,14,6.17,GOOD
2560,2026-09-23,15,7.845,GOOD
2560,2026-09-23,16,4.784,GOOD
2560,2026-09-23,17,8.904,GOOD
2560,2026-09-23,18,10.91,GOOD
2560,2026-09-23,19,11.584,GOOD
2560,2026-09-23,20,10.175,GOOD
2560,2026-09-23,21,6.692,GOOD
2560,2026-09-23,22,7.95,GOOD
2560,2026-09-23,23,12.141,GOOD
2560,2026-09-23,24,9.03,GOOD
2560,2026-09-24,1,8.815,GOOD
2560,2026-09-24,2,8.518,GOOD
2560,2026-09-24,3,8.58,GOOD
2560,2026-09-24,4,4.657,GOOD
2560,2026-09-24,5,5.351,GOOD
2560,2026-09-24,6,3.751,GOOD
2560,2026-09-24,7,0.487,GOOD
2560,2026-09-24,8,-3.046,GOOD
2560,2026-09-24,9,1.868,GOOD
2560,2026-09-24,10,4.143,GOOD
2560,2026-09-24,11,-1.98,GOOD
2560,2026-09-24,12,8.706,GOOD
2560,2026-09-24,13,17.178,GOOD
2560,2026-09-24,14,21.768,GOOD
2560,2026-09-24,15,15.588,GOOD
2560,2026-09-24,16,17.591,GOOD
2560,2026-09-24,17,15.042,GOOD
2560,2026-09-24,18,13.737,GOOD
2560,2026-09-24,19,5.019,GOOD
2560,2026-09-24,20,6.225,GOOD
2560,2026-09-24,21,2.217,GOOD
2560,2026-09-24,22,5.28,GOOD
2560,2026-09-24,23,6.768,GOOD
2560,2026-09-24,24,6.175,GOOD
2560,2026-09-25,1,5.446,GOOD
2560,2026-09-25,2,1.986,GOOD
2560,2026-09-25,3,2.788,GOOD
2560,2026-09-25,4,2.614,GOOD
2560,2026-09-25,5,-4.254,GOOD
2560,2026-09-25,6,-4.483,GOOD
2560,2026-09-25,7,9.196,GOOD
2560,2026-09-25,8,9.69,GOOD
2560,2026-09-25,9,10.048,GOOD
2560,2026-09-25,10,9.75,GOOD
2560,2026-09-25,11,11.841,GOOD
2560,2026-09-25,12,14.896,GOOD
2560,2026-09-25,13,10.566,GOOD
2560,2026-09-25,14,25.423,FAIR
2560,2026-09-25,15,28.162,FAIR
2560,2026-09-25,16,24.093,GOOD
2560,2026-09-25,17,13.144,GOOD
2560,2026-09-25,18,11.095,GOOD
2560,2026-09-25,19,22.637,GOOD
2560,2026-09-25,20,13.963,GOOD
2560,2026-09-25,21,16.481,GOOD
2560,2026-09-25,22,17.025,GOOD
2560,2026-09-25,23,10.757,GOOD
2560,2026-09-25,24,13.039,GOOD
2560,2026-09-26,1,15.476,GOOD
2560,2026-09-26,2,13.162,GOOD
2560,2026-09-26,3,14.407,GOOD
2560,2026-09-26,4,12.441,GOOD
2560,2026-09-26,5,8.496,GOOD
2560,2026-09-26,6,8.747,GOOD
2560,2026-09-26,7,9.261,GOOD
2560,2026-09-26,8,9.079,GOOD
2560,2026-09-26,9,3.893,GOOD
2560,2026-09-26,10,9.339,GOOD
2560,2026-09-26,11,23.148,GOOD
2560,2026-09-26,12,15.519,GOOD
2560,2026-09-26,13,11.247,GOOD
2560,2026-09-26,14,11,GOOD
2560,2026-09-26,15,11.153,GOOD
2560,2026-09-26,16,5.93,GOOD
2560,2026-09-26,17,7.868,GOOD
2560,2026-09-26,18,2.08,GOOD
2560,2026-09-26,19,,
2560,2026-09-26,20,-8.288,GOOD
2560,2026-09-26,21,5.176,GOOD
2560,2026-09-26,22,13.053,GOOD
2560,2026-09-26,23,14.344,GOOD
2560,2026-09-26,24,13.699,GOOD
2560,2026-09-27,1,12.556,GOOD
2560,2026-09-27,2,9.94,GOOD
2560,2026-09-27,3,6.461,GOOD
2560,2026-09-27,4,4.039,GOOD
2560,2026-09-27,5,1.821,GOOD
2560,2026-09-27,6,8.617,GOOD
2560,2026-09-27,7,8.856,GOOD
2560,2026-09-27,8,5.771,GOOD
2560,2026-09-27,9,7.42,GOOD
2560,2026-09-27,10,1.699,GOOD
2560,2026-09-27,11,,
2560,2026-09-27,12,-6.455,GOOD
2560,2026-09-27,13,3.238,GOOD
2560,2026-09-27,14,3.235,GOOD
2560,2026-09-27,15,-0.79,GOOD
2560,2026-09-27,16,0.243,GOOD
2560,2026-09-27,17,1.865,GOOD
2560,2026-09-27,18,7.817,GOOD
2560,2026-09-27,19,5.08,GOOD
2560,2026-09-27,20,6.868,GOOD
2560,2026-09-27,21,0.173,GOOD
2560,2026-09-27,22,0.688,GOOD
2560,2026-09-27,23,5.499,GOOD
2560,2026-09-27,24,4.045,GOOD
2560,2026-09-28,1,3.092,GOOD
2560,2026-09-28,2,2.161,GOOD
2560,2026-09-28,3,3.221,GOOD
2560,2026-09-28,4,1.885,GOOD
2560,2026-09-28,5,2.164,GOOD
2560,2026-09-28,6,3.975,GOOD
2560,2026-09-28,7,0.916,GOOD
2560,2026-09-28,8,0.836,GOOD
2560,2026-09-28,9,8.388,GOOD
2560,2026-09-28,10,8.141,GOOD
2560,2026-09-28,11,8.945,GOOD
2560,2026-09-28,12,5.433,GOOD
2560,2026-09-28,13,-1.539,GOOD
2560,2026-09-28,14,-0.565,GOOD
2560,2026-09-28,15,2.249,GOOD
2560,2026-09-28,16,0.157,GOOD
2560,2026-09-28,17,1.586,GOOD
2560,2026-09-28,18,1.109,GOOD
2560,2026-09-28,19,3.661,GOOD
2560,2026-09-28,20,-0.137,GOOD
2560,2026-09-28,21,-2.681,GOOD
2560,2026-09-28,22,-4.832,GOOD
2560,2026-09-28,23,0.123,GOOD
2560,2026-09-28,24,4.748,GOOD
2560,2026-09-29,1,3.711,GOOD
2560,2026-09-29,2,0.035,GOOD
2560,2026-09-29,3,4.971,GOOD
2560,2026-09-29,4,3.209,GOOD
2560,2026-09-29,5,5.087,GOOD
2560,2026-09-29,6,10.68,GOOD
2560,2026-09-29,7,9.334,GOOD
2560,2026-09-29,8,-2.507,GOOD
2560,2026-09-29,9,-1.319,GOOD
2560,2026-09-29,10,14.617,GOOD
2560,2026-09-29,11,8.924,GOOD
2560,2026-09-29,12,4.093,GOOD
2560,2026-09-29,13,2.917,GOOD
2560,2026-09-29,14,3.03,GOOD
2560,2026-09-29,15,-2.581,GOOD
2560,2026-09-29,16,-3.338,GOOD
2560,2026-09-29,17,3.165,GOOD
2560,2026-09-29,18,-3.57,GOOD
2560,2026-09-29,19,0.016,GOOD
2560,2026-09-29,20,2.036,GOOD
2560,2026-09-29,21,4.36,GOOD
2560,2026-09-29,22,9.859,GOOD
2560,2026-09-29,23,7.609,GOOD
2560,2026-09-29,24,8.093,GOOD
2560,2026-09-30,1,9.294,GOOD
2560,2026-09-30,2,10.345,GOOD
2560,2026-09-30,3,12.564,GOOD
2560,2026-09-30,4,7.644,GOOD
2560,2026-09-30,5,10.418,GOOD
2560,2026-09-30,6,12.104,GOOD
2560,2026-09-30,7,-3.432,GOOD
2560,2026-09-30,8,-8.889,GOOD
2560,2026-09-30,9,-0.499,GOOD
2560,2026-09-30,10,1.766,GOOD
2560,2026-09-30,11,5.909,GOOD
2560,2026-09-30,12,-0.607,GOOD
2560,2026-09-30,13,4.168,GOOD
2560,2026-09-30,14,-2.103,GOOD
2560,2026-09-30,15,1.581,GOOD
2560,2026-09-30,16,5.251,GOOD
2560,2026-09-30,17,10.147,GOOD
2560,2026-09-30,18,3.202,GOOD
2560,2026-09-30,19,7.031,GOOD
2560,2026-09-30,20,6.138,GOOD
2560,2026-09-30,21,4.516,GOOD
2560,2026-09-30,22,7.227,GOOD
2560,2026-09-30,23,8.008,GOOD
2560,2026-09-30,24,7.919,GOOD
155,2026-09-01,1,11.569,GOOD
155,2026-09-01,2,10.321,GOOD
155,2026-09-01,3,16.661,GOOD
155,2026-09-01,4,18.699,GOOD
155,2026-09-01,5,16.333,GOOD
155,2026-09-01,6,16.754,GOOD
155,2026-09-01,7,14.054,GOOD
155,2026-09-01,8,2.742,GOOD
155,2026-09-01,9,-0.354,GOOD
155,2026-09-01,10,7.513,GOOD
155,2026-09-01,11,5.342,GOOD
155,2026-09-01,12,,
155,2026-09-01,13,13.576,GOOD
155,2026-09-01,14,17.725,GOOD
155,2026-09-01,15,10.735,GOOD
155,2026-09-01,16,15.419,GOOD
155,2026-09-01,17,11.211,GOOD
155,2026-09-01,18,8.657,GOOD
155,2026-09-01,19,9.666,GOOD
155,2026-09-01,20,9.635,GOOD
155,2026-09-01,21,8.318,GOOD
155,2026-09-01,22,9.17,GOOD
155,2026-09-01,23,5,GOOD
155,2026-09-01,24,3.613,GOOD
155,2026-09-02,1,3.18,GOOD
155,2026-09-02,2,-0.422,GOOD
155,2026-09-02,3,0.917,GOOD
155,2026-09-02,4,3.188,GOOD
155,2026-09-02,5,4.71,GOOD
155,2026-09-02,6,6.855,GOOD
155,2026-09-02,7,5.328,GOOD
155,2026-09-02,8,1.727,GOOD
155,2026-09-02,9,-0.33,GOOD
155,2026-09-02,10,-2.431,GOOD
155,2026-09-02,11,0.657,GOOD
155,2026-09-02,12,1.58,GOOD
155,2026-09-02,13,0.544,GOOD
155,2026-09-02,14,12.26,GOOD
155,2026-09-02,15,9.196,GOOD
155,2026-09-02,16,6.215,GOOD
155,2026-09-02,17,6.883,GOOD
155,2026-09-02,18,4.801,GOOD
155,2026-09-02,19,6.724,GOOD
155,2026-09-02,20,4.719,GOOD
155,2026-09-02,21,5.435,GOOD
155,2026-09-02,22,4.847,GOOD
155,2026-09-02,23,3.393,GOOD
155,2026-09-02,24,4.776,GOOD
155,2026-09-03,1,0.072,GOOD
155,2026-09-03,2,-0.5,GOOD
155,2026-09-03,3,-0.361,GOOD
155,2026-09-03,4,1.315,GOOD
155,2026-09-03,5,10.438,GOOD
155,2026-09-03,6,7.265,GOOD
155,2026-09-03,7,3.165,GOOD
155,2026-09-03,8,2.736,GOOD
155,2026-09-03,9,-0.158,GOOD
155,2026-09-03,10,1.7,GOOD
155,2026-09-03,11,8.195,GOOD
155,2026-09-03,12,11.149,GOOD
155,2026-09-03,13,3.634,GOOD
155,2026-09-03,14,5.366,GOOD
155,2026-09-03,15,6.853,GOOD
155,2026-09-03,16,11.696,GOOD
155,2026-09-03,17,9.317,GOOD
155,2026-09-03,18,4.835,GOOD
155,2026-09-03,19,0.601,GOOD
155,2026-09-03,20,0.82,GOOD
155,2026-09-03,21,8.035,GOOD
155,2026-09-03,22,10.7,GOOD
155,2026-09-03,23,6.087,GOOD
155,2026-09-03,24,7.618,GOOD
155,2026-09-04,1,9.157,GOOD
155,2026-09-04,2,6.529,GOOD
155,2026-09-04,3,6.179,GOOD
155,2026-09-04,4,6.269,GOOD
155,2026-09-04,5,5.494,GOOD
155,2026-09-04,6,7.953,GOOD
155,2026-09-04,7,7.393,GOOD
155,2026-09-04,8,-0.832,GOOD
155,2026-09-04,9,-3.468,GOOD
155,2026-09-04,10,-1.002,GOOD
155,2026-09-04,11,0.446,GOOD
155,2026-09-04,12,3.794,GOOD
155,2026-09-04,13,5.83,GOOD
155,2026-09-04,14,-0.149,GOOD
155,2026-09-04,15,-2.514,GOOD
155,2026-09-04,16,1.579,GOOD
155,2026-09-04,17,5.598,GOOD
155,2026-09-04,18,3.952,GOOD
155,2026-09-04,19,5.288,GOOD
155,2026-09-04,20,-0.839,GOOD
155,2026-09-04,21,15.629,GOOD
155,2026-09-04,22,15.06,GOOD
155,2026-09-04,23,7.666,GOOD
155,2026-09-04,24,5.644,GOOD
155,2026-09-05,1,8.269,GOOD
155,2026-09-05,2,5.82,GOOD
155,2026-09-05,3,8.073,GOOD
155,2026-09-05,4,5.312,GOOD
155,2026-09-05,5,7.223,GOOD
155,2026-09-05,6,4.009,GOOD
155,2026-09-05,7,5.96,GOOD
155,2026-09-05,8,1.253,GOOD
155,2026-09-05,9,-2.011,GOOD
155,2026-09-05,10,-4.234,GOOD
155,2026-09-05,11,-1.902,GOOD
155,2026-09-05,12,-2.427,GOOD
155,2026-09-05,13,-1.821,GOOD
155,2026-09-05,14,3.037,GOOD
155,2026-09-05,15,1.145,GOOD
155,2026-09-05,16,6.733,GOOD
155,2026-09-05,17,,
155,2026-09-05,18,-0.447,GOOD
155,2026-09-05,19,-4.405,GOOD
155,2026-09-05,20,-2.82,GOOD
155,2026-09-05,21,0.359,GOOD
155,2026-09-05,22,5.549,GOOD
155,2026-09-05,23,4.125,GOOD
155,2026-09-05,24,6.403,GOOD
155,2026-09-06,1,9.011,GOOD
155,2026-09-06,2,12.208,GOOD
155,2026-09-06,3,19.282,GOOD
155,2026-09-06,4,18.522,GOOD
155,2026-09-06,5,21.041,GOOD
155,2026-09-06,6,13.784,GOOD
155,2026-09-06,7,7.539,GOOD
155,2026-09-06,8,1.401,GOOD
155,2026-09-06,9,1.109,GOOD
155,2026-09-06,10,0.948,GOOD
155,2026-09-06,11,-0.756,GOOD
155,2026-09-06,12,-0.059,GOOD
155,2026-09-06,13,0.072,GOOD
155,2026-09-06,14,1.848,GOOD
155,2026-09-06,15,1.728,GOOD
155,2026-09-06,16,4.255,GOOD
155,2026-09-06,17,3.074,GOOD
155,2026-09-06,18,-0.481,GOOD
155,2026-09-06,19,-6.418,GOOD
155,2026-09-06,20,,
155,2026-09-06,21,-3.992,GOOD
155,2026-09-06,22,5.833,GOOD
155,2026-09-06,23,3.478,GOOD
155,2026-09-06,24,4.231,GOOD
155,2026-09-07,1,6.526,GOOD
155,2026-09-07,2,4.19,GOOD
155,2026-09-07,3,6.152,GOOD
155,2026-09-07,4,6.554,GOOD
155,2026-09-07,5,6.94,GOOD
155,2026-09-07,6,14.101,GOOD
155,2026-09-07,7,18.199,GOOD
155,2026-09-07,8,9.01,GOOD
155,2026-09-07,9,2.08,GOOD
155,2026-09-07,10,0.264,GOOD
155,2026-09-07,11,1.081,GOOD
155,2026-09-07,12,6.806,GOOD
155,2026-09-07,13,7.371,GOOD
155,2026-09-07,14,7.813,GOOD
155,2026-09-07,15,5.345,GOOD
155,2026-09-07,16,8.867,GOOD
155,2026-09-07,17,7.994,GOOD
155,2026-09-07,18,4.617,GOOD
155,2026-09-07,19,3.498,GOOD
155,2026-09-07,20,5.334,GOOD
155,2026-09-07,21,3.916,GOOD
155,2026-09-07,22,-0.316,GOOD
155,2026-09-07,23,0.785,GOOD
155,2026-09-07,24,0.203,GOOD
155,2026-09-08,1,7.17,GOOD
155,2026-09-08,2,16.338,GOOD
155,2026-09-08,3,20.612,GOOD
155,2026-09-08,4,15.973,GOOD
155,2026-09-08,5,11.069,GOOD
155,2026-09-08,6,5.262,GOOD
155,2026-09-08,7,1.973,GOOD
155,2026-09-08,8,3.205,GOOD
155,2026-09-08,9,1.625,GOOD
155,2026-09-08,10,2.697,GOOD
155,2026-09-08,11,-0.332,GOOD
155,2026-09-08,12,-2.018,GOOD
155,2026-09-08,13,3.855,GOOD
155,2026-09-08,14,3.22,GOOD
155,2026-09-08,15,2.668,GOOD
155,2026-09-08,16,6.18,GOOD
155,2026-09-08,17,7.728,GOOD
155,2026-09-08,18,5.17,GOOD
155,2026-09-08,19,9.916,GOOD
155,2026-09-08,20,11.862,GOOD
155,2026-09-08,21,12.29,GOOD
155,2026-09-08,22,11.011,GOOD
155,2026-09-08,23,8.206,GOOD
155,2026-09-08,24,5.141,GOOD
155,2026-09-09,1,5.677,GOOD
155,2026-09-09,2,4.769,GOOD
155,2026-09-09,3,3.549,GOOD
155,2026-09-09,4,5.3,GOOD
155,2026-09-09,5,6.653,GOOD
155,2026-09-09,6,4.88,GOOD
155,2026-09-09,7,2.581,GOOD
155,2026-09-09,8,,
155,2026-09-09,9,-5.415,GOOD
155,2026-09-09,10,2.137,GOOD
155,2026-09-09,11,4.567,GOOD
155,2026-09-09,12,9.907,GOOD
155,2026-09-09,13,11.436,GOOD
155,2026-09-09,14,,
155,2026-09-09,15,1.448,GOOD
155,2026-09-09,16,6.218,GOOD
155,2026-09-09,17,13.31,GOOD
155,2026-09-09,18,14.845,GOOD
155,2026-09-09,19,10.767,GOOD
155,2026-09-09,20,8.371,GOOD
155,2026-09-09,21,4.699,GOOD
155,2026-09-09,22,6.688,GOOD
155,2026-09-09,23,15.499,GOOD
155,2026-09-09,24,12.298,GOOD
155,2026-09-10,1,12.531,GOOD
155,2026-09-10,2,8.084,GOOD
155,2026-09-10,3,6.688,GOOD
155,2026-09-10,4,6.423,GOOD
155,2026-09-10,5,9.825,GOOD
155,2026-09-10,6,14.378,GOOD
155,2026-09-10,7,9.894,GOOD
155,2026-09-10,8,5.589,GOOD
155,2026-09-10,9,1.128,GOOD
155,2026-09-10,10,0.998,GOOD
155,2026-09-10,11,4.187,GOOD
155,2026-09-10,12,-0.904,GOOD
155,2026-09-10,13,-5.59,GOOD
155,2026-09-10,14,-4.883,GOOD
155,2026-09-10,15,0.193,GOOD
155,2026-09-10,16,2.915,GOOD
155,2026-09-10,17,4.294,GOOD
155,2026-09-10,18,3.042,GOOD
155,2026-09-10,19,2.838,GOOD
155,2026-09-10,20,2.076,GOOD
155,2026-09-10,21,5.067,GOOD
155,2026-09-10,22,5.776,GOOD
155,2026-09-10,23,8.861,GOOD
155,2026-09-10,24,8.815,GOOD
155,2026-09-11,1,9.281,GOOD
155,2026-09-11,2,9.496,GOOD
155,2026-09-11,3,10.198,GOOD
155,2026-09-11,4,10.784,GOOD
155,2026-09-11,5,11.876,GOOD
155,2026-09-11,6,8.176,GOOD
155,2026-09-11,7,7.327,GOOD
155,2026-09-11,8,4.061,GOOD
155,2026-09-11,9,2.864,GOOD
155,2026-09-11,10,7.229,GOOD
155,2026-09-11,11,5.846,GOOD
155,2026-09-11,12,1.958,GOOD
155,2026-09-11,13,7.818,GOOD
155,2026-09-11,14,6.726,GOOD
155,2026-09-11,15,5.765,GOOD
155,2026-09-11,16,4.571,GOOD
155,2026-09-11,17,7.499,GOOD
155,2026-09-11,18,9.103,GOOD
155,2026-09-11,19,6.847,GOOD
155,2026-09-11,20,7.867,GOOD
155,2026-09-11,21,6.513,GOOD
155,2026-09-11,22,9.255,GOOD
155,2026-09-11,23,8.959,GOOD
155,2026-09-11,24,12.786,GOOD
155,2026-09-12,1,12.091,GOOD
155,2026-09-12,2,16.434,GOOD
155,2026-09-12,3,13.815,GOOD
155,2026-09-12,4,14.818,GOOD
155,2026-09-12,5,17.943,GOOD
155,2026-09-12,6,16.096,GOOD
155,2026-09-12,7,13.697,GOOD
155,2026-09-12,8,-6.347,GOOD
155,2026-09-12,9,-5.702,GOOD
155,2026-09-12,10,2.854,GOOD
155,2026-09-12,11,2.411,GOOD
155,2026-09-12,12,2.981,GOOD
155,2026-09-12,13,4.981,GOOD
155,2026-09-12,14,6.83,GOOD
155,2026-09-12,15,7.983,GOOD
155,2026-09-12,16,7.305,GOOD
155,2026-09-12,17,3.087,GOOD
155,2026-09-12,18,7.126,GOOD
155,2026-09-12,19,7.343,GOOD
155,2026-09-12,20,7.593,GOOD
155,2026-09-12,21,-0.035,GOOD
155,2026-09-12,22,-1.605,GOOD
155,2026-09-12,23,-0.588,GOOD
155,2026-09-12,24,0.499,GOOD
155,2026-09-13,1,8.049,GOOD
155,2026-09-13,2,9.196,GOOD
155,2026-09-13,3,10.026,GOOD
155,2026-09-13,4,14.514,GOOD
155,2026-09-13,5,13.968,GOOD
155,2026-09-13,6,19.374,GOOD
155,2026-09-13,7,16.431,GOOD
155,2026-09-13,8,,
155,2026-09-13,9,-5.245,GOOD
155,2026-09-13,10,5.513,GOOD
155,2026-09-13,11,9.905,GOOD
155,2026-09-13,12,9.79,GOOD
155,2026-09-13,13,13.248,GOOD
155,2026-09-13,14,13.289,GOOD
155,2026-09-13,15,9.985,GOOD
155,2026-09-13,16,,
155,2026-09-13,17,,
155,2026-09-13,18,,
155,2026-09-13,19,2.978,GOOD
155,2026-09-13,20,6.844,GOOD
155,2026-09-13,21,7.578,GOOD
155,2026-09-13,22,11.896,GOOD
155,2026-09-13,23,10.368,GOOD
155,2026-09-13,24,9.767,GOOD
155,2026-09-14,1,10.635,GOOD
155,2026-09-14,2,7.816,GOOD
155,2026-09-14,3,10.553,GOOD
155,2026-09-14,4,9.929,GOOD
155,2026-09-14,5,0.882,GOOD
155,2026-09-14,6,-1.336,GOOD
155,2026-09-14,7,7.63,GOOD
155,2026-09-14,8,-0.642,GOOD
155,2026-09-14,9,3.443,GOOD
155,2026-09-14,10,6.142,GOOD
155,2026-09-14,11,3.757,GOOD
155,2026-09-14,12,3.065,GOOD
155,2026-09-14,13,11.852,GOOD
155,2026-09-14,14,26.043,FAIR
155,2026-09-14,15,12.806,GOOD
155,2026-09-14,16,5.396,GOOD
155,2026-09-14,17,13.519,GOOD
155,2026-09-14,18,15.223,GOOD
155,2026-09-14,19,19.534,GOOD
155,2026-09-14,20,8.039,GOOD
155,2026-09-14,21,-3.321,GOOD
155,2026-09-14,22,3.864,GOOD
155,2026-09-14,23,14.979,GOOD
155,2026-09-14,24,17.168,GOOD
155,2026-09-15,1,15.596,GOOD
155,2026-09-15,2,9.162,GOOD
155,2026-09-15,3,9.907,GOOD
155,2026-09-15,4,7.164,GOOD
155,2026-09-15,5,-1.972,GOOD
155,2026-09-15,6,-8.882,GOOD
155,2026-09-15,7,-0.295,GOOD
155,2026-09-15,8,-3.9,GOOD
155,2026-09-15,9,-7.361,GOOD
155,2026-09-15,10,-0.412,GOOD
155,2026-09-15,11,2.449,GOOD
155,2026-09-15,12,1.687,GOOD
155,2026-09-15,13,-0.553,GOOD
155,2026-09-15,14,2.602,GOOD
155,2026-09-15,15,5.395,GOOD
155,2026-09-15,16,3.42,GOOD
155,2026-09-15,17,1.559,GOOD
155,2026-09-15,18,6.001,GOOD
155,2026-09-15,19,1.978,GOOD
155,2026-09-15,20,3.238,GOOD
155,2026-09-15,21,3.316,GOOD
155,2026-09-15,22,11.407,GOOD
155,2026-09-15,23,11.077,GOOD
155,2026-09-15,24,12.443,GOOD
155,2026-09-16,1,9.725,GOOD
155,2026-09-16,2,10.015,GOOD
155,2026-09-16,3,10.42,GOOD
155,2026-09-16,4,12.065,GOOD
155,2026-09-16,5,0.711,GOOD
155,2026-09-16,6,-1.102,GOOD
155,2026-09-16,7,12.566,GOOD
155,2026-09-16,8,10.49,GOOD
155,2026-09-16,9,4.88,GOOD
155,2026-09-16,10,4.072,GOOD
155,2026-09-16,11,,
155,2026-09-16,12,2.204,GOOD
155,2026-09-16,13,1.585,GOOD
155,2026-09-16,14,-2.554,GOOD
155,2026-09-16,15,1.435,GOOD
155,2026-09-16,16,3.861,GOOD
155,2026-09-16,17,4.803,GOOD
155,2026-09-16,18,6.14,GOOD
155,2026-09-16,19,7.468,GOOD
155,2026-09-16,20,8.116,GOOD
155,2026-09-16,21,5.462,GOOD
155,2026-09-16,22,5.35,GOOD
155,2026-09-16,23,4.483,GOOD
155,2026-09-16,24,7.879,GOOD
155,2026-09-17,1,4.627,GOOD
155,2026-09-17,2,6.551,GOOD
155,2026-09-17,3,8.614,GOOD
155,2026-09-17,4,5.837,GOOD
155,2026-09-17,5,1.174,GOOD
155,2026-09-17,6,2.65,GOOD
155,2026-09-17,7,4.682,GOOD
155,2026-09-17,8,0.679,GOOD
155,2026-09-17,9,0.346,GOOD
155,2026-09-17,10,0.717,GOOD
155,2026-09-17,11,1.218,GOOD
155,2026-09-17,12,1.785,GOOD
155,2026-09-17,13,3.655,GOOD
155,2026-09-17,14,2.4,GOOD
155,2026-09-17,15,3.169,GOOD
155,2026-09-17,16,1.555,GOOD
155,2026-09-17,17,3.242,GOOD
155,2026-09-17,18,4.288,GOOD
155,2026-09-17,19,2.241,GOOD
155,2026-09-17,20,-0.827,GOOD
155,2026-09-17,21,2.48,GOOD
155,2026-09-17,22,7.457,GOOD
155,2026-09-17,23,2.467,GOOD
155,2026-09-17,24,5.987,GOOD
155,2026-09-18,1,9.332,GOOD
155,2026-09-18,2,5.667,GOOD
155,2026-09-18,3,6.026,GOOD
155,2026-09-18,4,8.047,GOOD
155,2026-09-18,5,4.458,GOOD
155,2026-09-18,6,6.397,GOOD
155,2026-09-18,7,7.37,GOOD
155,2026-09-18,8,-6.996,GOOD
155,2026-09-18,9,-4.738,GOOD
155,2026-09-18,10,5.106,GOOD
155,2026-09-18,11,9.879,GOOD
155,2026-09-18,12,10.784,GOOD
155,2026-09-18,13,15.055,GOOD
155,2026-09-18,14,8.96,GOOD
155,2026-09-18,15,0.037,GOOD
155,2026-09-18,16,-1.274,GOOD
155,2026-09-18,17,-0.348,GOOD
155,2026-09-18,18,7.82,GOOD
155,2026-09-18,19,9.532,GOOD
155,2026-09-18,20,11.308,GOOD
155,2026-09-18,21,8.691,GOOD
155,2026-09-18,22,11.618,GOOD
155,2026-09-18,23,17.952,GOOD
155,2026-09-18,24,10.299,GOOD
155,2026-09-19,1,10.525,GOOD
155,2026-09-19,2,5.988,GOOD
155,2026-09-19,3,5.475,GOOD
155,2026-09-19,4,5.27,GOOD
155,2026-09-19,5,4.257,GOOD
155,2026-09-19,6,8.316,GOOD
155,2026-09-19,7,7.691,GOOD
155,2026-09-19,8,-1.086,GOOD
155,2026-09-19,9,-2.077,GOOD
155,2026-09-19,10,-2.093,GOOD
155,2026-09-19,11,1.585,GOOD
155,2026-09-19,12,-1.295,GOOD
155,2026-09-19,13,4.853,GOOD
155,2026-09-19,14,-0.725,GOOD
155,2026-09-19,15,-3.804,GOOD
155,2026-09-19,16,-0.103,GOOD
155,2026-09-19,17,2.099,GOOD
155,2026-09-19,18,6.286,GOOD
155,2026-09-19,19,10.355,GOOD
155,2026-09-19,20,8.534,GOOD
155,2026-09-19,21,13.543,GOOD
155,2026-09-19,22,14.171,GOOD
155,2026-09-19,23,9.823,GOOD
155,2026-09-19,24,7.615,GOOD
155,2026-09-20,1,9.107,GOOD
155,2026-09-20,2,6.063,GOOD
155,2026-09-20,3,8.203,GOOD
155,2026-09-20,4,5.822,GOOD
155,2026-09-20,5,12.065,GOOD
155,2026-09-20,6,13.792,GOOD
155,2026-09-20,7,6.322,GOOD
155,2026-09-20,8,1.81,GOOD
155,2026-09-20,9,-0.572,GOOD
155,2026-09-20,10,3.372,GOOD
155,2026-09-20,11,3.345,GOOD
155,2026-09-20,12,0.86,GOOD
155,2026-09-20,13,-4.116,GOOD
155,2026-09-20,14,-7.553,GOOD
155,2026-09-20,15,-3.639,GOOD
155,2026-09-20,16,0.733,GOOD
155,2026-09-20,17,2.315,GOOD
155,2026-09-20,18,6.933,GOOD
155,2026-09-20,19,8.697,GOOD
155,2026-09-20,20,7.541,GOOD
155,2026-09-20,21,10.725,GOOD
155,2026-09-20,22,10.149,GOOD
155,2026-09-20,23,8.726,GOOD
155,2026-09-20,24,8.317,GOOD
155,2026-09-21,1,5.082,GOOD
155,2026-09-21,2,0.738,GOOD
155,2026-09-21,3,1.553,GOOD
155,2026-09-21,4,2.585,GOOD
155,2026-09-21,5,4.174,GOOD
155,2026-09-21,6,2.663,GOOD
155,2026-09-21,7,-0.24,GOOD
155,2026-09-21,8,-2.296,GOOD
155,2026-09-21,9,-1.287,GOOD
155,2026-09-21,10,-1.829,GOOD
155,2026-09-21,11,1.552,GOOD
155,2026-09-21,12,0.845,GOOD
155,2026-09-21,13,,
155,2026-09-21,14,-4.413,GOOD
155,2026-09-21,15,1.733,GOOD
155,2026-09-21,16,6.704,GOOD
155,2026-09-21,17,13.308,GOOD
155,2026-09-21,18,10.843,GOOD
155,2026-09-21,19,11.559,GOOD
155,2026-09-21,20,5.797,GOOD
155,2026-09-21,21,3.233,GOOD
155,2026-09-21,22,6.763,GOOD
155,2026-09-21,23,5.004,GOOD
155,2026-09-21,24,5.122,GOOD
155,2026-09-22,1,8.876,GOOD
155,2026-09-22,2,3.965,GOOD
155,2026-09-22,3,2.788,GOOD
155,2026-09-22,4,4.572,GOOD
155,2026-09-22,5,6.914,GOOD
155,2026-09-22,6,8.416,GOOD
155,2026-09-22,7,11.956,GOOD
155,2026-09-22,8,7.416,GOOD
155,2026-09-22,9,10.621,GOOD
155,2026-09-22,10,9.409,GOOD
155,2026-09-22,11,5.798,GOOD
155,2026-09-22,12,1.265,GOOD
155,2026-09-22,13,2.231,GOOD
155,2026-09-22,14,-3.096,GOOD
155,2026-09-22,15,-7.595,GOOD
155,2026-09-22,16,-6.35,GOOD
155,2026-09-22,17,-2.887,GOOD
155,2026-09-22,18,-1.846,GOOD
155,2026-09-22,19,-0.721,GOOD
155,2026-09-22,20,1.232,GOOD
155,2026-09-22,21,12.439,GOOD
155,2026-09-22,22,13.82,GOOD
155,2026-09-22,23,6.823,GOOD
155,2026-09-22,24,1.499,GOOD
155,2026-09-23,1,2.707,GOOD
155,2026-09-23,2,4.213,GOOD
155,2026-09-23,3,-0.22,GOOD
155,2026-09-23,4,0.625,GOOD
155,2026-09-23,5,-0.125,GOOD
155,2026-09-23,6,-0.779,GOOD
155,2026-09-23,7,-2.157,GOOD
155,2026-09-23,8,-5.977,GOOD
155,2026-09-23,9,-8.163,GOOD
155,2026-09-23,10,-8.55,GOOD
155,2026-09-23,11,-0.998,GOOD
155,2026-09-23,12,-1.468,GOOD
155,2026-09-23,13,1.332,GOOD
155,2026-09-23,14,9.388,GOOD
155,2026-09-23,15,5.385,GOOD
155,2026-09-23,16,4.27,GOOD
155,2026-09-23,17,10.284,GOOD
155,2026-09-23,18,7.562,GOOD
155,2026-09-23,19,10.242,GOOD
155,2026-09-23,20,8.158,GOOD
155,2026-09-23,21,9.569,GOOD
155,2026-09-23,22,14.969,GOOD
155,2026-09-23,23,12.212,GOOD
155,2026-09-23,24,10.252,GOOD
155,2026-09-24,1,10.972,GOOD
155,2026-09-24,2,9.889,GOOD
155,2026-09-24,3,7.208,GOOD
155,2026-09-24,4,7.778,GOOD
155,2026-09-24,5,7.977,GOOD
155,2026-09-24,6,4.052,GOOD
155,2026-09-24,7,1.593,GOOD
155,2026-09-24,8,0.865,GOOD
155,2026-09-24,9,1.907,GOOD
155,2026-09-24,10,0.517,GOOD
155,2026-09-24,11,-0.504,GOOD
155,2026-09-24,12,1.587,GOOD
155,2026-09-24,13,4.889,GOOD
155,2026-09-24,14,10.677,GOOD
155,2026-09-24,15,14.099,GOOD
155,2026-09-24,16,13.269,GOOD
155,2026-09-24,17,9.989,GOOD
155,2026-09-24,18,10.763,GOOD
155,2026-09-24,19,10.552,GOOD
155,2026-09-24,20,6.883,GOOD
155,2026-09-24,21,4.325,GOOD
155,2026-09-24,22,1.736,GOOD
155,2026-09-24,23,3.144,GOOD
155,2026-09-24,24,4.019,GOOD
155,2026-09-25,1,7.745,GOOD
155,2026-09-25,2,6.125,GOOD
155,2026-09-25,3,3.995,GOOD
155,2026-09-25,4,5.78,GOOD
155,2026-09-25,5,6.731,GOOD
155,2026-09-25,6,8.534,GOOD
155,2026-09-25,7,4.9,GOOD
155,2026-09-25,8,1.722,GOOD
155,2026-09-25,9,-2.356,GOOD
155,2026-09-25,10,-2.226,GOOD
155,2026-09-25,11,5.053,GOOD
155,2026-09-25,12,5.223,GOOD
155,2026-09-25,13,8.784,GOOD
155,2026-09-25,14,7.076,GOOD
155,2026-09-25,15,15.951,GOOD
155,2026-09-25,16,14.214,GOOD
155,2026-09-25,17,18.479,GOOD
155,2026-09-25,18,4.119,GOOD
155,2026-09-25,19,1.948,GOOD
155,2026-09-25,20,6.691,GOOD
155,2026-09-25,21,12.051,GOOD
155,2026-09-25,22,15.368,GOOD
155,2026-09-25,23,13.157,GOOD
155,2026-09-25,24,14.158,GOOD
155,2026-09-26,1,12.982,GOOD
155,2026-09-26,2,9.96,GOOD
155,2026-09-26,3,11.335,GOOD
155,2026-09-26,4,8.848,GOOD
155,2026-09-26,5,6.825,GOOD
155,2026-09-26,6,7.556,GOOD
155,2026-09-26,7,2.976,GOOD
155,2026-09-26,8,-7.494,GOOD
155,2026-09-26,9,-3.381,GOOD
155,2026-09-26,10,-0.502,GOOD
155,2026-09-26,11,6.588,GOOD
155,2026-09-26,12,14.928,GOOD
155,2026-09-26,13,15.384,GOOD
155,2026-09-26,14,19.617,GOOD
155,2026-09-26,15,17.603,GOOD
155,2026-09-26,16,20.483,GOOD
155,2026-09-26,17,17.805,GOOD
155,2026-09-26,18,10.593,GOOD
155,2026-09-26,19,4.904,GOOD
155,2026-09-26,20,,
155,2026-09-26,21,2.975,GOOD
155,2026-09-26,22,4.791,GOOD
155,2026-09-26,23,9.739,GOOD
155,2026-09-26,24,8.108,GOOD
155,2026-09-27,1,10.087,GOOD
155,2026-09-27,2,10.214,GOOD
155,2026-09-27,3,7.688,GOOD
155,2026-09-27,4,8.259,GOOD
155,2026-09-27,5,4.41,GOOD
155,2026-09-27,6,2.732,GOOD
155,2026-09-27,7,4.347,GOOD
155,2026-09-27,8,0.058,GOOD
155,2026-09-27,9,4.521,GOOD
155,2026-09-27,10,7.528,GOOD
155,2026-09-27,11,6.143,GOOD
155,2026-09-27,12,3.499,GOOD
155,2026-09-27,13,-9.357,GOOD
155,2026-09-27,14,-9.598,GOOD
155,2026-09-27,15,-1.901,GOOD
155,2026-09-27,16,2.363,GOOD
155,2026-09-27,17,1.008,GOOD
155,2026-09-27,18,2.644,GOOD
155,2026-09-27,19,3.062,GOOD
155,2026-09-27,20,4.082,GOOD
155,2026-09-27,21,1.321,GOOD
155,2026-09-27,22,2.818,GOOD
155,2026-09-27,23,-0.389,GOOD
155,2026-09-27,24,0.201,GOOD
155,2026-09-28,1,2.475,GOOD
155,2026-09-28,2,1.678,GOOD
155,2026-09-28,3,2.191,GOOD
155,2026-09-28,4,3.477,GOOD
155,2026-09-28,5,-0.34,GOOD
155,2026-09-28,6,-0.801,GOOD
155,2026-09-28,7,2.437,GOOD
155,2026-09-28,8,0.402,GOOD
155,2026-09-28,9,4.158,GOOD
155,2026-09-28,10,7.891,GOOD
155,2026-09-28,11,5.836,GOOD
155,2026-09-28,12,6.633,GOOD
155,2026-09-28,13,9.183,GOOD
155,2026-09-28,14,11.042,GOOD
155,2026-09-28,15,9.703,GOOD
155,2026-09-28,16,7.451,GOOD
155,2026-09-28,17,9.911,GOOD
155,2026-09-28,18,7.547,GOOD
155,2026-09-28,19,5.467,GOOD
155,2026-09-28,20,4.914,GOOD
155,2026-09-28,21,0.066,GOOD
155,2026-09-28,22,-0.991,GOOD
155,2026-09-28,23,0.027,GOOD
155,2026-09-28,24,2.969,GOOD
155,2026-09-29,1,3.088,GOOD
155,2026-09-29,2,6.662,GOOD
155,2026-09-29,3,4.574,GOOD
155,2026-09-29,4,8.098,GOOD
155,2026-09-29,5,3.434,GOOD
155,2026-09-29,6,3.871,GOOD
155,2026-09-29,7,1.682,GOOD
155,2026-09-29,8,2.567,GOOD
155,2026-09-29,9,5.601,GOOD
155,2026-09-29,10,,
155,2026-09-29,11,,
155,2026-09-29,12,,
155,2026-09-29,13,,
155,2026-09-29,14,,
155,2026-09-29,15,,
155,2026-09-29,16,,
155,2026-09-29,17,,
155,2026-09-29,18,,
155,2026-09-29,19,,
155,2026-09-29,20,,
155,2026-09-29,21,,
155,2026-09-29,22,,
155,2026-09-29,23,,
155,2026-09-29,24,,
155,2026-09-30,1,,
155,2026-09-30,2,,
155,2026-09-30,3,,
155,2026-09-30,4,,
155,2026-09-30,5,,
155,2026-09-30,6,,
155,2026-09-30,7,,
155,2026-09-30,8,,
155,2026-09-30,9,,
155,2026-09-30,10,,
155,2026-09-30,11,,
155,2026-09-30,12,,
155,2026-09-30,13,5.614,GOOD
155,2026-09-30,14,10.096,GOOD
155,2026-09-30,15,14.435,GOOD
155,2026-09-30,16,8.028,GOOD
155,2026-09-30,17,,
155,2026-09-30,18,1.814,GOOD
155,2026-09-30,19,3.654,GOOD
155,2026-09-30,20,7.249,GOOD
155,2026-09-30,21,2.478,GOOD
155,2026-09-30,22,3.907,GOOD
155,2026-09-30,23,10.161,GOOD
155,2026-09-30,24,28.413,FAIR
2921,2026-09-01,1,11.359,GOOD
2921,2026-09-01,2,8.391,GOOD
2921,2026-09-01,3,7.544,GOOD
2921,2026-09-01,4,6.959,GOOD
2921,2026-09-01,5,8.054,GOOD
2921,2026-09-01,6,12.19,GOOD
2921,2026-09-01,7,13.245,GOOD
2921,2026-09-01,8,,
2921,2026-09-01,9,,
2921,2026-09-01,10,10.397,GOOD
2921,2026-09-01,11,8.405,GOOD
2921,2026-09-01,12,2.384,GOOD
2921,2026-09-01,13,2.842,GOOD
2921,2026-09-01,14,1.469,GOOD
2921,2026-09-01,15,2.485,GOOD
2921,2026-09-01,16,4.465,GOOD
2921,2026-09-01,17,6.366,GOOD
2921,2026-09-01,18,6.149,GOOD
2921,2026-09-01,19,8.769,GOOD
2921,2026-09-01,20,9.491,GOOD
2921,2026-09-01,21,8.093,GOOD
2921,2026-09-01,22,7.273,GOOD
2921,2026-09-01,23,6.204,GOOD
2921,2026-09-01,24,7.503,GOOD
2921,2026-09-02,1,6.906,GOOD
2921,2026-09-02,2,4.15,GOOD
2921,2026-09-02,3,3.351,GOOD
2921,2026-09-02,4,6.639,GOOD
2921,2026-09-02,5,3.873,GOOD
2921,2026-09-02,6,0.812,GOOD
2921,2026-09-02,7,2.276,GOOD
2921,2026-09-02,8,3.388,GOOD
2921,2026-09-02,9,5.026,GOOD
2921,2026-09-02,10,5.698,GOOD
2921,2026-09-02,11,3.146,GOOD
2921,2026-09-02,12,2.001,GOOD
2921,2026-09-02,13,5.211,GOOD
2921,2026-09-02,14,5.46,GOOD
2921,2026-09-02,15,6.977,GOOD
2921,2026-09-02,16,2.444,GOOD
2921,2026-09-02,17,2.991,GOOD
2921,2026-09-02,18,6.012,GOOD
2921,2026-09-02,19,5.082,GOOD
2921,2026-09-02,20,9.055,GOOD
2921,2026-09-02,21,5.659,GOOD
2921,2026-09-02,22,7.228,GOOD
2921,2026-09-02,23,4.366,GOOD
2921,2026-09-02,24,4.147,GOOD
2921,2026-09-03,1,3.315,GOOD
2921,2026-09-03,2,1.287,GOOD
2921,2026-09-03,3,2.869,GOOD
2921,2026-09-03,4,3.116,GOOD
2921,2026-09-03,5,1.684,GOOD
2921,2026-09-03,6,0.488,GOOD
2921,2026-09-03,7,4.899,GOOD
2921,2026-09-03,8,-0.452,GOOD
2921,2026-09-03,9,5.981,GOOD
2921,2026-09-03,10,7.551,GOOD
2921,2026-09-03,11,4.446,GOOD
2921,2026-09-03,12,3.845,GOOD
2921,2026-09-03,13,4.3,GOOD
2921,2026-09-03,14,1.078,GOOD
2921,2026-09-03,15,3.218,GOOD
2921,2026-09-03,16,1.805,GOOD
2921,2026-09-03,17,5.016,GOOD
2921,2026-09-03,18,5.93,GOOD
2921,2026-09-03,19,7.253,GOOD
2921,2026-09-03,20,6.039,GOOD
2921,2026-09-03,21,12.22,GOOD
2921,2026-09-03,22,11.358,GOOD
2921,2026-09-03,23,7.002,GOOD
2921,2026-09-03,24,3.651,GOOD
2921,2026-09-04,1,3.572,GOOD
2921,2026-09-04,2,3.576,GOOD
2921,2026-09-04,3,-0.266,GOOD
2921,2026-09-04,4,0.63,GOOD
2921,2026-09-04,5,5.779,GOOD
2921,2026-09-04,6,8.567,GOOD
2921,2026-09-04,7,5.778,GOOD
2921,2026-09-04,8,2.716,GOOD
2921,2026-09-04,9,-1.989,GOOD
2921,2026-09-04,10,-1.306,GOOD
2921,2026-09-04,11,-0.539,GOOD
2921,2026-09-04,12,1.366,GOOD
2921,2026-09-04,13,1.417,GOOD
2921,2026-09-04,14,5.584,GOOD
2921,2026-09-04,15,3.548,GOOD
2921,2026-09-04,16,4.531,GOOD
2921,2026-09-04,17,3.884,GOOD
2921,2026-09-04,18,8.018,GOOD
2921,2026-09-04,19,7.714,GOOD
2921,2026-09-04,20,4.745,GOOD
2921,2026-09-04,21,9.194,GOOD
2921,2026-09-04,22,7.389,GOOD
2921,2026-09-04,23,7.968,GOOD
2921,2026-09-04,24,3.053,GOOD
2921,2026-09-05,1,0.497,GOOD
2921,2026-09-05,2,2.273,GOOD
2921,2026-09-05,3,2.621,GOOD
2921,2026-09-05,4,0.829,GOOD
2921,2026-09-05,5,1.599,GOOD
2921,2026-09-05,6,-0.757,GOOD
2921,2026-09-05,7,4.049,GOOD
2921,2026-09-05,8,-3.247,GOOD
2921,2026-09-05,9,4.752,GOOD
2921,2026-09-05,10,9.861,GOOD
2921,2026-09-05,11,0.782,GOOD
2921,2026-09-05,12,0.754,GOOD
2921,2026-09-05,13,3.77,GOOD
2921,2026-09-05,14,6.797,GOOD
2921,2026-09-05,15,5.224,GOOD
2921,2026-09-05,16,5.503,GOOD
2921,2026-09-05,17,7.531,GOOD
2921,2026-09-05,18,2.075,GOOD
2921,2026-09-05,19,4.31,GOOD
2921,2026-09-05,20,2.793,GOOD
2921,2026-09-05,21,1.307,GOOD
2921,2026-09-05,22,1.874,GOOD
2921,2026-09-05,23,3.973,GOOD
2921,2026-09-05,24,4.229,GOOD
2921,2026-09-06,1,3.514,GOOD
2921,2026-09-06,2,4.144,GOOD
2921,2026-09-06,3,3.628,GOOD
2921,2026-09-06,4,2.981,GOOD
2921,2026-09-06,5,6.55,GOOD
2921,2026-09-06,6,5.791,GOOD
2921,2026-09-06,7,4.262,GOOD
2921,2026-09-06,8,3.51,GOOD
2921,2026-09-06,9,1.311,GOOD
2921,2026-09-06,10,-0.821,GOOD
2921,2026-09-06,11,1.754,GOOD
2921,2026-09-06,12,1.862,GOOD
2921,2026-09-06,13,0.456,GOOD
2921,2026-09-06,14,2.961,GOOD
2921,2026-09-06,15,5.299,GOOD
2921,2026-09-06,16,4.084,GOOD
2921,2026-09-06,17,4.184,GOOD
2921,2026-09-06,18,1.991,GOOD
2921,2026-09-06,19,1.256,GOOD
2921,2026-09-06,20,2.913,GOOD
2921,2026-09-06,21,7.701,GOOD
2921,2026-09-06,22,9.391,GOOD
2921,2026-09-06,23,6.6,GOOD
2921,2026-09-06,24,4.715,GOOD
2921,2026-09-07,1,3,GOOD
2921,2026-09-07,2,1.184,GOOD
2921,2026-09-07,3,-1.43,GOOD
2921,2026-09-07,4,2.341,GOOD
2921,2026-09-07,5,3.457,GOOD
2921,2026-09-07,6,7.088,GOOD
2921,2026-09-07,7,4.613,GOOD
2921,2026-09-07,8,,
2921,2026-09-07,9,-0.332,GOOD
2921,2026-09-07,10,7.399,GOOD
2921,2026-09-07,11,6.54,GOOD
2921,2026-09-07,12,3.423,GOOD
2921,2026-09-07,13,3.542,GOOD
2921,2026-09-07,14,2.401,GOOD
2921,2026-09-07,15,4.192,GOOD
2921,2026-09-07,16,5.707,GOOD
2921,2026-09-07,17,,
2921,2026-09-07,18,,
2921,2026-09-07,19,2.023,GOOD
2921,2026-09-07,20,6.848,GOOD
2921,2026-09-07,21,6.069,GOOD
2921,2026-09-07,22,9.491,GOOD
2921,2026-09-07,23,7.053,GOOD
2921,2026-09-07,24,9.708,GOOD
2921,2026-09-08,1,8.524,GOOD
2921,2026-09-08,2,8.738,GOOD
2921,2026-09-08,3,3.314,GOOD
2921,2026-09-08,4,0.295,GOOD
2921,2026-09-08,5,1.855,GOOD
2921,2026-09-08,6,4.856,GOOD
2921,2026-09-08,7,5.331,GOOD
2921,2026-09-08,8,4.429,GOOD
2921,2026-09-08,9,4.371,GOOD
2921,2026-09-08,10,4.923,GOOD
2921,2026-09-08,11,6.325,GOOD
2921,2026-09-08,12,3.769,GOOD
2921,2026-09-08,13,5.379,GOOD
2921,2026-09-08,14,6.897,GOOD
2921,2026-09-08,15,4.346,GOOD
2921,2026-09-08,16,6.099,GOOD
2921,2026-09-08,17,5.292,GOOD
2921,2026-09-08,18,1.786,GOOD
2921,2026-09-08,19,1.945,GOOD
2921,2026-09-08,20,4.704,GOOD
2921,2026-09-08,21,10.709,GOOD
2921,2026-09-08,22,11.108,GOOD
2921,2026-09-08,23,5.425,GOOD
2921,2026-09-08,24,4.515,GOOD
2921,2026-09-09,1,3.713,GOOD
2921,2026-09-09,2,2.703,GOOD
2921,2026-09-09,3,0.493,GOOD
2921,2026-09-09,4,1.572,GOOD
2921,2026-09-09,5,0.643,GOOD
2921,2026-09-09,6,3.832,GOOD
2921,2026-09-09,7,4.148,GOOD
2921,2026-09-09,8,,
2921,2026-09-09,9,-0.977,GOOD
2921,2026-09-09,10,7.052,GOOD
2921,2026-09-09,11,9.097,GOOD
2921,2026-09-09,12,,
2921,2026-09-09,13,5.323,GOOD
2921,2026-09-09,14,7.152,GOOD
2921,2026-09-09,15,11.306,GOOD
2921,2026-09-09,16,8.562,GOOD
2921,2026-09-09,17,8.586,GOOD
2921,2026-09-09,18,6.491,GOOD
2921,2026-09-09,19,5.177,GOOD
2921,2026-09-09,20,5.117,GOOD
2921,2026-09-09,21,8.23,GOOD
2921,2026-09-09,22,8.526,GOOD
2921,2026-09-09,23,9.267,GOOD
2921,2026-09-09,24,4.281,GOOD
2921,2026-09-10,1,6.799,GOOD
2921,2026-09-10,2,5.869,GOOD
2921,2026-09-10,3,2.638,GOOD
2921,2026-09-10,4,4.439,GOOD
2921,2026-09-10,5,3.728,GOOD
2921,2026-09-10,6,2.612,GOOD
2921,2026-09-10,7,5.234,GOOD
2921,2026-09-10,8,4.413,GOOD
2921,2026-09-10,9,2.512,GOOD
2921,2026-09-10,10,0.353,GOOD
2921,2026-09-10,11,2.652,GOOD
2921,2026-09-10,12,8.747,GOOD
2921,2026-09-10,13,7.774,GOOD
2921,2026-09-10,14,7.37,GOOD
2921,2026-09-10,15,5.991,GOOD
2921,2026-09-10,16,6.342,GOOD
2921,2026-09-10,17,10.391,GOOD
2921,2026-09-10,18,7.736,GOOD
2921,2026-09-10,19,7.927,GOOD
2921,2026-09-10,20,7.683,GOOD
2921,2026-09-10,21,6.229,GOOD
2921,2026-09-10,22,10.177,GOOD
2921,2026-09-10,23,9.583,GOOD
2921,2026-09-10,24,7.04,GOOD
2921,2026-09-11,1,5.583,GOOD
2921,2026-09-11,2,3.293,GOOD
2921,2026-09-11,3,-0.042,GOOD
2921,2026-09-11,4,0.547,GOOD
2921,2026-09-11,5,-3.826,GOOD
2921,2026-09-11,6,1.567,GOOD
2921,2026-09-11,7,2.555,GOOD
2921,2026-09-11,8,0.831,GOOD
2921,2026-09-11,9,-0.18,GOOD
2921,2026-09-11,10,8.242,GOOD
2921,2026-09-11,11,13.735,GOOD
2921,2026-09-11,12,11.12,GOOD
2921,2026-09-11,13,8.759,GOOD
2921,2026-09-11,14,13.393,GOOD
2921,2026-09-11,15,13.994,GOOD
2921,2026-09-11,16,11.757,GOOD
2921,2026-09-11,17,8.502,GOOD
2921,2026-09-11,18,8.792,GOOD
2921,2026-09-11,19,5.76,GOOD
2921,2026-09-11,20,5.615,GOOD
2921,2026-09-11,21,9.193,GOOD
2921,2026-09-11,22,11.694,GOOD
2921,2026-09-11,23,7.815,GOOD
2921,2026-09-11,24,9.77,GOOD
2921,2026-09-12,1,8.712,GOOD
2921,2026-09-12,2,8.126,GOOD
2921,2026-09-12,3,4.732,GOOD
2921,2026-09-12,4,8.437,GOOD
2921,2026-09-12,5,9.24,GOOD
2921,2026-09-12,6,10.5,GOOD
2921,2026-09-12,7,12.401,GOOD
2921,2026-09-12,8,,
2921,2026-09-12,9,,
2921,2026-09-12,10,9.665,GOOD
2921,2026-09-12,11,10.534,GOOD
2921,2026-09-12,12,13.669,GOOD
2921,2026-09-12,13,8.908,GOOD
2921,2026-09-12,14,6.409,GOOD
2921,2026-09-12,15,13.961,GOOD
2921,2026-09-12,16,13.271,GOOD
2921,2026-09-12,17,12.255,GOOD
2921,2026-09-12,18,8.138,GOOD
2921,2026-09-12,19,5.272,GOOD
2921,2026-09-12,20,7.253,GOOD
2921,2026-09-12,21,19.249,GOOD
2921,2026-09-12,22,20.487,GOOD
2921,2026-09-12,23,13.429,GOOD
2921,2026-09-12,24,10.438,GOOD
2921,2026-09-13,1,10.863,GOOD
2921,2026-09-13,2,9.059,GOOD
2921,2026-09-13,3,10.812,GOOD
2921,2026-09-13,4,12.169,GOOD
2921,2026-09-13,5,17.502,GOOD
2921,2026-09-13,6,20.278,GOOD
2921,2026-09-13,7,17.566,GOOD
2921,2026-09-13,8,,
2921,2026-09-13,9,,
2921,2026-09-13,10,17.819,GOOD
2921,2026-09-13,11,22.081,GOOD
2921,2026-09-13,12,14.571,GOOD
2921,2026-09-13,13,16.85,GOOD
2921,2026-09-13,14,17.651,GOOD
2921,2026-09-13,15,15.396,GOOD
2921,2026-09-13,16,14.29,GOOD
2921,2026-09-13,17,12.078,GOOD
2921,2026-09-13,18,8.904,GOOD
2921,2026-09-13,19,4.382,GOOD
2921,2026-09-13,20,4.359,GOOD
2921,2026-09-13,21,12.18,GOOD
2921,2026-09-13,22,17.608,GOOD
2921,2026-09-13,23,12.143,GOOD
2921,2026-09-13,24,7.807,GOOD
2921,2026-09-14,1,9.119,GOOD
2921,2026-09-14,2,9.717,GOOD
2921,2026-09-14,3,4.398,GOOD
2921,2026-09-14,4,8.684,GOOD
2921,2026-09-14,5,10.921,GOOD
2921,2026-09-14,6,11.478,GOOD
2921,2026-09-14,7,9.515,GOOD
2921,2026-09-14,8,3.396,GOOD
2921,2026-09-14,9,5.512,GOOD
2921,2026-09-14,10,13.403,GOOD
2921,2026-09-14,11,17.951,GOOD
2921,2026-09-14,12,12.625,GOOD
2921,2026-09-14,13,11.667,GOOD
2921,2026-09-14,14,10.226,GOOD
2921,2026-09-14,15,13.529,GOOD
2921,2026-09-14,16,17.279,GOOD
2921,2026-09-14,17,15.149,GOOD
2921,2026-09-14,18,14.813,GOOD
2921,2026-09-14,19,12.5,GOOD
2921,2026-09-14,20,14.17,GOOD
2921,2026-09-14,21,13.331,GOOD
2921,2026-09-14,22,12.896,GOOD
2921,2026-09-14,23,11.999,GOOD
2921,2026-09-14,24,10.154,GOOD
2921,2026-09-15,1,11.41,GOOD
2921,2026-09-15,2,9.661,GOOD
2921,2026-09-15,3,5.455,GOOD
2921,2026-09-15,4,4.243,GOOD
2921,2026-09-15,5,-1.294,GOOD
2921,2026-09-15,6,1.483,GOOD
2921,2026-09-15,7,3.255,GOOD
2921,2026-09-15,8,4.147,GOOD
2921,2026-09-15,9,5.692,GOOD
2921,2026-09-15,10,6.485,GOOD
2921,2026-09-15,11,2.461,GOOD
2921,2026-09-15,12,,
2921,2026-09-15,13,,
2921,2026-09-15,14,,
2921,2026-09-15,15,,
2921,2026-09-15,16,6.315,GOOD
2921,2026-09-15,17,7.433,GOOD
2921,2026-09-15,18,5.783,GOOD
2921,2026-09-15,19,11.117,GOOD
2921,2026-09-15,20,11.133,GOOD
2921,2026-09-15,21,5.262,GOOD
2921,2026-09-15,22,4.782,GOOD
2921,2026-09-15,23,5.994,GOOD
2921,2026-09-15,24,5.911,GOOD
2921,2026-09-16,1,6.315,GOOD
2921,2026-09-16,2,10.152,GOOD
2921,2026-09-16,3,3.047,GOOD
2921,2026-09-16,4,2.658,GOOD
2921,2026-09-16,5,10.163,GOOD
2921,2026-09-16,6,8.504,GOOD
2921,2026-09-16,7,4.193,GOOD
2921,2026-09-16,8,0.412,GOOD
2921,2026-09-16,9,1.37,GOOD
2921,2026-09-16,10,2.949,GOOD
2921,2026-09-16,11,3.931,GOOD
2921,2026-09-16,12,4.36,GOOD
2921,2026-09-16,13,9.059,GOOD
2921,2026-09-16,14,11.28,GOOD
2921,2026-09-16,15,6.502,GOOD
2921,2026-09-16,16,2.022,GOOD
2921,2026-09-16,17,3.671,GOOD
2921,2026-09-16,18,5.813,GOOD
2921,2026-09-16,19,6.511,GOOD
2921,2026-09-16,20,4.385,GOOD
2921,2026-09-16,21,1.561,GOOD
2921,2026-09-16,22,5.106,GOOD
2921,2026-09-16,23,3.955,GOOD
2921,2026-09-16,24,3.092,GOOD
2921,2026-09-17,1,4.213,GOOD
2921,2026-09-17,2,4.098,GOOD
2921,2026-09-17,3,3.845,GOOD
2921,2026-09-17,4,2.442,GOOD
2921,2026-09-17,5,6.043,GOOD
2921,2026-09-17,6,9.566,GOOD
2921,2026-09-17,7,6.805,GOOD
2921,2026-09-17,8,1.415,GOOD
2921,2026-09-17,9,-0.154,GOOD
2921,2026-09-17,10,2.391,GOOD
2921,2026-09-17,11,2.142,GOOD
2921,2026-09-17,12,2.234,GOOD
2921,2026-09-17,13,1.102,GOOD
2921,2026-09-17,14,0.433,GOOD
2921,2026-09-17,15,4.186,GOOD
2921,2026-09-17,16,4.718,GOOD
2921,2026-09-17,17,5.191,GOOD
2921,2026-09-17,18,6.112,GOOD
2921,2026-09-17,19,5.671,GOOD
2921,2026-09-17,20,0.304,GOOD
2921,2026-09-17,21,9.2,GOOD
2921,2026-09-17,22,7.88,GOOD
2921,2026-09-17,23,5.246,GOOD
2921,2026-09-17,24,5.967,GOOD
2921,2026-09-18,1,1.868,GOOD
2921,2026-09-18,2,3.939,GOOD
2921,2026-09-18,3,0.734,GOOD
2921,2026-09-18,4,0.529,GOOD
2921,2026-09-18,5,4.469,GOOD
2921,2026-09-18,6,8.323,GOOD
2921,2026-09-18,7,4.083,GOOD
2921,2026-09-18,8,,
2921,2026-09-18,9,4.71,GOOD
2921,2026-09-18,10,4.731,GOOD
2921,2026-09-18,11,0.53,GOOD
2921,2026-09-18,12,4.287,GOOD
2921,2026-09-18,13,13.84,GOOD
2921,2026-09-18,14,15.319,GOOD
2921,2026-09-18,15,9.63,GOOD
2921,2026-09-18,16,6.568,GOOD
2921,2026-09-18,17,9.094,GOOD
2921,2026-09-18,18,7.341,GOOD
2921,2026-09-18,19,6.472,GOOD
2921,2026-09-18,20,8.927,GOOD
2921,2026-09-18,21,8.26,GOOD
2921,2026-09-18,22,8.454,GOOD
2921,2026-09-18,23,0.829,GOOD
2921,2026-09-18,24,2.853,GOOD
2921,2026-09-19,1,2.089,GOOD
2921,2026-09-19,2,1.077,GOOD
2921,2026-09-19,3,1.368,GOOD
2921,2026-09-19,4,3.175,GOOD
2921,2026-09-19,5,-0.775,GOOD
2921,2026-09-19,6,5.166,GOOD
2921,2026-09-19,7,3.727,GOOD
2921,2026-09-19,8,3.136,GOOD
2921,2026-09-19,9,-1.874,GOOD
2921,2026-09-19,10,-1.365,GOOD
2921,2026-09-19,11,0.995,GOOD
2921,2026-09-19,12,1.57,GOOD
2921,2026-09-19,13,4.335,GOOD
2921,2026-09-19,14,4.681,GOOD
2921,2026-09-19,15,3.051,GOOD
2921,2026-09-19,16,3.575,GOOD
2921,2026-09-19,17,3.075,GOOD
2921,2026-09-19,18,3.552,GOOD
2921,2026-09-19,19,3.327,GOOD
2921,2026-09-19,20,4.774,GOOD
2921,2026-09-19,21,2.517,GOOD
2921,2026-09-19,22,4.691,GOOD
2921,2026-09-19,23,7.177,GOOD
2921,2026-09-19,24,4.165,GOOD
2921,2026-09-20,1,1.339,GOOD
2921,2026-09-20,2,0.989,GOOD
2921,2026-09-20,3,4.09,GOOD
2921,2026-09-20,4,5.218,GOOD
2921,2026-09-20,5,5.113,GOOD
2921,2026-09-20,6,5.674,GOOD
2921,2026-09-20,7,2.501,GOOD
2921,2026-09-20,8,-0.228,GOOD
2921,2026-09-20,9,1.646,GOOD
2921,2026-09-20,10,1.531,GOOD
2921,2026-09-20,11,0.175,GOOD
2921,2026-09-20,12,2.853,GOOD
2921,2026-09-20,13,3.43,GOOD
2921,2026-09-20,14,5.081,GOOD
2921,2026-09-20,15,1.976,GOOD
2921,2026-09-20,16,2.216,GOOD
2921,2026-09-20,17,0.521,GOOD
2921,2026-09-20,18,1.993,GOOD
2921,2026-09-20,19,2.296,GOOD
2921,2026-09-20,20,6.83,GOOD
2921,2026-09-20,21,6.874,GOOD
2921,2026-09-20,22,3.089,GOOD
2921,2026-09-20,23,1.296,GOOD
2921,2026-09-20,24,2.764,GOOD
2921,2026-09-21,1,-0.192,GOOD
2921,2026-09-21,2,-0.524,GOOD
2921,2026-09-21,3,3.283,GOOD
2921,2026-09-21,4,2.36,GOOD
2921,2026-09-21,5,5.058,GOOD
2921,2026-09-21,6,6.747,GOOD
2921,2026-09-21,7,5.798,GOOD
2921,2026-09-21,8,1.041,GOOD
2921,2026-09-21,9,-0.271,GOOD
2921,2026-09-21,10,5.795,GOOD
2921,2026-09-21,11,,
2921,2026-09-21,12,10.318,GOOD
2921,2026-09-21,13,22.543,GOOD
2921,2026-09-21,14,20.936,GOOD
2921,2026-09-21,15,11.507,GOOD
2921,2026-09-21,16,5.512,GOOD
2921,2026-09-21,17,1.365,GOOD
2921,2026-09-21,18,6.557,GOOD
2921,2026-09-21,19,7.304,GOOD
2921,2026-09-21,20,7.532,GOOD
2921,2026-09-21,21,3.038,GOOD
2921,2026-09-21,22,-1.25,GOOD
2921,2026-09-21,23,4.675,GOOD
2921,2026-09-21,24,3.058,GOOD
2921,2026-09-22,1,5.75,GOOD
2921,2026-09-22,2,4.116,GOOD
2921,2026-09-22,3,7.328,GOOD
2921,2026-09-22,4,7.091,GOOD
2921,2026-09-22,5,9.423,GOOD
2921,2026-09-22,6,11.425,GOOD
2921,2026-09-22,7,8.772,GOOD
2921,2026-09-22,8,9.361,GOOD
2921,2026-09-22,9,6.431,GOOD
2921,2026-09-22,10,3.78,GOOD
2921,2026-09-22,11,5.862,GOOD
2921,2026-09-22,12,4.927,GOOD
2921,2026-09-22,13,3.402,GOOD
2921,2026-09-22,14,4.596,GOOD
2921,2026-09-22,15,5.303,GOOD
2921,2026-09-22,16,,
2921,2026-09-22,17,,
2921,2026-09-22,18,-0.828,GOOD
2921,2026-09-22,19,3.802,GOOD
2921,2026-09-22,20,0.688,GOOD
2921,2026-09-22,21,-2.462,GOOD
2921,2026-09-22,22,-2.8,GOOD
2921,2026-09-22,23,-2.009,GOOD
2921,2026-09-22,24,-1.672,GOOD
2921,2026-09-23,1,1.14,GOOD
2921,2026-09-23,2,1.742,GOOD
2921,2026-09-23,3,0.674,GOOD
2921,2026-09-23,4,-2.906,GOOD
2921,2026-09-23,5,-5.589,GOOD
2921,2026-09-23,6,-0.597,GOOD
2921,2026-09-23,7,-2.31,GOOD
2921,2026-09-23,8,-0.053,GOOD
2921,2026-09-23,9,0.057,GOOD
2921,2026-09-23,10,3.145,GOOD
2921,2026-09-23,11,1.649,GOOD
2921,2026-09-23,12,1.015,GOOD
2921,2026-09-23,13,-0.572,GOOD
2921,2026-09-23,14,2.444,GOOD
2921,2026-09-23,15,0.883,GOOD
2921,2026-09-23,16,3.388,GOOD
2921,2026-09-23,17,5.465,GOOD
2921,2026-09-23,18,6.21,GOOD
2921,2026-09-23,19,4.1,GOOD
2921,2026-09-23,20,3.798,GOOD
2921,2026-09-23,21,2.042,GOOD
2921,2026-09-23,22,4.848,GOOD
2921,2026-09-23,23,3.63,GOOD
2921,2026-09-23,24,3.875,GOOD
2921,2026-09-24,1,3.091,GOOD
2921,2026-09-24,2,1.854,GOOD
2921,2026-09-24,3,2.727,GOOD
2921,2026-09-24,4,4.277,GOOD
2921,2026-09-24,5,2.152,GOOD
2921,2026-09-24,6,4.15,GOOD
2921,2026-09-24,7,-2.164,GOOD
2921,2026-09-24,8,,
2921,2026-09-24,9,-3.67,GOOD
2921,2026-09-24,10,10.704,GOOD
2921,2026-09-24,11,13.989,GOOD
2921,2026-09-24,12,10.458,GOOD
2921,2026-09-24,13,5.343,GOOD
2921,2026-09-24,14,5.405,GOOD
2921,2026-09-24,15,12.768,GOOD
2921,2026-09-24,16,15.338,GOOD
2921,2026-09-24,17,13.195,GOOD
2921,2026-09-24,18,5.266,GOOD
2921,2026-09-24,19,-3.131,GOOD
2921,2026-09-24,20,2.839,GOOD
2921,2026-09-24,21,4.694,GOOD
2921,2026-09-24,22,2.831,GOOD
2921,2026-09-24,23,4.115,GOOD
2921,2026-09-24,24,8.329,GOOD
2921,2026-09-25,1,6.564,GOOD
2921,2026-09-25,2,6.404,GOOD
2921,2026-09-25,3,5.935,GOOD
2921,2026-09-25,4,3.474,GOOD
2921,2026-09-25,5,3.746,GOOD
2921,2026-09-25,6,4.695,GOOD
2921,2026-09-25,7,4.398,GOOD
2921,2026-09-25,8,,
2921,2026-09-25,9,-4.87,GOOD
2921,2026-09-25,10,10.225,GOOD
2921,2026-09-25,11,18.527,GOOD
2921,2026-09-25,12,11.939,GOOD
2921,2026-09-25,13,20.551,GOOD
2921,2026-09-25,14,24.045,GOOD
2921,2026-09-25,15,20.639,GOOD
2921,2026-09-25,16,18.593,GOOD
2921,2026-09-25,17,11.662,GOOD
2921,2026-09-25,18,17.409,GOOD
2921,2026-09-25,19,14.771,GOOD
2921,2026-09-25,20,15.43,GOOD
2921,2026-09-25,21,13.215,GOOD
2921,2026-09-25,22,10.745,GOOD
2921,2026-09-25,23,11.639,GOOD
2921,2026-09-25,24,12.106,GOOD
2921,2026-09-26,1,13.577,GOOD
2921,2026-09-26,2,12.934,GOOD
2921,2026-09-26,3,10.512,GOOD
2921,2026-09-26,4,10.613,GOOD
2921,2026-09-26,5,8.868,GOOD
2921,2026-09-26,6,9.631,GOOD
2921,2026-09-26,7,4.252,GOOD
2921,2026-09-26,8,-0.692,GOOD
2921,2026-09-26,9,12.115,GOOD
2921,2026-09-26,10,12.322,GOOD
2921,2026-09-26,11,8.912,GOOD
2921,2026-09-26,12,6.021,GOOD
2921,2026-09-26,13,6.766,GOOD
2921,2026-09-26,14,8.711,GOOD
2921,2026-09-26,15,,
2921,2026-09-26,16,12.622,GOOD
2921,2026-09-26,17,,
2921,2026-09-26,18,,
2921,2026-09-26,19,16.301,GOOD
2921,2026-09-26,20,13.863,GOOD
2921,2026-09-26,21,9.533,GOOD
2921,2026-09-26,22,11.477,GOOD
2921,2026-09-26,23,4.184,GOOD
2921,2026-09-26,24,2.43,GOOD
2921,2026-09-27,1,6.808,GOOD
2921,2026-09-27,2,3.386,GOOD
2921,2026-09-27,3,4.053,GOOD
2921,2026-09-27,4,5.828,GOOD
2921,2026-09-27,5,-2.937,GOOD
2921,2026-09-27,6,4.062,GOOD
2921,2026-09-27,7,2.713,GOOD
2921,2026-09-27,8,1.709,GOOD
2921,2026-09-27,9,-3.693,GOOD
2921,2026-09-27,10,-0.291,GOOD
2921,2026-09-27,11,-1.34,GOOD
2921,2026-09-27,12,-1.735,GOOD
2921,2026-09-27,13,2.82,GOOD
2921,2026-09-27,14,8.373,GOOD
2921,2026-09-27,15,6.678,GOOD
2921,2026-09-27,16,4.023,GOOD
2921,2026-09-27,17,4.239,GOOD
2921,2026-09-27,18,2.986,GOOD
2921,2026-09-27,19,5.078,GOOD
2921,2026-09-27,20,1.777,GOOD
2921,2026-09-27,21,-5.24,GOOD
2921,2026-09-27,22,-3.063,GOOD
2921,2026-09-27,23,2.496,GOOD
2921,2026-09-27,24,1.207,GOOD
2921,2026-09-28,1,2.391,GOOD
2921,2026-09-28,2,-1.86,GOOD
2921,2026-09-28,3,1.936,GOOD
2921,2026-09-28,4,0.357,GOOD
2921,2026-09-28,5,6.721,GOOD
2921,2026-09-28,6,5.628,GOOD
2921,2026-09-28,7,2.173,GOOD
2921,2026-09-28,8,5.691,GOOD
2921,2026-09-28,9,9.978,GOOD
2921,2026-09-28,10,2.244,GOOD
2921,2026-09-28,11,3.433,GOOD
2921,2026-09-28,12,1.512,GOOD
2921,2026-09-28,13,7.257,GOOD
2921,2026-09-28,14,8.201,GOOD
2921,2026-09-28,15,2.799,GOOD
2921,2026-09-28,16,0.855,GOOD
2921,2026-09-28,17,2.837,GOOD
2921,2026-09-28,18,3.989,GOOD
2921,2026-09-28,19,1.269,GOOD
2921,2026-09-28,20,-4.065,GOOD
2921,2026-09-28,21,-0.651,GOOD
2921,2026-09-28,22,-0.156,GOOD
2921,2026-09-28,23,4.826,GOOD
2921,2026-09-28,24,6.25,GOOD
2921,2026-09-29,1,2.481,GOOD
2921,2026-09-29,2,0.317,GOOD
2921,2026-09-29,3,0.237,GOOD
2921,2026-09-29,4,3.221,GOOD
2921,2026-09-29,5,3.773,GOOD
2921,2026-09-29,6,2.627,GOOD
2921,2026-09-29,7,1.085,GOOD
2921,2026-09-29,8,,
2921,2026-09-29,9,-1.607,GOOD
2921,2026-09-29,10,11.198,GOOD
2921,2026-09-29,11,4.622,GOOD
2921,2026-09-29,12,1.999,GOOD
2921,2026-09-29,13,0.811,GOOD
2921,2026-09-29,14,1.732,GOOD
2921,2026-09-29,15,2.186,GOOD
2921,2026-09-29,16,2.501,GOOD
2921,2026-09-29,17,4.463,GOOD
2921,2026-09-29,18,5.421,GOOD
2921,2026-09-29,19,2.577,GOOD
2921,2026-09-29,20,2.569,GOOD
2921,2026-09-29,21,-0.086,GOOD
2921,2026-09-29,22,1.941,GOOD
2921,2026-09-29,23,2.245,GOOD
2921,2026-09-29,24,2.198,GOOD
2921,2026-09-30,1,0.795,GOOD
2921,2026-09-30,2,-1.361,GOOD
2921,2026-09-30,3,2.58,GOOD
2921,2026-09-30,4,5.422,GOOD
2921,2026-09-30,5,7.801,GOOD
2921,2026-09-30,6,9.064,GOOD
2921,2026-09-30,7,,
2921,2026-09-30,8,,
2921,2026-09-30,9,3.319,GOOD
2921,2026-09-30,10,12.428,GOOD
2921,2026-09-30,11,2.79,GOOD
2921,2026-09-30,12,2.224,GOOD
2921,2026-09-30,13,7.813,GOOD
2921,2026-09-30,14,10.105,GOOD
2921,2026-09-30,15,7.681,GOOD
2921,2026-09-30,16,11.902,GOOD
2921,2026-09-30,17,11.785,GOOD
2921,2026-09-30,18,13.026,GOOD
2921,2026-09-30,19,11.103,GOOD
2921,2026-09-30,20,10.012,GOOD
2921,2026-09-30,21,11.269,GOOD
2921,2026-09-30,22,14.038,GOOD
2921,2026-09-30,23,13.59,GOOD
2921,2026-09-30,24,14.235,GOOD
803,2026-09-01,1,8.488,GOOD
803,2026-09-01,2,10.515,GOOD
803,2026-09-01,3,7.459,GOOD
803,2026-09-01,4,7.521,GOOD
803,2026-09-01,5,7.922,GOOD
803,2026-09-01,6,4.213,GOOD
803,2026-09-01,7,10.019,GOOD
803,2026-09-01,8,11.914,GOOD
803,2026-09-01,9,8.976,GOOD
803,2026-09-01,10,9.82,GOOD
803,2026-09-01,11,7.611,GOOD
803,2026-09-01,12,5.175,GOOD
803,2026-09-01,13,11.066,GOOD
803,2026-09-01,14,19.1,GOOD
803,2026-09-01,15,23.414,GOOD
803,2026-09-01,16,8.425,GOOD
803,2026-09-01,17,4.727,GOOD
803,2026-09-01,18,5.712,GOOD
803,2026-09-01,19,8.545,GOOD
803,2026-09-01,20,6.048,GOOD
803,2026-09-01,21,3.054,GOOD
803,2026-09-01,22,5.433,GOOD
803,2026-09-01,23,5.399,GOOD
803,2026-09-01,24,-2.846,GOOD
803,2026-09-02,1,4.583,GOOD
803,2026-09-02,2,-0.77,GOOD
803,2026-09-02,3,2.264,GOOD
803,2026-09-02,4,2.747,GOOD
803,2026-09-02,5,5.27,GOOD
803,2026-09-02,6,0.483,GOOD
803,2026-09-02,7,4.958,GOOD
803,2026-09-02,8,3.119,GOOD
803,2026-09-02,9,5.203,GOOD
803,2026-09-02,10,12.926,GOOD
803,2026-09-02,11,17.981,GOOD
803,2026-09-02,12,21.004,GOOD
803,2026-09-02,13,16.252,GOOD
803,2026-09-02,14,7.116,GOOD
803,2026-09-02,15,7.004,GOOD
803,2026-09-02,16,3.073,GOOD
803,2026-09-02,17,7.026,GOOD
803,2026-09-02,18,13.51,GOOD
803,2026-09-02,19,7.203,GOOD
803,2026-09-02,20,6.947,GOOD
803,2026-09-02,21,7.184,GOOD
803,2026-09-02,22,8.724,GOOD
803,2026-09-02,23,9.313,GOOD
803,2026-09-02,24,6.21,GOOD
803,2026-09-03,1,4.385,GOOD
803,2026-09-03,2,4.423,GOOD
803,2026-09-03,3,6.581,GOOD
803,2026-09-03,4,4.078,GOOD
803,2026-09-03,5,4.205,GOOD
803,2026-09-03,6,7.39,GOOD
803,2026-09-03,7,14.993,GOOD
803,2026-09-03,8,18.338,GOOD
803,2026-09-03,9,,
803,2026-09-03,10,,
803,2026-09-03,11,,
803,2026-09-03,12,,
803,2026-09-03,13,,
803,2026-09-03,14,,
803,2026-09-03,15,,
803,2026-09-03,16,,
803,2026-09-03,17,,
803,2026-09-03,18,,
803,2026-09-03,19,24.402,GOOD
803,2026-09-03,20,10.218,GOOD
803,2026-09-03,21,2.508,GOOD
803,2026-09-03,22,2.525,GOOD
803,2026-09-03,23,3.195,GOOD
803,2026-09-03,24,3.513,GOOD
803,2026-09-04,1,7.792,GOOD
803,2026-09-04,2,4.869,GOOD
803,2026-09-04,3,0.563,GOOD
803,2026-09-04,4,2.193,GOOD
803,2026-09-04,5,1.396,GOOD
803,2026-09-04,6,1.571,GOOD
803,2026-09-04,7,4.302,GOOD
803,2026-09-04,8,5.257,GOOD
803,2026-09-04,9,5.68,GOOD
803,2026-09-04,10,4.59,GOOD
803,2026-09-04,11,5.954,GOOD
803,2026-09-04,12,6.491,GOOD
803,2026-09-04,13,14.135,GOOD
803,2026-09-04,14,7.262,GOOD
803,2026-09-04,15,-5.273,GOOD
803,2026-09-04,16,0.702,GOOD
803,2026-09-04,17,5.436,GOOD
803,2026-09-04,18,4.479,GOOD
803,2026-09-04,19,-0.237,GOOD
803,2026-09-04,20,5.52,GOOD
803,2026-09-04,21,3.741,GOOD
803,2026-09-04,22,4.621,GOOD
803,2026-09-04,23,3.853,GOOD
803,2026-09-04,24,2.502,GOOD
803,2026-09-05,1,3.79,GOOD
803,2026-09-05,2,5.26,GOOD
803,2026-09-05,3,5.214,GOOD
803,2026-09-05,4,2.451,GOOD
803,2026-09-05,5,4.772,GOOD
803,2026-09-05,6,5.855,GOOD
803,2026-09-05,7,6.577,GOOD
803,2026-09-05,8,7.64,GOOD
803,2026-09-05,9,9.001,GOOD
803,2026-09-05,10,12.098,GOOD
803,2026-09-05,11,9.531,GOOD
803,2026-09-05,12,24.291,GOOD
803,2026-09-05,13,17.574,GOOD
803,2026-09-05,14,18.135,GOOD
803,2026-09-05,15,18.322,GOOD
803,2026-09-05,16,16.089,GOOD
803,2026-09-05,17,20.828,GOOD
803,2026-09-05,18,22.145,GOOD
803,2026-09-05,19,30.732,FAIR
803,2026-09-05,20,12.968,GOOD
803,2026-09-05,21,16.716,GOOD
803,2026-09-05,22,19.644,GOOD
803,2026-09-05,23,20.375,GOOD
803,2026-09-05,24,21.328,GOOD
803,2026-09-06,1,18.99,GOOD
803,2026-09-06,2,15.368,GOOD
803,2026-09-06,3,14.348,GOOD
803,2026-09-06,4,13.177,GOOD
803,2026-09-06,5,9.075,GOOD
803,2026-09-06,6,8.367,GOOD
803,2026-09-06,7,8.609,GOOD
803,2026-09-06,8,8.08,GOOD
803,2026-09-06,9,9.496,GOOD
803,2026-09-06,10,10.773,GOOD
803,2026-09-06,11,-5.281,GOOD
803,2026-09-06,12,-4.034,GOOD
803,2026-09-06,13,0.964,GOOD
803,2026-09-06,14,-4.54,GOOD
803,2026-09-06,15,-1.424,GOOD
803,2026-09-06,16,4.723,GOOD
803,2026-09-06,17,2.591,GOOD
803,2026-09-06,18,2.107,GOOD
803,2026-09-06,19,1.138,GOOD
803,2026-09-06,20,2.276,GOOD
803,2026-09-06,21,5.384,GOOD
803,2026-09-06,22,4.689,GOOD
803,2026-09-06,23,3.603,GOOD
803,2026-09-06,24,4.387,GOOD
803,2026-09-07,1,6.94,GOOD
803,2026-09-07,2,4.982,GOOD
803,2026-09-07,3,7.481,GOOD
803,2026-09-07,4,10.46,GOOD
803,2026-09-07,5,8.586,GOOD
803,2026-09-07,6,6.567,GOOD
803,2026-09-07,7,4.263,GOOD
803,2026-09-07,8,3.599,GOOD
803,2026-09-07,9,9.164,GOOD
803,2026-09-07,10,8.313,GOOD
803,2026-09-07,11,7.564,GOOD
803,2026-09-07,12,0.689,GOOD
803,2026-09-07,13,0.168,GOOD
803,2026-09-07,14,17.656,GOOD
803,2026-09-07,15,-3.5,GOOD
803,2026-09-07,16,0.077,GOOD
803,2026-09-07,17,2.439,GOOD
803,2026-09-07,18,6.447,GOOD
803,2026-09-07,19,3.905,GOOD
803,2026-09-07,20,0.555,GOOD
803,2026-09-07,21,3.194,GOOD
803,2026-09-07,22,2.343,GOOD
803,2026-09-07,23,2.636,GOOD
803,2026-09-07,24,3.496,GOOD
803,2026-09-08,1,4.801,GOOD
803,2026-09-08,2,3.671,GOOD
803,2026-09-08,3,3.938,GOOD
803,2026-09-08,4,0.855,GOOD
803,2026-09-08,5,2.352,GOOD
803,2026-09-08,6,1.721,GOOD
803,2026-09-08,7,-0.147,GOOD
803,2026-09-08,8,3.465,GOOD
803,2026-09-08,9,4.38,GOOD
803,2026-09-08,10,3.604,GOOD
803,2026-09-08,11,4.861,GOOD
803,2026-09-08,12,1.663,GOOD
803,2026-09-08,13,3.681,GOOD
803,2026-09-08,14,3.574,GOOD
803,2026-09-08,15,1.732,GOOD
803,2026-09-08,16,4.27,GOOD
803,2026-09-08,17,4.99,GOOD
803,2026-09-08,18,3.834,GOOD
803,2026-09-08,19,1.495,GOOD
803,2026-09-08,20,3.855,GOOD
803,2026-09-08,21,3.827,GOOD
803,2026-09-08,22,3.792,GOOD
803,2026-09-08,23,2.433,GOOD
803,2026-09-08,24,4.123,GOOD
803,2026-09-09,1,0.353,GOOD
803,2026-09-09,2,-1.483,GOOD
803,2026-09-09,3,1.054,GOOD
803,2026-09-09,4,0.168,GOOD
803,2026-09-09,5,2.666,GOOD
803,2026-09-09,6,-3.047,GOOD
803,2026-09-09,7,3.278,GOOD
803,2026-09-09,8,3.472,GOOD
803,2026-09-09,9,3.565,GOOD
803,2026-09-09,10,5.584,GOOD
803,2026-09-09,11,8.033,GOOD
803,2026-09-09,12,7.147,GOOD
803,2026-09-09,13,5.066,GOOD
803,2026-09-09,14,20.005,GOOD
803,2026-09-09,15,7.848,GOOD
803,2026-09-09,16,5.76,GOOD
803,2026-09-09,17,8.843,GOOD
803,2026-09-09,18,6.145,GOOD
803,2026-09-09,19,5.442,GOOD
803,2026-09-09,20,8.411,GOOD
803,2026-09-09,21,7.142,GOOD
803,2026-09-09,22,8.63,GOOD
803,2026-09-09,23,7.735,GOOD
803,2026-09-09,24,4.455,GOOD
803,2026-09-10,1,6.512,GOOD
803,2026-09-10,2,3.149,GOOD
803,2026-09-10,3,5.467,GOOD
803,2026-09-10,4,5.669,GOOD
803,2026-09-10,5,5.332,GOOD
803,2026-09-10,6,5.626,GOOD
803,2026-09-10,7,2.129,GOOD
803,2026-09-10,8,2.853,GOOD
803,2026-09-10,9,3.723,GOOD
803,2026-09-10,10,1.665,GOOD
803,2026-09-10,11,1.612,GOOD
803,2026-09-10,12,2.283,GOOD
803,2026-09-10,13,2.129,GOOD
803,2026-09-10,14,4.893,GOOD
803,2026-09-10,15,6.991,GOOD
803,2026-09-10,16,2.387,GOOD
803,2026-09-10,17,2.392,GOOD
803,2026-09-10,18,0.971,GOOD
803,2026-09-10,19,4.413,GOOD
803,2026-09-10,20,4.856,GOOD
803,2026-09-10,21,,
803,2026-09-10,22,,
803,2026-09-10,23,,
803,2026-09-10,24,,
803,2026-09-11,1,,
803,2026-09-11,2,,
803,2026-09-11,3,,
803,2026-09-11,4,,
803,2026-09-11,5,,
803,2026-09-11,6,,
803,2026-09-11,7,,
803,2026-09-11,8,,
803,2026-09-11,9,,
803,2026-09-11,10,,
803,2026-09-11,11,,
803,2026-09-11,12,,
803,2026-09-11,13,,
803,2026-09-11,14,,
803,2026-09-11,15,,
803,2026-09-11,16,,
803,2026-09-11,17,,
803,2026-09-11,18,,
803,2026-09-11,19,,
803,2026-09-11,20,,
803,2026-09-11,21,,
803,2026-09-11,22,,
803,2026-09-11,23,,
803,2026-09-11,24,,
803,2026-09-12,1,,
803,2026-09-12,2,,
803,2026-09-12,3,,
803,2026-09-12,4,,
803,2026-09-12,5,,
803,2026-09-12,6,,
803,2026-09-12,7,,
803,2026-09-12,8,,
803,2026-09-12,9,,
803,2026-09-12,10,,
803,2026-09-12,11,,
803,2026-09-12,12,,
803,2026-09-12,13,,
803,2026-09-12,14,,
803,2026-09-12,15,,
803,2026-09-12,16,,
803,2026-09-12,17,,
803,2026-09-12,18,,
803,2026-09-12,19,,
803,2026-09-12,20,,
803,2026-09-12,21,,
803,2026-09-12,22,,
803,2026-09-12,23,,
803,2026-09-12,24,,
803,2026-09-13,1,,
803,2026-09-13,2,0.523,GOOD
803,2026-09-13,3,1.737,GOOD
803,2026-09-13,4,2.308,GOOD
803,2026-09-13,5,-0.586,GOOD
803,2026-09-13,6,7.378,GOOD
803,2026-09-13,7,0.484,GOOD
803,2026-09-13,8,-1.706,GOOD
803,2026-09-13,9,-0.116,GOOD
803,2026-09-13,10,3.324,GOOD
803,2026-09-13,11,4.198,GOOD
803,2026-09-13,12,8.397,GOOD
803,2026-09-13,13,10.731,GOOD
803,2026-09-13,14,-4.047,GOOD
803,2026-09-13,15,10.361,GOOD
803,2026-09-13,16,5.525,GOOD
803,2026-09-13,17,7.412,GOOD
803,2026-09-13,18,4.669,GOOD
803,2026-09-13,19,7.694,GOOD
803,2026-09-13,20,8.57,GOOD
803,2026-09-13,21,7.233,GOOD
803,2026-09-13,22,6.227,GOOD
803,2026-09-13,23,3.859,GOOD
803,2026-09-13,24,4.771,GOOD
803,2026-09-14,1,3.926,GOOD
803,2026-09-14,2,4.266,GOOD
803,2026-09-14,3,0.355,GOOD
803,2026-09-14,4,2.831,GOOD
803,2026-09-14,5,2.52,GOOD
803,2026-09-14,6,2.102,GOOD
803,2026-09-14,7,0.553,GOOD
803,2026-09-14,8,3.737,GOOD
803,2026-09-14,9,3.828,GOOD
803,2026-09-14,10,7.37,GOOD
803,2026-09-14,11,6.001,GOOD
803,2026-09-14,12,1.467,GOOD
803,2026-09-14,13,-2.139,GOOD
803,2026-09-14,14,1.458,GOOD
803,2026-09-14,15,0.533,GOOD
803,2026-09-14,16,10.479,GOOD
803,2026-09-14,17,9.326,GOOD
803,2026-09-14,18,8.357,GOOD
803,2026-09-14,19,6.262,GOOD
803,2026-09-14,20,5.509,GOOD
803,2026-09-14,21,2.637,GOOD
803,2026-09-14,22,2.101,GOOD
803,2026-09-14,23,1.865,GOOD
803,2026-09-14,24,1.304,GOOD
803,2026-09-15,1,3.477,GOOD
803,2026-09-15,2,5.495,GOOD
803,2026-09-15,3,4.637,GOOD
803,2026-09-15,4,2.8,GOOD
803,2026-09-15,5,3.583,GOOD
803,2026-09-15,6,1.276,GOOD
803,2026-09-15,7,1.687,GOOD
803,2026-09-15,8,2.308,GOOD
803,2026-09-15,9,7.041,GOOD
803,2026-09-15,10,8.725,GOOD
803,2026-09-15,11,7.667,GOOD
803,2026-09-15,12,2.867,GOOD
803,2026-09-15,13,6.148,GOOD
803,2026-09-15,14,13.731,GOOD
803,2026-09-15,15,7.887,GOOD
803,2026-09-15,16,-5.264,GOOD
803,2026-09-15,17,7.66,GOOD
803,2026-09-15,18,14.384,GOOD
803,2026-09-15,19,6.107,GOOD
803,2026-09-15,20,3.559,GOOD
803,2026-09-15,21,2.007,GOOD
803,2026-09-15,22,4.299,GOOD
803,2026-09-15,23,9.739,GOOD
803,2026-09-15,24,10.607,GOOD
803,2026-09-16,1,8.96,GOOD
803,2026-09-16,2,4.846,GOOD
803,2026-09-16,3,1.084,GOOD
803,2026-09-16,4,2.122,GOOD
803,2026-09-16,5,5.224,GOOD
803,2026-09-16,6,2.593,GOOD
803,2026-09-16,7,3.227,GOOD
803,2026-09-16,8,3.744,GOOD
803,2026-09-16,9,3.625,GOOD
803,2026-09-16,10,4.994,GOOD
803,2026-09-16,11,3.259,GOOD
803,2026-09-16,12,2.343,GOOD
803,2026-09-16,13,5.739,GOOD
803,2026-09-16,14,4.668,GOOD
803,2026-09-16,15,3.398,GOOD
803,2026-09-16,16,5.228,GOOD
803,2026-09-16,17,4.494,GOOD
803,2026-09-16,18,2.896,GOOD
803,2026-09-16,19,3.091,GOOD
803,2026-09-16,20,6.714,GOOD
803,2026-09-16,21,4.255,GOOD
803,2026-09-16,22,3.63,GOOD
803,2026-09-16,23,1.394,GOOD
803,2026-09-16,24,1.983,GOOD
803,2026-09-17,1,2.959,GOOD
803,2026-09-17,2,5.869,GOOD
803,2026-09-17,3,4.714,GOOD
803,2026-09-17,4,5.726,GOOD
803,2026-09-17,5,4.473,GOOD
803,2026-09-17,6,5.005,GOOD
803,2026-09-17,7,3.878,GOOD
803,2026-09-17,8,-0.79,GOOD
803,2026-09-17,9,4.322,GOOD
803,2026-09-17,10,3.683,GOOD
803,2026-09-17,11,3.702,GOOD
803,2026-09-17,12,5.597,GOOD
803,2026-09-17,13,5.044,GOOD
803,2026-09-17,14,2.679,GOOD
803,2026-09-17,15,1.195,GOOD
803,2026-09-17,16,3.787,GOOD
803,2026-09-17,17,1.752,GOOD
803,2026-09-17,18,-0.779,GOOD
803,2026-09-17,19,0.531,GOOD
803,2026-09-17,20,3.093,GOOD
803,2026-09-17,21,2.709,GOOD
803,2026-09-17,22,1.293,GOOD
803,2026-09-17,23,2.97,GOOD
803,2026-09-17,24,3.134,GOOD
803,2026-09-18,1,2.047,GOOD
803,2026-09-18,2,3.274,GOOD
803,2026-09-18,3,4.692,GOOD
803,2026-09-18,4,0.207,GOOD
803,2026-09-18,5,4.944,GOOD
803,2026-09-18,6,5.024,GOOD
803,2026-09-18,7,3.564,GOOD
803,2026-09-18,8,8.437,GOOD
803,2026-09-18,9,6.122,GOOD
803,2026-09-18,10,5.63,GOOD
803,2026-09-18,11,7.322,GOOD
803,2026-09-18,12,0.302,GOOD
803,2026-09-18,13,-0.983,GOOD
803,2026-09-18,14,-0.606,GOOD
803,2026-09-18,15,-4.097,GOOD
803,2026-09-18,16,1.921,GOOD
803,2026-09-18,17,5.539,GOOD
803,2026-09-18,18,4.219,GOOD
803,2026-09-18,19,1.82,GOOD
803,2026-09-18,20,4.866,GOOD
803,2026-09-18,21,3.536,GOOD
803,2026-09-18,22,1.153,GOOD
803,2026-09-18,23,4.273,GOOD
803,2026-09-18,24,1.254,GOOD
803,2026-09-19,1,3.618,GOOD
803,2026-09-19,2,4.555,GOOD
803,2026-09-19,3,4.434,GOOD
803,2026-09-19,4,3.748,GOOD
803,2026-09-19,5,3.266,GOOD
803,2026-09-19,6,3.666,GOOD
803,2026-09-19,7,5.53,GOOD
803,2026-09-19,8,4.31,GOOD
803,2026-09-19,9,9.952,GOOD
803,2026-09-19,10,7.25,GOOD
803,2026-09-19,11,3.453,GOOD
803,2026-09-19,12,2.576,GOOD
803,2026-09-19,13,2.198,GOOD
803,2026-09-19,14,2.116,GOOD
803,2026-09-19,15,2.436,GOOD
803,2026-09-19,16,10.839,GOOD
803,2026-09-19,17,6.5,GOOD
803,2026-09-19,18,-1.874,GOOD
803,2026-09-19,19,-0.208,GOOD
803,2026-09-19,20,0.328,GOOD
803,2026-09-19,21,4.429,GOOD
803,2026-09-19,22,5.808,GOOD
803,2026-09-19,23,4.682,GOOD
803,2026-09-19,24,7.265,GOOD
803,2026-09-20,1,7.345,GOOD
803,2026-09-20,2,4.912,GOOD
803,2026-09-20,3,7.228,GOOD
803,2026-09-20,4,5.504,GOOD
803,2026-09-20,5,2.285,GOOD
803,2026-09-20,6,6.844,GOOD
803,2026-09-20,7,7.56,GOOD
803,2026-09-20,8,8.4,GOOD
803,2026-09-20,9,4.663,GOOD
803,2026-09-20,10,1.145,GOOD
803,2026-09-20,11,3.694,GOOD
803,2026-09-20,12,5.718,GOOD
803,2026-09-20,13,3.656,GOOD
803,2026-09-20,14,7.103,GOOD
803,2026-09-20,15,9.681,GOOD
803,2026-09-20,16,20.443,GOOD
803,2026-09-20,17,28.24,FAIR
803,2026-09-20,18,36.266,FAIR
803,2026-09-20,19,19.19,GOOD
803,2026-09-20,20,24.05,GOOD
803,2026-09-20,21,25.377,FAIR
803,2026-09-20,22,24.5,GOOD
803,2026-09-20,23,19.462,GOOD
803,2026-09-20,24,19.613,GOOD
803,2026-09-21,1,19.113,GOOD
803,2026-09-21,2,19.002,GOOD
803,2026-09-21,3,22.956,GOOD
803,2026-09-21,4,29.853,FAIR
803,2026-09-21,5,20.517,GOOD
803,2026-09-21,6,12.681,GOOD
803,2026-09-21,7,16.288,GOOD
803,2026-09-21,8,12.58,GOOD
803,2026-09-21,9,12.007,GOOD
803,2026-09-21,10,5.105,GOOD
803,2026-09-21,11,7.951,GOOD
803,2026-09-21,12,9.217,GOOD
803,2026-09-21,13,4.818,GOOD
803,2026-09-21,14,7.245,GOOD
803,2026-09-21,15,9.202,GOOD
803,2026-09-21,16,9.599,GOOD
803,2026-09-21,17,8.676,GOOD
803,2026-09-21,18,11.974,GOOD
803,2026-09-21,19,8.609,GOOD
803,2026-09-21,20,4.733,GOOD
803,2026-09-21,21,9.17,GOOD
803,2026-09-21,22,8.905,GOOD
803,2026-09-21,23,9.238,GOOD
803,2026-09-21,24,10.324,GOOD
803,2026-09-22,1,7.363,GOOD
803,2026-09-22,2,9.933,GOOD
803,2026-09-22,3,9.722,GOOD
803,2026-09-22,4,4.957,GOOD
803,2026-09-22,5,4.892,GOOD
803,2026-09-22,6,5.69,GOOD
803,2026-09-22,7,4.54,GOOD
803,2026-09-22,8,6.161,GOOD
803,2026-09-22,9,6.412,GOOD
803,2026-09-22,10,6.941,GOOD
803,2026-09-22,11,8.893,GOOD
803,2026-09-22,12,,
803,2026-09-22,13,,
803,2026-09-22,14,8.565,GOOD
803,2026-09-22,15,-0.18,GOOD
803,2026-09-22,16,5.533,GOOD
803,2026-09-22,17,9.014,GOOD
803,2026-09-22,18,5.561,GOOD
803,2026-09-22,19,5.038,GOOD
803,2026-09-22,20,6.313,GOOD
803,2026-09-22,21,5.902,GOOD
803,2026-09-22,22,12.097,GOOD
803,2026-09-22,23,7.932,GOOD
803,2026-09-22,24,5.738,GOOD
803,2026-09-23,1,2.709,GOOD
803,2026-09-23,2,4.855,GOOD
803,2026-09-23,3,4.849,GOOD
803,2026-09-23,4,2.25,GOOD
803,2026-09-23,5,1.069,GOOD
803,2026-09-23,6,4.193,GOOD
803,2026-09-23,7,5.752,GOOD
803,2026-09-23,8,1.519,GOOD
803,2026-09-23,9,0.698,GOOD
803,2026-09-23,10,5.107,GOOD
803,2026-09-23,11,17.654,GOOD
803,2026-09-23,12,18.579,GOOD
803,2026-09-23,13,8.74,GOOD
803,2026-09-23,14,6.047,GOOD
803,2026-09-23,15,18.469,GOOD
803,2026-09-23,16,19.238,GOOD
803,2026-09-23,17,5.36,GOOD
803,2026-09-23,18,5.513,GOOD
803,2026-09-23,19,5.759,GOOD
803,2026-09-23,20,5.759,GOOD
803,2026-09-23,21,9.302,GOOD
803,2026-09-23,22,6.498,GOOD
803,2026-09-23,23,5.438,GOOD
803,2026-09-23,24,2.763,GOOD
803,2026-09-24,1,4.85,GOOD
803,2026-09-24,2,0.256,GOOD
803,2026-09-24,3,3.276,GOOD
803,2026-09-24,4,6.154,GOOD
803,2026-09-24,5,7.816,GOOD
803,2026-09-24,6,2.531,GOOD
803,2026-09-24,7,1.464,GOOD
803,2026-09-24,8,3.321,GOOD
803,2026-09-24,9,4.943,GOOD
803,2026-09-24,10,3.471,GOOD
803,2026-09-24,11,10.919,GOOD
803,2026-09-24,12,-4.378,GOOD
803,2026-09-24,13,1.589,GOOD
803,2026-09-24,14,18.247,GOOD
803,2026-09-24,15,20.243,GOOD
803,2026-09-24,16,10.558,GOOD
803,2026-09-24,17,-2.232,GOOD
803,2026-09-24,18,2.83,GOOD
803,2026-09-24,19,2.258,GOOD
803,2026-09-24,20,1.844,GOOD
803,2026-09-24,21,4.948,GOOD
803,2026-09-24,22,5.484,GOOD
803,2026-09-24,23,0.068,GOOD
803,2026-09-24,24,0.455,GOOD
803,2026-09-25,1,1.683,GOOD
803,2026-09-25,2,0.511,GOOD
803,2026-09-25,3,0.397,GOOD
803,2026-09-25,4,2.678,GOOD
803,2026-09-25,5,1.208,GOOD
803,2026-09-25,6,3.842,GOOD
803,2026-09-25,7,1.528,GOOD
803,2026-09-25,8,1.599,GOOD
803,2026-09-25,9,-3.506,GOOD
803,2026-09-25,10,2.919,GOOD
803,2026-09-25,11,2.982,GOOD
803,2026-09-25,12,-1.174,GOOD
803,2026-09-25,13,14.633,GOOD
803,2026-09-25,14,-3.441,GOOD
803,2026-09-25,15,4.5,GOOD
803,2026-09-25,16,7.685,GOOD
803,2026-09-25,17,-2.466,GOOD
803,2026-09-25,18,3.704,GOOD
803,2026-09-25,19,5.205,GOOD
803,2026-09-25,20,3.554,GOOD
803,2026-09-25,21,2.018,GOOD
803,2026-09-25,22,2.029,GOOD
803,2026-09-25,23,1.95,GOOD
803,2026-09-25,24,2.005,GOOD
803,2026-09-26,1,1.691,GOOD
803,2026-09-26,2,1.778,GOOD
803,2026-09-26,3,2.513,GOOD
803,2026-09-26,4,1.636,GOOD
803,2026-09-26,5,3.925,GOOD
803,2026-09-26,6,1.678,GOOD
803,2026-09-26,7,-0.031,GOOD
803,2026-09-26,8,3.582,GOOD
803,2026-09-26,9,5.479,GOOD
803,2026-09-26,10,-3.318,GOOD
803,2026-09-26,11,6.907,GOOD
803,2026-09-26,12,8.516,GOOD
803,2026-09-26,13,-2.204,GOOD
803,2026-09-26,14,11.57,GOOD
803,2026-09-26,15,-7.978,GOOD
803,2026-09-26,16,-4.22,GOOD
803,2026-09-26,17,-6.32,GOOD
803,2026-09-26,18,4.131,GOOD
803,2026-09-26,19,6.14,GOOD
803,2026-09-26,20,1.802,GOOD
803,2026-09-26,21,3.897,GOOD
803,2026-09-26,22,1.907,GOOD
803,2026-09-26,23,4.99,GOOD
803,2026-09-26,24,-1.447,GOOD
803,2026-09-27,1,-1.306,GOOD
803,2026-09-27,2,2.971,GOOD
803,2026-09-27,3,4.859,GOOD
803,2026-09-27,4,6.909,GOOD
803,2026-09-27,5,7.069,GOOD
803,2026-09-27,6,3.837,GOOD
803,2026-09-27,7,1.513,GOOD
803,2026-09-27,8,2.521,GOOD
803,2026-09-27,9,4.23,GOOD
803,2026-09-27,10,0.439,GOOD
803,2026-09-27,11,1.185,GOOD
803,2026-09-27,12,-1.648,GOOD
803,2026-09-27,13,5.774,GOOD
803,2026-09-27,14,-9.095,GOOD
803,2026-09-27,15,4.141,GOOD
803,2026-09-27,16,2.079,GOOD
803,2026-09-27,17,0.737,GOOD
803,2026-09-27,18,2.678,GOOD
803,2026-09-27,19,1.596,GOOD
803,2026-09-27,20,0.529,GOOD
803,2026-09-27,21,-0.343,GOOD
803,2026-09-27,22,0.131,GOOD
803,2026-09-27,23,-0.215,GOOD
803,2026-09-27,24,-0.445,GOOD
803,2026-09-28,1,-1.744,GOOD
803,2026-09-28,2,-1.85,GOOD
803,2026-09-28,3,-0.488,GOOD
803,2026-09-28,4,0.743,GOOD
803,2026-09-28,5,-0.362,GOOD
803,2026-09-28,6,-1.802,GOOD
803,2026-09-28,7,-1.87,GOOD
803,2026-09-28,8,-0.533,GOOD
803,2026-09-28,9,1.48,GOOD
803,2026-09-28,10,0.502,GOOD
803,2026-09-28,11,3.368,GOOD
803,2026-09-28,12,1.948,GOOD
803,2026-09-28,13,3.458,GOOD
803,2026-09-28,14,1.906,GOOD
803,2026-09-28,15,2.097,GOOD
803,2026-09-28,16,2.498,GOOD
803,2026-09-28,17,0.95,GOOD
803,2026-09-28,18,0.936,GOOD
803,2026-09-28,19,2.269,GOOD
803,2026-09-28,20,-0.014,GOOD
803,2026-09-28,21,-0.827,GOOD
803,2026-09-28,22,0.413,GOOD
803,2026-09-28,23,-0.675,GOOD
803,2026-09-28,24,0.515,GOOD
803,2026-09-29,1,0.737,GOOD
803,2026-09-29,2,-0.635,GOOD
803,2026-09-29,3,-0.297,GOOD
803,2026-09-29,4,0.665,GOOD
803,2026-09-29,5,-0.581,GOOD
803,2026-09-29,6,-0.395,GOOD
803,2026-09-29,7,1.478,GOOD
803,2026-09-29,8,0.616,GOOD
803,2026-09-29,9,-0.724,GOOD
803,2026-09-29,10,4.946,GOOD
803,2026-09-29,11,-1.715,GOOD
803,2026-09-29,12,-3.286,GOOD
803,2026-09-29,13,-0.434,GOOD
803,2026-09-29,14,5.994,GOOD
803,2026-09-29,15,3.934,GOOD
803,2026-09-29,16,0.001,GOOD
803,2026-09-29,17,-0.676,GOOD
803,2026-09-29,18,-0.342,GOOD
803,2026-09-29,19,1.966,GOOD
803,2026-09-29,20,1.412,GOOD
803,2026-09-29,21,1.878,GOOD
803,2026-09-29,22,1.97,GOOD
803,2026-09-29,23,3.128,GOOD
803,2026-09-29,24,-0.175,GOOD
803,2026-09-30,1,0.849,GOOD
803,2026-09-30,2,3.836,GOOD
803,2026-09-30,3,4.465,GOOD
803,2026-09-30,4,0.822,GOOD
803,2026-09-30,5,3.367,GOOD
803,2026-09-30,6,-1.897,GOOD
803,2026-09-30,7,4.24,GOOD
803,2026-09-30,8,1.546,GOOD
803,2026-09-30,9,1.682,GOOD
803,2026-09-30,10,4.599,GOOD
803,2026-09-30,11,-0.216,GOOD
803,2026-09-30,12,-1.973,GOOD
803,2026-09-30,13,-2.857,GOOD
803,2026-09-30,14,5.212,GOOD
803,2026-09-30,15,8.866,GOOD
803,2026-09-30,16,-1.341,GOOD
803,2026-09-30,17,5.555,GOOD
803,2026-09-30,18,1.907,GOOD
803,2026-09-30,19,3.195,GOOD
803,2026-09-30,20,2.075,GOOD
803,2026-09-30,21,2.751,GOOD
803,2026-09-30,22,-0.984,GOOD
803,2026-09-30,23,0.232,GOOD
803,2026-09-30,24,0.688,GOOD
1001,2026-09-01,1,8.269,GOOD
1001,2026-09-01,2,7.508,GOOD
1001,2026-09-01,3,7.382,GOOD
1001,2026-09-01,4,8.642,GOOD
1001,2026-09-01,5,8.889,GOOD
1001,2026-09-01,6,9.337,GOOD
1001,2026-09-01,7,13.613,GOOD
1001,2026-09-01,8,16.402,GOOD
1001,2026-09-01,9,24.097,GOOD
1001,2026-09-01,10,28.204,FAIR
1001,2026-09-01,11,18.339,GOOD
1001,2026-09-01,12,9.749,GOOD
1001,2026-09-01,13,10.775,GOOD
1001,2026-09-01,14,12.757,GOOD
1001,2026-09-01,15,11.462,GOOD
1001,2026-09-01,16,,
1001,2026-09-01,17,,
1001,2026-09-01,18,,
1001,2026-09-01,19,,
1001,2026-09-01,20,,
1001,2026-09-01,21,,
1001,2026-09-01,22,,
1001,2026-09-01,23,,
1001,2026-09-01,24,,
1001,2026-09-02,1,,
1001,2026-09-02,2,,
1001,2026-09-02,3,,
1001,2026-09-02,4,,
1001,2026-09-02,5,,
1001,2026-09-02,6,,
1001,2026-09-02,7,,
1001,2026-09-02,8,,
1001,2026-09-02,9,,
1001,2026-09-02,10,,
1001,2026-09-02,11,,
1001,2026-09-02,12,,
1001,2026-09-02,13,,
1001,2026-09-02,14,,
1001,2026-09-02,15,,
1001,2026-09-02,16,,
1001,2026-09-02,17,,
1001,2026-09-02,18,,
1001,2026-09-02,19,,
1001,2026-09-02,20,,
1001,2026-09-02,21,,
1001,2026-09-02,22,,
1001,2026-09-02,23,,
1001,2026-09-02,24,,
1001,2026-09-03,1,,
1001,2026-09-03,2,,
1001,2026-09-03,3,,
1001,2026-09-03,4,,
1001,2026-09-03,5,,
1001,2026-09-03,6,,
1001,2026-09-03,7,,
1001,2026-09-03,8,,
1001,2026-09-03,9,,
1001,2026-09-03,10,,
1001,2026-09-03,11,,
1001,2026-09-03,12,,
1001,2026-09-03,13,,
1001,2026-09-03,14,,
1001,2026-09-03,15,,
1001,2026-09-03,16,,
1001,2026-09-03,17,,
1001,2026-09-03,18,,
1001,2026-09-03,19,,
1001,2026-09-03,20,,
1001,2026-09-03,21,,
1001,2026-09-03,22,,
1001,2026-09-03,23,,
1001,2026-09-03,24,,
1001,2026-09-04,1,,
1001,2026-09-04,2,,
1001,2026-09-04,3,,
1001,2026-09-04,4,,
1001,2026-09-04,5,,
1001,2026-09-04,6,,
1001,2026-09-04,7,,
1001,2026-09-04,8,,
1001,2026-09-04,9,,
1001,2026-09-04,10,,
1001,2026-09-04,11,,
1001,2026-09-04,12,,
1001,2026-09-04,13,,
1001,2026-09-04,14,5.735,GOOD
1001,2026-09-04,15,6.105,GOOD
1001,2026-09-04,16,16.41,GOOD
1001,2026-09-04,17,8.509,GOOD
1001,2026-09-04,18,3.749,GOOD
1001,2026-09-04,19,6.453,GOOD
1001,2026-09-04,20,4.167,GOOD
1001,2026-09-04,21,2.62,GOOD
1001,2026-09-04,22,4.143,GOOD
1001,2026-09-04,23,7.794,GOOD
1001,2026-09-04,24,4.25,GOOD
1001,2026-09-05,1,5.316,GOOD
1001,2026-09-05,2,12.819,GOOD
1001,2026-09-05,3,12.873,GOOD
1001,2026-09-05,4,9.94,GOOD
1001,2026-09-05,5,4.775,GOOD
1001,2026-09-05,6,3.942,GOOD
1001,2026-09-05,7,3.117,GOOD
1001,2026-09-05,8,5.405,GOOD
1001,2026-09-05,9,7.191,GOOD
1001,2026-09-05,10,4.555,GOOD
1001,2026-09-05,11,6.656,GOOD
1001,2026-09-05,12,6.428,GOOD
1001,2026-09-05,13,5.415,GOOD
1001,2026-09-05,14,9.201,GOOD
1001,2026-09-05,15,6.378,GOOD
1001,2026-09-05,16,3.958,GOOD
1001,2026-09-05,17,6.922,GOOD
1001,2026-09-05,18,-3.291,GOOD
1001,2026-09-05,19,7.239,GOOD
1001,2026-09-05,20,7.773,GOOD
1001,2026-09-05,21,6.2,GOOD
1001,2026-09-05,22,1.409,GOOD
1001,2026-09-05,23,0.753,GOOD
1001,2026-09-05,24,5.948,GOOD
1001,2026-09-06,1,7.575,GOOD
1001,2026-09-06,2,1.593,GOOD
1001,2026-09-06,3,4.378,GOOD
1001,2026-09-06,4,4.29,GOOD
1001,2026-09-06,5,3.23,GOOD
1001,2026-09-06,6,3.588,GOOD
1001,2026-09-06,7,-1.052,GOOD
1001,2026-09-06,8,3.402,GOOD
1001,2026-09-06,9,0.572,GOOD
1001,2026-09-06,10,-0.11,GOOD
1001,2026-09-06,11,1.1,GOOD
1001,2026-09-06,12,0.137,GOOD
1001,2026-09-06,13,2.459,GOOD
1001,2026-09-06,14,1.488,GOOD
1001,2026-09-06,15,2.82,GOOD
1001,2026-09-06,16,1.502,GOOD
1001,2026-09-06,17,2.987,GOOD
1001,2026-09-06,18,2.155,GOOD
1001,2026-09-06,19,5.264,GOOD
1001,2026-09-06,20,4.513,GOOD
1001,2026-09-06,21,4.123,GOOD
1001,2026-09-06,22,3.294,GOOD
1001,2026-09-06,23,3.927,GOOD
1001,2026-09-06,24,5.617,GOOD
1001,2026-09-07,1,6.04,GOOD
1001,2026-09-07,2,3.604,GOOD
1001,2026-09-07,3,2.865,GOOD
1001,2026-09-07,4,4.197,GOOD
1001,2026-09-07,5,5.998,GOOD
1001,2026-09-07,6,3.107,GOOD
1001,2026-09-07,7,2.752,GOOD
1001,2026-09-07,8,3.625,GOOD
1001,2026-09-07,9,7.82,GOOD
1001,2026-09-07,10,6.28,GOOD
1001,2026-09-07,11,,
1001,2026-09-07,12,,
1001,2026-09-07,13,,
1001,2026-09-07,14,,
1001,2026-09-07,15,,
1001,2026-09-07,16,,
1001,2026-09-07,17,3.644,GOOD
1001,2026-09-07,18,7.054,GOOD
1001,2026-09-07,19,5.488,GOOD
1001,2026-09-07,20,6.8,GOOD
1001,2026-09-07,21,7.47,GOOD
1001,2026-09-07,22,3.827,GOOD
1001,2026-09-07,23,4.239,GOOD
1001,2026-09-07,24,3.437,GOOD
1001,2026-09-08,1,4.343,GOOD
1001,2026-09-08,2,4.577,GOOD
1001,2026-09-08,3,3.053,GOOD
1001,2026-09-08,4,4.913,GOOD
1001,2026-09-08,5,4.46,GOOD
1001,2026-09-08,6,4.406,GOOD
1001,2026-09-08,7,4.02,GOOD
1001,2026-09-08,8,2.728,GOOD
1001,2026-09-08,9,4.427,GOOD
1001,2026-09-08,10,5.537,GOOD
1001,2026-09-08,11,7.184,GOOD
1001,2026-09-08,12,6.319,GOOD
1001,2026-09-08,13,5.998,GOOD
1001,2026-09-08,14,5.583,GOOD
1001,2026-09-08,15,3.642,GOOD
1001,2026-09-08,16,4.561,GOOD
1001,2026-09-08,17,3.902,GOOD
1001,2026-09-08,18,5.363,GOOD
1001,2026-09-08,19,2.563,GOOD
1001,2026-09-08,20,3.832,GOOD
1001,2026-09-08,21,3.935,GOOD
1001,2026-09-08,22,4.008,GOOD
1001,2026-09-08,23,3.656,GOOD
1001,2026-09-08,24,2.581,GOOD
1001,2026-09-09,1,4.497,GOOD
1001,2026-09-09,2,4.625,GOOD
1001,2026-09-09,3,5.117,GOOD
1001,2026-09-09,4,4.458,GOOD
1001,2026-09-09,5,3.983,GOOD
1001,2026-09-09,6,5.708,GOOD
1001,2026-09-09,7,8.405,GOOD
1001,2026-09-09,8,6.034,GOOD
1001,2026-09-09,9,5,GOOD
1001,2026-09-09,10,6.048,GOOD
1001,2026-09-09,11,7.76,GOOD
1001,2026-09-09,12,4.2,GOOD
1001,2026-09-09,13,7.738,GOOD
1001,2026-09-09,14,12.903,GOOD
1001,2026-09-09,15,9.998,GOOD
1001,2026-09-09,16,5.133,GOOD
1001,2026-09-09,17,1.486,GOOD
1001,2026-09-09,18,4.547,GOOD
1001,2026-09-09,19,7.084,GOOD
1001,2026-09-09,20,3.824,GOOD
1001,2026-09-09,21,4.599,GOOD
1001,2026-09-09,22,5.213,GOOD
1001,2026-09-09,23,5.436,GOOD
1001,2026-09-09,24,4.398,GOOD
1001,2026-09-10,1,3.483,GOOD
1001,2026-09-10,2,5.306,GOOD
1001,2026-09-10,3,8.574,GOOD
1001,2026-09-10,4,9.311,GOOD
1001,2026-09-10,5,5.371,GOOD
1001,2026-09-10,6,2.858,GOOD
1001,2026-09-10,7,5.129,GOOD
1001,2026-09-10,8,6.619,GOOD
1001,2026-09-10,9,5.588,GOOD
1001,2026-09-10,10,5.469,GOOD
1001,2026-09-10,11,5.664,GOOD
1001,2026-09-10,12,3.701,GOOD
1001,2026-09-10,13,4.496,GOOD
1001,2026-09-10,14,3.842,GOOD
1001,2026-09-10,15,5.019,GOOD
1001,2026-09-10,16,2.767,GOOD
1001,2026-09-10,17,5.718,GOOD
1001,2026-09-10,18,3.371,GOOD
1001,2026-09-10,19,2.297,GOOD
1001,2026-09-10,20,5.943,GOOD
1001,2026-09-10,21,7.676,GOOD
1001,2026-09-10,22,8.235,GOOD
1001,2026-09-10,23,7.857,GOOD
1001,2026-09-10,24,9.35,GOOD
1001,2026-09-11,1,8.086,GOOD
1001,2026-09-11,2,9.997,GOOD
1001,2026-09-11,3,8.071,GOOD
1001,2026-09-11,4,6.42,GOOD
1001,2026-09-11,5,4.654,GOOD
1001,2026-09-11,6,6.199,GOOD
1001,2026-09-11,7,9.306,GOOD
1001,2026-09-11,8,5.772,GOOD
1001,2026-09-11,9,8.784,GOOD
1001,2026-09-11,10,11.87,GOOD
1001,2026-09-11,11,13.265,GOOD
1001,2026-09-11,12,10.621,GOOD
1001,2026-09-11,13,7.136,GOOD
1001,2026-09-11,14,7.522,GOOD
1001,2026-09-11,15,9.205,GOOD
1001,2026-09-11,16,8.18,GOOD
1001,2026-09-11,17,10.627,GOOD
1001,2026-09-11,18,6.085,GOOD
1001,2026-09-11,19,9.3,GOOD
1001,2026-09-11,20,16.227,GOOD
1001,2026-09-11,21,11.676,GOOD
1001,2026-09-11,22,7.874,GOOD
1001,2026-09-11,23,10.762,GOOD
1001,2026-09-11,24,10.187,GOOD
1001,2026-09-12,1,14.117,GOOD
1001,2026-09-12,2,23.884,GOOD
1001,2026-09-12,3,39.518,FAIR
1001,2026-09-12,4,39.18,FAIR
1001,2026-09-12,5,26.606,FAIR
1001,2026-09-12,6,21.071,GOOD
1001,2026-09-12,7,16.956,GOOD
1001,2026-09-12,8,21.304,GOOD
1001,2026-09-12,9,24.992,FAIR
1001,2026-09-12,10,22.398,GOOD
1001,2026-09-12,11,18.355,GOOD
1001,2026-09-12,12,13.893,GOOD
1001,2026-09-12,13,14.583,GOOD
1001,2026-09-12,14,11.9,GOOD
1001,2026-09-12,15,8.862,GOOD
1001,2026-09-12,16,5.714,GOOD
1001,2026-09-12,17,6.97,GOOD
1001,2026-09-12,18,4.232,GOOD
1001,2026-09-12,19,5.692,GOOD
1001,2026-09-12,20,6.505,GOOD
1001,2026-09-12,21,3.055,GOOD
1001,2026-09-12,22,4.775,GOOD
1001,2026-09-12,23,3.2,GOOD
1001,2026-09-12,24,4.291,GOOD
1001,2026-09-13,1,3.902,GOOD
1001,2026-09-13,2,4.158,GOOD
1001,2026-09-13,3,1.398,GOOD
1001,2026-09-13,4,2.358,GOOD
1001,2026-09-13,5,7.113,GOOD
1001,2026-09-13,6,18.982,GOOD
1001,2026-09-13,7,16.29,GOOD
1001,2026-09-13,8,18.46,GOOD
1001,2026-09-13,9,16.315,GOOD
1001,2026-09-13,10,22.918,GOOD
1001,2026-09-13,11,24.597,GOOD
1001,2026-09-13,12,18.34,GOOD
1001,2026-09-13,13,9.404,GOOD
1001,2026-09-13,14,10.198,GOOD
1001,2026-09-13,15,10.887,GOOD
1001,2026-09-13,16,7.273,GOOD
1001,2026-09-13,17,5.888,GOOD
1001,2026-09-13,18,6.512,GOOD
1001,2026-09-13,19,6.721,GOOD
1001,2026-09-13,20,4.255,GOOD
1001,2026-09-13,21,5.081,GOOD
1001,2026-09-13,22,4.382,GOOD
1001,2026-09-13,23,6.031,GOOD
1001,2026-09-13,24,7.866,GOOD
1001,2026-09-14,1,5.069,GOOD
1001,2026-09-14,2,2.463,GOOD
1001,2026-09-14,3,5.288,GOOD
1001,2026-09-14,4,6.76,GOOD
1001,2026-09-14,5,5.946,GOOD
1001,2026-09-14,6,4.667,GOOD
1001,2026-09-14,7,11.061,GOOD
1001,2026-09-14,8,13.895,GOOD
1001,2026-09-14,9,18.137,GOOD
1001,2026-09-14,10,17.851,GOOD
1001,2026-09-14,11,19.711,GOOD
1001,2026-09-14,12,15.418,GOOD
1001,2026-09-14,13,11.584,GOOD
1001,2026-09-14,14,9.11,GOOD
1001,2026-09-14,15,12.008,GOOD
1001,2026-09-14,16,12.122,GOOD
1001,2026-09-14,17,8.347,GOOD
1001,2026-09-14,18,10.306,GOOD
1001,2026-09-14,19,8.445,GOOD
1001,2026-09-14,20,10.573,GOOD
1001,2026-09-14,21,9.163,GOOD
1001,2026-09-14,22,9.918,GOOD
1001,2026-09-14,23,6.689,GOOD
1001,2026-09-14,24,11.086,GOOD
1001,2026-09-15,1,12.908,GOOD
1001,2026-09-15,2,14.828,GOOD
1001,2026-09-15,3,13.883,GOOD
1001,2026-09-15,4,10.977,GOOD
1001,2026-09-15,5,8.625,GOOD
1001,2026-09-15,6,7.635,GOOD
1001,2026-09-15,7,9.627,GOOD
1001,2026-09-15,8,7.855,GOOD
1001,2026-09-15,9,5.682,GOOD
1001,2026-09-15,10,6.375,GOOD
1001,2026-09-15,11,6.547,GOOD
1001,2026-09-15,12,5.786,GOOD
1001,2026-09-15,13,3.405,GOOD
1001,2026-09-15,14,7.04,GOOD
1001,2026-09-15,15,8.066,GOOD
1001,2026-09-15,16,7.902,GOOD
1001,2026-09-15,17,5.187,GOOD
1001,2026-09-15,18,7.442,GOOD
1001,2026-09-15,19,7.257,GOOD
1001,2026-09-15,20,6.302,GOOD
1001,2026-09-15,21,4.638,GOOD
1001,2026-09-15,22,4.673,GOOD
1001,2026-09-15,23,7.356,GOOD
1001,2026-09-15,24,7.903,GOOD
1001,2026-09-16,1,4.97,GOOD
1001,2026-09-16,2,3.018,GOOD
1001,2026-09-16,3,2.643,GOOD
1001,2026-09-16,4,3.822,GOOD
1001,2026-09-16,5,3.974,GOOD
1001,2026-09-16,6,3.798,GOOD
1001,2026-09-16,7,1.754,GOOD
1001,2026-09-16,8,3.754,GOOD
1001,2026-09-16,9,5.962,GOOD
1001,2026-09-16,10,-0.017,GOOD
1001,2026-09-16,11,2.363,GOOD
1001,2026-09-16,12,6.033,GOOD
1001,2026-09-16,13,7.115,GOOD
1001,2026-09-16,14,4.92,GOOD
1001,2026-09-16,15,6.305,GOOD
1001,2026-09-16,16,4.682,GOOD
1001,2026-09-16,17,4.873,GOOD
1001,2026-09-16,18,4.599,GOOD
1001,2026-09-16,19,4.94,GOOD
1001,2026-09-16,20,7.342,GOOD
1001,2026-09-16,21,6.764,GOOD
1001,2026-09-16,22,7.56,GOOD
1001,2026-09-16,23,5.873,GOOD
1001,2026-09-16,24,2.171,GOOD
1001,2026-09-17,1,-0.415,GOOD
1001,2026-09-17,2,2.166,GOOD
1001,2026-09-17,3,4.303,GOOD
1001,2026-09-17,4,8.02,GOOD
1001,2026-09-17,5,3.132,GOOD
1001,2026-09-17,6,5.274,GOOD
1001,2026-09-17,7,2.488,GOOD
1001,2026-09-17,8,3.724,GOOD
1001,2026-09-17,9,2.158,GOOD
1001,2026-09-17,10,1.68,GOOD
1001,2026-09-17,11,5.375,GOOD
1001,2026-09-17,12,4.819,GOOD
1001,2026-09-17,13,2.286,GOOD
1001,2026-09-17,14,3.378,GOOD
1001,2026-09-17,15,2.48,GOOD
1001,2026-09-17,16,5.411,GOOD
1001,2026-09-17,17,4.295,GOOD
1001,2026-09-17,18,3.004,GOOD
1001,2026-09-17,19,3.665,GOOD
1001,2026-09-17,20,6.647,GOOD
1001,2026-09-17,21,5.27,GOOD
1001,2026-09-17,22,5.049,GOOD
1001,2026-09-17,23,7.012,GOOD
1001,2026-09-17,24,7.171,GOOD
1001,2026-09-18,1,5.918,GOOD
1001,2026-09-18,2,6.243,GOOD
1001,2026-09-18,3,8.643,GOOD
1001,2026-09-18,4,5.505,GOOD
1001,2026-09-18,5,6.843,GOOD
1001,2026-09-18,6,7.048,GOOD
1001,2026-09-18,7,7.232,GOOD
1001,2026-09-18,8,8.858,GOOD
1001,2026-09-18,9,8.271,GOOD
1001,2026-09-18,10,10.394,GOOD
1001,2026-09-18,11,10.166,GOOD
1001,2026-09-18,12,9.274,GOOD
1001,2026-09-18,13,9.802,GOOD
1001,2026-09-18,14,7.512,GOOD
1001,2026-09-18,15,5.604,GOOD
1001,2026-09-18,16,6.285,GOOD
1001,2026-09-18,17,4.35,GOOD
1001,2026-09-18,18,4.688,GOOD
1001,2026-09-18,19,7.254,GOOD
1001,2026-09-18,20,13.276,GOOD
1001,2026-09-18,21,16.883,GOOD
1001,2026-09-18,22,11.003,GOOD
1001,2026-09-18,23,15.23,GOOD
1001,2026-09-18,24,18.633,GOOD
1001,2026-09-19,1,14.858,GOOD
1001,2026-09-19,2,10.189,GOOD
1001,2026-09-19,3,5.768,GOOD
1001,2026-09-19,4,4.821,GOOD
1001,2026-09-19,5,2.576,GOOD
1001,2026-09-19,6,5.123,GOOD
1001,2026-09-19,7,5.508,GOOD
1001,2026-09-19,8,4.281,GOOD
1001,2026-09-19,9,1.527,GOOD
1001,2026-09-19,10,5.974,GOOD
1001,2026-09-19,11,4.329,GOOD
1001,2026-09-19,12,3.619,GOOD
1001,2026-09-19,13,6.155,GOOD
1001,2026-09-19,14,6.26,GOOD
1001,2026-09-19,15,7.012,GOOD
1001,2026-09-19,16,7.508,GOOD
1001,2026-09-19,17,5.161,GOOD
1001,2026-09-19,18,3.777,GOOD
1001,2026-09-19,19,7.039,GOOD
1001,2026-09-19,20,9.686,GOOD
1001,2026-09-19,21,13.105,GOOD
1001,2026-09-19,22,6.332,GOOD
1001,2026-09-19,23,3.875,GOOD
1001,2026-09-19,24,4.15,GOOD
1001,2026-09-20,1,5.24,GOOD
1001,2026-09-20,2,6.035,GOOD
1001,2026-09-20,3,3.293,GOOD
1001,2026-09-20,4,2.705,GOOD
1001,2026-09-20,5,2.245,GOOD
1001,2026-09-20,6,3.398,GOOD
1001,2026-09-20,7,6.907,GOOD
1001,2026-09-20,8,5.579,GOOD
1001,2026-09-20,9,8.07,GOOD
1001,2026-09-20,10,6.847,GOOD
1001,2026-09-20,11,8.426,GOOD
1001,2026-09-20,12,5.867,GOOD
1001,2026-09-20,13,2.91,GOOD
1001,2026-09-20,14,5.471,GOOD
1001,2026-09-20,15,7.081,GOOD
1001,2026-09-20,16,8.504,GOOD
1001,2026-09-20,17,9.643,GOOD
1001,2026-09-20,18,10.396,GOOD
1001,2026-09-20,19,8.627,GOOD
1001,2026-09-20,20,10.539,GOOD
1001,2026-09-20,21,13.298,GOOD
1001,2026-09-20,22,8.725,GOOD
1001,2026-09-20,23,11.269,GOOD
1001,2026-09-20,24,6.553,GOOD
1001,2026-09-21,1,7.92,GOOD
1001,2026-09-21,2,6.228,GOOD
1001,2026-09-21,3,2.215,GOOD
1001,2026-09-21,4,4.191,GOOD
1001,2026-09-21,5,3.267,GOOD
1001,2026-09-21,6,6.839,GOOD
1001,2026-09-21,7,7.355,GOOD
1001,2026-09-21,8,5.826,GOOD
1001,2026-09-21,9,7.372,GOOD
1001,2026-09-21,10,3.818,GOOD
1001,2026-09-21,11,3.704,GOOD
1001,2026-09-21,12,9.461,GOOD
1001,2026-09-21,13,,
1001,2026-09-21,14,,
1001,2026-09-21,15,15.812,GOOD
1001,2026-09-21,16,6.515,GOOD
1001,2026-09-21,17,7.557,GOOD
1001,2026-09-21,18,4.599,GOOD
1001,2026-09-21,19,4.659,GOOD
1001,2026-09-21,20,5.275,GOOD
1001,2026-09-21,21,7.448,GOOD
1001,2026-09-21,22,3.857,GOOD
1001,2026-09-21,23,4.459,GOOD
1001,2026-09-21,24,4.292,GOOD
1001,2026-09-22,1,7.899,GOOD
1001,2026-09-22,2,3.124,GOOD
1001,2026-09-22,3,3.45,GOOD
1001,2026-09-22,4,3.978,GOOD
1001,2026-09-22,5,4.99,GOOD
1001,2026-09-22,6,4.667,GOOD
1001,2026-09-22,7,4.833,GOOD
1001,2026-09-22,8,5.351,GOOD
1001,2026-09-22,9,4.46,GOOD
1001,2026-09-22,10,4.296,GOOD
1001,2026-09-22,11,1.92,GOOD
1001,2026-09-22,12,1.172,GOOD
1001,2026-09-22,13,1.358,GOOD
1001,2026-09-22,14,2.385,GOOD
1001,2026-09-22,15,3.222,GOOD
1001,2026-09-22,16,3.28,GOOD
1001,2026-09-22,17,0.818,GOOD
1001,2026-09-22,18,4.034,GOOD
1001,2026-09-22,19,2.455,GOOD
1001,2026-09-22,20,4.45,GOOD
1001,2026-09-22,21,4.805,GOOD
1001,2026-09-22,22,3.973,GOOD
1001,2026-09-22,23,0.957,GOOD
1001,2026-09-22,24,3.303,GOOD
1001,2026-09-23,1,1.83,GOOD
1001,2026-09-23,2,2.522,GOOD
1001,2026-09-23,3,7.519,GOOD
1001,2026-09-23,4,8.664,GOOD
1001,2026-09-23,5,8.962,GOOD
1001,2026-09-23,6,8.103,GOOD
1001,2026-09-23,7,9.498,GOOD
1001,2026-09-23,8,11.769,GOOD
1001,2026-09-23,9,10.883,GOOD
1001,2026-09-23,10,8.613,GOOD
1001,2026-09-23,11,4.439,GOOD
1001,2026-09-23,12,6.002,GOOD
1001,2026-09-23,13,6.062,GOOD
1001,2026-09-23,14,9.286,GOOD
1001,2026-09-23,15,6.204,GOOD
1001,2026-09-23,16,4.336,GOOD
1001,2026-09-23,17,8.538,GOOD
1001,2026-09-23,18,7.548,GOOD
1001,2026-09-23,19,6.97,GOOD
1001,2026-09-23,20,8.267,GOOD
1001,2026-09-23,21,7.988,GOOD
1001,2026-09-23,22,8.404,GOOD
1001,2026-09-23,23,6.565,GOOD
1001,2026-09-23,24,9.982,GOOD
1001,2026-09-24,1,9.085,GOOD
1001,2026-09-24,2,11.286,GOOD
1001,2026-09-24,3,6.028,GOOD
1001,2026-09-24,4,8.783,GOOD
1001,2026-09-24,5,7.646,GOOD
1001,2026-09-24,6,9.49,GOOD
1001,2026-09-24,7,14.286,GOOD
1001,2026-09-24,8,12.019,GOOD
1001,2026-09-24,9,64.608,POOR
1001,2026-09-24,10,43.763,FAIR
1001,2026-09-24,11,18.117,GOOD
1001,2026-09-24,12,14.992,GOOD
1001,2026-09-24,13,15.111,GOOD
1001,2026-09-24,14,8.051,GOOD
1001,2026-09-24,15,6.809,GOOD
1001,2026-09-24,16,6.877,GOOD
1001,2026-09-24,17,8.259,GOOD
1001,2026-09-24,18,7.969,GOOD
1001,2026-09-24,19,1.233,GOOD
1001,2026-09-24,20,4.182,GOOD
1001,2026-09-24,21,5.73,GOOD
1001,2026-09-24,22,5.189,GOOD
1001,2026-09-24,23,3.704,GOOD
1001,2026-09-24,24,3.861,GOOD
1001,2026-09-25,1,3.473,GOOD
1001,2026-09-25,2,4.239,GOOD
1001,2026-09-25,3,3.167,GOOD
1001,2026-09-25,4,2.57,GOOD
1001,2026-09-25,5,2.769,GOOD
1001,2026-09-25,6,2.702,GOOD
1001,2026-09-25,7,5.792,GOOD
1001,2026-09-25,8,7.016,GOOD
1001,2026-09-25,9,5.056,GOOD
1001,2026-09-25,10,9.478,GOOD
1001,2026-09-25,11,10.226,GOOD
1001,2026-09-25,12,9.582,GOOD
1001,2026-09-25,13,9.892,GOOD
1001,2026-09-25,14,11.768,GOOD
1001,2026-09-25,15,8.864,GOOD
1001,2026-09-25,16,8.61,GOOD
1001,2026-09-25,17,10.975,GOOD
1001,2026-09-25,18,10.998,GOOD
1001,2026-09-25,19,7.129,GOOD
1001,2026-09-25,20,7.904,GOOD
1001,2026-09-25,21,9.467,GOOD
1001,2026-09-25,22,8.343,GOOD
1001,2026-09-25,23,5.914,GOOD
1001,2026-09-25,24,3.979,GOOD
1001,2026-09-26,1,7.335,GOOD
1001,2026-09-26,2,6.287,GOOD
1001,2026-09-26,3,5.64,GOOD
1001,2026-09-26,4,4.727,GOOD
1001,2026-09-26,5,6.91,GOOD
1001,2026-09-26,6,6.346,GOOD
1001,2026-09-26,7,8.797,GOOD
1001,2026-09-26,8,11.408,GOOD
1001,2026-09-26,9,7.556,GOOD
1001,2026-09-26,10,14.105,GOOD
1001,2026-09-26,11,14.497,GOOD
1001,2026-09-26,12,14.407,GOOD
1001,2026-09-26,13,16.022,GOOD
1001,2026-09-26,14,15.106,GOOD
1001,2026-09-26,15,14.621,GOOD
1001,2026-09-26,16,15.679,GOOD
1001,2026-09-26,17,13.393,GOOD
1001,2026-09-26,18,13.723,GOOD
1001,2026-09-26,19,9.712,GOOD
1001,2026-09-26,20,8.948,GOOD
1001,2026-09-26,21,11.931,GOOD
1001,2026-09-26,22,8.257,GOOD
1001,2026-09-26,23,5.818,GOOD
1001,2026-09-26,24,9.73,GOOD
1001,2026-09-27,1,9.271,GOOD
1001,2026-09-27,2,4.229,GOOD
1001,2026-09-27,3,0.879,GOOD
1001,2026-09-27,4,2.306,GOOD
1001,2026-09-27,5,1.966,GOOD
1001,2026-09-27,6,1.944,GOOD
1001,2026-09-27,7,4.102,GOOD
1001,2026-09-27,8,3.124,GOOD
1001,2026-09-27,9,4.727,GOOD
1001,2026-09-27,10,5.251,GOOD
1001,2026-09-27,11,0.682,GOOD
1001,2026-09-27,12,0.589,GOOD
1001,2026-09-27,13,-1.297,GOOD
1001,2026-09-27,14,1.242,GOOD
1001,2026-09-27,15,2.167,GOOD
1001,2026-09-27,16,5.205,GOOD
1001,2026-09-27,17,4.593,GOOD
1001,2026-09-27,18,1.454,GOOD
1001,2026-09-27,19,3.014,GOOD
1001,2026-09-27,20,4.721,GOOD
1001,2026-09-27,21,3.321,GOOD
1001,2026-09-27,22,2.924,GOOD
1001,2026-09-27,23,3.938,GOOD
1001,2026-09-27,24,3.011,GOOD
1001,2026-09-28,1,3.189,GOOD
1001,2026-09-28,2,0.289,GOOD
1001,2026-09-28,3,0.614,GOOD
1001,2026-09-28,4,2.653,GOOD
1001,2026-09-28,5,5.054,GOOD
1001,2026-09-28,6,1.367,GOOD
1001,2026-09-28,7,5.213,GOOD
1001,2026-09-28,8,5.858,GOOD
1001,2026-09-28,9,5.756,GOOD
1001,2026-09-28,10,4.642,GOOD
1001,2026-09-28,11,2.706,GOOD
1001,2026-09-28,12,1.418,GOOD
1001,2026-09-28,13,3.744,GOOD
1001,2026-09-28,14,2.748,GOOD
1001,2026-09-28,15,0.138,GOOD
1001,2026-09-28,16,1.598,GOOD
1001,2026-09-28,17,3.914,GOOD
1001,2026-09-28,18,1.54,GOOD
1001,2026-09-28,19,1.813,GOOD
1001,2026-09-28,20,3.999,GOOD
1001,2026-09-28,21,3.714,GOOD
1001,2026-09-28,22,3.654,GOOD
1001,2026-09-28,23,4.72,GOOD
1001,2026-09-28,24,4.726,GOOD
1001,2026-09-29,1,1.451,GOOD
1001,2026-09-29,2,7.849,GOOD
1001,2026-09-29,3,4.271,GOOD
1001,2026-09-29,4,1.916,GOOD
1001,2026-09-29,5,3.947,GOOD
1001,2026-09-29,6,4.832,GOOD
1001,2026-09-29,7,5.977,GOOD
1001,2026-09-29,8,4.954,GOOD
1001,2026-09-29,9,3.828,GOOD
1001,2026-09-29,10,1.933,GOOD
1001,2026-09-29,11,3.937,GOOD
1001,2026-09-29,12,2.739,GOOD
1001,2026-09-29,13,4.039,GOOD
1001,2026-09-29,14,1.019,GOOD
1001,2026-09-29,15,3.101,GOOD
1001,2026-09-29,16,3.189,GOOD
1001,2026-09-29,17,3.335,GOOD
1001,2026-09-29,18,4.158,GOOD
1001,2026-09-29,19,2.048,GOOD
1001,2026-09-29,20,1.934,GOOD
1001,2026-09-29,21,2.053,GOOD
1001,2026-09-29,22,3.385,GOOD
1001,2026-09-29,23,2.349,GOOD
1001,2026-09-29,24,2.16,GOOD
1001,2026-09-30,1,3.992,GOOD
1001,2026-09-30,2,2.215,GOOD
1001,2026-09-30,3,4.922,GOOD
1001,2026-09-30,4,3.055,GOOD
1001,2026-09-30,5,2.8,GOOD
1001,2026-09-30,6,3.865,GOOD
1001,2026-09-30,7,6.663,GOOD
1001,2026-09-30,8,7.41,GOOD
1001,2026-09-30,9,5.825,GOOD
1001,2026-09-30,10,7.162,GOOD
1001,2026-09-30,11,8.066,GOOD
1001,2026-09-30,12,3.54,GOOD
1001,2026-09-30,13,5.272,GOOD
1001,2026-09-30,14,5.226,GOOD
1001,2026-09-30,15,6.727,GOOD
1001,2026-09-30,16,8.828,GOOD
1001,2026-09-30,17,5.693,GOOD
1001,2026-09-30,18,4.597,GOOD
1001,2026-09-30,19,6.727,GOOD
1001,2026-09-30,20,5.395,GOOD
1001,2026-09-30,21,8.214,GOOD
1001,2026-09-30,22,5.389,GOOD
1001,2026-09-30,23,11.008,GOOD
1001,2026-09-30,24,5.947,GOOD
1580,2026-09-01,1,7.675,GOOD
1580,2026-09-01,2,6.817,GOOD
1580,2026-09-01,3,8.871,GOOD
1580,2026-09-01,4,5.832,GOOD
1580,2026-09-01,5,6.749,GOOD
1580,2026-09-01,6,4.893,GOOD
1580,2026-09-01,7,6.483,GOOD
1580,2026-09-01,8,9.725,GOOD
1580,2026-09-01,9,8.205,GOOD
1580,2026-09-01,10,8.268,GOOD
1580,2026-09-01,11,4.68,GOOD
1580,2026-09-01,12,5.03,GOOD
1580,2026-09-01,13,7.644,GOOD
1580,2026-09-01,14,6.97,GOOD
1580,2026-09-01,15,5.113,GOOD
1580,2026-09-01,16,6.485,GOOD
1580,2026-09-01,17,4.166,GOOD
1580,2026-09-01,18,2.512,GOOD
1580,2026-09-01,19,7.614,GOOD
1580,2026-09-01,20,9.122,GOOD
1580,2026-09-01,21,8.102,GOOD
1580,2026-09-01,22,6.984,GOOD
1580,2026-09-01,23,7.908,GOOD
1580,2026-09-01,24,6.961,GOOD
1580,2026-09-02,1,9.216,GOOD
1580,2026-09-02,2,8.415,GOOD
1580,2026-09-02,3,3.784,GOOD
1580,2026-09-02,4,0.659,GOOD
1580,2026-09-02,5,7.707,GOOD
1580,2026-09-02,6,6.07,GOOD
1580,2026-09-02,7,7.239,GOOD
1580,2026-09-02,8,6.515,GOOD
1580,2026-09-02,9,4.61,GOOD
1580,2026-09-02,10,2.286,GOOD
1580,2026-09-02,11,3.849,GOOD
1580,2026-09-02,12,3.803,GOOD
1580,2026-09-02,13,4.846,GOOD
1580,2026-09-02,14,3.63,GOOD
1580,2026-09-02,15,,
1580,2026-09-02,16,,
1580,2026-09-02,17,,
1580,2026-09-02,18,,
1580,2026-09-02,19,2.785,GOOD
1580,2026-09-02,20,3.351,GOOD
1580,2026-09-02,21,7.907,GOOD
1580,2026-09-02,22,6.906,GOOD
1580,2026-09-02,23,4.576,GOOD
1580,2026-09-02,24,7.362,GOOD
1580,2026-09-03,1,4.553,GOOD
1580,2026-09-03,2,3.916,GOOD
1580,2026-09-03,3,1.813,GOOD
1580,2026-09-03,4,0.707,GOOD
1580,2026-09-03,5,-0.173,GOOD
1580,2026-09-03,6,2.611,GOOD
1580,2026-09-03,7,3.65,GOOD
1580,2026-09-03,8,8.55,GOOD
1580,2026-09-03,9,3.382,GOOD
1580,2026-09-03,10,2.323,GOOD
1580,2026-09-03,11,4.501,GOOD
1580,2026-09-03,12,3.871,GOOD
1580,2026-09-03,13,1.907,GOOD
1580,2026-09-03,14,1.121,GOOD
1580,2026-09-03,15,0.415,GOOD
1580,2026-09-03,16,1.613,GOOD
1580,2026-09-03,17,0.37,GOOD
1580,2026-09-03,18,2.279,GOOD
1580,2026-09-03,19,4.154,GOOD
1580,2026-09-03,20,4.024,GOOD
1580,2026-09-03,21,0.915,GOOD
1580,2026-09-03,22,2.7,GOOD
1580,2026-09-03,23,1.977,GOOD
1580,2026-09-03,24,1.514,GOOD
1580,2026-09-04,1,3.609,GOOD
1580,2026-09-04,2,1.031,GOOD
1580,2026-09-04,3,3.194,GOOD
1580,2026-09-04,4,4.131,GOOD
1580,2026-09-04,5,4.3,GOOD
1580,2026-09-04,6,5.474,GOOD
1580,2026-09-04,7,5.608,GOOD
1580,2026-09-04,8,14.227,GOOD
1580,2026-09-04,9,10.065,GOOD
1580,2026-09-04,10,0.614,GOOD
1580,2026-09-04,11,0.455,GOOD
1580,2026-09-04,12,0.561,GOOD
1580,2026-09-04,13,2.806,GOOD
1580,2026-09-04,14,1.795,GOOD
1580,2026-09-04,15,1.233,GOOD
1580,2026-09-04,16,3.03,GOOD
1580,2026-09-04,17,1.931,GOOD
1580,2026-09-04,18,3.564,GOOD
1580,2026-09-04,19,2.85,GOOD
1580,2026-09-04,20,4.367,GOOD
1580,2026-09-04,21,7.154,GOOD
1580,2026-09-04,22,13.444,GOOD
1580,2026-09-04,23,18.183,GOOD
1580,2026-09-04,24,25.281,FAIR
1580,2026-09-05,1,30.77,FAIR
1580,2026-09-05,2,6.714,GOOD
1580,2026-09-05,3,3.25,GOOD
1580,2026-09-05,4,2.444,GOOD
1580,2026-09-05,5,1.901,GOOD
1580,2026-09-05,6,5.235,GOOD
1580,2026-09-05,7,3.162,GOOD
1580,2026-09-05,8,0.967,GOOD
1580,2026-09-05,9,0.285,GOOD
1580,2026-09-05,10,1.083,GOOD
1580,2026-09-05,11,0.351,GOOD
1580,2026-09-05,12,1.025,GOOD
1580,2026-09-05,13,6.206,GOOD
1580,2026-09-05,14,3.07,GOOD
1580,2026-09-05,15,6.748,GOOD
1580,2026-09-05,16,9.812,GOOD
1580,2026-09-05,17,10.302,GOOD
1580,2026-09-05,18,1.698,GOOD
1580,2026-09-05,19,-0.45,GOOD
1580,2026-09-05,20,2.566,GOOD
1580,2026-09-05,21,2.982,GOOD
1580,2026-09-05,22,2.88,GOOD
1580,2026-09-05,23,2.315,GOOD
1580,2026-09-05,24,5.612,GOOD
1580,2026-09-06,1,4.022,GOOD
1580,2026-09-06,2,0.328,GOOD
1580,2026-09-06,3,4.05,GOOD
1580,2026-09-06,4,7.887,GOOD
1580,2026-09-06,5,0.772,GOOD
1580,2026-09-06,6,-1.223,GOOD
1580,2026-09-06,7,1.454,GOOD
1580,2026-09-06,8,0.738,GOOD
1580,2026-09-06,9,1.717,GOOD
1580,2026-09-06,10,1.504,GOOD
1580,2026-09-06,11,3.514,GOOD
1580,2026-09-06,12,0.77,GOOD
1580,2026-09-06,13,-1.068,GOOD
1580,2026-09-06,14,-1.84,GOOD
1580,2026-09-06,15,0.081,GOOD
1580,2026-09-06,16,3.587,GOOD
1580,2026-09-06,17,2.689,GOOD
1580,2026-09-06,18,2.007,GOOD
1580,2026-09-06,19,2.188,GOOD
1580,2026-09-06,20,6.887,GOOD
1580,2026-09-06,21,6.703,GOOD
1580,2026-09-06,22,7.598,GOOD
1580,2026-09-06,23,8.906,GOOD
1580,2026-09-06,24,10.224,GOOD
1580,2026-09-07,1,11.88,GOOD
1580,2026-09-07,2,5.744,GOOD
1580,2026-09-07,3,4.362,GOOD
1580,2026-09-07,4,3.234,GOOD
1580,2026-09-07,5,2.464,GOOD
1580,2026-09-07,6,1.925,GOOD
1580,2026-09-07,7,2.875,GOOD
1580,2026-09-07,8,11.606,GOOD
1580,2026-09-07,9,4.879,GOOD
1580,2026-09-07,10,1.184,GOOD
1580,2026-09-07,11,2.624,GOOD
1580,2026-09-07,12,1.272,GOOD
1580,2026-09-07,13,3.306,GOOD
1580,2026-09-07,14,5.852,GOOD
1580,2026-09-07,15,4.781,GOOD
1580,2026-09-07,16,3.567,GOOD
1580,2026-09-07,17,3.089,GOOD
1580,2026-09-07,18,2.108,GOOD
1580,2026-09-07,19,2.745,GOOD
1580,2026-09-07,20,5.46,GOOD
1580,2026-09-07,21,6.293,GOOD
1580,2026-09-07,22,3.994,GOOD
1580,2026-09-07,23,3.319,GOOD
1580,2026-09-07,24,5.812,GOOD
1580,2026-09-08,1,2.532,GOOD
1580,2026-09-08,2,0.991,GOOD
1580,2026-09-08,3,0.733,GOOD
1580,2026-09-08,4,3.958,GOOD
1580,2026-09-08,5,3.128,GOOD
1580,2026-09-08,6,0.005,GOOD
1580,2026-09-08,7,3.356,GOOD
1580,2026-09-08,8,5.557,GOOD
1580,2026-09-08,9,3.26,GOOD
1580,2026-09-08,10,4.757,GOOD
1580,2026-09-08,11,2.378,GOOD
1580,2026-09-08,12,2.009,GOOD
1580,2026-09-08,13,1.724,GOOD
1580,2026-09-08,14,4.105,GOOD
1580,2026-09-08,15,7.174,GOOD
1580,2026-09-08,16,7.136,GOOD
1580,2026-09-08,17,3.757,GOOD
1580,2026-09-08,18,2.975,GOOD
1580,2026-09-08,19,6.155,GOOD
1580,2026-09-08,20,9.792,GOOD
1580,2026-09-08,21,14.728,GOOD
1580,2026-09-08,22,10.229,GOOD
1580,2026-09-08,23,5.605,GOOD
1580,2026-09-08,24,7.342,GOOD
1580,2026-09-09,1,6.452,GOOD
1580,2026-09-09,2,3.198,GOOD
1580,2026-09-09,3,6.057,GOOD
1580,2026-09-09,4,9.39,GOOD
1580,2026-09-09,5,9.186,GOOD
1580,2026-09-09,6,5.214,GOOD
1580,2026-09-09,7,5.313,GOOD
1580,2026-09-09,8,5.396,GOOD
1580,2026-09-09,9,6.481,GOOD
1580,2026-09-09,10,4.797,GOOD
1580,2026-09-09,11,3.672,GOOD
1580,2026-09-09,12,1.771,GOOD
1580,2026-09-09,13,0.596,GOOD
1580,2026-09-09,14,1.409,GOOD
1580,2026-09-09,15,5.123,GOOD
1580,2026-09-09,16,4.799,GOOD
1580,2026-09-09,17,6.788,GOOD
1580,2026-09-09,18,5.198,GOOD
1580,2026-09-09,19,2.754,GOOD
1580,2026-09-09,20,3.717,GOOD
1580,2026-09-09,21,0.827,GOOD
1580,2026-09-09,22,2.565,GOOD
1580,2026-09-09,23,7.745,GOOD
1580,2026-09-09,24,9.262,GOOD
1580,2026-09-10,1,7.979,GOOD
1580,2026-09-10,2,10.608,GOOD
1580,2026-09-10,3,8.483,GOOD
1580,2026-09-10,4,7.083,GOOD
1580,2026-09-10,5,3.004,GOOD
1580,2026-09-10,6,4.817,GOOD
1580,2026-09-10,7,5.066,GOOD
1580,2026-09-10,8,2.343,GOOD
1580,2026-09-10,9,8.15,GOOD
1580,2026-09-10,10,4.033,GOOD
1580,2026-09-10,11,4.734,GOOD
1580,2026-09-10,12,5.439,GOOD
1580,2026-09-10,13,4.85,GOOD
1580,2026-09-10,14,3.306,GOOD
1580,2026-09-10,15,4.964,GOOD
1580,2026-09-10,16,3.27,GOOD
1580,2026-09-10,17,3.346,GOOD
1580,2026-09-10,18,4.771,GOOD
1580,2026-09-10,19,4.264,GOOD
1580,2026-09-10,20,5.505,GOOD
1580,2026-09-10,21,4.944,GOOD
1580,2026-09-10,22,5.907,GOOD
1580,2026-09-10,23,6.211,GOOD
1580,2026-09-10,24,8.156,GOOD
1580,2026-09-11,1,9.72,GOOD
1580,2026-09-11,2,8.709,GOOD
1580,2026-09-11,3,8.602,GOOD
1580,2026-09-11,4,6.055,GOOD
1580,2026-09-11,5,3.066,GOOD
1580,2026-09-11,6,2.723,GOOD
1580,2026-09-11,7,5.169,GOOD
1580,2026-09-11,8,6.768,GOOD
1580,2026-09-11,9,0.721,GOOD
1580,2026-09-11,10,3.556,GOOD
1580,2026-09-11,11,6.783,GOOD
1580,2026-09-11,12,5.846,GOOD
1580,2026-09-11,13,6.795,GOOD
1580,2026-09-11,14,6.061,GOOD
1580,2026-09-11,15,3.672,GOOD
1580,2026-09-11,16,4.83,GOOD
1580,2026-09-11,17,4.698,GOOD
1580,2026-09-11,18,6.537,GOOD
1580,2026-09-11,19,9.322,GOOD
1580,2026-09-11,20,9.752,GOOD
1580,2026-09-11,21,13.024,GOOD
1580,2026-09-11,22,10.674,GOOD
1580,2026-09-11,23,8.186,GOOD
1580,2026-09-11,24,10.192,GOOD
1580,2026-09-12,1,6.403,GOOD
1580,2026-09-12,2,6.253,GOOD
1580,2026-09-12,3,6.302,GOOD
1580,2026-09-12,4,10.059,GOOD
1580,2026-09-12,5,7.564,GOOD
1580,2026-09-12,6,,
1580,2026-09-12,7,,
1580,2026-09-12,8,,
1580,2026-09-12,9,9.51,GOOD
1580,2026-09-12,10,15.238,GOOD
1580,2026-09-12,11,9.453,GOOD
1580,2026-09-12,12,6.128,GOOD
1580,2026-09-12,13,2.813,GOOD
1580,2026-09-12,14,1.385,GOOD
1580,2026-09-12,15,2.81,GOOD
1580,2026-09-12,16,4.67,GOOD
1580,2026-09-12,17,3.267,GOOD
1580,2026-09-12,18,3.653,GOOD
1580,2026-09-12,19,9.289,GOOD
1580,2026-09-12,20,20.247,GOOD
1580,2026-09-12,21,12.278,GOOD
1580,2026-09-12,22,12.405,GOOD
1580,2026-09-12,23,15.942,GOOD
1580,2026-09-12,24,15.151,GOOD
1580,2026-09-13,1,6.999,GOOD
1580,2026-09-13,2,6.089,GOOD
1580,2026-09-13,3,6.517,GOOD
1580,2026-09-13,4,5.732,GOOD
1580,2026-09-13,5,3.666,GOOD
1580,2026-09-13,6,6.193,GOOD
1580,2026-09-13,7,6.159,GOOD
1580,2026-09-13,8,12.547,GOOD
1580,2026-09-13,9,9.347,GOOD
1580,2026-09-13,10,6.699,GOOD
1580,2026-09-13,11,4.422,GOOD
1580,2026-09-13,12,2.146,GOOD
1580,2026-09-13,13,4.122,GOOD
1580,2026-09-13,14,4.852,GOOD
1580,2026-09-13,15,3.983,GOOD
1580,2026-09-13,16,5.024,GOOD
1580,2026-09-13,17,3.408,GOOD
1580,2026-09-13,18,1.356,GOOD
1580,2026-09-13,19,6.39,GOOD
1580,2026-09-13,20,6.824,GOOD
1580,2026-09-13,21,11.014,GOOD
1580,2026-09-13,22,10.507,GOOD
1580,2026-09-13,23,9.437,GOOD
1580,2026-09-13,24,10.741,GOOD
1580,2026-09-14,1,9.397,GOOD
1580,2026-09-14,2,6.507,GOOD
1580,2026-09-14,3,5.921,GOOD
1580,2026-09-14,4,5.471,GOOD
1580,2026-09-14,5,6.466,GOOD
1580,2026-09-14,6,4.675,GOOD
1580,2026-09-14,7,5.479,GOOD
1580,2026-09-14,8,8.442,GOOD
1580,2026-09-14,9,12.817,GOOD
1580,2026-09-14,10,6.061,GOOD
1580,2026-09-14,11,2.385,GOOD
1580,2026-09-14,12,3.929,GOOD
1580,2026-09-14,13,3.247,GOOD
1580,2026-09-14,14,4.087,GOOD
1580,2026-09-14,15,1.484,GOOD
1580,2026-09-14,16,1.721,GOOD
1580,2026-09-14,17,3.322,GOOD
1580,2026-09-14,18,3.436,GOOD
1580,2026-09-14,19,4.69,GOOD
1580,2026-09-14,20,5.852,GOOD
1580,2026-09-14,21,7.082,GOOD
1580,2026-09-14,22,5.67,GOOD
1580,2026-09-14,23,3.582,GOOD
1580,2026-09-14,24,4.757,GOOD
1580,2026-09-15,1,5.551,GOOD
1580,2026-09-15,2,5.546,GOOD
1580,2026-09-15,3,7.214,GOOD
1580,2026-09-15,4,4.158,GOOD
1580,2026-09-15,5,4.34,GOOD
1580,2026-09-15,6,6.192,GOOD
1580,2026-09-15,7,4.902,GOOD
1580,2026-09-15,8,3.225,GOOD
1580,2026-09-15,9,,
1580,2026-09-15,10,,
1580,2026-09-15,11,,
1580,2026-09-15,12,,
1580,2026-09-15,13,,
1580,2026-09-15,14,,
1580,2026-09-15,15,,
1580,2026-09-15,16,,
1580,2026-09-15,17,,
1580,2026-09-15,18,,
1580,2026-09-15,19,,
1580,2026-09-15,20,3.203,GOOD
1580,2026-09-15,21,2.117,GOOD
1580,2026-09-15,22,4.882,GOOD
1580,2026-09-15,23,3.367,GOOD
1580,2026-09-15,24,3.761,GOOD
1580,2026-09-16,1,3.758,GOOD
1580,2026-09-16,2,2.919,GOOD
1580,2026-09-16,3,5.324,GOOD
1580,2026-09-16,4,3.386,GOOD
1580,2026-09-16,5,2.562,GOOD
1580,2026-09-16,6,3.28,GOOD
1580,2026-09-16,7,2.531,GOOD
1580,2026-09-16,8,1.466,GOOD
1580,2026-09-16,9,3.291,GOOD
1580,2026-09-16,10,3.241,GOOD
1580,2026-09-16,11,5.206,GOOD
1580,2026-09-16,12,2.156,GOOD
1580,2026-09-16,13,0.436,GOOD
1580,2026-09-16,14,2.424,GOOD
1580,2026-09-16,15,2.15,GOOD
1580,2026-09-16,16,2.241,GOOD
1580,2026-09-16,17,4.719,GOOD
1580,2026-09-16,18,3.676,GOOD
1580,2026-09-16,19,1.459,GOOD
1580,2026-09-16,20,4.422,GOOD
1580,2026-09-16,21,5.928,GOOD
1580,2026-09-16,22,16.798,GOOD
1580,2026-09-16,23,12.064,GOOD
1580,2026-09-16,24,6.453,GOOD
1580,2026-09-17,1,2.761,GOOD
1580,2026-09-17,2,6.124,GOOD
1580,2026-09-17,3,4.442,GOOD
1580,2026-09-17,4,5.421,GOOD
1580,2026-09-17,5,2.747,GOOD
1580,2026-09-17,6,1.079,GOOD
1580,2026-09-17,7,3.205,GOOD
1580,2026-09-17,8,3.28,GOOD
1580,2026-09-17,9,3.708,GOOD
1580,2026-09-17,10,-1.128,GOOD
1580,2026-09-17,11,1.258,GOOD
1580,2026-09-17,12,4.681,GOOD
1580,2026-09-17,13,3.3,GOOD
1580,2026-09-17,14,1.116,GOOD
1580,2026-09-17,15,1.804,GOOD
1580,2026-09-17,16,2.681,GOOD
1580,2026-09-17,17,0.563,GOOD
1580,2026-09-17,18,2.144,GOOD
1580,2026-09-17,19,4.811,GOOD
1580,2026-09-17,20,7.375,GOOD
1580,2026-09-17,21,8.164,GOOD
1580,2026-09-17,22,6.185,GOOD
1580,2026-09-17,23,12.019,GOOD
1580,2026-09-17,24,12.834,GOOD
1580,2026-09-18,1,17.818,GOOD
1580,2026-09-18,2,12.513,GOOD
1580,2026-09-18,3,9.187,GOOD
1580,2026-09-18,4,10.858,GOOD
1580,2026-09-18,5,11.531,GOOD
1580,2026-09-18,6,8.565,GOOD
1580,2026-09-18,7,6.546,GOOD
1580,2026-09-18,8,1.958,GOOD
1580,2026-09-18,9,6.304,GOOD
1580,2026-09-18,10,5.346,GOOD
1580,2026-09-18,11,4.22,GOOD
1580,2026-09-18,12,5.571,GOOD
1580,2026-09-18,13,2.417,GOOD
1580,2026-09-18,14,1.499,GOOD
1580,2026-09-18,15,1.333,GOOD
1580,2026-09-18,16,1.753,GOOD
1580,2026-09-18,17,1.782,GOOD
1580,2026-09-18,18,1.39,GOOD
1580,2026-09-18,19,4.626,GOOD
1580,2026-09-18,20,7.547,GOOD
1580,2026-09-18,21,5.617,GOOD
1580,2026-09-18,22,7.256,GOOD
1580,2026-09-18,23,2.959,GOOD
1580,2026-09-18,24,3.68,GOOD
1580,2026-09-19,1,2.892,GOOD
1580,2026-09-19,2,2.781,GOOD
1580,2026-09-19,3,2.932,GOOD
1580,2026-09-19,4,0.989,GOOD
1580,2026-09-19,5,-1.002,GOOD
1580,2026-09-19,6,4.212,GOOD
1580,2026-09-19,7,3.008,GOOD
1580,2026-09-19,8,3.665,GOOD
1580,2026-09-19,9,1.001,GOOD
1580,2026-09-19,10,-0.739,GOOD
1580,2026-09-19,11,0.273,GOOD
1580,2026-09-19,12,0.849,GOOD
1580,2026-09-19,13,1.908,GOOD
1580,2026-09-19,14,1.294,GOOD
1580,2026-09-19,15,1.399,GOOD
1580,2026-09-19,16,5.245,GOOD
1580,2026-09-19,17,2.647,GOOD
1580,2026-09-19,18,2.001,GOOD
1580,2026-09-19,19,3.38,GOOD
1580,2026-09-19,20,4.009,GOOD
1580,2026-09-19,21,2.35,GOOD
1580,2026-09-19,22,3.056,GOOD
1580,2026-09-19,23,1.952,GOOD
1580,2026-09-19,24,6.101,GOOD
1580,2026-09-20,1,6.701,GOOD
1580,2026-09-20,2,5.452,GOOD
1580,2026-09-20,3,6.209,GOOD
1580,2026-09-20,4,4.992,GOOD
1580,2026-09-20,5,4.236,GOOD
1580,2026-09-20,6,4.797,GOOD
1580,2026-09-20,7,0.705,GOOD
1580,2026-09-20,8,1.308,GOOD
1580,2026-09-20,9,1.832,GOOD
1580,2026-09-20,10,3.978,GOOD
1580,2026-09-20,11,2.596,GOOD
1580,2026-09-20,12,4.246,GOOD
1580,2026-09-20,13,7.62,GOOD
1580,2026-09-20,14,4.254,GOOD
1580,2026-09-20,15,0.808,GOOD
1580,2026-09-20,16,3.563,GOOD
1580,2026-09-20,17,2.489,GOOD
1580,2026-09-20,18,0.742,GOOD
1580,2026-09-20,19,0.301,GOOD
1580,2026-09-20,20,3.553,GOOD
1580,2026-09-20,21,4.243,GOOD
1580,2026-09-20,22,3.34,GOOD
1580,2026-09-20,23,5.245,GOOD
1580,2026-09-20,24,3.672,GOOD
1580,2026-09-21,1,3.173,GOOD
1580,2026-09-21,2,3.808,GOOD
1580,2026-09-21,3,5.129,GOOD
1580,2026-09-21,4,2.482,GOOD
1580,2026-09-21,5,3.385,GOOD
1580,2026-09-21,6,2.319,GOOD
1580,2026-09-21,7,4.133,GOOD
1580,2026-09-21,8,2.629,GOOD
1580,2026-09-21,9,1.638,GOOD
1580,2026-09-21,10,5.169,GOOD
1580,2026-09-21,11,7.774,GOOD
1580,2026-09-21,12,1.088,GOOD
1580,2026-09-21,13,1.693,GOOD
1580,2026-09-21,14,2.613,GOOD
1580,2026-09-21,15,3.512,GOOD
1580,2026-09-21,16,2.402,GOOD
1580,2026-09-21,17,3.296,GOOD
1580,2026-09-21,18,4.484,GOOD
1580,2026-09-21,19,0.875,GOOD
1580,2026-09-21,20,1.977,GOOD
1580,2026-09-21,21,2.323,GOOD
1580,2026-09-21,22,-0.861,GOOD
1580,2026-09-21,23,-0.477,GOOD
1580,2026-09-21,24,-0.093,GOOD
1580,2026-09-22,1,1.637,GOOD
1580,2026-09-22,2,0.044,GOOD
1580,2026-09-22,3,1.678,GOOD
1580,2026-09-22,4,3.228,GOOD
1580,2026-09-22,5,2.146,GOOD
1580,2026-09-22,6,4.731,GOOD
1580,2026-09-22,7,5.068,GOOD
1580,2026-09-22,8,1.852,GOOD
1580,2026-09-22,9,4.702,GOOD
1580,2026-09-22,10,3.397,GOOD
1580,2026-09-22,11,5.853,GOOD
1580,2026-09-22,12,,
1580,2026-09-22,13,,
1580,2026-09-22,14,,
1580,2026-09-22,15,2.628,GOOD
1580,2026-09-22,16,5.013,GOOD
1580,2026-09-22,17,2.927,GOOD
1580,2026-09-22,18,3.744,GOOD
1580,2026-09-22,19,1.772,GOOD
1580,2026-09-22,20,2.181,GOOD
1580,2026-09-22,21,3.108,GOOD
1580,2026-09-22,22,3.111,GOOD
1580,2026-09-22,23,2.984,GOOD
1580,2026-09-22,24,2.51,GOOD
1580,2026-09-23,1,1.087,GOOD
1580,2026-09-23,2,-0.682,GOOD
1580,2026-09-23,3,-0.539,GOOD
1580,2026-09-23,4,0.172,GOOD
1580,2026-09-23,5,1.092,GOOD
1580,2026-09-23,6,0.121,GOOD
1580,2026-09-23,7,1.137,GOOD
1580,2026-09-23,8,0.949,GOOD
1580,2026-09-23,9,2.455,GOOD
1580,2026-09-23,10,1.23,GOOD
1580,2026-09-23,11,2.651,GOOD
1580,2026-09-23,12,6.707,GOOD
1580,2026-09-23,13,3.098,GOOD
1580,2026-09-23,14,4.88,GOOD
1580,2026-09-23,15,3.405,GOOD
1580,2026-09-23,16,1.039,GOOD
1580,2026-09-23,17,0.768,GOOD
1580,2026-09-23,18,-0.133,GOOD
1580,2026-09-23,19,1.432,GOOD
1580,2026-09-23,20,-0.081,GOOD
1580,2026-09-23,21,4.305,GOOD
1580,2026-09-23,22,3.956,GOOD
1580,2026-09-23,23,1.23,GOOD
1580,2026-09-23,24,2.019,GOOD
1580,2026-09-24,1,2.407,GOOD
1580,2026-09-24,2,3.767,GOOD
1580,2026-09-24,3,3.762,GOOD
1580,2026-09-24,4,3.384,GOOD
1580,2026-09-24,5,2.682,GOOD
1580,2026-09-24,6,5.269,GOOD
1580,2026-09-24,7,5.157,GOOD
1580,2026-09-24,8,7.423,GOOD
1580,2026-09-24,9,8.385,GOOD
1580,2026-09-24,10,10.462,GOOD
1580,2026-09-24,11,10.283,GOOD
1580,2026-09-24,12,9.476,GOOD
1580,2026-09-24,13,11.018,GOOD
1580,2026-09-24,14,10.905,GOOD
1580,2026-09-24,15,8.829,GOOD
1580,2026-09-24,16,7.961,GOOD
1580,2026-09-24,17,8.529,GOOD
1580,2026-09-24,18,7.359,GOOD
1580,2026-09-24,19,9.071,GOOD
1580,2026-09-24,20,11.278,GOOD
1580,2026-09-24,21,9.889,GOOD
1580,2026-09-24,22,11.395,GOOD
1580,2026-09-24,23,12.942,GOOD
1580,2026-09-24,24,13.281,GOOD
1580,2026-09-25,1,10.938,GOOD
1580,2026-09-25,2,10.672,GOOD
1580,2026-09-25,3,12.258,GOOD
1580,2026-09-25,4,9.688,GOOD
1580,2026-09-25,5,11.153,GOOD
1580,2026-09-25,6,8.483,GOOD
1580,2026-09-25,7,10.304,GOOD
1580,2026-09-25,8,9.586,GOOD
1580,2026-09-25,9,12.349,GOOD
1580,2026-09-25,10,10.094,GOOD
1580,2026-09-25,11,8.991,GOOD
1580,2026-09-25,12,8.661,GOOD
1580,2026-09-25,13,8.067,GOOD
1580,2026-09-25,14,8.615,GOOD
1580,2026-09-25,15,8.739,GOOD
1580,2026-09-25,16,9.299,GOOD
1580,2026-09-25,17,6.93,GOOD
1580,2026-09-25,18,7.569,GOOD
1580,2026-09-25,19,8.795,GOOD
1580,2026-09-25,20,9.719,GOOD
1580,2026-09-25,21,10.325,GOOD
1580,2026-09-25,22,10.779,GOOD
1580,2026-09-25,23,10.401,GOOD
1580,2026-09-25,24,10.07,GOOD
1580,2026-09-26,1,11.741,GOOD
1580,2026-09-26,2,7.521,GOOD
1580,2026-09-26,3,5.435,GOOD
1580,2026-09-26,4,6.513,GOOD
1580,2026-09-26,5,8.689,GOOD
1580,2026-09-26,6,8.442,GOOD
1580,2026-09-26,7,7.386,GOOD
1580,2026-09-26,8,6.782,GOOD
1580,2026-09-26,9,5.602,GOOD
1580,2026-09-26,10,4.809,GOOD
1580,2026-09-26,11,5.647,GOOD
1580,2026-09-26,12,6.697,GOOD
1580,2026-09-26,13,5.979,GOOD
1580,2026-09-26,14,4.713,GOOD
1580,2026-09-26,15,3.922,GOOD
1580,2026-09-26,16,8.973,GOOD
1580,2026-09-26,17,11.714,GOOD
1580,2026-09-26,18,6.879,GOOD
1580,2026-09-26,19,7.911,GOOD
1580,2026-09-26,20,8.324,GOOD
1580,2026-09-26,21,9.968,GOOD
1580,2026-09-26,22,1.204,GOOD
1580,2026-09-26,23,2.012,GOOD
1580,2026-09-26,24,1.023,GOOD
1580,2026-09-27,1,4.866,GOOD
1580,2026-09-27,2,1.203,GOOD
1580,2026-09-27,3,2.024,GOOD
1580,2026-09-27,4,3.124,GOOD
1580,2026-09-27,5,2.235,GOOD
1580,2026-09-27,6,5.421,GOOD
1580,2026-09-27,7,4.552,GOOD
1580,2026-09-27,8,2.525,GOOD
1580,2026-09-27,9,-0.367,GOOD
1580,2026-09-27,10,1.79,GOOD
1580,2026-09-27,11,2.646,GOOD
1580,2026-09-27,12,0.161,GOOD
1580,2026-09-27,13,-1.657,GOOD
1580,2026-09-27,14,-0.791,GOOD
1580,2026-09-27,15,-0.574,GOOD
1580,2026-09-27,16,0.887,GOOD
1580,2026-09-27,17,1.493,GOOD
1580,2026-09-27,18,0.382,GOOD
1580,2026-09-27,19,0.911,GOOD
1580,2026-09-27,20,-0.208,GOOD
1580,2026-09-27,21,0.763,GOOD
1580,2026-09-27,22,-0.817,GOOD
1580,2026-09-27,23,1.382,GOOD
1580,2026-09-27,24,2.049,GOOD
1580,2026-09-28,1,-0.368,GOOD
1580,2026-09-28,2,0.478,GOOD
1580,2026-09-28,3,-0.575,GOOD
1580,2026-09-28,4,-1.307,GOOD
1580,2026-09-28,5,0.994,GOOD
1580,2026-09-28,6,1.226,GOOD
1580,2026-09-28,7,2.18,GOOD
1580,2026-09-28,8,1.477,GOOD
1580,2026-09-28,9,0.406,GOOD
1580,2026-09-28,10,1.539,GOOD
1580,2026-09-28,11,2.012,GOOD
1580,2026-09-28,12,2.1,GOOD
1580,2026-09-28,13,3.137,GOOD
1580,2026-09-28,14,4.348,GOOD
1580,2026-09-28,15,4.288,GOOD
1580,2026-09-28,16,1.941,GOOD
1580,2026-09-28,17,3.856,GOOD
1580,2026-09-28,18,1.367,GOOD
1580,2026-09-28,19,2.732,GOOD
1580,2026-09-28,20,1.494,GOOD
1580,2026-09-28,21,2.739,GOOD
1580,2026-09-28,22,2.788,GOOD
1580,2026-09-28,23,3.076,GOOD
1580,2026-09-28,24,6.413,GOOD
1580,2026-09-29,1,6.206,GOOD
1580,2026-09-29,2,3.51,GOOD
1580,2026-09-29,3,4.589,GOOD
1580,2026-09-29,4,3.602,GOOD
1580,2026-09-29,5,2.193,GOOD
1580,2026-09-29,6,1.581,GOOD
1580,2026-09-29,7,1.979,GOOD
1580,2026-09-29,8,2.115,GOOD
1580,2026-09-29,9,4.387,GOOD
1580,2026-09-29,10,1.661,GOOD
1580,2026-09-29,11,3.702,GOOD
1580,2026-09-29,12,3.305,GOOD
1580,2026-09-29,13,3.394,GOOD
1580,2026-09-29,14,2.374,GOOD
1580,2026-09-29,15,5.348,GOOD
1580,2026-09-29,16,3.542,GOOD
1580,2026-09-29,17,2.557,GOOD
1580,2026-09-29,18,1.83,GOOD
1580,2026-09-29,19,7.245,GOOD
1580,2026-09-29,20,7.927,GOOD
1580,2026-09-29,21,7.566,GOOD
1580,2026-09-29,22,6.603,GOOD
1580,2026-09-29,23,7.226,GOOD
1580,2026-09-29,24,7.171,GOOD
1580,2026-09-30,1,5.35,GOOD
1580,2026-09-30,2,5.355,GOOD
1580,2026-09-30,3,6.059,GOOD
1580,2026-09-30,4,4.179,GOOD
1580,2026-09-30,5,4.452,GOOD
1580,2026-09-30,6,4.942,GOOD
1580,2026-09-30,7,5.778,GOOD
1580,2026-09-30,8,4.096,GOOD
1580,2026-09-30,9,6.964,GOOD
1580,2026-09-30,10,4.988,GOOD
1580,2026-09-30,11,3.254,GOOD
1580,2026-09-30,12,2.446,GOOD
1580,2026-09-30,13,2.518,GOOD
1580,2026-09-30,14,2.385,GOOD
1580,2026-09-30,15,2.652,GOOD
1580,2026-09-30,16,0.701,GOOD
1580,2026-09-30,17,3.584,GOOD
1580,2026-09-30,18,2.836,GOOD
1580,2026-09-30,19,3.547,GOOD
1580,2026-09-30,20,5.34,GOOD
1580,2026-09-30,21,3.327,GOOD
1580,2026-09-30,22,6.536,GOOD
1580,2026-09-30,23,7.432,GOOD
1580,2026-09-30,24,9.095,GOOD
329,2026-09-01,1,3.395,GOOD
329,2026-09-01,2,9.952,GOOD
329,2026-09-01,3,11.047,GOOD
329,2026-09-01,4,18.843,GOOD
329,2026-09-01,5,17.981,GOOD
329,2026-09-01,6,20.466,GOOD
329,2026-09-01,7,20.381,GOOD
329,2026-09-01,8,24.182,GOOD
329,2026-09-01,9,17.792,GOOD
329,2026-09-01,10,11.532,GOOD
329,2026-09-01,11,12.431,GOOD
329,2026-09-01,12,12.368,GOOD
329,2026-09-01,13,7.81,GOOD
329,2026-09-01,14,9.152,GOOD
329,2026-09-01,15,6.959,GOOD
329,2026-09-01,16,6.041,GOOD
329,2026-09-01,17,7.927,GOOD
329,2026-09-01,18,9.226,GOOD
329,2026-09-01,19,8.441,GOOD
329,2026-09-01,20,7.321,GOOD
329,2026-09-01,21,6.107,GOOD
329,2026-09-01,22,5.677,GOOD
329,2026-09-01,23,3.361,GOOD
329,2026-09-01,24,1.32,GOOD
329,2026-09-02,1,5.751,GOOD
329,2026-09-02,2,3.487,GOOD
329,2026-09-02,3,6.153,GOOD
329,2026-09-02,4,5.97,GOOD
329,2026-09-02,5,4.992,GOOD
329,2026-09-02,6,5.587,GOOD
329,2026-09-02,7,6.064,GOOD
329,2026-09-02,8,4.182,GOOD
329,2026-09-02,9,5.163,GOOD
329,2026-09-02,10,5.431,GOOD
329,2026-09-02,11,5.855,GOOD
329,2026-09-02,12,6.133,GOOD
329,2026-09-02,13,4.421,GOOD
329,2026-09-02,14,2.424,GOOD
329,2026-09-02,15,4.559,GOOD
329,2026-09-02,16,2.362,GOOD
329,2026-09-02,17,1.229,GOOD
329,2026-09-02,18,0.725,GOOD
329,2026-09-02,19,-3.083,GOOD
329,2026-09-02,20,1.177,GOOD
329,2026-09-02,21,2.915,GOOD
329,2026-09-02,22,3.698,GOOD
329,2026-09-02,23,4.237,GOOD
329,2026-09-02,24,1.877,GOOD
329,2026-09-03,1,4.286,GOOD
329,2026-09-03,2,3.868,GOOD
329,2026-09-03,3,7.798,GOOD
329,2026-09-03,4,2.905,GOOD
329,2026-09-03,5,0.52,GOOD
329,2026-09-03,6,-1.347,GOOD
329,2026-09-03,7,-0.086,GOOD
329,2026-09-03,8,3.124,GOOD
329,2026-09-03,9,7.095,GOOD
329,2026-09-03,10,6.52,GOOD
329,2026-09-03,11,7.149,GOOD
329,2026-09-03,12,11.989,GOOD
329,2026-09-03,13,6.479,GOOD
329,2026-09-03,14,4.135,GOOD
329,2026-09-03,15,3.462,GOOD
329,2026-09-03,16,7.169,GOOD
329,2026-09-03,17,6.056,GOOD
329,2026-09-03,18,4.381,GOOD
329,2026-09-03,19,3.111,GOOD
329,2026-09-03,20,1.069,GOOD
329,2026-09-03,21,2.575,GOOD
329,2026-09-03,22,3.248,GOOD
329,2026-09-03,23,2.198,GOOD
329,2026-09-03,24,1.955,GOOD
329,2026-09-04,1,6.428,GOOD
329,2026-09-04,2,2.854,GOOD
329,2026-09-04,3,0.489,GOOD
329,2026-09-04,4,3.223,GOOD
329,2026-09-04,5,1.372,GOOD
329,2026-09-04,6,3.089,GOOD
329,2026-09-04,7,2.234,GOOD
329,2026-09-04,8,4.841,GOOD
329,2026-09-04,9,6.515,GOOD
329,2026-09-04,10,5.308,GOOD
329,2026-09-04,11,4.559,GOOD
329,2026-09-04,12,4.418,GOOD
329,2026-09-04,13,0.142,GOOD
329,2026-09-04,14,3.296,GOOD
329,2026-09-04,15,2.508,GOOD
329,2026-09-04,16,6.248,GOOD
329,2026-09-04,17,7.782,GOOD
329,2026-09-04,18,4.016,GOOD
329,2026-09-04,19,1.678,GOOD
329,2026-09-04,20,1.85,GOOD
329,2026-09-04,21,3.717,GOOD
329,2026-09-04,22,2.711,GOOD
329,2026-09-04,23,2.798,GOOD
329,2026-09-04,24,-0.397,GOOD
329,2026-09-05,1,-1.394,GOOD
329,2026-09-05,2,-0.03,GOOD
329,2026-09-05,3,1.47,GOOD
329,2026-09-05,4,1.108,GOOD
329,2026-09-05,5,1.412,GOOD
329,2026-09-05,6,1.715,GOOD
329,2026-09-05,7,2.784,GOOD
329,2026-09-05,8,1.314,GOOD
329,2026-09-05,9,2.047,GOOD
329,2026-09-05,10,3.861,GOOD
329,2026-09-05,11,1.018,GOOD
329,2026-09-05,12,1.566,GOOD
329,2026-09-05,13,4.906,GOOD
329,2026-09-05,14,2.866,GOOD
329,2026-09-05,15,5.113,GOOD
329,2026-09-05,16,3.427,GOOD
329,2026-09-05,17,2.527,GOOD
329,2026-09-05,18,5.303,GOOD
329,2026-09-05,19,2.499,GOOD
329,2026-09-05,20,1.926,GOOD
329,2026-09-05,21,-2.843,GOOD
329,2026-09-05,22,1.75,GOOD
329,2026-09-05,23,4.383,GOOD
329,2026-09-05,24,3.069,GOOD
329,2026-09-06,1,2.724,GOOD
329,2026-09-06,2,3.588,GOOD
329,2026-09-06,3,3.012,GOOD
329,2026-09-06,4,5.217,GOOD
329,2026-09-06,5,5.623,GOOD
329,2026-09-06,6,4.094,GOOD
329,2026-09-06,7,3.383,GOOD
329,2026-09-06,8,-0.116,GOOD
329,2026-09-06,9,-0.521,GOOD
329,2026-09-06,10,1.896,GOOD
329,2026-09-06,11,4.621,GOOD
329,2026-09-06,12,2.589,GOOD
329,2026-09-06,13,0.031,GOOD
329,2026-09-06,14,2.454,GOOD
329,2026-09-06,15,4.026,GOOD
329,2026-09-06,16,6.276,GOOD
329,2026-09-06,17,4.738,GOOD
329,2026-09-06,18,0.273,GOOD
329,2026-09-06,19,2.314,GOOD
329,2026-09-06,20,2.013,GOOD
329,2026-09-06,21,0.089,GOOD
329,2026-09-06,22,0.005,GOOD
329,2026-09-06,23,3.01,GOOD
329,2026-09-06,24,4.47,GOOD
329,2026-09-07,1,7.756,GOOD
329,2026-09-07,2,3.881,GOOD
329,2026-09-07,3,4.468,GOOD
329,2026-09-07,4,1.935,GOOD
329,2026-09-07,5,1.031,GOOD
329,2026-09-07,6,1.903,GOOD
329,2026-09-07,7,1.418,GOOD
329,2026-09-07,8,5.088,GOOD
329,2026-09-07,9,8.797,GOOD
329,2026-09-07,10,1.113,GOOD
329,2026-09-07,11,3.853,GOOD
329,2026-09-07,12,2.458,GOOD
329,2026-09-07,13,0.177,GOOD
329,2026-09-07,14,0.762,GOOD
329,2026-09-07,15,3.203,GOOD
329,2026-09-07,16,-1.119,GOOD
329,2026-09-07,17,-2.282,GOOD
329,2026-09-07,18,3.327,GOOD
329,2026-09-07,19,1.96,GOOD
329,2026-09-07,20,5.475,GOOD
329,2026-09-07,21,4.858,GOOD
329,2026-09-07,22,3.677,GOOD
329,2026-09-07,23,1.91,GOOD
329,2026-09-07,24,2.596,GOOD
329,2026-09-08,1,9.463,GOOD
329,2026-09-08,2,5.864,GOOD
329,2026-09-08,3,5.2,GOOD
329,2026-09-08,4,2.406,GOOD
329,2026-09-08,5,3.416,GOOD
329,2026-09-08,6,5.722,GOOD
329,2026-09-08,7,2.652,GOOD
329,2026-09-08,8,5.745,GOOD
329,2026-09-08,9,11.703,GOOD
329,2026-09-08,10,7.07,GOOD
329,2026-09-08,11,4.785,GOOD
329,2026-09-08,12,1.977,GOOD
329,2026-09-08,13,4.726,GOOD
329,2026-09-08,14,3.434,GOOD
329,2026-09-08,15,2.364,GOOD
329,2026-09-08,16,1.975,GOOD
329,2026-09-08,17,4.811,GOOD
329,2026-09-08,18,8.629,GOOD
329,2026-09-08,19,5.801,GOOD
329,2026-09-08,20,5.156,GOOD
329,2026-09-08,21,4.389,GOOD
329,2026-09-08,22,5.081,GOOD
329,2026-09-08,23,6.018,GOOD
329,2026-09-08,24,4.889,GOOD
329,2026-09-09,1,5.538,GOOD
329,2026-09-09,2,2.318,GOOD
329,2026-09-09,3,1.371,GOOD
329,2026-09-09,4,4.1,GOOD
329,2026-09-09,5,2.852,GOOD
329,2026-09-09,6,1.712,GOOD
329,2026-09-09,7,2.957,GOOD
329,2026-09-09,8,3.641,GOOD
329,2026-09-09,9,5.237,GOOD
329,2026-09-09,10,4.852,GOOD
329,2026-09-09,11,3.917,GOOD
329,2026-09-09,12,4.218,GOOD
329,2026-09-09,13,1.539,GOOD
329,2026-09-09,14,5.055,GOOD
329,2026-09-09,15,3.601,GOOD
329,2026-09-09,16,7.336,GOOD
329,2026-09-09,17,2.706,GOOD
329,2026-09-09,18,3.914,GOOD
329,2026-09-09,19,10.013,GOOD
329,2026-09-09,20,13.575,GOOD
329,2026-09-09,21,15.113,GOOD
329,2026-09-09,22,7.036,GOOD
329,2026-09-09,23,7.029,GOOD
329,2026-09-09,24,8.765,GOOD
329,2026-09-10,1,9.683,GOOD
329,2026-09-10,2,6.105,GOOD
329,2026-09-10,3,4.783,GOOD
329,2026-09-10,4,3.505,GOOD
329,2026-09-10,5,4.727,GOOD
329,2026-09-10,6,5.068,GOOD
329,2026-09-10,7,5.819,GOOD
329,2026-09-10,8,8.352,GOOD
329,2026-09-10,9,11.157,GOOD
329,2026-09-10,10,7.569,GOOD
329,2026-09-10,11,7.682,GOOD
329,2026-09-10,12,5.021,GOOD
329,2026-09-10,13,4.261,GOOD
329,2026-09-10,14,1.477,GOOD
329,2026-09-10,15,4.408,GOOD
329,2026-09-10,16,4.599,GOOD
329,2026-09-10,17,9.921,GOOD
329,2026-09-10,18,9.162,GOOD
329,2026-09-10,19,7.431,GOOD
329,2026-09-10,20,5.451,GOOD
329,2026-09-10,21,5.297,GOOD
329,2026-09-10,22,5.693,GOOD
329,2026-09-10,23,1.996,GOOD
329,2026-09-10,24,10.752,GOOD
329,2026-09-11,1,12.05,GOOD
329,2026-09-11,2,5.14,GOOD
329,2026-09-11,3,2.926,GOOD
329,2026-09-11,4,2.775,GOOD
329,2026-09-11,5,3.279,GOOD
329,2026-09-11,6,3.918,GOOD
329,2026-09-11,7,4.038,GOOD
329,2026-09-11,8,6.055,GOOD
329,2026-09-11,9,6.422,GOOD
329,2026-09-11,10,6.521,GOOD
329,2026-09-11,11,8.437,GOOD
329,2026-09-11,12,8.327,GOOD
329,2026-09-11,13,5.255,GOOD
329,2026-09-11,14,5.254,GOOD
329,2026-09-11,15,6.57,GOOD
329,2026-09-11,16,8.002,GOOD
329,2026-09-11,17,10.719,GOOD
329,2026-09-11,18,8.408,GOOD
329,2026-09-11,19,7.373,GOOD
329,2026-09-11,20,6.501,GOOD
329,2026-09-11,21,7.68,GOOD
329,2026-09-11,22,9.064,GOOD
329,2026-09-11,23,8.874,GOOD
329,2026-09-11,24,8.701,GOOD
329,2026-09-12,1,7.379,GOOD
329,2026-09-12,2,4.581,GOOD
329,2026-09-12,3,3.135,GOOD
329,2026-09-12,4,5.052,GOOD
329,2026-09-12,5,5.695,GOOD
329,2026-09-12,6,3.344,GOOD
329,2026-09-12,7,5.39,GOOD
329,2026-09-12,8,7.686,GOOD
329,2026-09-12,9,8.207,GOOD
329,2026-09-12,10,7.273,GOOD
329,2026-09-12,11,2.537,GOOD
329,2026-09-12,12,-1.762,GOOD
329,2026-09-12,13,1.185,GOOD
329,2026-09-12,14,2.243,GOOD
329,2026-09-12,15,4.513,GOOD
329,2026-09-12,16,-0.03,GOOD
329,2026-09-12,17,-0.683,GOOD
329,2026-09-12,18,1.629,GOOD
329,2026-09-12,19,2.825,GOOD
329,2026-09-12,20,1.885,GOOD
329,2026-09-12,21,4.836,GOOD
329,2026-09-12,22,5.861,GOOD
329,2026-09-12,23,6.185,GOOD
329,2026-09-12,24,6.918,GOOD
329,2026-09-13,1,5.025,GOOD
329,2026-09-13,2,6.323,GOOD
329,2026-09-13,3,4.734,GOOD
329,2026-09-13,4,3.949,GOOD
329,2026-09-13,5,2.409,GOOD
329,2026-09-13,6,3.886,GOOD
329,2026-09-13,7,5.278,GOOD
329,2026-09-13,8,5.407,GOOD
329,2026-09-13,9,8.097,GOOD
329,2026-09-13,10,-3.185,GOOD
329,2026-09-13,11,-1.74,GOOD
329,2026-09-13,12,3.966,GOOD
329,2026-09-13,13,3.621,GOOD
329,2026-09-13,14,2.053,GOOD
329,2026-09-13,15,2.001,GOOD
329,2026-09-13,16,3.698,GOOD
329,2026-09-13,17,11.488,GOOD
329,2026-09-13,18,5.624,GOOD
329,2026-09-13,19,3.815,GOOD
329,2026-09-13,20,4.24,GOOD
329,2026-09-13,21,4.164,GOOD
329,2026-09-13,22,4.762,GOOD
329,2026-09-13,23,3.45,GOOD
329,2026-09-13,24,-1.356,GOOD
329,2026-09-14,1,-1.923,GOOD
329,2026-09-14,2,2.221,GOOD
329,2026-09-14,3,2.053,GOOD
329,2026-09-14,4,1.392,GOOD
329,2026-09-14,5,2.863,GOOD
329,2026-09-14,6,2.399,GOOD
329,2026-09-14,7,4.656,GOOD
329,2026-09-14,8,2.821,GOOD
329,2026-09-14,9,4.528,GOOD
329,2026-09-14,10,4.297,GOOD
329,2026-09-14,11,3.746,GOOD
329,2026-09-14,12,4.931,GOOD
329,2026-09-14,13,4.355,GOOD
329,2026-09-14,14,4.114,GOOD
329,2026-09-14,15,4.107,GOOD
329,2026-09-14,16,2.526,GOOD
329,2026-09-14,17,1.187,GOOD
329,2026-09-14,18,4.139,GOOD
329,2026-09-14,19,2.489,GOOD
329,2026-09-14,20,2.874,GOOD
329,2026-09-14,21,2.944,GOOD
329,2026-09-14,22,3.325,GOOD
329,2026-09-14,23,4.875,GOOD
329,2026-09-14,24,5.138,GOOD
329,2026-09-15,1,5.162,GOOD
329,2026-09-15,2,3.917,GOOD
329,2026-09-15,3,5.403,GOOD
329,2026-09-15,4,9.344,GOOD
329,2026-09-15,5,7.156,GOOD
329,2026-09-15,6,4.963,GOOD
329,2026-09-15,7,4.264,GOOD
329,2026-09-15,8,1.232,GOOD
329,2026-09-15,9,-0.981,GOOD
329,2026-09-15,10,3.363,GOOD
329,2026-09-15,11,2.543,GOOD
329,2026-09-15,12,5.319,GOOD
329,2026-09-15,13,3.528,GOOD
329,2026-09-15,14,4.91,GOOD
329,2026-09-15,15,5.372,GOOD
329,2026-09-15,16,5.564,GOOD
329,2026-09-15,17,4.615,GOOD
329,2026-09-15,18,3.519,GOOD
329,2026-09-15,19,1.277,GOOD
329,2026-09-15,20,-0.679,GOOD
329,2026-09-15,21,1.645,GOOD
329,2026-09-15,22,2.45,GOOD
329,2026-09-15,23,3.283,GOOD
329,2026-09-15,24,8.802,GOOD
329,2026-09-16,1,6.595,GOOD
329,2026-09-16,2,3.534,GOOD
329,2026-09-16,3,1.192,GOOD
329,2026-09-16,4,2.053,GOOD
329,2026-09-16,5,1.382,GOOD
329,2026-09-16,6,1.858,GOOD
329,2026-09-16,7,5.02,GOOD
329,2026-09-16,8,7.468,GOOD
329,2026-09-16,9,13.088,GOOD
329,2026-09-16,10,8.883,GOOD
329,2026-09-16,11,8.145,GOOD
329,2026-09-16,12,3.06,GOOD
329,2026-09-16,13,2.006,GOOD
329,2026-09-16,14,0.105,GOOD
329,2026-09-16,15,0.133,GOOD
329,2026-09-16,16,1.26,GOOD
329,2026-09-16,17,0.73,GOOD
329,2026-09-16,18,1.354,GOOD
329,2026-09-16,19,1.365,GOOD
329,2026-09-16,20,5.142,GOOD
329,2026-09-16,21,5.888,GOOD
329,2026-09-16,22,5.871,GOOD
329,2026-09-16,23,3.471,GOOD
329,2026-09-16,24,3.536,GOOD
329,2026-09-17,1,2.935,GOOD
329,2026-09-17,2,3.592,GOOD
329,2026-09-17,3,5.69,GOOD
329,2026-09-17,4,3.756,GOOD
329,2026-09-17,5,2.307,GOOD
329,2026-09-17,6,2.462,GOOD
329,2026-09-17,7,2.059,GOOD
329,2026-09-17,8,4.132,GOOD
329,2026-09-17,9,4.708,GOOD
329,2026-09-17,10,2.852,GOOD
329,2026-09-17,11,2.608,GOOD
329,2026-09-17,12,2.382,GOOD
329,2026-09-17,13,1.668,GOOD
329,2026-09-17,14,1.929,GOOD
329,2026-09-17,15,3.433,GOOD
329,2026-09-17,16,4.07,GOOD
329,2026-09-17,17,5.787,GOOD
329,2026-09-17,18,4.106,GOOD
329,2026-09-17,19,2.911,GOOD
329,2026-09-17,20,4.04,GOOD
329,2026-09-17,21,3.029,GOOD
329,2026-09-17,22,-0.062,GOOD
329,2026-09-17,23,2.535,GOOD
329,2026-09-17,24,0.005,GOOD
329,2026-09-18,1,-3.015,GOOD
329,2026-09-18,2,1.614,GOOD
329,2026-09-18,3,2.903,GOOD
329,2026-09-18,4,1.541,GOOD
329,2026-09-18,5,1.478,GOOD
329,2026-09-18,6,3.126,GOOD
329,2026-09-18,7,3.194,GOOD
329,2026-09-18,8,0.502,GOOD
329,2026-09-18,9,-1.154,GOOD
329,2026-09-18,10,3.065,GOOD
329,2026-09-18,11,2.366,GOOD
329,2026-09-18,12,1.304,GOOD
329,2026-09-18,13,1.103,GOOD
329,2026-09-18,14,1.825,GOOD
329,2026-09-18,15,1.756,GOOD
329,2026-09-18,16,4.317,GOOD
329,2026-09-18,17,2.957,GOOD
329,2026-09-18,18,0.862,GOOD
329,2026-09-18,19,-1.528,GOOD
329,2026-09-18,20,0.256,GOOD
329,2026-09-18,21,3.726,GOOD
329,2026-09-18,22,0.455,GOOD
329,2026-09-18,23,0.581,GOOD
329,2026-09-18,24,0.623,GOOD
329,2026-09-19,1,-2.63,GOOD
329,2026-09-19,2,-0.908,GOOD
329,2026-09-19,3,3.623,GOOD
329,2026-09-19,4,0.23,GOOD
329,2026-09-19,5,2.904,GOOD
329,2026-09-19,6,2.844,GOOD
329,2026-09-19,7,4.071,GOOD
329,2026-09-19,8,2.849,GOOD
329,2026-09-19,9,-2.468,GOOD
329,2026-09-19,10,0.071,GOOD
329,2026-09-19,11,0.747,GOOD
329,2026-09-19,12,1.794,GOOD
329,2026-09-19,13,2.484,GOOD
329,2026-09-19,14,2.549,GOOD
329,2026-09-19,15,3.234,GOOD
329,2026-09-19,16,6.403,GOOD
329,2026-09-19,17,8.092,GOOD
329,2026-09-19,18,2.472,GOOD
329,2026-09-19,19,-0.833,GOOD
329,2026-09-19,20,-1.925,GOOD
329,2026-09-19,21,0.022,GOOD
329,2026-09-19,22,2.566,GOOD
329,2026-09-19,23,2.529,GOOD
329,2026-09-19,24,3.06,GOOD
329,2026-09-20,1,1.714,GOOD
329,2026-09-20,2,1.515,GOOD
329,2026-09-20,3,1.396,GOOD
329,2026-09-20,4,2.904,GOOD
329,2026-09-20,5,1.639,GOOD
329,2026-09-20,6,3.767,GOOD
329,2026-09-20,7,2.071,GOOD
329,2026-09-20,8,1.214,GOOD
329,2026-09-20,9,1.934,GOOD
329,2026-09-20,10,1.124,GOOD
329,2026-09-20,11,0.894,GOOD
329,2026-09-20,12,0.888,GOOD
329,2026-09-20,13,0.8,GOOD
329,2026-09-20,14,0.888,GOOD
329,2026-09-20,15,3.646,GOOD
329,2026-09-20,16,5.512,GOOD
329,2026-09-20,17,3.057,GOOD
329,2026-09-20,18,1.89,GOOD
329,2026-09-20,19,-1.711,GOOD
329,2026-09-20,20,-3.114,GOOD
329,2026-09-20,21,-0.526,GOOD
329,2026-09-20,22,1.129,GOOD
329,2026-09-20,23,3.195,GOOD
329,2026-09-20,24,4.031,GOOD
329,2026-09-21,1,2.42,GOOD
329,2026-09-21,2,2.465,GOOD
329,2026-09-21,3,2.384,GOOD
329,2026-09-21,4,3.563,GOOD
329,2026-09-21,5,2.307,GOOD
329,2026-09-21,6,1.085,GOOD
329,2026-09-21,7,2.847,GOOD
329,2026-09-21,8,4.117,GOOD
329,2026-09-21,9,3.024,GOOD
329,2026-09-21,10,2.615,GOOD
329,2026-09-21,11,3.686,GOOD
329,2026-09-21,12,3.44,GOOD
329,2026-09-21,13,3.441,GOOD
329,2026-09-21,14,4.702,GOOD
329,2026-09-21,15,4.008,GOOD
329,2026-09-21,16,5.971,GOOD
329,2026-09-21,17,3.19,GOOD
329,2026-09-21,18,4.637,GOOD
329,2026-09-21,19,9.9,GOOD
329,2026-09-21,20,17.348,GOOD
329,2026-09-21,21,14.161,GOOD
329,2026-09-21,22,11.599,GOOD
329,2026-09-21,23,11.443,GOOD
329,2026-09-21,24,11.399,GOOD
329,2026-09-22,1,11.06,GOOD
329,2026-09-22,2,6.866,GOOD
329,2026-09-22,3,5.088,GOOD
329,2026-09-22,4,4.143,GOOD
329,2026-09-22,5,1.68,GOOD
329,2026-09-22,6,0.636,GOOD
329,2026-09-22,7,4.695,GOOD
329,2026-09-22,8,1.195,GOOD
329,2026-09-22,9,0.449,GOOD
329,2026-09-22,10,2.276,GOOD
329,2026-09-22,11,1.964,GOOD
329,2026-09-22,12,2.09,GOOD
329,2026-09-22,13,2.445,GOOD
329,2026-09-22,14,1.94,GOOD
329,2026-09-22,15,3.781,GOOD
329,2026-09-22,16,1.852,GOOD
329,2026-09-22,17,3.86,GOOD
329,2026-09-22,18,7.654,GOOD
329,2026-09-22,19,7.89,GOOD
329,2026-09-22,20,5.345,GOOD
329,2026-09-22,21,5.316,GOOD
329,2026-09-22,22,5.062,GOOD
329,2026-09-22,23,3.637,GOOD
329,2026-09-22,24,4.592,GOOD
329,2026-09-23,1,3.165,GOOD
329,2026-09-23,2,3.889,GOOD
329,2026-09-23,3,3.092,GOOD
329,2026-09-23,4,4.012,GOOD
329,2026-09-23,5,4.016,GOOD
329,2026-09-23,6,5.203,GOOD
329,2026-09-23,7,5.705,GOOD
329,2026-09-23,8,4.204,GOOD
329,2026-09-23,9,4.537,GOOD
329,2026-09-23,10,9.246,GOOD
329,2026-09-23,11,6.949,GOOD
329,2026-09-23,12,7.743,GOOD
329,2026-09-23,13,8.809,GOOD
329,2026-09-23,14,,
329,2026-09-23,15,14.406,GOOD
329,2026-09-23,16,19.117,GOOD
329,2026-09-23,17,24.974,FAIR
329,2026-09-23,18,20.76,GOOD
329,2026-09-23,19,19.741,GOOD
329,2026-09-23,20,19.795,GOOD
329,2026-09-23,21,17.491,GOOD
329,2026-09-23,22,15.292,GOOD
329,2026-09-23,23,12.589,GOOD
329,2026-09-23,24,8.096,GOOD
329,2026-09-24,1,7.463,GOOD
329,2026-09-24,2,8.49,GOOD
329,2026-09-24,3,7.506,GOOD
329,2026-09-24,4,7.049,GOOD
329,2026-09-24,5,11.018,GOOD
329,2026-09-24,6,12.882,GOOD
329,2026-09-24,7,11.237,GOOD
329,2026-09-24,8,8.745,GOOD
329,2026-09-24,9,5.205,GOOD
329,2026-09-24,10,7.721,GOOD
329,2026-09-24,11,8.672,GOOD
329,2026-09-24,12,9.1,GOOD
329,2026-09-24,13,10.497,GOOD
329,2026-09-24,14,13.326,GOOD
329,2026-09-24,15,13.728,GOOD
329,2026-09-24,16,9.688,GOOD
329,2026-09-24,17,8.25,GOOD
329,2026-09-24,18,15.561,GOOD
329,2026-09-24,19,17.512,GOOD
329,2026-09-24,20,15.048,GOOD
329,2026-09-24,21,13.254,GOOD
329,2026-09-24,22,9.938,GOOD
329,2026-09-24,23,6.084,GOOD
329,2026-09-24,24,6.873,GOOD
329,2026-09-25,1,6.835,GOOD
329,2026-09-25,2,7.424,GOOD
329,2026-09-25,3,9.944,GOOD
329,2026-09-25,4,12.28,GOOD
329,2026-09-25,5,9.384,GOOD
329,2026-09-25,6,7.234,GOOD
329,2026-09-25,7,6.877,GOOD
329,2026-09-25,8,6.419,GOOD
329,2026-09-25,9,0.999,GOOD
329,2026-09-25,10,2.065,GOOD
329,2026-09-25,11,4.965,GOOD
329,2026-09-25,12,3.847,GOOD
329,2026-09-25,13,5.75,GOOD
329,2026-09-25,14,9.383,GOOD
329,2026-09-25,15,7.548,GOOD
329,2026-09-25,16,1.323,GOOD
329,2026-09-25,17,-0.161,GOOD
329,2026-09-25,18,,
329,2026-09-25,19,11.839,GOOD
329,2026-09-25,20,6.181,GOOD
329,2026-09-25,21,5.098,GOOD
329,2026-09-25,22,4.483,GOOD
329,2026-09-25,23,5.683,GOOD
329,2026-09-25,24,4.458,GOOD
329,2026-09-26,1,6.919,GOOD
329,2026-09-26,2,7.841,GOOD
329,2026-09-26,3,5.348,GOOD
329,2026-09-26,4,4.332,GOOD
329,2026-09-26,5,7.107,GOOD
329,2026-09-26,6,5.443,GOOD
329,2026-09-26,7,5.145,GOOD
329,2026-09-26,8,3.213,GOOD
329,2026-09-26,9,4.044,GOOD
329,2026-09-26,10,5.341,GOOD
329,2026-09-26,11,3.144,GOOD
329,2026-09-26,12,6.451,GOOD
329,2026-09-26,13,8.763,GOOD
329,2026-09-26,14,6.951,GOOD
329,2026-09-26,15,4.833,GOOD
329,2026-09-26,16,1.085,GOOD
329,2026-09-26,17,-0.579,GOOD
329,2026-09-26,18,3.361,GOOD
329,2026-09-26,19,4.502,GOOD
329,2026-09-26,20,6.296,GOOD
329,2026-09-26,21,6.337,GOOD
329,2026-09-26,22,6.054,GOOD
329,2026-09-26,23,6.277,GOOD
329,2026-09-26,24,6.141,GOOD
329,2026-09-27,1,10.651,GOOD
329,2026-09-27,2,11.54,GOOD
329,2026-09-27,3,8.994,GOOD
329,2026-09-27,4,12.421,GOOD
329,2026-09-27,5,8.53,GOOD
329,2026-09-27,6,8.695,GOOD
329,2026-09-27,7,8.416,GOOD
329,2026-09-27,8,3.606,GOOD
329,2026-09-27,9,5.181,GOOD
329,2026-09-27,10,7.39,GOOD
329,2026-09-27,11,5.238,GOOD
329,2026-09-27,12,5.347,GOOD
329,2026-09-27,13,4.775,GOOD
329,2026-09-27,14,4.187,GOOD
329,2026-09-27,15,1.796,GOOD
329,2026-09-27,16,1.388,GOOD
329,2026-09-27,17,0.338,GOOD
329,2026-09-27,18,5.582,GOOD
329,2026-09-27,19,3.387,GOOD
329,2026-09-27,20,1.445,GOOD
329,2026-09-27,21,0.702,GOOD
329,2026-09-27,22,2.734,GOOD
329,2026-09-27,23,0.592,GOOD
329,2026-09-27,24,1.256,GOOD
329,2026-09-28,1,1.166,GOOD
329,2026-09-28,2,1.427,GOOD
329,2026-09-28,3,2.15,GOOD
329,2026-09-28,4,1.47,GOOD
329,2026-09-28,5,0.918,GOOD
329,2026-09-28,6,1.795,GOOD
329,2026-09-28,7,1.142,GOOD
329,2026-09-28,8,1.598,GOOD
329,2026-09-28,9,0.353,GOOD
329,2026-09-28,10,2.582,GOOD
329,2026-09-28,11,4.491,GOOD
329,2026-09-28,12,0.789,GOOD
329,2026-09-28,13,0.952,GOOD
329,2026-09-28,14,1.583,GOOD
329,2026-09-28,15,-0.971,GOOD
329,2026-09-28,16,3.086,GOOD
329,2026-09-28,17,3.224,GOOD
329,2026-09-28,18,7.823,GOOD
329,2026-09-28,19,5.025,GOOD
329,2026-09-28,20,3.38,GOOD
329,2026-09-28,21,2.134,GOOD
329,2026-09-28,22,2.393,GOOD
329,2026-09-28,23,2.653,GOOD
329,2026-09-28,24,2.737,GOOD
329,2026-09-29,1,4.614,GOOD
329,2026-09-29,2,3.198,GOOD
329,2026-09-29,3,1.573,GOOD
329,2026-09-29,4,2.776,GOOD
329,2026-09-29,5,1.122,GOOD
329,2026-09-29,6,3.692,GOOD
329,2026-09-29,7,4.129,GOOD
329,2026-09-29,8,-0.285,GOOD
329,2026-09-29,9,2.12,GOOD
329,2026-09-29,10,1.282,GOOD
329,2026-09-29,11,0.659,GOOD
329,2026-09-29,12,2.238,GOOD
329,2026-09-29,13,2.506,GOOD
329,2026-09-29,14,2.238,GOOD
329,2026-09-29,15,1.806,GOOD
329,2026-09-29,16,3.811,GOOD
329,2026-09-29,17,7.384,GOOD
329,2026-09-29,18,5.743,GOOD
329,2026-09-29,19,2.568,GOOD
329,2026-09-29,20,4.94,GOOD
329,2026-09-29,21,2.313,GOOD
329,2026-09-29,22,3.458,GOOD
329,2026-09-29,23,3.265,GOOD
329,2026-09-29,24,-0.102,GOOD
329,2026-09-30,1,4.603,GOOD
329,2026-09-30,2,3.436,GOOD
329,2026-09-30,3,5.082,GOOD
329,2026-09-30,4,2.699,GOOD
329,2026-09-30,5,3.769,GOOD
329,2026-09-30,6,2.624,GOOD
329,2026-09-30,7,4.284,GOOD
329,2026-09-30,8,4.188,GOOD
329,2026-09-30,9,0.837,GOOD
329,2026-09-30,10,2.88,GOOD
329,2026-09-30,11,1.323,GOOD
329,2026-09-30,12,1.305,GOOD
329,2026-09-30,13,0.69,GOOD
329,2026-09-30,14,1.833,GOOD
329,2026-09-30,15,3.961,GOOD
329,2026-09-30,16,1.786,GOOD
329,2026-09-30,17,0.897,GOOD
329,2026-09-30,18,1.449,GOOD
329,2026-09-30,19,-0.291,GOOD
329,2026-09-30,20,-1.665,GOOD
329,2026-09-30,21,0.144,GOOD
329,2026-09-30,22,1.69,GOOD
329,2026-09-30,23,2.339,GOOD
329,2026-09-30,24,0.745,GOOD
1141,2026-09-01,1,14.067,GOOD
1141,2026-09-01,2,14.032,GOOD
1141,2026-09-01,3,14.315,GOOD
1141,2026-09-01,4,14.879,GOOD
1141,2026-09-01,5,16.066,GOOD
1141,2026-09-01,6,18.478,GOOD
1141,2026-09-01,7,18.7,GOOD
1141,2026-09-01,8,19.13,GOOD
1141,2026-09-01,9,18.496,GOOD
1141,2026-09-01,10,12.543,GOOD
1141,2026-09-01,11,8.338,GOOD
1141,2026-09-01,12,7.999,GOOD
1141,2026-09-01,13,5.007,GOOD
1141,2026-09-01,14,2.718,GOOD
1141,2026-09-01,15,4.204,GOOD
1141,2026-09-01,16,1.625,GOOD
1141,2026-09-01,17,2.5,GOOD
1141,2026-09-01,18,4.708,GOOD
1141,2026-09-01,19,4.078,GOOD
1141,2026-09-01,20,3.295,GOOD
1141,2026-09-01,21,,
1141,2026-09-01,22,,
1141,2026-09-01,23,,
1141,2026-09-01,24,,
1141,2026-09-02,1,,
1141,2026-09-02,2,,
1141,2026-09-02,3,,
1141,2026-09-02,4,,
1141,2026-09-02,5,,
1141,2026-09-02,6,,
1141,2026-09-02,7,,
1141,2026-09-02,8,,
1141,2026-09-02,9,,
1141,2026-09-02,10,,
1141,2026-09-02,11,,
1141,2026-09-02,12,,
1141,2026-09-02,13,,
1141,2026-09-02,14,,
1141,2026-09-02,15,,
1141,2026-09-02,16,,
1141,2026-09-02,17,,
1141,2026-09-02,18,,
1141,2026-09-02,19,,
1141,2026-09-02,20,,
1141,2026-09-02,21,,
1141,2026-09-02,22,,
1141,2026-09-02,23,,
1141,2026-09-02,24,,
1141,2026-09-03,1,,
1141,2026-09-03,2,,
1141,2026-09-03,3,,
1141,2026-09-03,4,,
1141,2026-09-03,5,,
1141,2026-09-03,6,,
1141,2026-09-03,7,,
1141,2026-09-03,8,,
1141,2026-09-03,9,,
1141,2026-09-03,10,,
1141,2026-09-03,11,,
1141,2026-09-03,12,,
1141,2026-09-03,13,-8.51,GOOD
1141,2026-09-03,14,-6.347,GOOD
1141,2026-09-03,15,-3.838,GOOD
1141,2026-09-03,16,0.725,GOOD
1141,2026-09-03,17,-1.742,GOOD
1141,2026-09-03,18,-0.705,GOOD
1141,2026-09-03,19,-0.425,GOOD
1141,2026-09-03,20,1.77,GOOD
1141,2026-09-03,21,6.168,GOOD
1141,2026-09-03,22,9.94,GOOD
1141,2026-09-03,23,6.453,GOOD
1141,2026-09-03,24,3.524,GOOD
1141,2026-09-04,1,4.511,GOOD
1141,2026-09-04,2,3.247,GOOD
1141,2026-09-04,3,2.063,GOOD
1141,2026-09-04,4,1.339,GOOD
1141,2026-09-04,5,-1.977,GOOD
1141,2026-09-04,6,1.519,GOOD
1141,2026-09-04,7,5.194,GOOD
1141,2026-09-04,8,5.448,GOOD
1141,2026-09-04,9,6.655,GOOD
1141,2026-09-04,10,7.87,GOOD
1141,2026-09-04,11,3.482,GOOD
1141,2026-09-04,12,1.775,GOOD
1141,2026-09-04,13,1.52,GOOD
1141,2026-09-04,14,1.02,GOOD
1141,2026-09-04,15,-0.429,GOOD
1141,2026-09-04,16,3.08,GOOD
1141,2026-09-04,17,1.277,GOOD
1141,2026-09-04,18,3.349,GOOD
1141,2026-09-04,19,6.105,GOOD
1141,2026-09-04,20,8.3,GOOD
1141,2026-09-04,21,9.457,GOOD
1141,2026-09-04,22,6.611,GOOD
1141,2026-09-04,23,9.657,GOOD
1141,2026-09-04,24,9.354,GOOD
1141,2026-09-05,1,11.979,GOOD
1141,2026-09-05,2,17.886,GOOD
1141,2026-09-05,3,22.395,GOOD
1141,2026-09-05,4,19.191,GOOD
1141,2026-09-05,5,13.897,GOOD
1141,2026-09-05,6,12.765,GOOD
1141,2026-09-05,7,13.659,GOOD
1141,2026-09-05,8,12.811,GOOD
1141,2026-09-05,9,9.233,GOOD
1141,2026-09-05,10,4.551,GOOD
1141,2026-09-05,11,6.433,GOOD
1141,2026-09-05,12,4.117,GOOD
1141,2026-09-05,13,-1.471,GOOD
1141,2026-09-05,14,0.224,GOOD
1141,2026-09-05,15,1.372,GOOD
1141,2026-09-05,16,-0.71,GOOD
1141,2026-09-05,17,3.499,GOOD
1141,2026-09-05,18,3.412,GOOD
1141,2026-09-05,19,2.654,GOOD
1141,2026-09-05,20,2.899,GOOD
1141,2026-09-05,21,3.272,GOOD
1141,2026-09-05,22,3.46,GOOD
1141,2026-09-05,23,5.632,GOOD
1141,2026-09-05,24,6.311,GOOD
1141,2026-09-06,1,4.888,GOOD
1141,2026-09-06,2,5.175,GOOD
1141,2026-09-06,3,5.87,GOOD
1141,2026-09-06,4,5.229,GOOD
1141,2026-09-06,5,0.082,GOOD
1141,2026-09-06,6,0.966,GOOD
1141,2026-09-06,7,3.563,GOOD
1141,2026-09-06,8,3.456,GOOD
1141,2026-09-06,9,1.904,GOOD
1141,2026-09-06,10,1.367,GOOD
1141,2026-09-06,11,1.215,GOOD
1141,2026-09-06,12,4,GOOD
1141,2026-09-06,13,3.91,GOOD
1141,2026-09-06,14,3.054,GOOD
1141,2026-09-06,15,2.235,GOOD
1141,2026-09-06,16,2.892,GOOD
1141,2026-09-06,17,2.803,GOOD
1141,2026-09-06,18,0.048,GOOD
1141,2026-09-06,19,5.065,GOOD
1141,2026-09-06,20,4.053,GOOD
1141,2026-09-06,21,8.146,GOOD
1141,2026-09-06,22,5.755,GOOD
1141,2026-09-06,23,7.181,GOOD
1141,2026-09-06,24,7.025,GOOD
1141,2026-09-07,1,7.179,GOOD
1141,2026-09-07,2,7.179,GOOD
1141,2026-09-07,3,6.494,GOOD
1141,2026-09-07,4,7.683,GOOD
1141,2026-09-07,5,3.381,GOOD
1141,2026-09-07,6,4.976,GOOD
1141,2026-09-07,7,6.526,GOOD
1141,2026-09-07,8,5.09,GOOD
1141,2026-09-07,9,8.128,GOOD
1141,2026-09-07,10,4.9,GOOD
1141,2026-09-07,11,6.547,GOOD
1141,2026-09-07,12,6.593,GOOD
1141,2026-09-07,13,2.43,GOOD
1141,2026-09-07,14,-0.611,GOOD
1141,2026-09-07,15,3.644,GOOD
1141,2026-09-07,16,5.86,GOOD
1141,2026-09-07,17,2.789,GOOD
1141,2026-09-07,18,4.227,GOOD
1141,2026-09-07,19,5.977,GOOD
1141,2026-09-07,20,7.113,GOOD
1141,2026-09-07,21,5.085,GOOD
1141,2026-09-07,22,8.286,GOOD
1141,2026-09-07,23,4.58,GOOD
1141,2026-09-07,24,5.051,GOOD
1141,2026-09-08,1,5.577,GOOD
1141,2026-09-08,2,5.919,GOOD
1141,2026-09-08,3,4.981,GOOD
1141,2026-09-08,4,6.069,GOOD
1141,2026-09-08,5,6.062,GOOD
1141,2026-09-08,6,4.953,GOOD
1141,2026-09-08,7,6.115,GOOD
1141,2026-09-08,8,5.246,GOOD
1141,2026-09-08,9,5.685,GOOD
1141,2026-09-08,10,6.509,GOOD
1141,2026-09-08,11,6.105,GOOD
1141,2026-09-08,12,5.129,GOOD
1141,2026-09-08,13,-1.762,GOOD
1141,2026-09-08,14,0.119,GOOD
1141,2026-09-08,15,2.012,GOOD
1141,2026-09-08,16,3.829,GOOD
1141,2026-09-08,17,3.526,GOOD
1141,2026-09-08,18,5.282,GOOD
1141,2026-09-08,19,5.204,GOOD
1141,2026-09-08,20,4.039,GOOD
1141,2026-09-08,21,3.557,GOOD
1141,2026-09-08,22,6.126,GOOD
1141,2026-09-08,23,6.694,GOOD
1141,2026-09-08,24,8.032,GOOD
1141,2026-09-09,1,9.915,GOOD
1141,2026-09-09,2,7.798,GOOD
1141,2026-09-09,3,5.132,GOOD
1141,2026-09-09,4,4.908,GOOD
1141,2026-09-09,5,8.434,GOOD
1141,2026-09-09,6,12.342,GOOD
1141,2026-09-09,7,12.192,GOOD
1141,2026-09-09,8,10.385,GOOD
1141,2026-09-09,9,11.22,GOOD
1141,2026-09-09,10,12.042,GOOD
1141,2026-09-09,11,9.084,GOOD
1141,2026-09-09,12,5.223,GOOD
1141,2026-09-09,13,8.687,GOOD
1141,2026-09-09,14,8.663,GOOD
1141,2026-09-09,15,8.663,GOOD
1141,2026-09-09,16,7.311,GOOD
1141,2026-09-09,17,9.237,GOOD
1141,2026-09-09,18,6.494,GOOD
1141,2026-09-09,19,7.463,GOOD
1141,2026-09-09,20,6.442,GOOD
1141,2026-09-09,21,6.092,GOOD
1141,2026-09-09,22,7.961,GOOD
1141,2026-09-09,23,6.891,GOOD
1141,2026-09-09,24,6.496,GOOD
1141,2026-09-10,1,8.021,GOOD
1141,2026-09-10,2,6.148,GOOD
1141,2026-09-10,3,6.208,GOOD
1141,2026-09-10,4,6.186,GOOD
1141,2026-09-10,5,8.668,GOOD
1141,2026-09-10,6,10.331,GOOD
1141,2026-09-10,7,8.485,GOOD
1141,2026-09-10,8,7.216,GOOD
1141,2026-09-10,9,4.688,GOOD
1141,2026-09-10,10,2.766,GOOD
1141,2026-09-10,11,,
1141,2026-09-10,12,6.187,GOOD
1141,2026-09-10,13,6.058,GOOD
1141,2026-09-10,14,6.296,GOOD
1141,2026-09-10,15,3.892,GOOD
1141,2026-09-10,16,4.774,GOOD
1141,2026-09-10,17,3.709,GOOD
1141,2026-09-10,18,2.81,GOOD
1141,2026-09-10,19,5.889,GOOD
1141,2026-09-10,20,6.081,GOOD
1141,2026-09-10,21,9.844,GOOD
1141,2026-09-10,22,12.643,GOOD
1141,2026-09-10,23,13.159,GOOD
1141,2026-09-10,24,13.514,GOOD
1141,2026-09-11,1,12.272,GOOD
1141,2026-09-11,2,9.479,GOOD
1141,2026-09-11,3,10.256,GOOD
1141,2026-09-11,4,8.27,GOOD
1141,2026-09-11,5,11.052,GOOD
1141,2026-09-11,6,12.514,GOOD
1141,2026-09-11,7,7.099,GOOD
1141,2026-09-11,8,9.838,GOOD
1141,2026-09-11,9,9.53,GOOD
1141,2026-09-11,10,7.411,GOOD
1141,2026-09-11,11,7.119,GOOD
1141,2026-09-11,12,8.125,GOOD
1141,2026-09-11,13,7.183,GOOD
1141,2026-09-11,14,8.948,GOOD
1141,2026-09-11,15,6.01,GOOD
1141,2026-09-11,16,5.916,GOOD
1141,2026-09-11,17,7.515,GOOD
1141,2026-09-11,18,12.503,GOOD
1141,2026-09-11,19,10.669,GOOD
1141,2026-09-11,20,13.108,GOOD
1141,2026-09-11,21,11.805,GOOD
1141,2026-09-11,22,12.286,GOOD
1141,2026-09-11,23,12.598,GOOD
1141,2026-09-11,24,36.13,FAIR
1141,2026-09-12,1,96.042,POOR
1141,2026-09-12,2,90.782,POOR
1141,2026-09-12,3,69.611,POOR
1141,2026-09-12,4,54.759,POOR
1141,2026-09-12,5,48.891,FAIR
1141,2026-09-12,6,39.714,FAIR
1141,2026-09-12,7,29.182,FAIR
1141,2026-09-12,8,23.346,GOOD
1141,2026-09-12,9,18.46,GOOD
1141,2026-09-12,10,17.818,GOOD
1141,2026-09-12,11,12.915,GOOD
1141,2026-09-12,12,6.956,GOOD
1141,2026-09-12,13,4.699,GOOD
1141,2026-09-12,14,7.19,GOOD
1141,2026-09-12,15,10.193,GOOD
1141,2026-09-12,16,8.672,GOOD
1141,2026-09-12,17,5.536,GOOD
1141,2026-09-12,18,3.577,GOOD
1141,2026-09-12,19,5.705,GOOD
1141,2026-09-12,20,4.949,GOOD
1141,2026-09-12,21,9.813,GOOD
1141,2026-09-12,22,7.23,GOOD
1141,2026-09-12,23,9.371,GOOD
1141,2026-09-12,24,21.158,GOOD
1141,2026-09-13,1,29.292,FAIR
1141,2026-09-13,2,24.072,GOOD
1141,2026-09-13,3,17.998,GOOD
1141,2026-09-13,4,14.785,GOOD
1141,2026-09-13,5,16.623,GOOD
1141,2026-09-13,6,19.472,GOOD
1141,2026-09-13,7,21.67,GOOD
1141,2026-09-13,8,24.106,GOOD
1141,2026-09-13,9,22.882,GOOD
1141,2026-09-13,10,25.384,FAIR
1141,2026-09-13,11,25.255,FAIR
1141,2026-09-13,12,22.299,GOOD
1141,2026-09-13,13,16.8,GOOD
1141,2026-09-13,14,12.874,GOOD
1141,2026-09-13,15,14.061,GOOD
1141,2026-09-13,16,10.956,GOOD
1141,2026-09-13,17,3.744,GOOD
1141,2026-09-13,18,2.771,GOOD
1141,2026-09-13,19,4.238,GOOD
1141,2026-09-13,20,5.145,GOOD
1141,2026-09-13,21,8.898,GOOD
1141,2026-09-13,22,8.33,GOOD
1141,2026-09-13,23,6.652,GOOD
1141,2026-09-13,24,6.458,GOOD
1141,2026-09-14,1,6.794,GOOD
1141,2026-09-14,2,6.446,GOOD
1141,2026-09-14,3,6.867,GOOD
1141,2026-09-14,4,7.423,GOOD
1141,2026-09-14,5,11.343,GOOD
1141,2026-09-14,6,15.731,GOOD
1141,2026-09-14,7,15.691,GOOD
1141,2026-09-14,8,18.275,GOOD
1141,2026-09-14,9,15.252,GOOD
1141,2026-09-14,10,11.178,GOOD
1141,2026-09-14,11,5.188,GOOD
1141,2026-09-14,12,4.909,GOOD
1141,2026-09-14,13,-0.041,GOOD
1141,2026-09-14,14,-0.989,GOOD
1141,2026-09-14,15,2.507,GOOD
1141,2026-09-14,16,6.354,GOOD
1141,2026-09-14,17,7.411,GOOD
1141,2026-09-14,18,5.246,GOOD
1141,2026-09-14,19,6.547,GOOD
1141,2026-09-14,20,14.276,GOOD
1141,2026-09-14,21,19.114,GOOD
1141,2026-09-14,22,25.048,FAIR
1141,2026-09-14,23,27.851,FAIR
1141,2026-09-14,24,28.004,FAIR
1141,2026-09-15,1,25.207,FAIR
1141,2026-09-15,2,11.136,GOOD
1141,2026-09-15,3,8.353,GOOD
1141,2026-09-15,4,8.242,GOOD
1141,2026-09-15,5,9.758,GOOD
1141,2026-09-15,6,11.907,GOOD
1141,2026-09-15,7,13.811,GOOD
1141,2026-09-15,8,11.037,GOOD
1141,2026-09-15,9,,
1141,2026-09-15,10,,
1141,2026-09-15,11,,
1141,2026-09-15,12,2.245,GOOD
1141,2026-09-15,13,3.13,GOOD
1141,2026-09-15,14,5.952,GOOD
1141,2026-09-15,15,7.396,GOOD
1141,2026-09-15,16,6.196,GOOD
1141,2026-09-15,17,6.984,GOOD
1141,2026-09-15,18,5.74,GOOD
1141,2026-09-15,19,5.559,GOOD
1141,2026-09-15,20,5.748,GOOD
1141,2026-09-15,21,7.377,GOOD
1141,2026-09-15,22,7.741,GOOD
1141,2026-09-15,23,4.153,GOOD
1141,2026-09-15,24,4.053,GOOD
1141,2026-09-16,1,4.785,GOOD
1141,2026-09-16,2,3.313,GOOD
1141,2026-09-16,3,3.943,GOOD
1141,2026-09-16,4,2.884,GOOD
1141,2026-09-16,5,6.528,GOOD
1141,2026-09-16,6,5.359,GOOD
1141,2026-09-16,7,6.115,GOOD
1141,2026-09-16,8,7.219,GOOD
1141,2026-09-16,9,5.939,GOOD
1141,2026-09-16,10,4.396,GOOD
1141,2026-09-16,11,2.684,GOOD
1141,2026-09-16,12,3.146,GOOD
1141,2026-09-16,13,0.819,GOOD
1141,2026-09-16,14,3.063,GOOD
1141,2026-09-16,15,4.366,GOOD
1141,2026-09-16,16,4.11,GOOD
1141,2026-09-16,17,1.63,GOOD
1141,2026-09-16,18,3.815,GOOD
1141,2026-09-16,19,4.712,GOOD
1141,2026-09-16,20,6.817,GOOD
1141,2026-09-16,21,2.953,GOOD
1141,2026-09-16,22,1.19,GOOD
1141,2026-09-16,23,1.88,GOOD
1141,2026-09-16,24,4.517,GOOD
1141,2026-09-17,1,4.822,GOOD
1141,2026-09-17,2,3.154,GOOD
1141,2026-09-17,3,3.338,GOOD
1141,2026-09-17,4,4.16,GOOD
1141,2026-09-17,5,6.139,GOOD
1141,2026-09-17,6,8.996,GOOD
1141,2026-09-17,7,6.87,GOOD
1141,2026-09-17,8,5.638,GOOD
1141,2026-09-17,9,4.476,GOOD
1141,2026-09-17,10,7.507,GOOD
1141,2026-09-17,11,6.419,GOOD
1141,2026-09-17,12,3.708,GOOD
1141,2026-09-17,13,-2.124,GOOD
1141,2026-09-17,14,-1.091,GOOD
1141,2026-09-17,15,4.941,GOOD
1141,2026-09-17,16,2.025,GOOD
1141,2026-09-17,17,2.643,GOOD
1141,2026-09-17,18,1.052,GOOD
1141,2026-09-17,19,3.396,GOOD
1141,2026-09-17,20,6.488,GOOD
1141,2026-09-17,21,11.133,GOOD
1141,2026-09-17,22,14.614,GOOD
1141,2026-09-17,23,13.077,GOOD
1141,2026-09-17,24,12.308,GOOD
1141,2026-09-18,1,12.66,GOOD
1141,2026-09-18,2,10.495,GOOD
1141,2026-09-18,3,6.919,GOOD
1141,2026-09-18,4,7.85,GOOD
1141,2026-09-18,5,10.626,GOOD
1141,2026-09-18,6,13.375,GOOD
1141,2026-09-18,7,11.973,GOOD
1141,2026-09-18,8,11.065,GOOD
1141,2026-09-18,9,15.231,GOOD
1141,2026-09-18,10,11.732,GOOD
1141,2026-09-18,11,9.183,GOOD
1141,2026-09-18,12,3.686,GOOD
1141,2026-09-18,13,2.502,GOOD
1141,2026-09-18,14,-1.03,GOOD
1141,2026-09-18,15,1.252,GOOD
1141,2026-09-18,16,1.415,GOOD
1141,2026-09-18,17,7.026,GOOD
1141,2026-09-18,18,4.807,GOOD
1141,2026-09-18,19,11.059,GOOD
1141,2026-09-18,20,9.586,GOOD
1141,2026-09-18,21,14.7,GOOD
1141,2026-09-18,22,18.354,GOOD
1141,2026-09-18,23,18.139,GOOD
1141,2026-09-18,24,15.171,GOOD
1141,2026-09-19,1,13.282,GOOD
1141,2026-09-19,2,9.389,GOOD
1141,2026-09-19,3,3.456,GOOD
1141,2026-09-19,4,4.017,GOOD
1141,2026-09-19,5,2.284,GOOD
1141,2026-09-19,6,3.937,GOOD
1141,2026-09-19,7,8.635,GOOD
1141,2026-09-19,8,9.265,GOOD
1141,2026-09-19,9,8.512,GOOD
1141,2026-09-19,10,6.32,GOOD
1141,2026-09-19,11,3.499,GOOD
1141,2026-09-19,12,-1.621,GOOD
1141,2026-09-19,13,-4.488,GOOD
1141,2026-09-19,14,-3.647,GOOD
1141,2026-09-19,15,-2.299,GOOD
1141,2026-09-19,16,0.47,GOOD
1141,2026-09-19,17,1.078,GOOD
1141,2026-09-19,18,2.533,GOOD
1141,2026-09-19,19,8.504,GOOD
1141,2026-09-19,20,8.088,GOOD
1141,2026-09-19,21,8.282,GOOD
1141,2026-09-19,22,9.264,GOOD
1141,2026-09-19,23,6.724,GOOD
1141,2026-09-19,24,3.793,GOOD
1141,2026-09-20,1,2.428,GOOD
1141,2026-09-20,2,4.185,GOOD
1141,2026-09-20,3,4.36,GOOD
1141,2026-09-20,4,5.085,GOOD
1141,2026-09-20,5,2.255,GOOD
1141,2026-09-20,6,5.3,GOOD
1141,2026-09-20,7,9.084,GOOD
1141,2026-09-20,8,10.25,GOOD
1141,2026-09-20,9,5.425,GOOD
1141,2026-09-20,10,1.59,GOOD
1141,2026-09-20,11,0.001,GOOD
1141,2026-09-20,12,-2.353,GOOD
1141,2026-09-20,13,-0.403,GOOD
1141,2026-09-20,14,0.796,GOOD
1141,2026-09-20,15,-1.245,GOOD
1141,2026-09-20,16,0.997,GOOD
1141,2026-09-20,17,1.3,GOOD
1141,2026-09-20,18,2.793,GOOD
1141,2026-09-20,19,5.077,GOOD
1141,2026-09-20,20,6.923,GOOD
1141,2026-09-20,21,7.218,GOOD
1141,2026-09-20,22,6.786,GOOD
1141,2026-09-20,23,5.882,GOOD
1141,2026-09-20,24,6.58,GOOD
1141,2026-09-21,1,6.878,GOOD
1141,2026-09-21,2,3.363,GOOD
1141,2026-09-21,3,0.305,GOOD
1141,2026-09-21,4,0.892,GOOD
1141,2026-09-21,5,1.612,GOOD
1141,2026-09-21,6,4.007,GOOD
1141,2026-09-21,7,6.274,GOOD
1141,2026-09-21,8,6.909,GOOD
1141,2026-09-21,9,5.796,GOOD
1141,2026-09-21,10,4.486,GOOD
1141,2026-09-21,11,1.171,GOOD
1141,2026-09-21,12,7.274,GOOD
1141,2026-09-21,13,13.484,GOOD
1141,2026-09-21,14,13.772,GOOD
1141,2026-09-21,15,13.248,GOOD
1141,2026-09-21,16,7.465,GOOD
1141,2026-09-21,17,8.825,GOOD
1141,2026-09-21,18,9.604,GOOD
1141,2026-09-21,19,8.019,GOOD
1141,2026-09-21,20,8.136,GOOD
1141,2026-09-21,21,9.093,GOOD
1141,2026-09-21,22,10.309,GOOD
1141,2026-09-21,23,9.794,GOOD
1141,2026-09-21,24,7.64,GOOD
1141,2026-09-22,1,7.191,GOOD
1141,2026-09-22,2,4.321,GOOD
1141,2026-09-22,3,5.002,GOOD
1141,2026-09-22,4,3.149,GOOD
1141,2026-09-22,5,5.249,GOOD
1141,2026-09-22,6,9.196,GOOD
1141,2026-09-22,7,8.644,GOOD
1141,2026-09-22,8,8.962,GOOD
1141,2026-09-22,9,7.978,GOOD
1141,2026-09-22,10,5.475,GOOD
1141,2026-09-22,11,4.322,GOOD
1141,2026-09-22,12,2.488,GOOD
1141,2026-09-22,13,6.003,GOOD
1141,2026-09-22,14,9.737,GOOD
1141,2026-09-22,15,4.706,GOOD
1141,2026-09-22,16,0.2,GOOD
1141,2026-09-22,17,3.606,GOOD
1141,2026-09-22,18,0.359,GOOD
1141,2026-09-22,19,1.73,GOOD
1141,2026-09-22,20,4.085,GOOD
1141,2026-09-22,21,3.25,GOOD
1141,2026-09-22,22,5.128,GOOD
1141,2026-09-22,23,3.804,GOOD
1141,2026-09-22,24,3.072,GOOD
1141,2026-09-23,1,2.177,GOOD
1141,2026-09-23,2,3.269,GOOD
1141,2026-09-23,3,6.311,GOOD
1141,2026-09-23,4,7.563,GOOD
1141,2026-09-23,5,10.491,GOOD
1141,2026-09-23,6,8.572,GOOD
1141,2026-09-23,7,6.257,GOOD
1141,2026-09-23,8,6.241,GOOD
1141,2026-09-23,9,3.987,GOOD
1141,2026-09-23,10,6.071,GOOD
1141,2026-09-23,11,10.869,GOOD
1141,2026-09-23,12,10.105,GOOD
1141,2026-09-23,13,5.876,GOOD
1141,2026-09-23,14,6.563,GOOD
1141,2026-09-23,15,10.224,GOOD
1141,2026-09-23,16,8.271,GOOD
1141,2026-09-23,17,9.728,GOOD
1141,2026-09-23,18,9.39,GOOD
1141,2026-09-23,19,5.09,GOOD
1141,2026-09-23,20,8.367,GOOD
1141,2026-09-23,21,8.176,GOOD
1141,2026-09-23,22,10.96,GOOD
1141,2026-09-23,23,10.247,GOOD
1141,2026-09-23,24,10.697,GOOD
1141,2026-09-24,1,6.037,GOOD
1141,2026-09-24,2,4.218,GOOD
1141,2026-09-24,3,6.866,GOOD
1141,2026-09-24,4,8.774,GOOD
1141,2026-09-24,5,12.229,GOOD
1141,2026-09-24,6,15.285,GOOD
1141,2026-09-24,7,14.249,GOOD
1141,2026-09-24,8,15.702,GOOD
1141,2026-09-24,9,17.074,GOOD
1141,2026-09-24,10,14.118,GOOD
1141,2026-09-24,11,10.774,GOOD
1141,2026-09-24,12,12.1,GOOD
1141,2026-09-24,13,14.646,GOOD
1141,2026-09-24,14,15.798,GOOD
1141,2026-09-24,15,14.871,GOOD
1141,2026-09-24,16,9.615,GOOD
1141,2026-09-24,17,6.655,GOOD
1141,2026-09-24,18,9.695,GOOD
1141,2026-09-24,19,7.032,GOOD
1141,2026-09-24,20,6.378,GOOD
1141,2026-09-24,21,3.076,GOOD
1141,2026-09-24,22,2.384,GOOD
1141,2026-09-24,23,7.629,GOOD
1141,2026-09-24,24,5.161,GOOD
1141,2026-09-25,1,1.783,GOOD
1141,2026-09-25,2,3.158,GOOD
1141,2026-09-25,3,2.956,GOOD
1141,2026-09-25,4,3.882,GOOD
1141,2026-09-25,5,1.64,GOOD
1141,2026-09-25,6,4.462,GOOD
1141,2026-09-25,7,6.802,GOOD
1141,2026-09-25,8,9.573,GOOD
1141,2026-09-25,9,10.34,GOOD
1141,2026-09-25,10,11.291,GOOD
1141,2026-09-25,11,10.664,GOOD
1141,2026-09-25,12,9.49,GOOD
1141,2026-09-25,13,6.811,GOOD
1141,2026-09-25,14,7.608,GOOD
1141,2026-09-25,15,11.921,GOOD
1141,2026-09-25,16,16.014,GOOD
1141,2026-09-25,17,16.047,GOOD
1141,2026-09-25,18,13.545,GOOD
1141,2026-09-25,19,11.973,GOOD
1141,2026-09-25,20,12.291,GOOD
1141,2026-09-25,21,19.709,GOOD
1141,2026-09-25,22,20.821,GOOD
1141,2026-09-25,23,14.524,GOOD
1141,2026-09-25,24,10.827,GOOD
1141,2026-09-26,1,11.009,GOOD
1141,2026-09-26,2,16.837,GOOD
1141,2026-09-26,3,13.064,GOOD
1141,2026-09-26,4,13.818,GOOD
1141,2026-09-26,5,17.234,GOOD
1141,2026-09-26,6,19.159,GOOD
1141,2026-09-26,7,16.498,GOOD
1141,2026-09-26,8,13.184,GOOD
1141,2026-09-26,9,12.883,GOOD
1141,2026-09-26,10,10.904,GOOD
1141,2026-09-26,11,4.772,GOOD
1141,2026-09-26,12,3.552,GOOD
1141,2026-09-26,13,9.375,GOOD
1141,2026-09-26,14,8.602,GOOD
1141,2026-09-26,15,4.476,GOOD
1141,2026-09-26,16,4.25,GOOD
1141,2026-09-26,17,7.116,GOOD
1141,2026-09-26,18,14.311,GOOD
1141,2026-09-26,19,18.608,GOOD
1141,2026-09-26,20,18.935,GOOD
1141,2026-09-26,21,19.642,GOOD
1141,2026-09-26,22,16.8,GOOD
1141,2026-09-26,23,9.559,GOOD
1141,2026-09-26,24,9.633,GOOD
1141,2026-09-27,1,4.943,GOOD
1141,2026-09-27,2,3.357,GOOD
1141,2026-09-27,3,4.106,GOOD
1141,2026-09-27,4,2.622,GOOD
1141,2026-09-27,5,3.261,GOOD
1141,2026-09-27,6,5.609,GOOD
1141,2026-09-27,7,4.425,GOOD
1141,2026-09-27,8,3.479,GOOD
1141,2026-09-27,9,2.188,GOOD
1141,2026-09-27,10,3.475,GOOD
1141,2026-09-27,11,3.246,GOOD
1141,2026-09-27,12,1.411,GOOD
1141,2026-09-27,13,0.387,GOOD
1141,2026-09-27,14,2.524,GOOD
1141,2026-09-27,15,3.28,GOOD
1141,2026-09-27,16,1.261,GOOD
1141,2026-09-27,17,1.421,GOOD
1141,2026-09-27,18,2.634,GOOD
1141,2026-09-27,19,3.664,GOOD
1141,2026-09-27,20,6.479,GOOD
1141,2026-09-27,21,4.463,GOOD
1141,2026-09-27,22,4.579,GOOD
1141,2026-09-27,23,6.065,GOOD
1141,2026-09-27,24,4.326,GOOD
1141,2026-09-28,1,5.095,GOOD
1141,2026-09-28,2,3.017,GOOD
1141,2026-09-28,3,4.05,GOOD
1141,2026-09-28,4,2.431,GOOD
1141,2026-09-28,5,-0.603,GOOD
1141,2026-09-28,6,2.105,GOOD
1141,2026-09-28,7,5.39,GOOD
1141,2026-09-28,8,6.413,GOOD
1141,2026-09-28,9,7.035,GOOD
1141,2026-09-28,10,0.722,GOOD
1141,2026-09-28,11,0.699,GOOD
1141,2026-09-28,12,0.985,GOOD
1141,2026-09-28,13,4.173,GOOD
1141,2026-09-28,14,4.338,GOOD
1141,2026-09-28,15,-0.232,GOOD
1141,2026-09-28,16,2.697,GOOD
1141,2026-09-28,17,-0.129,GOOD
1141,2026-09-28,18,3.716,GOOD
1141,2026-09-28,19,3.271,GOOD
1141,2026-09-28,20,3.749,GOOD
1141,2026-09-28,21,1.064,GOOD
1141,2026-09-28,22,3.111,GOOD
1141,2026-09-28,23,5.483,GOOD
1141,2026-09-28,24,4.791,GOOD
1141,2026-09-29,1,6.994,GOOD
1141,2026-09-29,2,6.916,GOOD
1141,2026-09-29,3,4.727,GOOD
1141,2026-09-29,4,3.388,GOOD
1141,2026-09-29,5,3.952,GOOD
1141,2026-09-29,6,5.194,GOOD
1141,2026-09-29,7,6.896,GOOD
1141,2026-09-29,8,9.106,GOOD
1141,2026-09-29,9,8.709,GOOD
1141,2026-09-29,10,4.521,GOOD
1141,2026-09-29,11,-1.343,GOOD
1141,2026-09-29,12,-2.123,GOOD
1141,2026-09-29,13,3.332,GOOD
1141,2026-09-29,14,7.525,GOOD
1141,2026-09-29,15,3.995,GOOD
1141,2026-09-29,16,-0.142,GOOD
1141,2026-09-29,17,-0.583,GOOD
1141,2026-09-29,18,-1.046,GOOD
1141,2026-09-29,19,1.846,GOOD
1141,2026-09-29,20,0.545,GOOD
1141,2026-09-29,21,3.839,GOOD
1141,2026-09-29,22,9.383,GOOD
1141,2026-09-29,23,6.932,GOOD
1141,2026-09-29,24,3.148,GOOD
1141,2026-09-30,1,2.681,GOOD
1141,2026-09-30,2,6.01,GOOD
1141,2026-09-30,3,4.786,GOOD
1141,2026-09-30,4,5.236,GOOD
1141,2026-09-30,5,4.692,GOOD
1141,2026-09-30,6,8.941,GOOD
1141,2026-09-30,7,11.113,GOOD
1141,2026-09-30,8,12.855,GOOD
1141,2026-09-30,9,8.458,GOOD
1141,2026-09-30,10,4.59,GOOD
1141,2026-09-30,11,4.184,GOOD
1141,2026-09-30,12,0.49,GOOD
1141,2026-09-30,13,5.389,GOOD
1141,2026-09-30,14,7.397,GOOD
1141,2026-09-30,15,3.537,GOOD
1141,2026-09-30,16,6.299,GOOD
1141,2026-09-30,17,6.322,GOOD
1141,2026-09-30,18,7.173,GOOD
1141,2026-09-30,19,5.812,GOOD
1141,2026-09-30,20,6.344,GOOD
1141,2026-09-30,21,7.209,GOOD
1141,2026-09-30,22,4.278,GOOD
1141,2026-09-30,23,4.013,GOOD
1141,2026-09-30,24,4.331,GOOD
1750,2026-09-01,1,11.804,GOOD
1750,2026-09-01,2,6.155,GOOD
1750,2026-09-01,3,9.122,GOOD
1750,2026-09-01,4,7.254,GOOD
1750,2026-09-01,5,9.367,GOOD
1750,2026-09-01,6,10.885,GOOD
1750,2026-09-01,7,8.082,GOOD
1750,2026-09-01,8,,
1750,2026-09-01,9,44.808,FAIR
1750,2026-09-01,10,47.467,FAIR
1750,2026-09-01,11,40.022,FAIR
1750,2026-09-01,12,31.413,FAIR
1750,2026-09-01,13,16.088,GOOD
1750,2026-09-01,14,12.187,GOOD
1750,2026-09-01,15,7.11,GOOD
1750,2026-09-01,16,5.785,GOOD
1750,2026-09-01,17,4.165,GOOD
1750,2026-09-01,18,3.471,GOOD
1750,2026-09-01,19,1.26,GOOD
1750,2026-09-01,20,4.775,GOOD
1750,2026-09-01,21,4.442,GOOD
1750,2026-09-01,22,8.658,GOOD
1750,2026-09-01,23,13.616,GOOD
1750,2026-09-01,24,14.867,GOOD
1750,2026-09-02,1,12.777,GOOD
1750,2026-09-02,2,14.753,GOOD
1750,2026-09-02,3,14.464,GOOD
1750,2026-09-02,4,11.45,GOOD
1750,2026-09-02,5,9.195,GOOD
1750,2026-09-02,6,5.804,GOOD
1750,2026-09-02,7,10.206,GOOD
1750,2026-09-02,8,9.811,GOOD
1750,2026-09-02,9,8.773,GOOD
1750,2026-09-02,10,5.746,GOOD
1750,2026-09-02,11,3.656,GOOD
1750,2026-09-02,12,2.515,GOOD
1750,2026-09-02,13,1.206,GOOD
1750,2026-09-02,14,0.717,GOOD
1750,2026-09-02,15,2.825,GOOD
1750,2026-09-02,16,4.508,GOOD
1750,2026-09-02,17,5.239,GOOD
1750,2026-09-02,18,1.895,GOOD
1750,2026-09-02,19,-1.793,GOOD
1750,2026-09-02,20,0.113,GOOD
1750,2026-09-02,21,-0.096,GOOD
1750,2026-09-02,22,4.868,GOOD
1750,2026-09-02,23,7.079,GOOD
1750,2026-09-02,24,10.04,GOOD
1750,2026-09-03,1,4.501,GOOD
1750,2026-09-03,2,4.383,GOOD
1750,2026-09-03,3,3.072,GOOD
1750,2026-09-03,4,3.291,GOOD
1750,2026-09-03,5,10.849,GOOD
1750,2026-09-03,6,15.122,GOOD
1750,2026-09-03,7,8.985,GOOD
1750,2026-09-03,8,4.772,GOOD
1750,2026-09-03,9,1.87,GOOD
1750,2026-09-03,10,3.899,GOOD
1750,2026-09-03,11,2.656,GOOD
1750,2026-09-03,12,0.994,GOOD
1750,2026-09-03,13,3.178,GOOD
1750,2026-09-03,14,4.346,GOOD
1750,2026-09-03,15,6.413,GOOD
1750,2026-09-03,16,1.993,GOOD
1750,2026-09-03,17,1.039,GOOD
1750,2026-09-03,18,-0.195,GOOD
1750,2026-09-03,19,-3.412,GOOD
1750,2026-09-03,20,-1.471,GOOD
1750,2026-09-03,21,0.467,GOOD
1750,2026-09-03,22,3.718,GOOD
1750,2026-09-03,23,-2.035,GOOD
1750,2026-09-03,24,-5.335,GOOD
1750,2026-09-04,1,0.007,GOOD
1750,2026-09-04,2,6.278,GOOD
1750,2026-09-04,3,4.949,GOOD
1750,2026-09-04,4,3.201,GOOD
1750,2026-09-04,5,3.901,GOOD
1750,2026-09-04,6,2.918,GOOD
1750,2026-09-04,7,6.118,GOOD
1750,2026-09-04,8,12.81,GOOD
1750,2026-09-04,9,15.791,GOOD
1750,2026-09-04,10,1.391,GOOD
1750,2026-09-04,11,1.397,GOOD
1750,2026-09-04,12,2.79,GOOD
1750,2026-09-04,13,2.628,GOOD
1750,2026-09-04,14,4.258,GOOD
1750,2026-09-04,15,3.373,GOOD
1750,2026-09-04,16,2.889,GOOD
1750,2026-09-04,17,3.918,GOOD
1750,2026-09-04,18,0.9,GOOD
1750,2026-09-04,19,-1.269,GOOD
1750,2026-09-04,20,0.9,GOOD
1750,2026-09-04,21,10.46,GOOD
1750,2026-09-04,22,19.663,GOOD
1750,2026-09-04,23,17.157,GOOD
1750,2026-09-04,24,15.625,GOOD
1750,2026-09-05,1,14.928,GOOD
1750,2026-09-05,2,14.308,GOOD
1750,2026-09-05,3,10.515,GOOD
1750,2026-09-05,4,6.97,GOOD
1750,2026-09-05,5,7.203,GOOD
1750,2026-09-05,6,10.933,GOOD
1750,2026-09-05,7,11.018,GOOD
1750,2026-09-05,8,17.136,GOOD
1750,2026-09-05,9,13.807,GOOD
1750,2026-09-05,10,2.543,GOOD
1750,2026-09-05,11,0.68,GOOD
1750,2026-09-05,12,1.091,GOOD
1750,2026-09-05,13,-1.289,GOOD
1750,2026-09-05,14,-2.734,GOOD
1750,2026-09-05,15,4.075,GOOD
1750,2026-09-05,16,5.693,GOOD
1750,2026-09-05,17,,
1750,2026-09-05,18,5.787,GOOD
1750,2026-09-05,19,1.946,GOOD
1750,2026-09-05,20,1.272,GOOD
1750,2026-09-05,21,0.594,GOOD
1750,2026-09-05,22,4.242,GOOD
1750,2026-09-05,23,6.148,GOOD
1750,2026-09-05,24,1.733,GOOD
1750,2026-09-06,1,-3.292,GOOD
1750,2026-09-06,2,-1.012,GOOD
1750,2026-09-06,3,-2.913,GOOD
1750,2026-09-06,4,-1.374,GOOD
1750,2026-09-06,5,-1.03,GOOD
1750,2026-09-06,6,-1.219,GOOD
1750,2026-09-06,7,1.976,GOOD
1750,2026-09-06,8,5.965,GOOD
1750,2026-09-06,9,8.741,GOOD
1750,2026-09-06,10,8.319,GOOD
1750,2026-09-06,11,5.999,GOOD
1750,2026-09-06,12,6.314,GOOD
1750,2026-09-06,13,0.481,GOOD
1750,2026-09-06,14,-0.004,GOOD
1750,2026-09-06,15,4.598,GOOD
1750,2026-09-06,16,3.208,GOOD
1750,2026-09-06,17,0.574,GOOD
1750,2026-09-06,18,-0.381,GOOD
1750,2026-09-06,19,-4.919,GOOD
1750,2026-09-06,20,3.383,GOOD
1750,2026-09-06,21,13.113,GOOD
1750,2026-09-06,22,9.753,GOOD
1750,2026-09-06,23,9.781,GOOD
1750,2026-09-06,24,7.661,GOOD
1750,2026-09-07,1,6.861,GOOD
1750,2026-09-07,2,7.182,GOOD
1750,2026-09-07,3,3.917,GOOD
1750,2026-09-07,4,3.071,GOOD
1750,2026-09-07,5,4.59,GOOD
1750,2026-09-07,6,-0.858,GOOD
1750,2026-09-07,7,-0.416,GOOD
1750,2026-09-07,8,7.722,GOOD
1750,2026-09-07,9,10.131,GOOD
1750,2026-09-07,10,3.33,GOOD
1750,2026-09-07,11,-0.546,GOOD
1750,2026-09-07,12,0.321,GOOD
1750,2026-09-07,13,3.43,GOOD
1750,2026-09-07,14,4.153,GOOD
1750,2026-09-07,15,5.136,GOOD
1750,2026-09-07,16,7.924,GOOD
1750,2026-09-07,17,5.817,GOOD
1750,2026-09-07,18,-2.026,GOOD
1750,2026-09-07,19,-1.036,GOOD
1750,2026-09-07,20,2.25,GOOD
1750,2026-09-07,21,7.41,GOOD
1750,2026-09-07,22,10.037,GOOD
1750,2026-09-07,23,11.093,GOOD
1750,2026-09-07,24,17.019,GOOD
1750,2026-09-08,1,11.019,GOOD
1750,2026-09-08,2,-2.185,GOOD
1750,2026-09-08,3,,
1750,2026-09-08,4,,
1750,2026-09-08,5,-7.982,GOOD
1750,2026-09-08,6,-0.907,GOOD
1750,2026-09-08,7,6.402,GOOD
1750,2026-09-08,8,9.133,GOOD
1750,2026-09-08,9,8.077,GOOD
1750,2026-09-08,10,6.002,GOOD
1750,2026-09-08,11,7.119,GOOD
1750,2026-09-08,12,4.964,GOOD
1750,2026-09-08,13,,
1750,2026-09-08,14,9.263,GOOD
1750,2026-09-08,15,5.758,GOOD
1750,2026-09-08,16,4.665,GOOD
1750,2026-09-08,17,4.681,GOOD
1750,2026-09-08,18,1.055,GOOD
1750,2026-09-08,19,-2.165,GOOD
1750,2026-09-08,20,11.816,GOOD
1750,2026-09-08,21,10.373,GOOD
1750,2026-09-08,22,7.034,GOOD
1750,2026-09-08,23,9.01,GOOD
1750,2026-09-08,24,7.299,GOOD
1750,2026-09-09,1,10.507,GOOD
1750,2026-09-09,2,6.278,GOOD
1750,2026-09-09,3,2.68,GOOD
1750,2026-09-09,4,2.075,GOOD
1750,2026-09-09,5,1.1,GOOD
1750,2026-09-09,6,-3.661,GOOD
1750,2026-09-09,7,2.327,GOOD
1750,2026-09-09,8,,
1750,2026-09-09,9,25.194,FAIR
1750,2026-09-09,10,17.601,GOOD
1750,2026-09-09,11,10.446,GOOD
1750,2026-09-09,12,7.223,GOOD
1750,2026-09-09,13,4.498,GOOD
1750,2026-09-09,14,4.183,GOOD
1750,2026-09-09,15,4.31,GOOD
1750,2026-09-09,16,12.085,GOOD
1750,2026-09-09,17,11.569,GOOD
1750,2026-09-09,18,7.148,GOOD
1750,2026-09-09,19,3.28,GOOD
1750,2026-09-09,20,7.872,GOOD
1750,2026-09-09,21,10.263,GOOD
1750,2026-09-09,22,8.981,GOOD
1750,2026-09-09,23,9.167,GOOD
1750,2026-09-09,24,7.635,GOOD
1750,2026-09-10,1,7.889,GOOD
1750,2026-09-10,2,5.46,GOOD
1750,2026-09-10,3,3.373,GOOD
1750,2026-09-10,4,1.606,GOOD
1750,2026-09-10,5,2.795,GOOD
1750,2026-09-10,6,5.797,GOOD
1750,2026-09-10,7,6.356,GOOD
1750,2026-09-10,8,6.827,GOOD
1750,2026-09-10,9,10.259,GOOD
1750,2026-09-10,10,12.816,GOOD
1750,2026-09-10,11,6.381,GOOD
1750,2026-09-10,12,5.51,GOOD
1750,2026-09-10,13,8.935,GOOD
1750,2026-09-10,14,11.399,GOOD
1750,2026-09-10,15,5.704,GOOD
1750,2026-09-10,16,7.213,GOOD
1750,2026-09-10,17,4.395,GOOD
1750,2026-09-10,18,4.774,GOOD
1750,2026-09-10,19,5.198,GOOD
1750,2026-09-10,20,4.734,GOOD
1750,2026-09-10,21,8.16,GOOD
1750,2026-09-10,22,16.636,GOOD
1750,2026-09-10,23,14.167,GOOD
1750,2026-09-10,24,11.564,GOOD
1750,2026-09-11,1,5.627,GOOD
1750,2026-09-11,2,6.364,GOOD
1750,2026-09-11,3,4.132,GOOD
1750,2026-09-11,4,5.415,GOOD
1750,2026-09-11,5,7.793,GOOD
1750,2026-09-11,6,9.276,GOOD
1750,2026-09-11,7,6.665,GOOD
1750,2026-09-11,8,8.082,GOOD
1750,2026-09-11,9,12.801,GOOD
1750,2026-09-11,10,12.701,GOOD
1750,2026-09-11,11,11.012,GOOD
1750,2026-09-11,12,7.8,GOOD
1750,2026-09-11,13,-0.437,GOOD
1750,2026-09-11,14,3.503,GOOD
1750,2026-09-11,15,3.394,GOOD
1750,2026-09-11,16,4.699,GOOD
1750,2026-09-11,17,6.441,GOOD
1750,2026-09-11,18,6.441,GOOD
1750,2026-09-11,19,4.711,GOOD
1750,2026-09-11,20,7.259,GOOD
1750,2026-09-11,21,9.174,GOOD
1750,2026-09-11,22,11.441,GOOD
1750,2026-09-11,23,14.218,GOOD
1750,2026-09-11,24,10.724,GOOD
1750,2026-09-12,1,8.987,GOOD
1750,2026-09-12,2,7.811,GOOD
1750,2026-09-12,3,6.287,GOOD
1750,2026-09-12,4,4.754,GOOD
1750,2026-09-12,5,4.82,GOOD
1750,2026-09-12,6,4.041,GOOD
1750,2026-09-12,7,2.555,GOOD
1750,2026-09-12,8,,
1750,2026-09-12,9,27.11,FAIR
1750,2026-09-12,10,9.211,GOOD
1750,2026-09-12,11,8.213,GOOD
1750,2026-09-12,12,7.657,GOOD
1750,2026-09-12,13,6.753,GOOD
1750,2026-09-12,14,7.924,GOOD
1750,2026-09-12,15,5.392,GOOD
1750,2026-09-12,16,4.246,GOOD
1750,2026-09-12,17,4.312,GOOD
1750,2026-09-12,18,,
1750,2026-09-12,19,16.035,GOOD
1750,2026-09-12,20,15.701,GOOD
1750,2026-09-12,21,12.428,GOOD
1750,2026-09-12,22,17.268,GOOD
1750,2026-09-12,23,17.193,GOOD
1750,2026-09-12,24,26.232,FAIR
1750,2026-09-13,1,46.827,FAIR
1750,2026-09-13,2,60.693,POOR
1750,2026-09-13,3,64.705,POOR
1750,2026-09-13,4,59.317,POOR
1750,2026-09-13,5,54.652,POOR
1750,2026-09-13,6,53.339,POOR
1750,2026-09-13,7,54.297,POOR
1750,2026-09-13,8,,
1750,2026-09-13,9,39.146,FAIR
1750,2026-09-13,10,31.753,FAIR
1750,2026-09-13,11,23.856,GOOD
1750,2026-09-13,12,16.095,GOOD
1750,2026-09-13,13,10.465,GOOD
1750,2026-09-13,14,2.174,GOOD
1750,2026-09-13,15,3.009,GOOD
1750,2026-09-13,16,5.599,GOOD
1750,2026-09-13,17,4.18,GOOD
1750,2026-09-13,18,8.104,GOOD
1750,2026-09-13,19,20.958,GOOD
1750,2026-09-13,20,23.953,GOOD
1750,2026-09-13,21,20.491,GOOD
1750,2026-09-13,22,21.163,GOOD
1750,2026-09-13,23,23.858,GOOD
1750,2026-09-13,24,21.473,GOOD
1750,2026-09-14,1,21.584,GOOD
1750,2026-09-14,2,19.64,GOOD
1750,2026-09-14,3,21.937,GOOD
1750,2026-09-14,4,19.258,GOOD
1750,2026-09-14,5,21.686,GOOD
1750,2026-09-14,6,26.138,FAIR
1750,2026-09-14,7,22.598,GOOD
1750,2026-09-14,8,25.831,FAIR
1750,2026-09-14,9,22.241,GOOD
1750,2026-09-14,10,15.112,GOOD
1750,2026-09-14,11,15.32,GOOD
1750,2026-09-14,12,11.432,GOOD
1750,2026-09-14,13,1.842,GOOD
1750,2026-09-14,14,-3.788,GOOD
1750,2026-09-14,15,0.477,GOOD
1750,2026-09-14,16,2.229,GOOD
1750,2026-09-14,17,4.395,GOOD
1750,2026-09-14,18,0.963,GOOD
1750,2026-09-14,19,-0.036,GOOD
1750,2026-09-14,20,0.614,GOOD
1750,2026-09-14,21,6.315,GOOD
1750,2026-09-14,22,7.463,GOOD
1750,2026-09-14,23,9.797,GOOD
1750,2026-09-14,24,10.425,GOOD
1750,2026-09-15,1,10.989,GOOD
1750,2026-09-15,2,9.043,GOOD
1750,2026-09-15,3,5.56,GOOD
1750,2026-09-15,4,6.141,GOOD
1750,2026-09-15,5,3.822,GOOD
1750,2026-09-15,6,1.335,GOOD
1750,2026-09-15,7,4.864,GOOD
1750,2026-09-15,8,9.319,GOOD
1750,2026-09-15,9,8.571,GOOD
1750,2026-09-15,10,5.533,GOOD
1750,2026-09-15,11,5.556,GOOD
1750,2026-09-15,12,4.705,GOOD
1750,2026-09-15,13,0.774,GOOD
1750,2026-09-15,14,0.05,GOOD
1750,2026-09-15,15,4.061,GOOD
1750,2026-09-15,16,6.973,GOOD
1750,2026-09-15,17,10.035,GOOD
1750,2026-09-15,18,10.017,GOOD
1750,2026-09-15,19,9.983,GOOD
1750,2026-09-15,20,10.188,GOOD
1750,2026-09-15,21,10.614,GOOD
1750,2026-09-15,22,10.057,GOOD
1750,2026-09-15,23,6.33,GOOD
1750,2026-09-15,24,2.037,GOOD
1750,2026-09-16,1,2.17,GOOD
1750,2026-09-16,2,0.191,GOOD
1750,2026-09-16,3,-0.521,GOOD
1750,2026-09-16,4,-0.598,GOOD
1750,2026-09-16,5,-1.965,GOOD
1750,2026-09-16,6,4.45,GOOD
1750,2026-09-16,7,-4.696,GOOD
1750,2026-09-16,8,4.462,GOOD
1750,2026-09-16,9,14.267,GOOD
1750,2026-09-16,10,,
1750,2026-09-16,11,,
1750,2026-09-16,12,10.166,GOOD
1750,2026-09-16,13,8.377,GOOD
1750,2026-09-16,14,2.667,GOOD
1750,2026-09-16,15,3.955,GOOD
1750,2026-09-16,16,2.976,GOOD
1750,2026-09-16,17,1.226,GOOD
1750,2026-09-16,18,-1.724,GOOD
1750,2026-09-16,19,3.565,GOOD
1750,2026-09-16,20,113.284,VERY POOR
1750,2026-09-16,21,63.025,POOR
1750,2026-09-16,22,20.082,GOOD
1750,2026-09-16,23,6.711,GOOD
1750,2026-09-16,24,0.184,GOOD
1750,2026-09-17,1,3.154,GOOD
1750,2026-09-17,2,3.361,GOOD
1750,2026-09-17,3,5.544,GOOD
1750,2026-09-17,4,-0.047,GOOD
1750,2026-09-17,5,2.343,GOOD
1750,2026-09-17,6,6.831,GOOD
1750,2026-09-17,7,6.455,GOOD
1750,2026-09-17,8,6.53,GOOD
1750,2026-09-17,9,14.258,GOOD
1750,2026-09-17,10,12.326,GOOD
1750,2026-09-17,11,9.026,GOOD
1750,2026-09-17,12,6.037,GOOD
1750,2026-09-17,13,12.201,GOOD
1750,2026-09-17,14,13.314,GOOD
1750,2026-09-17,15,7,GOOD
1750,2026-09-17,16,6.089,GOOD
1750,2026-09-17,17,1.996,GOOD
1750,2026-09-17,18,3.051,GOOD
1750,2026-09-17,19,2.028,GOOD
1750,2026-09-17,20,2.43,GOOD
1750,2026-09-17,21,4.297,GOOD
1750,2026-09-17,22,8.925,GOOD
1750,2026-09-17,23,13.125,GOOD
1750,2026-09-17,24,9.135,GOOD
1750,2026-09-18,1,8.01,GOOD
1750,2026-09-18,2,4.926,GOOD
1750,2026-09-18,3,1.972,GOOD
1750,2026-09-18,4,0.819,GOOD
1750,2026-09-18,5,-1.981,GOOD
1750,2026-09-18,6,1.936,GOOD
1750,2026-09-18,7,4.15,GOOD
1750,2026-09-18,8,16.057,GOOD
1750,2026-09-18,9,22.352,GOOD
1750,2026-09-18,10,12.331,GOOD
1750,2026-09-18,11,10.407,GOOD
1750,2026-09-18,12,7.708,GOOD
1750,2026-09-18,13,3.887,GOOD
1750,2026-09-18,14,,
1750,2026-09-18,15,5.487,GOOD
1750,2026-09-18,16,5.384,GOOD
1750,2026-09-18,17,2.463,GOOD
1750,2026-09-18,18,1.887,GOOD
1750,2026-09-18,19,1.622,GOOD
1750,2026-09-18,20,2.044,GOOD
1750,2026-09-18,21,4.119,GOOD
1750,2026-09-18,22,6.639,GOOD
1750,2026-09-18,23,7.135,GOOD
1750,2026-09-18,24,5.783,GOOD
1750,2026-09-19,1,8.231,GOOD
1750,2026-09-19,2,6.192,GOOD
1750,2026-09-19,3,4.633,GOOD
1750,2026-09-19,4,6.087,GOOD
1750,2026-09-19,5,6.482,GOOD
1750,2026-09-19,6,4.882,GOOD
1750,2026-09-19,7,2.769,GOOD
1750,2026-09-19,8,8.871,GOOD
1750,2026-09-19,9,21.959,GOOD
1750,2026-09-19,10,20.118,GOOD
1750,2026-09-19,11,15.044,GOOD
1750,2026-09-19,12,8.281,GOOD
1750,2026-09-19,13,2.924,GOOD
1750,2026-09-19,14,5.498,GOOD
1750,2026-09-19,15,1.164,GOOD
1750,2026-09-19,16,3.958,GOOD
1750,2026-09-19,17,5.35,GOOD
1750,2026-09-19,18,1.177,GOOD
1750,2026-09-19,19,0.054,GOOD
1750,2026-09-19,20,-0.167,GOOD
1750,2026-09-19,21,1.689,GOOD
1750,2026-09-19,22,1.235,GOOD
1750,2026-09-19,23,3.828,GOOD
1750,2026-09-19,24,5.178,GOOD
1750,2026-09-20,1,2.213,GOOD
1750,2026-09-20,2,-0.143,GOOD
1750,2026-09-20,3,3.701,GOOD
1750,2026-09-20,4,5.415,GOOD
1750,2026-09-20,5,12.149,GOOD
1750,2026-09-20,6,14.55,GOOD
1750,2026-09-20,7,7.237,GOOD
1750,2026-09-20,8,8.437,GOOD
1750,2026-09-20,9,10.513,GOOD
1750,2026-09-20,10,12.03,GOOD
1750,2026-09-20,11,6.688,GOOD
1750,2026-09-20,12,6.524,GOOD
1750,2026-09-20,13,6.578,GOOD
1750,2026-09-20,14,6.684,GOOD
1750,2026-09-20,15,3.191,GOOD
1750,2026-09-20,16,2.59,GOOD
1750,2026-09-20,17,2.862,GOOD
1750,2026-09-20,18,0.879,GOOD
1750,2026-09-20,19,-1.884,GOOD
1750,2026-09-20,20,2.853,GOOD
1750,2026-09-20,21,4.951,GOOD
1750,2026-09-20,22,4.516,GOOD
1750,2026-09-20,23,2.388,GOOD
1750,2026-09-20,24,7.912,GOOD
1750,2026-09-21,1,7.424,GOOD
1750,2026-09-21,2,6.002,GOOD
1750,2026-09-21,3,1.965,GOOD
1750,2026-09-21,4,6.736,GOOD
1750,2026-09-21,5,0.721,GOOD
1750,2026-09-21,6,2.044,GOOD
1750,2026-09-21,7,4.406,GOOD
1750,2026-09-21,8,9.532,GOOD
1750,2026-09-21,9,10.847,GOOD
1750,2026-09-21,10,9.468,GOOD
1750,2026-09-21,11,7.252,GOOD
1750,2026-09-21,12,4.824,GOOD
1750,2026-09-21,13,4.156,GOOD
1750,2026-09-21,14,15.223,GOOD
1750,2026-09-21,15,16.3,GOOD
1750,2026-09-21,16,12.708,GOOD
1750,2026-09-21,17,10.869,GOOD
1750,2026-09-21,18,9.486,GOOD
1750,2026-09-21,19,7.734,GOOD
1750,2026-09-21,20,8.012,GOOD
1750,2026-09-21,21,5.312,GOOD
1750,2026-09-21,22,-2.055,GOOD
1750,2026-09-21,23,4.642,GOOD
1750,2026-09-21,24,3.296,GOOD
1750,2026-09-22,1,4.297,GOOD
1750,2026-09-22,2,1.926,GOOD
1750,2026-09-22,3,2.931,GOOD
1750,2026-09-22,4,1.768,GOOD
1750,2026-09-22,5,6.79,GOOD
1750,2026-09-22,6,9.031,GOOD
1750,2026-09-22,7,7.158,GOOD
1750,2026-09-22,8,6.168,GOOD
1750,2026-09-22,9,4.807,GOOD
1750,2026-09-22,10,5.592,GOOD
1750,2026-09-22,11,5.089,GOOD
1750,2026-09-22,12,6.944,GOOD
1750,2026-09-22,13,7.977,GOOD
1750,2026-09-22,14,6.255,GOOD
1750,2026-09-22,15,7.346,GOOD
1750,2026-09-22,16,7.112,GOOD
1750,2026-09-22,17,7.663,GOOD
1750,2026-09-22,18,3.967,GOOD
1750,2026-09-22,19,5.083,GOOD
1750,2026-09-22,20,6.584,GOOD
1750,2026-09-22,21,4.349,GOOD
1750,2026-09-22,22,4.362,GOOD
1750,2026-09-22,23,0.928,GOOD
1750,2026-09-22,24,-3.114,GOOD
1750,2026-09-23,1,-0.28,GOOD
1750,2026-09-23,2,-1.412,GOOD
1750,2026-09-23,3,0.528,GOOD
1750,2026-09-23,4,-1.108,GOOD
1750,2026-09-23,5,4.003,GOOD
1750,2026-09-23,6,6.372,GOOD
1750,2026-09-23,7,1.903,GOOD
1750,2026-09-23,8,1.727,GOOD
1750,2026-09-23,9,0.52,GOOD
1750,2026-09-23,10,2.558,GOOD
1750,2026-09-23,11,-0.902,GOOD
1750,2026-09-23,12,2.405,GOOD
1750,2026-09-23,13,5.995,GOOD
1750,2026-09-23,14,6.719,GOOD
1750,2026-09-23,15,8.484,GOOD
1750,2026-09-23,16,8.191,GOOD
1750,2026-09-23,17,9.241,GOOD
1750,2026-09-23,18,13.965,GOOD
1750,2026-09-23,19,13.859,GOOD
1750,2026-09-23,20,13.695,GOOD
1750,2026-09-23,21,19.416,GOOD
1750,2026-09-23,22,25.39,FAIR
1750,2026-09-23,23,14.865,GOOD
1750,2026-09-23,24,5.711,GOOD
1750,2026-09-24,1,9.389,GOOD
1750,2026-09-24,2,9.973,GOOD
1750,2026-09-24,3,8.452,GOOD
1750,2026-09-24,4,8.588,GOOD
1750,2026-09-24,5,8.471,GOOD
1750,2026-09-24,6,11.209,GOOD
1750,2026-09-24,7,10.696,GOOD
1750,2026-09-24,8,9.218,GOOD
1750,2026-09-24,9,9.28,GOOD
1750,2026-09-24,10,6.339,GOOD
1750,2026-09-24,11,8.564,GOOD
1750,2026-09-24,12,10.3,GOOD
1750,2026-09-24,13,11.631,GOOD
1750,2026-09-24,14,12.164,GOOD
1750,2026-09-24,15,14.284,GOOD
1750,2026-09-24,16,13.057,GOOD
1750,2026-09-24,17,15.375,GOOD
1750,2026-09-24,18,18.46,GOOD
1750,2026-09-24,19,17.315,GOOD
1750,2026-09-24,20,13.211,GOOD
1750,2026-09-24,21,5.141,GOOD
1750,2026-09-24,22,-0.64,GOOD
1750,2026-09-24,23,2.31,GOOD
1750,2026-09-24,24,3.89,GOOD
1750,2026-09-25,1,5.461,GOOD
1750,2026-09-25,2,5.78,GOOD
1750,2026-09-25,3,8.149,GOOD
1750,2026-09-25,4,3.968,GOOD
1750,2026-09-25,5,7.471,GOOD
1750,2026-09-25,6,11.143,GOOD
1750,2026-09-25,7,9.216,GOOD
1750,2026-09-25,8,10.062,GOOD
1750,2026-09-25,9,8.94,GOOD
1750,2026-09-25,10,10.496,GOOD
1750,2026-09-25,11,10.668,GOOD
1750,2026-09-25,12,15.299,GOOD
1750,2026-09-25,13,12.939,GOOD
1750,2026-09-25,14,10.316,GOOD
1750,2026-09-25,15,7.119,GOOD
1750,2026-09-25,16,,
1750,2026-09-25,17,,
1750,2026-09-25,18,10.567,GOOD
1750,2026-09-25,19,10.01,GOOD
1750,2026-09-25,20,9.215,GOOD
1750,2026-09-25,21,10.161,GOOD
1750,2026-09-25,22,16.542,GOOD
1750,2026-09-25,23,11.72,GOOD
1750,2026-09-25,24,11.211,GOOD
1750,2026-09-26,1,11.627,GOOD
1750,2026-09-26,2,12.639,GOOD
1750,2026-09-26,3,9.892,GOOD
1750,2026-09-26,4,9.215,GOOD
1750,2026-09-26,5,9.576,GOOD
1750,2026-09-26,6,6.446,GOOD
1750,2026-09-26,7,,
1750,2026-09-26,8,9.238,GOOD
1750,2026-09-26,9,9.473,GOOD
1750,2026-09-26,10,7.33,GOOD
1750,2026-09-26,11,6.394,GOOD
1750,2026-09-26,12,10.812,GOOD
1750,2026-09-26,13,8.404,GOOD
1750,2026-09-26,14,7.269,GOOD
1750,2026-09-26,15,9.245,GOOD
1750,2026-09-26,16,9.361,GOOD
1750,2026-09-26,17,5.347,GOOD
1750,2026-09-26,18,4.661,GOOD
1750,2026-09-26,19,4.757,GOOD
1750,2026-09-26,20,,
1750,2026-09-26,21,27.208,FAIR
1750,2026-09-26,22,25.808,FAIR
1750,2026-09-26,23,8.086,GOOD
1750,2026-09-26,24,9.101,GOOD
1750,2026-09-27,1,8.417,GOOD
1750,2026-09-27,2,10.182,GOOD
1750,2026-09-27,3,7.478,GOOD
1750,2026-09-27,4,5.022,GOOD
1750,2026-09-27,5,2.73,GOOD
1750,2026-09-27,6,3.42,GOOD
1750,2026-09-27,7,4.91,GOOD
1750,2026-09-27,8,2.388,GOOD
1750,2026-09-27,9,3.48,GOOD
1750,2026-09-27,10,1.117,GOOD
1750,2026-09-27,11,2.577,GOOD
1750,2026-09-27,12,7.593,GOOD
1750,2026-09-27,13,11.741,GOOD
1750,2026-09-27,14,11.046,GOOD
1750,2026-09-27,15,9.215,GOOD
1750,2026-09-27,16,5.26,GOOD
1750,2026-09-27,17,3.952,GOOD
1750,2026-09-27,18,3.691,GOOD
1750,2026-09-27,19,2.656,GOOD
1750,2026-09-27,20,1.985,GOOD
1750,2026-09-27,21,2.749,GOOD
1750,2026-09-27,22,4.619,GOOD
1750,2026-09-27,23,4.46,GOOD
1750,2026-09-27,24,2.811,GOOD
1750,2026-09-28,1,1.087,GOOD
1750,2026-09-28,2,3.369,GOOD
1750,2026-09-28,3,1.097,GOOD
1750,2026-09-28,4,2.37,GOOD
1750,2026-09-28,5,3.645,GOOD
1750,2026-09-28,6,4.858,GOOD
1750,2026-09-28,7,4.123,GOOD
1750,2026-09-28,8,3.125,GOOD
1750,2026-09-28,9,5.567,GOOD
1750,2026-09-28,10,-0.187,GOOD
1750,2026-09-28,11,-6.804,GOOD
1750,2026-09-28,12,-5.014,GOOD
1750,2026-09-28,13,2.75,GOOD
1750,2026-09-28,14,7.359,GOOD
1750,2026-09-28,15,4.723,GOOD
1750,2026-09-28,16,3.159,GOOD
1750,2026-09-28,17,0.674,GOOD
1750,2026-09-28,18,1.475,GOOD
1750,2026-09-28,19,-1.737,GOOD
1750,2026-09-28,20,4.8,GOOD
1750,2026-09-28,21,4.835,GOOD
1750,2026-09-28,22,3.008,GOOD
1750,2026-09-28,23,7.437,GOOD
1750,2026-09-28,24,11.586,GOOD
1750,2026-09-29,1,7.91,GOOD
1750,2026-09-29,2,5.216,GOOD
1750,2026-09-29,3,4.766,GOOD
1750,2026-09-29,4,0.404,GOOD
1750,2026-09-29,5,5.631,GOOD
1750,2026-09-29,6,9.479,GOOD
1750,2026-09-29,7,3.642,GOOD
1750,2026-09-29,8,3.387,GOOD
1750,2026-09-29,9,2.564,GOOD
1750,2026-09-29,10,2.067,GOOD
1750,2026-09-29,11,0.764,GOOD
1750,2026-09-29,12,-1.529,GOOD
1750,2026-09-29,13,2.799,GOOD
1750,2026-09-29,14,7.821,GOOD
1750,2026-09-29,15,6.02,GOOD
1750,2026-09-29,16,4.848,GOOD
1750,2026-09-29,17,2.061,GOOD
1750,2026-09-29,18,1.035,GOOD
1750,2026-09-29,19,1.621,GOOD
1750,2026-09-29,20,5.312,GOOD
1750,2026-09-29,21,4.983,GOOD
1750,2026-09-29,22,2.183,GOOD
1750,2026-09-29,23,5.679,GOOD
1750,2026-09-29,24,6.87,GOOD
1750,2026-09-30,1,1.693,GOOD
1750,2026-09-30,2,3.526,GOOD
1750,2026-09-30,3,3.959,GOOD
1750,2026-09-30,4,2.289,GOOD
1750,2026-09-30,5,-1.727,GOOD
1750,2026-09-30,6,-2.379,GOOD
1750,2026-09-30,7,,
1750,2026-09-30,8,15.431,GOOD
1750,2026-09-30,9,10.405,GOOD
1750,2026-09-30,10,6.108,GOOD
1750,2026-09-30,11,4.08,GOOD
1750,2026-09-30,12,5.778,GOOD
1750,2026-09-30,13,4.72,GOOD
1750,2026-09-30,14,7.937,GOOD
1750,2026-09-30,15,4.336,GOOD
1750,2026-09-30,16,2.683,GOOD
1750,2026-09-30,17,1.788,GOOD
1750,2026-09-30,18,1.177,GOOD
1750,2026-09-30,19,7.68,GOOD
1750,2026-09-30,20,14.272,GOOD
1750,2026-09-30,21,11.146,GOOD
1750,2026-09-30,22,9.991,GOOD
1750,2026-09-30,23,11.171,GOOD
1750,2026-09-30,24,10.857,GOOD
15,2026-09-01,1,7.653,GOOD
15,2026-09-01,2,6.951,GOOD
15,2026-09-01,3,10.5,GOOD
15,2026-09-01,4,8.592,GOOD
15,2026-09-01,5,17.299,GOOD
15,2026-09-01,6,25.482,FAIR
15,2026-09-01,7,25.736,FAIR
15,2026-09-01,8,26.818,FAIR
15,2026-09-01,9,26.068,FAIR
15,2026-09-01,10,25.219,FAIR
15,2026-09-01,11,19.076,GOOD
15,2026-09-01,12,11.102,GOOD
15,2026-09-01,13,9.311,GOOD
15,2026-09-01,14,12.498,GOOD
15,2026-09-01,15,11.548,GOOD
15,2026-09-01,16,13.953,GOOD
15,2026-09-01,17,12.706,GOOD
15,2026-09-01,18,8.732,GOOD
15,2026-09-01,19,9.073,GOOD
15,2026-09-01,20,10.035,GOOD
15,2026-09-01,21,11.187,GOOD
15,2026-09-01,22,12.772,GOOD
15,2026-09-01,23,12.18,GOOD
15,2026-09-01,24,7.149,GOOD
15,2026-09-02,1,8.546,GOOD
15,2026-09-02,2,7.39,GOOD
15,2026-09-02,3,5.324,GOOD
15,2026-09-02,4,3.833,GOOD
15,2026-09-02,5,4.147,GOOD
15,2026-09-02,6,5.699,GOOD
15,2026-09-02,7,7.601,GOOD
15,2026-09-02,8,8.288,GOOD
15,2026-09-02,9,7.668,GOOD
15,2026-09-02,10,4.074,GOOD
15,2026-09-02,11,6.922,GOOD
15,2026-09-02,12,6.428,GOOD
15,2026-09-02,13,6.279,GOOD
15,2026-09-02,14,5.691,GOOD
15,2026-09-02,15,5.301,GOOD
15,2026-09-02,16,6.592,GOOD
15,2026-09-02,17,5.743,GOOD
15,2026-09-02,18,6.283,GOOD
15,2026-09-02,19,3.16,GOOD
15,2026-09-02,20,9.144,GOOD
15,2026-09-02,21,8.332,GOOD
15,2026-09-02,22,10.268,GOOD
15,2026-09-02,23,7.828,GOOD
15,2026-09-02,24,4.901,GOOD
15,2026-09-03,1,-0.349,GOOD
15,2026-09-03,2,1.099,GOOD
15,2026-09-03,3,4.312,GOOD
15,2026-09-03,4,2.317,GOOD
15,2026-09-03,5,2.238,GOOD
15,2026-09-03,6,6.471,GOOD
15,2026-09-03,7,7.975,GOOD
15,2026-09-03,8,2.898,GOOD
15,2026-09-03,9,2.455,GOOD
15,2026-09-03,10,3.959,GOOD
15,2026-09-03,11,4.277,GOOD
15,2026-09-03,12,4.65,GOOD
15,2026-09-03,13,4.554,GOOD
15,2026-09-03,14,5.896,GOOD
15,2026-09-03,15,6.831,GOOD
15,2026-09-03,16,4.748,GOOD
15,2026-09-03,17,3.857,GOOD
15,2026-09-03,18,6.07,GOOD
15,2026-09-03,19,5.266,GOOD
15,2026-09-03,20,5.39,GOOD
15,2026-09-03,21,3.62,GOOD
15,2026-09-03,22,-0.125,GOOD
15,2026-09-03,23,-0.52,GOOD
15,2026-09-03,24,3.559,GOOD
15,2026-09-04,1,2.078,GOOD
15,2026-09-04,2,0.348,GOOD
15,2026-09-04,3,3.396,GOOD
15,2026-09-04,4,4.353,GOOD
15,2026-09-04,5,1.885,GOOD
15,2026-09-04,6,2.389,GOOD
15,2026-09-04,7,1.562,GOOD
15,2026-09-04,8,4.72,GOOD
15,2026-09-04,9,4.791,GOOD
15,2026-09-04,10,3.794,GOOD
15,2026-09-04,11,2.844,GOOD
15,2026-09-04,12,2.801,GOOD
15,2026-09-04,13,4.066,GOOD
15,2026-09-04,14,2.434,GOOD
15,2026-09-04,15,2.089,GOOD
15,2026-09-04,16,11.345,GOOD
15,2026-09-04,17,11.185,GOOD
15,2026-09-04,18,6.223,GOOD
15,2026-09-04,19,6.805,GOOD
15,2026-09-04,20,6.829,GOOD
15,2026-09-04,21,3.833,GOOD
15,2026-09-04,22,7.888,GOOD
15,2026-09-04,23,8.687,GOOD
15,2026-09-04,24,7.716,GOOD
15,2026-09-05,1,13.257,GOOD
15,2026-09-05,2,21.159,GOOD
15,2026-09-05,3,20.873,GOOD
15,2026-09-05,4,13.023,GOOD
15,2026-09-05,5,7.483,GOOD
15,2026-09-05,6,5.406,GOOD
15,2026-09-05,7,3.04,GOOD
15,2026-09-05,8,3.021,GOOD
15,2026-09-05,9,7.102,GOOD
15,2026-09-05,10,3.839,GOOD
15,2026-09-05,11,2.534,GOOD
15,2026-09-05,12,4.644,GOOD
15,2026-09-05,13,7.364,GOOD
15,2026-09-05,14,8.069,GOOD
15,2026-09-05,15,6.086,GOOD
15,2026-09-05,16,3.505,GOOD
15,2026-09-05,17,8.618,GOOD
15,2026-09-05,18,-0.793,GOOD
15,2026-09-05,19,3.333,GOOD
15,2026-09-05,20,2.522,GOOD
15,2026-09-05,21,5.349,GOOD
15,2026-09-05,22,5.039,GOOD
15,2026-09-05,23,6.283,GOOD
15,2026-09-05,24,6.328,GOOD
15,2026-09-06,1,3.138,GOOD
15,2026-09-06,2,4.266,GOOD
15,2026-09-06,3,3.489,GOOD
15,2026-09-06,4,2.592,GOOD
15,2026-09-06,5,0.018,GOOD
15,2026-09-06,6,-3.757,GOOD
15,2026-09-06,7,0.227,GOOD
15,2026-09-06,8,4.078,GOOD
15,2026-09-06,9,1.51,GOOD
15,2026-09-06,10,-0.335,GOOD
15,2026-09-06,11,0.293,GOOD
15,2026-09-06,12,2.028,GOOD
15,2026-09-06,13,2.978,GOOD
15,2026-09-06,14,2.255,GOOD
15,2026-09-06,15,1.523,GOOD
15,2026-09-06,16,2.18,GOOD
15,2026-09-06,17,4.062,GOOD
15,2026-09-06,18,2.485,GOOD
15,2026-09-06,19,4.899,GOOD
15,2026-09-06,20,3.731,GOOD
15,2026-09-06,21,3.479,GOOD
15,2026-09-06,22,1.664,GOOD
15,2026-09-06,23,4.759,GOOD
15,2026-09-06,24,3.744,GOOD
15,2026-09-07,1,6.555,GOOD
15,2026-09-07,2,7.341,GOOD
15,2026-09-07,3,4.969,GOOD
15,2026-09-07,4,5.558,GOOD
15,2026-09-07,5,1.958,GOOD
15,2026-09-07,6,0.111,GOOD
15,2026-09-07,7,1.431,GOOD
15,2026-09-07,8,4.185,GOOD
15,2026-09-07,9,8.037,GOOD
15,2026-09-07,10,7.548,GOOD
15,2026-09-07,11,3.553,GOOD
15,2026-09-07,12,3.011,GOOD
15,2026-09-07,13,4.432,GOOD
15,2026-09-07,14,4.498,GOOD
15,2026-09-07,15,4.231,GOOD
15,2026-09-07,16,4.994,GOOD
15,2026-09-07,17,,
15,2026-09-07,18,,
15,2026-09-07,19,,
15,2026-09-07,20,,
15,2026-09-07,21,,
15,2026-09-07,22,,
15,2026-09-07,23,,
15,2026-09-07,24,,
15,2026-09-08,1,,
15,2026-09-08,2,,
15,2026-09-08,3,,
15,2026-09-08,4,,
15,2026-09-08,5,,
15,2026-09-08,6,,
15,2026-09-08,7,,
15,2026-09-08,8,,
15,2026-09-08,9,,
15,2026-09-08,10,,
15,2026-09-08,11,,
15,2026-09-08,12,,
15,2026-09-08,13,,
15,2026-09-08,14,,
15,2026-09-08,15,,
15,2026-09-08,16,,
15,2026-09-08,17,,
15,2026-09-08,18,,
15,2026-09-08,19,,
15,2026-09-08,20,,
15,2026-09-08,21,,
15,2026-09-08,22,,
15,2026-09-08,23,,
15,2026-09-08,24,,
15,2026-09-09,1,,
15,2026-09-09,2,,
15,2026-09-09,3,,
15,2026-09-09,4,,
15,2026-09-09,5,,
15,2026-09-09,6,,
15,2026-09-09,7,,
15,2026-09-09,8,,
15,2026-09-09,9,,
15,2026-09-09,10,,
15,2026-09-09,11,,
15,2026-09-09,12,,
15,2026-09-09,13,,
15,2026-09-09,14,,
15,2026-09-09,15,,
15,2026-09-09,16,,
15,2026-09-09,17,,
15,2026-09-09,18,,
15,2026-09-09,19,,
15,2026-09-09,20,,
15,2026-09-09,21,,
15,2026-09-09,22,,
15,2026-09-09,23,,
15,2026-09-09,24,,
15,2026-09-10,1,,
15,2026-09-10,2,,
15,2026-09-10,3,,
15,2026-09-10,4,,
15,2026-09-10,5,,
15,2026-09-10,6,,
15,2026-09-10,7,,
15,2026-09-10,8,,
15,2026-09-10,9,,
15,2026-09-10,10,,
15,2026-09-10,11,,
15,2026-09-10,12,,
15,2026-09-10,13,,
15,2026-09-10,14,,
15,2026-09-10,15,,
15,2026-09-10,16,,
15,2026-09-10,17,,
15,2026-09-10,18,,
15,2026-09-10,19,,
15,2026-09-10,20,,
15,2026-09-10,21,,
15,2026-09-10,22,,
15,2026-09-10,23,,
15,2026-09-10,24,,
15,2026-09-11,1,,
15,2026-09-11,2,,
15,2026-09-11,3,,
15,2026-09-11,4,,
15,2026-09-11,5,,
15,2026-09-11,6,,
15,2026-09-11,7,,
15,2026-09-11,8,,
15,2026-09-11,9,,
15,2026-09-11,10,,
15,2026-09-11,11,,
15,2026-09-11,12,,
15,2026-09-11,13,,
15,2026-09-11,14,,
15,2026-09-11,15,,
15,2026-09-11,16,,
15,2026-09-11,17,,
15,2026-09-11,18,,
15,2026-09-11,19,,
15,2026-09-11,20,,
15,2026-09-11,21,,
15,2026-09-11,22,,
15,2026-09-11,23,,
15,2026-09-11,24,,
15,2026-09-12,1,,
15,2026-09-12,2,,
15,2026-09-12,3,,
15,2026-09-12,4,,
15,2026-09-12,5,,
15,2026-09-12,6,,
15,2026-09-12,7,,
15,2026-09-12,8,,
15,2026-09-12,9,,
15,2026-09-12,10,,
15,2026-09-12,11,,
15,2026-09-12,12,,
15,2026-09-12,13,,
15,2026-09-12,14,,
15,2026-09-12,15,,
15,2026-09-12,16,,
15,2026-09-12,17,,
15,2026-09-12,18,,
15,2026-09-12,19,,
15,2026-09-12,20,,
15,2026-09-12,21,,
15,2026-09-12,22,,
15,2026-09-12,23,,
15,2026-09-12,24,,
15,2026-09-13,1,,
15,2026-09-13,2,,
15,2026-09-13,3,,
15,2026-09-13,4,,
15,2026-09-13,5,,
15,2026-09-13,6,,
15,2026-09-13,7,,
15,2026-09-13,8,,
15,2026-09-13,9,,
15,2026-09-13,10,,
15,2026-09-13,11,,
15,2026-09-13,12,,
15,2026-09-13,13,,
15,2026-09-13,14,,
15,2026-09-13,15,,
15,2026-09-13,16,,
15,2026-09-13,17,,
15,2026-09-13,18,,
15,2026-09-13,19,,
15,2026-09-13,20,,
15,2026-09-13,21,,
15,2026-09-13,22,,
15,2026-09-13,23,,
15,2026-09-13,24,,
15,2026-09-14,1,,
15,2026-09-14,2,,
15,2026-09-14,3,,
15,2026-09-14,4,,
15,2026-09-14,5,,
15,2026-09-14,6,,
15,2026-09-14,7,,
15,2026-09-14,8,,
15,2026-09-14,9,,
15,2026-09-14,10,,
15,2026-09-14,11,,
15,2026-09-14,12,,
15,2026-09-14,13,,
15,2026-09-14,14,,
15,2026-09-14,15,,
15,2026-09-14,16,,
15,2026-09-14,17,,
15,2026-09-14,18,,
15,2026-09-14,19,,
15,2026-09-14,20,,
15,2026-09-14,21,,
15,2026-09-14,22,,
15,2026-09-14,23,,
15,2026-09-14,24,,
15,2026-09-15,1,,
15,2026-09-15,2,,
15,2026-09-15,3,,
15,2026-09-15,4,,
15,2026-09-15,5,,
15,2026-09-15,6,,
15,2026-09-15,7,,
15,2026-09-15,8,,
15,2026-09-15,9,,
15,2026-09-15,10,,
15,2026-09-15,11,,
15,2026-09-15,12,,
15,2026-09-15,13,,
15,2026-09-15,14,,
15,2026-09-15,15,,
15,2026-09-15,16,,
15,2026-09-15,17,,
15,2026-09-15,18,,
15,2026-09-15,19,-0.253,GOOD
15,2026-09-15,20,3.964,GOOD
15,2026-09-15,21,0.975,GOOD
15,2026-09-15,22,2.77,GOOD
15,2026-09-15,23,6.96,GOOD
15,2026-09-15,24,4.732,GOOD
15,2026-09-16,1,2.464,GOOD
15,2026-09-16,2,2.502,GOOD
15,2026-09-16,3,4.377,GOOD
15,2026-09-16,4,3.722,GOOD
15,2026-09-16,5,4.387,GOOD
15,2026-09-16,6,2.635,GOOD
15,2026-09-16,7,1.391,GOOD
15,2026-09-16,8,2.913,GOOD
15,2026-09-16,9,4.716,GOOD
15,2026-09-16,10,4.54,GOOD
15,2026-09-16,11,3.938,GOOD
15,2026-09-16,12,5.434,GOOD
15,2026-09-16,13,7.062,GOOD
15,2026-09-16,14,8.772,GOOD
15,2026-09-16,15,3.017,GOOD
15,2026-09-16,16,4.621,GOOD
15,2026-09-16,17,1.485,GOOD
15,2026-09-16,18,4.543,GOOD
15,2026-09-16,19,4.304,GOOD
15,2026-09-16,20,5.154,GOOD
15,2026-09-16,21,7.064,GOOD
15,2026-09-16,22,7.55,GOOD
15,2026-09-16,23,1.995,GOOD
15,2026-09-16,24,5.551,GOOD
15,2026-09-17,1,4.138,GOOD
15,2026-09-17,2,6.295,GOOD
15,2026-09-17,3,4.645,GOOD
15,2026-09-17,4,3.289,GOOD
15,2026-09-17,5,4.403,GOOD
15,2026-09-17,6,4.374,GOOD
15,2026-09-17,7,7.197,GOOD
15,2026-09-17,8,4.623,GOOD
15,2026-09-17,9,2.335,GOOD
15,2026-09-17,10,2.579,GOOD
15,2026-09-17,11,1.841,GOOD
15,2026-09-17,12,4.676,GOOD
15,2026-09-17,13,3.251,GOOD
15,2026-09-17,14,5.311,GOOD
15,2026-09-17,15,8.409,GOOD
15,2026-09-17,16,4.288,GOOD
15,2026-09-17,17,2.01,GOOD
15,2026-09-17,18,5.383,GOOD
15,2026-09-17,19,2.584,GOOD
15,2026-09-17,20,3.771,GOOD
15,2026-09-17,21,9.717,GOOD
15,2026-09-17,22,9.077,GOOD
15,2026-09-17,23,13.204,GOOD
15,2026-09-17,24,9.955,GOOD
15,2026-09-18,1,10.307,GOOD
15,2026-09-18,2,9.282,GOOD
15,2026-09-18,3,10.542,GOOD
15,2026-09-18,4,8.091,GOOD
15,2026-09-18,5,7.886,GOOD
15,2026-09-18,6,13.219,GOOD
15,2026-09-18,7,14.595,GOOD
15,2026-09-18,8,12.085,GOOD
15,2026-09-18,9,13.686,GOOD
15,2026-09-18,10,10.488,GOOD
15,2026-09-18,11,3.926,GOOD
15,2026-09-18,12,5.791,GOOD
15,2026-09-18,13,6.097,GOOD
15,2026-09-18,14,2.969,GOOD
15,2026-09-18,15,8.623,GOOD
15,2026-09-18,16,8.737,GOOD
15,2026-09-18,17,6.33,GOOD
15,2026-09-18,18,8.071,GOOD
15,2026-09-18,19,5.901,GOOD
15,2026-09-18,20,10.121,GOOD
15,2026-09-18,21,14.939,GOOD
15,2026-09-18,22,18.526,GOOD
15,2026-09-18,23,22.385,GOOD
15,2026-09-18,24,19.252,GOOD
15,2026-09-19,1,14.425,GOOD
15,2026-09-19,2,7.403,GOOD
15,2026-09-19,3,3.412,GOOD
15,2026-09-19,4,3.962,GOOD
15,2026-09-19,5,5.673,GOOD
15,2026-09-19,6,2.86,GOOD
15,2026-09-19,7,6.381,GOOD
15,2026-09-19,8,5.465,GOOD
15,2026-09-19,9,3.732,GOOD
15,2026-09-19,10,3.88,GOOD
15,2026-09-19,11,3.75,GOOD
15,2026-09-19,12,2.635,GOOD
15,2026-09-19,13,5.461,GOOD
15,2026-09-19,14,6.6,GOOD
15,2026-09-19,15,4.729,GOOD
15,2026-09-19,16,5.322,GOOD
15,2026-09-19,17,4.683,GOOD
15,2026-09-19,18,5.856,GOOD
15,2026-09-19,19,4.88,GOOD
15,2026-09-19,20,7.636,GOOD
15,2026-09-19,21,5.194,GOOD
15,2026-09-19,22,1.621,GOOD
15,2026-09-19,23,3.981,GOOD
15,2026-09-19,24,2.115,GOOD
15,2026-09-20,1,4.512,GOOD
15,2026-09-20,2,2.202,GOOD
15,2026-09-20,3,3.592,GOOD
15,2026-09-20,4,3.251,GOOD
15,2026-09-20,5,5.233,GOOD
15,2026-09-20,6,7.105,GOOD
15,2026-09-20,7,6.413,GOOD
15,2026-09-20,8,10.934,GOOD
15,2026-09-20,9,7.859,GOOD
15,2026-09-20,10,6.44,GOOD
15,2026-09-20,11,3.904,GOOD
15,2026-09-20,12,6.851,GOOD
15,2026-09-20,13,5.871,GOOD
15,2026-09-20,14,3.533,GOOD
15,2026-09-20,15,5.305,GOOD
15,2026-09-20,16,6.832,GOOD
15,2026-09-20,17,8.1,GOOD
15,2026-09-20,18,9.585,GOOD
15,2026-09-20,19,8.128,GOOD
15,2026-09-20,20,5.067,GOOD
15,2026-09-20,21,3.826,GOOD
15,2026-09-20,22,7.059,GOOD
15,2026-09-20,23,6.029,GOOD
15,2026-09-20,24,6.856,GOOD
15,2026-09-21,1,6.07,GOOD
15,2026-09-21,2,7.966,GOOD
15,2026-09-21,3,7.547,GOOD
15,2026-09-21,4,5.181,GOOD
15,2026-09-21,5,3.615,GOOD
15,2026-09-21,6,4.16,GOOD
15,2026-09-21,7,4.387,GOOD
15,2026-09-21,8,7.349,GOOD
15,2026-09-21,9,5.971,GOOD
15,2026-09-21,10,6.545,GOOD
15,2026-09-21,11,,
15,2026-09-21,12,,
15,2026-09-21,13,,
15,2026-09-21,14,,
15,2026-09-21,15,,
15,2026-09-21,16,,
15,2026-09-21,17,,
15,2026-09-21,18,3.078,GOOD
15,2026-09-21,19,6.357,GOOD
15,2026-09-21,20,5.489,GOOD
15,2026-09-21,21,7.129,GOOD
15,2026-09-21,22,3.24,GOOD
15,2026-09-21,23,4.595,GOOD
15,2026-09-21,24,3.763,GOOD
15,2026-09-22,1,5.478,GOOD
15,2026-09-22,2,4.433,GOOD
15,2026-09-22,3,3.479,GOOD
15,2026-09-22,4,3.439,GOOD
15,2026-09-22,5,4.063,GOOD
15,2026-09-22,6,2.399,GOOD
15,2026-09-22,7,5.593,GOOD
15,2026-09-22,8,5.824,GOOD
15,2026-09-22,9,4.833,GOOD
15,2026-09-22,10,4.999,GOOD
15,2026-09-22,11,2.365,GOOD
15,2026-09-22,12,1.692,GOOD
15,2026-09-22,13,3.649,GOOD
15,2026-09-22,14,4.328,GOOD
15,2026-09-22,15,3.761,GOOD
15,2026-09-22,16,1.577,GOOD
15,2026-09-22,17,0.277,GOOD
15,2026-09-22,18,0.434,GOOD
15,2026-09-22,19,1.753,GOOD
15,2026-09-22,20,3.76,GOOD
15,2026-09-22,21,1.206,GOOD
15,2026-09-22,22,2.359,GOOD
15,2026-09-22,23,0.885,GOOD
15,2026-09-22,24,0.265,GOOD
15,2026-09-23,1,1.003,GOOD
15,2026-09-23,2,2.955,GOOD
15,2026-09-23,3,7.132,GOOD
15,2026-09-23,4,8.343,GOOD
15,2026-09-23,5,6.749,GOOD
15,2026-09-23,6,5.572,GOOD
15,2026-09-23,7,6.03,GOOD
15,2026-09-23,8,8.487,GOOD
15,2026-09-23,9,9.447,GOOD
15,2026-09-23,10,3.467,GOOD
15,2026-09-23,11,4.797,GOOD
15,2026-09-23,12,4.949,GOOD
15,2026-09-23,13,2.035,GOOD
15,2026-09-23,14,3.053,GOOD
15,2026-09-23,15,6.258,GOOD
15,2026-09-23,16,4.258,GOOD
15,2026-09-23,17,6.127,GOOD
15,2026-09-23,18,6.77,GOOD
15,2026-09-23,19,4.46,GOOD
15,2026-09-23,20,6.942,GOOD
15,2026-09-23,21,4.889,GOOD
15,2026-09-23,22,6.486,GOOD
15,2026-09-23,23,8.302,GOOD
15,2026-09-23,24,8.8,GOOD
15,2026-09-24,1,7.231,GOOD
15,2026-09-24,2,6.172,GOOD
15,2026-09-24,3,5.883,GOOD
15,2026-09-24,4,8.769,GOOD
15,2026-09-24,5,6.454,GOOD
15,2026-09-24,6,8.666,GOOD
15,2026-09-24,7,8.678,GOOD
15,2026-09-24,8,11.367,GOOD
15,2026-09-24,9,12.839,GOOD
15,2026-09-24,10,14.695,GOOD
15,2026-09-24,11,15.835,GOOD
15,2026-09-24,12,13.423,GOOD
15,2026-09-24,13,14.431,GOOD
15,2026-09-24,14,11.022,GOOD
15,2026-09-24,15,7.372,GOOD
15,2026-09-24,16,6.292,GOOD
15,2026-09-24,17,5.369,GOOD
15,2026-09-24,18,6.492,GOOD
15,2026-09-24,19,3.049,GOOD
15,2026-09-24,20,6.454,GOOD
15,2026-09-24,21,6.83,GOOD
15,2026-09-24,22,3.293,GOOD
15,2026-09-24,23,4.446,GOOD
15,2026-09-24,24,3.541,GOOD
15,2026-09-25,1,3.283,GOOD
15,2026-09-25,2,1.614,GOOD
15,2026-09-25,3,1.919,GOOD
15,2026-09-25,4,3.27,GOOD
15,2026-09-25,5,2.955,GOOD
15,2026-09-25,6,2,GOOD
15,2026-09-25,7,3.781,GOOD
15,2026-09-25,8,5.337,GOOD
15,2026-09-25,9,4.137,GOOD
15,2026-09-25,10,6.373,GOOD
15,2026-09-25,11,7.493,GOOD
15,2026-09-25,12,7.833,GOOD
15,2026-09-25,13,11.499,GOOD
15,2026-09-25,14,13.516,GOOD
15,2026-09-25,15,9.93,GOOD
15,2026-09-25,16,8.921,GOOD
15,2026-09-25,17,9.769,GOOD
15,2026-09-25,18,13.628,GOOD
15,2026-09-25,19,6.833,GOOD
15,2026-09-25,20,7.576,GOOD
15,2026-09-25,21,8.202,GOOD
15,2026-09-25,22,7.637,GOOD
15,2026-09-25,23,6.541,GOOD
15,2026-09-25,24,6.902,GOOD
15,2026-09-26,1,8.81,GOOD
15,2026-09-26,2,12.066,GOOD
15,2026-09-26,3,8.124,GOOD
15,2026-09-26,4,8.694,GOOD
15,2026-09-26,5,8.458,GOOD
15,2026-09-26,6,10.189,GOOD
15,2026-09-26,7,14.082,GOOD
15,2026-09-26,8,13.057,GOOD
15,2026-09-26,9,15.87,GOOD
15,2026-09-26,10,15.432,GOOD
15,2026-09-26,11,10.97,GOOD
15,2026-09-26,12,10.796,GOOD
15,2026-09-26,13,10.135,GOOD
15,2026-09-26,14,14.643,GOOD
15,2026-09-26,15,12.562,GOOD
15,2026-09-26,16,12.848,GOOD
15,2026-09-26,17,13.454,GOOD
15,2026-09-26,18,9.288,GOOD
15,2026-09-26,19,14.085,GOOD
15,2026-09-26,20,16.052,GOOD
15,2026-09-26,21,9.758,GOOD
15,2026-09-26,22,8.017,GOOD
15,2026-09-26,23,5.548,GOOD
15,2026-09-26,24,5.107,GOOD
15,2026-09-27,1,2.888,GOOD
15,2026-09-27,2,2.844,GOOD
15,2026-09-27,3,3.841,GOOD
15,2026-09-27,4,6.066,GOOD
15,2026-09-27,5,2.224,GOOD
15,2026-09-27,6,0.361,GOOD
15,2026-09-27,7,0.11,GOOD
15,2026-09-27,8,3.331,GOOD
15,2026-09-27,9,1.415,GOOD
15,2026-09-27,10,2.884,GOOD
15,2026-09-27,11,2.531,GOOD
15,2026-09-27,12,-0.741,GOOD
15,2026-09-27,13,1.292,GOOD
15,2026-09-27,14,-1.684,GOOD
15,2026-09-27,15,-0.88,GOOD
15,2026-09-27,16,2.129,GOOD
15,2026-09-27,17,3.133,GOOD
15,2026-09-27,18,3.583,GOOD
15,2026-09-27,19,-0.158,GOOD
15,2026-09-27,20,1.027,GOOD
15,2026-09-27,21,3.57,GOOD
15,2026-09-27,22,4.597,GOOD
15,2026-09-27,23,0.947,GOOD
15,2026-09-27,24,4.124,GOOD
15,2026-09-28,1,5.202,GOOD
15,2026-09-28,2,-1.089,GOOD
15,2026-09-28,3,0.158,GOOD
15,2026-09-28,4,3.389,GOOD
15,2026-09-28,5,3.347,GOOD
15,2026-09-28,6,2.753,GOOD
15,2026-09-28,7,1.808,GOOD
15,2026-09-28,8,3.4,GOOD
15,2026-09-28,9,1.675,GOOD
15,2026-09-28,10,1.421,GOOD
15,2026-09-28,11,1.532,GOOD
15,2026-09-28,12,-0.795,GOOD
15,2026-09-28,13,4.175,GOOD
15,2026-09-28,14,3.3,GOOD
15,2026-09-28,15,0.628,GOOD
15,2026-09-28,16,0.962,GOOD
15,2026-09-28,17,2.605,GOOD
15,2026-09-28,18,1.807,GOOD
15,2026-09-28,19,1.138,GOOD
15,2026-09-28,20,3.121,GOOD
15,2026-09-28,21,2.63,GOOD
15,2026-09-28,22,3.078,GOOD
15,2026-09-28,23,4.979,GOOD
15,2026-09-28,24,1.986,GOOD
15,2026-09-29,1,4.542,GOOD
15,2026-09-29,2,5.093,GOOD
15,2026-09-29,3,2.126,GOOD
15,2026-09-29,4,4.213,GOOD
15,2026-09-29,5,1.156,GOOD
15,2026-09-29,6,3.364,GOOD
15,2026-09-29,7,3.597,GOOD
15,2026-09-29,8,5.036,GOOD
15,2026-09-29,9,4.567,GOOD
15,2026-09-29,10,2.426,GOOD
15,2026-09-29,11,2.398,GOOD
15,2026-09-29,12,1.707,GOOD
15,2026-09-29,13,3.335,GOOD
15,2026-09-29,14,0.2,GOOD
15,2026-09-29,15,2.822,GOOD
15,2026-09-29,16,3.409,GOOD
15,2026-09-29,17,0.303,GOOD
15,2026-09-29,18,0.971,GOOD
15,2026-09-29,19,-0.038,GOOD
15,2026-09-29,20,1.528,GOOD
15,2026-09-29,21,-0.286,GOOD
15,2026-09-29,22,0.097,GOOD
15,2026-09-29,23,-0.016,GOOD
15,2026-09-29,24,5.246,GOOD
15,2026-09-30,1,3.938,GOOD
15,2026-09-30,2,4.375,GOOD
15,2026-09-30,3,2.907,GOOD
15,2026-09-30,4,3.52,GOOD
15,2026-09-30,5,5.168,GOOD
15,2026-09-30,6,3.31,GOOD
15,2026-09-30,7,3.485,GOOD
15,2026-09-30,8,7.639,GOOD
15,2026-09-30,9,6.918,GOOD
15,2026-09-30,10,5.727,GOOD
15,2026-09-30,11,7.127,GOOD
15,2026-09-30,12,5.52,GOOD
15,2026-09-30,13,4.358,GOOD
15,2026-09-30,14,5.162,GOOD
15,2026-09-30,15,7.189,GOOD
15,2026-09-30,16,7.361,GOOD
15,2026-09-30,17,6.641,GOOD
15,2026-09-30,18,4.757,GOOD
15,2026-09-30,19,4.643,GOOD
15,2026-09-30,20,4.828,GOOD
15,2026-09-30,21,2.661,GOOD
15,2026-09-30,22,4.447,GOOD
15,2026-09-30,23,7.349,GOOD
15,2026-09-30,24,6.606,GOOD
62,2026-09-01,1,6.484,GOOD
62,2026-09-01,2,7.213,GOOD
62,2026-09-01,3,6.527,GOOD
62,2026-09-01,4,11.361,GOOD
62,2026-09-01,5,13.697,GOOD
62,2026-09-01,6,9.677,GOOD
62,2026-09-01,7,19.314,GOOD
62,2026-09-01,8,21.647,GOOD
62,2026-09-01,9,21.546,GOOD
62,2026-09-01,10,20.594,GOOD
62,2026-09-01,11,9.302,GOOD
62,2026-09-01,12,9.82,GOOD
62,2026-09-01,13,11.406,GOOD
62,2026-09-01,14,12.829,GOOD
62,2026-09-01,15,17.245,GOOD
62,2026-09-01,16,22.907,GOOD
62,2026-09-01,17,20.075,GOOD
62,2026-09-01,18,17.063,GOOD
62,2026-09-01,19,13.825,GOOD
62,2026-09-01,20,9.447,GOOD
62,2026-09-01,21,8.114,GOOD
62,2026-09-01,22,7.715,GOOD
62,2026-09-01,23,7.038,GOOD
62,2026-09-01,24,5.457,GOOD
62,2026-09-02,1,8.84,GOOD
62,2026-09-02,2,5.794,GOOD
62,2026-09-02,3,5.818,GOOD
62,2026-09-02,4,4.722,GOOD
62,2026-09-02,5,3.562,GOOD
62,2026-09-02,6,7.541,GOOD
62,2026-09-02,7,5.234,GOOD
62,2026-09-02,8,5.038,GOOD
62,2026-09-02,9,7.927,GOOD
62,2026-09-02,10,7.722,GOOD
62,2026-09-02,11,7.336,GOOD
62,2026-09-02,12,11.522,GOOD
62,2026-09-02,13,12.85,GOOD
62,2026-09-02,14,14.471,GOOD
62,2026-09-02,15,13.213,GOOD
62,2026-09-02,16,14.501,GOOD
62,2026-09-02,17,12.98,GOOD
62,2026-09-02,18,12.497,GOOD
62,2026-09-02,19,8.044,GOOD
62,2026-09-02,20,5.989,GOOD
62,2026-09-02,21,8.212,GOOD
62,2026-09-02,22,9.593,GOOD
62,2026-09-02,23,9.973,GOOD
62,2026-09-02,24,6.702,GOOD
62,2026-09-03,1,5.911,GOOD
62,2026-09-03,2,4.653,GOOD
62,2026-09-03,3,3.885,GOOD
62,2026-09-03,4,3.308,GOOD
62,2026-09-03,5,3.916,GOOD
62,2026-09-03,6,5.704,GOOD
62,2026-09-03,7,5.516,GOOD
62,2026-09-03,8,5.013,GOOD
62,2026-09-03,9,5.762,GOOD
62,2026-09-03,10,7.336,GOOD
62,2026-09-03,11,10.42,GOOD
62,2026-09-03,12,9.476,GOOD
62,2026-09-03,13,9.265,GOOD
62,2026-09-03,14,11.569,GOOD
62,2026-09-03,15,12.219,GOOD
62,2026-09-03,16,14.098,GOOD
62,2026-09-03,17,15.02,GOOD
62,2026-09-03,18,13.374,GOOD
62,2026-09-03,19,11.052,GOOD
62,2026-09-03,20,8.138,GOOD
62,2026-09-03,21,6.322,GOOD
62,2026-09-03,22,8.336,GOOD
62,2026-09-03,23,7.227,GOOD
62,2026-09-03,24,4.168,GOOD
62,2026-09-04,1,5.205,GOOD
62,2026-09-04,2,4.141,GOOD
62,2026-09-04,3,5.389,GOOD
62,2026-09-04,4,6.342,GOOD
62,2026-09-04,5,1.712,GOOD
62,2026-09-04,6,1.815,GOOD
62,2026-09-04,7,6.914,GOOD
62,2026-09-04,8,7.106,GOOD
62,2026-09-04,9,6.549,GOOD
62,2026-09-04,10,7.87,GOOD
62,2026-09-04,11,8.914,GOOD
62,2026-09-04,12,7.196,GOOD
62,2026-09-04,13,6.294,GOOD
62,2026-09-04,14,8.982,GOOD
62,2026-09-04,15,10.987,GOOD
62,2026-09-04,16,20.379,GOOD
62,2026-09-04,17,19.75,GOOD
62,2026-09-04,18,12.983,GOOD
62,2026-09-04,19,7.555,GOOD
62,2026-09-04,20,5.123,GOOD
62,2026-09-04,21,6.14,GOOD
62,2026-09-04,22,6.13,GOOD
62,2026-09-04,23,7.132,GOOD
62,2026-09-04,24,6.803,GOOD
62,2026-09-05,1,15.676,GOOD
62,2026-09-05,2,21.884,GOOD
62,2026-09-05,3,14.952,GOOD
62,2026-09-05,4,12.545,GOOD
62,2026-09-05,5,27.803,FAIR
62,2026-09-05,6,14.782,GOOD
62,2026-09-05,7,14.749,GOOD
62,2026-09-05,8,13.789,GOOD
62,2026-09-05,9,12.5,GOOD
62,2026-09-05,10,14.376,GOOD
62,2026-09-05,11,12.013,GOOD
62,2026-09-05,12,7.311,GOOD
62,2026-09-05,13,7.918,GOOD
62,2026-09-05,14,7.811,GOOD
62,2026-09-05,15,9.531,GOOD
62,2026-09-05,16,15.244,GOOD
62,2026-09-05,17,13.34,GOOD
62,2026-09-05,18,-3.151,GOOD
62,2026-09-05,19,5.749,GOOD
62,2026-09-05,20,6.899,GOOD
62,2026-09-05,21,7.41,GOOD
62,2026-09-05,22,6.52,GOOD
62,2026-09-05,23,5.22,GOOD
62,2026-09-05,24,7.516,GOOD
62,2026-09-06,1,4.852,GOOD
62,2026-09-06,2,5.288,GOOD
62,2026-09-06,3,4.568,GOOD
62,2026-09-06,4,4.688,GOOD
62,2026-09-06,5,2.03,GOOD
62,2026-09-06,6,9.269,GOOD
62,2026-09-06,7,3.9,GOOD
62,2026-09-06,8,-2.587,GOOD
62,2026-09-06,9,-0.018,GOOD
62,2026-09-06,10,-0.66,GOOD
62,2026-09-06,11,4.74,GOOD
62,2026-09-06,12,5.066,GOOD
62,2026-09-06,13,4.554,GOOD
62,2026-09-06,14,9.393,GOOD
62,2026-09-06,15,12.28,GOOD
62,2026-09-06,16,12.701,GOOD
62,2026-09-06,17,10.901,GOOD
62,2026-09-06,18,10.454,GOOD
62,2026-09-06,19,11.229,GOOD
62,2026-09-06,20,4.513,GOOD
62,2026-09-06,21,3.169,GOOD
62,2026-09-06,22,4.982,GOOD
62,2026-09-06,23,4.285,GOOD
62,2026-09-06,24,5.792,GOOD
62,2026-09-07,1,7.45,GOOD
62,2026-09-07,2,2.522,GOOD
62,2026-09-07,3,6.895,GOOD
62,2026-09-07,4,3.356,GOOD
62,2026-09-07,5,3.124,GOOD
62,2026-09-07,6,6.467,GOOD
62,2026-09-07,7,6.389,GOOD
62,2026-09-07,8,5.035,GOOD
62,2026-09-07,9,7.928,GOOD
62,2026-09-07,10,12.579,GOOD
62,2026-09-07,11,9.432,GOOD
62,2026-09-07,12,5.588,GOOD
62,2026-09-07,13,8.058,GOOD
62,2026-09-07,14,6.286,GOOD
62,2026-09-07,15,10.879,GOOD
62,2026-09-07,16,11.841,GOOD
62,2026-09-07,17,11.676,GOOD
62,2026-09-07,18,11.858,GOOD
62,2026-09-07,19,11.155,GOOD
62,2026-09-07,20,6.463,GOOD
62,2026-09-07,21,5.568,GOOD
62,2026-09-07,22,3.053,GOOD
62,2026-09-07,23,6.006,GOOD
62,2026-09-07,24,5.069,GOOD
62,2026-09-08,1,4.568,GOOD
62,2026-09-08,2,3.31,GOOD
62,2026-09-08,3,3.279,GOOD
62,2026-09-08,4,4.009,GOOD
62,2026-09-08,5,3.157,GOOD
62,2026-09-08,6,2.267,GOOD
62,2026-09-08,7,4.875,GOOD
62,2026-09-08,8,7.218,GOOD
62,2026-09-08,9,6.602,GOOD
62,2026-09-08,10,8.251,GOOD
62,2026-09-08,11,5.462,GOOD
62,2026-09-08,12,8.244,GOOD
62,2026-09-08,13,8.104,GOOD
62,2026-09-08,14,6.913,GOOD
62,2026-09-08,15,5.406,GOOD
62,2026-09-08,16,6.821,GOOD
62,2026-09-08,17,6.199,GOOD
62,2026-09-08,18,4.467,GOOD
62,2026-09-08,19,2.198,GOOD
62,2026-09-08,20,0.857,GOOD
62,2026-09-08,21,3.237,GOOD
62,2026-09-08,22,6.821,GOOD
62,2026-09-08,23,5.374,GOOD
62,2026-09-08,24,2.766,GOOD
62,2026-09-09,1,5.186,GOOD
62,2026-09-09,2,2.559,GOOD
62,2026-09-09,3,4.938,GOOD
62,2026-09-09,4,6.568,GOOD
62,2026-09-09,5,3.517,GOOD
62,2026-09-09,6,2.534,GOOD
62,2026-09-09,7,3.803,GOOD
62,2026-09-09,8,6.016,GOOD
62,2026-09-09,9,5.772,GOOD
62,2026-09-09,10,8.219,GOOD
62,2026-09-09,11,9.341,GOOD
62,2026-09-09,12,8.135,GOOD
62,2026-09-09,13,11,GOOD
62,2026-09-09,14,10.486,GOOD
62,2026-09-09,15,13.662,GOOD
62,2026-09-09,16,6.905,GOOD
62,2026-09-09,17,6.907,GOOD
62,2026-09-09,18,7.901,GOOD
62,2026-09-09,19,6.587,GOOD
62,2026-09-09,20,5.321,GOOD
62,2026-09-09,21,8.669,GOOD
62,2026-09-09,22,8.059,GOOD
62,2026-09-09,23,6.294,GOOD
62,2026-09-09,24,3.268,GOOD
62,2026-09-10,1,6.506,GOOD
62,2026-09-10,2,5.559,GOOD
62,2026-09-10,3,5.189,GOOD
62,2026-09-10,4,2.123,GOOD
62,2026-09-10,5,4.438,GOOD
62,2026-09-10,6,5.267,GOOD
62,2026-09-10,7,2.766,GOOD
62,2026-09-10,8,3.543,GOOD
62,2026-09-10,9,4.472,GOOD
62,2026-09-10,10,3.59,GOOD
62,2026-09-10,11,4.49,GOOD
62,2026-09-10,12,5.066,GOOD
62,2026-09-10,13,8.393,GOOD
62,2026-09-10,14,9.262,GOOD
62,2026-09-10,15,8.279,GOOD
62,2026-09-10,16,5.07,GOOD
62,2026-09-10,17,6.124,GOOD
62,2026-09-10,18,5.678,GOOD
62,2026-09-10,19,4.44,GOOD
62,2026-09-10,20,4.876,GOOD
62,2026-09-10,21,7.027,GOOD
62,2026-09-10,22,8.284,GOOD
62,2026-09-10,23,8.47,GOOD
62,2026-09-10,24,9.712,GOOD
62,2026-09-11,1,8.537,GOOD
62,2026-09-11,2,7.442,GOOD
62,2026-09-11,3,7.301,GOOD
62,2026-09-11,4,6.664,GOOD
62,2026-09-11,5,7.877,GOOD
62,2026-09-11,6,5.124,GOOD
62,2026-09-11,7,7.202,GOOD
62,2026-09-11,8,7.932,GOOD
62,2026-09-11,9,9.383,GOOD
62,2026-09-11,10,,
62,2026-09-11,11,3.19,GOOD
62,2026-09-11,12,10.611,GOOD
62,2026-09-11,13,9.326,GOOD
62,2026-09-11,14,8.714,GOOD
62,2026-09-11,15,11.691,GOOD
62,2026-09-11,16,10.99,GOOD
62,2026-09-11,17,12.831,GOOD
62,2026-09-11,18,15.572,GOOD
62,2026-09-11,19,8.56,GOOD
62,2026-09-11,20,8.726,GOOD
62,2026-09-11,21,6.432,GOOD
62,2026-09-11,22,7.618,GOOD
62,2026-09-11,23,8.385,GOOD
62,2026-09-11,24,13.885,GOOD
62,2026-09-12,1,19.561,GOOD
62,2026-09-12,2,43.557,FAIR
62,2026-09-12,3,72.105,POOR
62,2026-09-12,4,37.139,FAIR
62,2026-09-12,5,26.757,FAIR
62,2026-09-12,6,24.517,GOOD
62,2026-09-12,7,21.131,GOOD
62,2026-09-12,8,24.213,GOOD
62,2026-09-12,9,25.313,FAIR
62,2026-09-12,10,20.971,GOOD
62,2026-09-12,11,18.967,GOOD
62,2026-09-12,12,18.252,GOOD
62,2026-09-12,13,16.041,GOOD
62,2026-09-12,14,14.371,GOOD
62,2026-09-12,15,18.234,GOOD
62,2026-09-12,16,16.778,GOOD
62,2026-09-12,17,13.531,GOOD
62,2026-09-12,18,11.66,GOOD
62,2026-09-12,19,10.324,GOOD
62,2026-09-12,20,6.076,GOOD
62,2026-09-12,21,2.522,GOOD
62,2026-09-12,22,3.674,GOOD
62,2026-09-12,23,4.453,GOOD
62,2026-09-12,24,4.086,GOOD
62,2026-09-13,1,2.698,GOOD
62,2026-09-13,2,7.631,GOOD
62,2026-09-13,3,6.061,GOOD
62,2026-09-13,4,5.175,GOOD
62,2026-09-13,5,4.14,GOOD
62,2026-09-13,6,2.493,GOOD
62,2026-09-13,7,19.442,GOOD
62,2026-09-13,8,22.484,GOOD
62,2026-09-13,9,14.05,GOOD
62,2026-09-13,10,22.439,GOOD
62,2026-09-13,11,28.151,FAIR
62,2026-09-13,12,26.255,FAIR
62,2026-09-13,13,16.308,GOOD
62,2026-09-13,14,11.979,GOOD
62,2026-09-13,15,18.422,GOOD
62,2026-09-13,16,16.745,GOOD
62,2026-09-13,17,14.052,GOOD
62,2026-09-13,18,9.024,GOOD
62,2026-09-13,19,5.807,GOOD
62,2026-09-13,20,5.12,GOOD
62,2026-09-13,21,6.322,GOOD
62,2026-09-13,22,5.862,GOOD
62,2026-09-13,23,5.395,GOOD
62,2026-09-13,24,5.128,GOOD
62,2026-09-14,1,2.518,GOOD
62,2026-09-14,2,3.367,GOOD
62,2026-09-14,3,0.104,GOOD
62,2026-09-14,4,5.167,GOOD
62,2026-09-14,5,5.908,GOOD
62,2026-09-14,6,5.597,GOOD
62,2026-09-14,7,5.875,GOOD
62,2026-09-14,8,20.72,GOOD
62,2026-09-14,9,20.185,GOOD
62,2026-09-14,10,17.965,GOOD
62,2026-09-14,11,13.117,GOOD
62,2026-09-14,12,10.928,GOOD
62,2026-09-14,13,12.286,GOOD
62,2026-09-14,14,,
62,2026-09-14,15,,
62,2026-09-14,16,,
62,2026-09-14,17,13.677,GOOD
62,2026-09-14,18,18.563,GOOD
62,2026-09-14,19,18.541,GOOD
62,2026-09-14,20,13.293,GOOD
62,2026-09-14,21,9.196,GOOD
62,2026-09-14,22,7.235,GOOD
62,2026-09-14,23,9.261,GOOD
62,2026-09-14,24,12.209,GOOD
62,2026-09-15,1,13.304,GOOD
62,2026-09-15,2,13.802,GOOD
62,2026-09-15,3,9.795,GOOD
62,2026-09-15,4,7.522,GOOD
62,2026-09-15,5,7.4,GOOD
62,2026-09-15,6,5.902,GOOD
62,2026-09-15,7,8.228,GOOD
62,2026-09-15,8,11.065,GOOD
62,2026-09-15,9,11.84,GOOD
62,2026-09-15,10,17.437,GOOD
62,2026-09-15,11,12.462,GOOD
62,2026-09-15,12,13.369,GOOD
62,2026-09-15,13,14.625,GOOD
62,2026-09-15,14,19.873,GOOD
62,2026-09-15,15,19.48,GOOD
62,2026-09-15,16,18.902,GOOD
62,2026-09-15,17,18.823,GOOD
62,2026-09-15,18,16.811,GOOD
62,2026-09-15,19,10.598,GOOD
62,2026-09-15,20,9.323,GOOD
62,2026-09-15,21,9.589,GOOD
62,2026-09-15,22,4.087,GOOD
62,2026-09-15,23,4.34,GOOD
62,2026-09-15,24,4.583,GOOD
62,2026-09-16,1,0.479,GOOD
62,2026-09-16,2,4.332,GOOD
62,2026-09-16,3,4.198,GOOD
62,2026-09-16,4,3.108,GOOD
62,2026-09-16,5,2.642,GOOD
62,2026-09-16,6,2.955,GOOD
62,2026-09-16,7,5.08,GOOD
62,2026-09-16,8,3.351,GOOD
62,2026-09-16,9,2.402,GOOD
62,2026-09-16,10,1.222,GOOD
62,2026-09-16,11,6.606,GOOD
62,2026-09-16,12,8.543,GOOD
62,2026-09-16,13,8.579,GOOD
62,2026-09-16,14,6.004,GOOD
62,2026-09-16,15,8.904,GOOD
62,2026-09-16,16,4.711,GOOD
62,2026-09-16,17,5.413,GOOD
62,2026-09-16,18,5.127,GOOD
62,2026-09-16,19,6.616,GOOD
62,2026-09-16,20,5.539,GOOD
62,2026-09-16,21,5.698,GOOD
62,2026-09-16,22,6.109,GOOD
62,2026-09-16,23,3.439,GOOD
62,2026-09-16,24,7.042,GOOD
62,2026-09-17,1,4.154,GOOD
62,2026-09-17,2,6.141,GOOD
62,2026-09-17,3,3.111,GOOD
62,2026-09-17,4,6.641,GOOD
62,2026-09-17,5,1.841,GOOD
62,2026-09-17,6,4.019,GOOD
62,2026-09-17,7,3.771,GOOD
62,2026-09-17,8,5.498,GOOD
62,2026-09-17,9,3.825,GOOD
62,2026-09-17,10,4.43,GOOD
62,2026-09-17,11,7.018,GOOD
62,2026-09-17,12,9.398,GOOD
62,2026-09-17,13,8.685,GOOD
62,2026-09-17,14,10.779,GOOD
62,2026-09-17,15,15.588,GOOD
62,2026-09-17,16,14.645,GOOD
62,2026-09-17,17,13.313,GOOD
62,2026-09-17,18,12.685,GOOD
62,2026-09-17,19,7.295,GOOD
62,2026-09-17,20,4.461,GOOD
62,2026-09-17,21,3.365,GOOD
62,2026-09-17,22,4.789,GOOD
62,2026-09-17,23,6.33,GOOD
62,2026-09-17,24,5.845,GOOD
62,2026-09-18,1,4.019,GOOD
62,2026-09-18,2,5.498,GOOD
62,2026-09-18,3,5.276,GOOD
62,2026-09-18,4,4.071,GOOD
62,2026-09-18,5,8.285,GOOD
62,2026-09-18,6,5.433,GOOD
62,2026-09-18,7,6.715,GOOD
62,2026-09-18,8,9.491,GOOD
62,2026-09-18,9,8.618,GOOD
62,2026-09-18,10,10.031,GOOD
62,2026-09-18,11,12.161,GOOD
62,2026-09-18,12,12.053,GOOD
62,2026-09-18,13,15.279,GOOD
62,2026-09-18,14,17.722,GOOD
62,2026-09-18,15,18.927,GOOD
62,2026-09-18,16,15.914,GOOD
62,2026-09-18,17,14.121,GOOD
62,2026-09-18,18,13.689,GOOD
62,2026-09-18,19,7.268,GOOD
62,2026-09-18,20,10.075,GOOD
62,2026-09-18,21,10.618,GOOD
62,2026-09-18,22,13.976,GOOD
62,2026-09-18,23,15.609,GOOD
62,2026-09-18,24,10.875,GOOD
62,2026-09-19,1,7.588,GOOD
62,2026-09-19,2,9.308,GOOD
62,2026-09-19,3,6.77,GOOD
62,2026-09-19,4,5.855,GOOD
62,2026-09-19,5,7.165,GOOD
62,2026-09-19,6,1.767,GOOD
62,2026-09-19,7,4.194,GOOD
62,2026-09-19,8,4.093,GOOD
62,2026-09-19,9,10.059,GOOD
62,2026-09-19,10,7.37,GOOD
62,2026-09-19,11,8.132,GOOD
62,2026-09-19,12,10.698,GOOD
62,2026-09-19,13,12.701,GOOD
62,2026-09-19,14,11.587,GOOD
62,2026-09-19,15,20.714,GOOD
62,2026-09-19,16,21.185,GOOD
62,2026-09-19,17,18.908,GOOD
62,2026-09-19,18,17.678,GOOD
62,2026-09-19,19,15.498,GOOD
62,2026-09-19,20,13.555,GOOD
62,2026-09-19,21,11.002,GOOD
62,2026-09-19,22,7.727,GOOD
62,2026-09-19,23,4.217,GOOD
62,2026-09-19,24,5.193,GOOD
62,2026-09-20,1,4.661,GOOD
62,2026-09-20,2,5.441,GOOD
62,2026-09-20,3,6.332,GOOD
62,2026-09-20,4,5.811,GOOD
62,2026-09-20,5,3.218,GOOD
62,2026-09-20,6,4.522,GOOD
62,2026-09-20,7,5.481,GOOD
62,2026-09-20,8,6.68,GOOD
62,2026-09-20,9,9.541,GOOD
62,2026-09-20,10,11.797,GOOD
62,2026-09-20,11,10.723,GOOD
62,2026-09-20,12,12.97,GOOD
62,2026-09-20,13,14.282,GOOD
62,2026-09-20,14,26.404,FAIR
62,2026-09-20,15,21.693,GOOD
62,2026-09-20,16,21.367,GOOD
62,2026-09-20,17,20.439,GOOD
62,2026-09-20,18,17.817,GOOD
62,2026-09-20,19,14.037,GOOD
62,2026-09-20,20,13.408,GOOD
62,2026-09-20,21,10.745,GOOD
62,2026-09-20,22,8.568,GOOD
62,2026-09-20,23,7.478,GOOD
62,2026-09-20,24,4.157,GOOD
62,2026-09-21,1,6.767,GOOD
62,2026-09-21,2,6.867,GOOD
62,2026-09-21,3,4.701,GOOD
62,2026-09-21,4,5.636,GOOD
62,2026-09-21,5,5.948,GOOD
62,2026-09-21,6,4.35,GOOD
62,2026-09-21,7,6.767,GOOD
62,2026-09-21,8,6.308,GOOD
62,2026-09-21,9,11.049,GOOD
62,2026-09-21,10,14.095,GOOD
62,2026-09-21,11,15.039,GOOD
62,2026-09-21,12,18.726,GOOD
62,2026-09-21,13,22.787,GOOD
62,2026-09-21,14,20.594,GOOD
62,2026-09-21,15,19.921,GOOD
62,2026-09-21,16,15.271,GOOD
62,2026-09-21,17,9.969,GOOD
62,2026-09-21,18,5.595,GOOD
62,2026-09-21,19,7.42,GOOD
62,2026-09-21,20,6.987,GOOD
62,2026-09-21,21,6.133,GOOD
62,2026-09-21,22,8.125,GOOD
62,2026-09-21,23,3.074,GOOD
62,2026-09-21,24,6.867,GOOD
62,2026-09-22,1,5.701,GOOD
62,2026-09-22,2,4.925,GOOD
62,2026-09-22,3,7.004,GOOD
62,2026-09-22,4,6.075,GOOD
62,2026-09-22,5,4.345,GOOD
62,2026-09-22,6,6.903,GOOD
62,2026-09-22,7,3.993,GOOD
62,2026-09-22,8,3.786,GOOD
62,2026-09-22,9,4.169,GOOD
62,2026-09-22,10,3.154,GOOD
62,2026-09-22,11,3.794,GOOD
62,2026-09-22,12,3.588,GOOD
62,2026-09-22,13,2.685,GOOD
62,2026-09-22,14,2.981,GOOD
62,2026-09-22,15,2.021,GOOD
62,2026-09-22,16,1.913,GOOD
62,2026-09-22,17,1.946,GOOD
62,2026-09-22,18,-2.117,GOOD
62,2026-09-22,19,-0.676,GOOD
62,2026-09-22,20,-1.467,GOOD
62,2026-09-22,21,4.275,GOOD
62,2026-09-22,22,2.281,GOOD
62,2026-09-22,23,2.965,GOOD
62,2026-09-22,24,6.654,GOOD
62,2026-09-23,1,2.928,GOOD
62,2026-09-23,2,3.492,GOOD
62,2026-09-23,3,3.96,GOOD
62,2026-09-23,4,6.147,GOOD
62,2026-09-23,5,3.535,GOOD
62,2026-09-23,6,2.249,GOOD
62,2026-09-23,7,6.553,GOOD
62,2026-09-23,8,6.844,GOOD
62,2026-09-23,9,12.205,GOOD
62,2026-09-23,10,18.195,GOOD
62,2026-09-23,11,11.594,GOOD
62,2026-09-23,12,10.449,GOOD
62,2026-09-23,13,10.233,GOOD
62,2026-09-23,14,11.726,GOOD
62,2026-09-23,15,13.177,GOOD
62,2026-09-23,16,8.095,GOOD
62,2026-09-23,17,7.747,GOOD
62,2026-09-23,18,9.456,GOOD
62,2026-09-23,19,8.66,GOOD
62,2026-09-23,20,6.258,GOOD
62,2026-09-23,21,6.326,GOOD
62,2026-09-23,22,6.458,GOOD
62,2026-09-23,23,7.958,GOOD
62,2026-09-23,24,11.393,GOOD
62,2026-09-24,1,9.76,GOOD
62,2026-09-24,2,10.585,GOOD
62,2026-09-24,3,10.244,GOOD
62,2026-09-24,4,11.009,GOOD
62,2026-09-24,5,9.397,GOOD
62,2026-09-24,6,12.627,GOOD
62,2026-09-24,7,9.872,GOOD
62,2026-09-24,8,14.776,GOOD
62,2026-09-24,9,19.05,GOOD
62,2026-09-24,10,18.335,GOOD
62,2026-09-24,11,24.399,GOOD
62,2026-09-24,12,23.279,GOOD
62,2026-09-24,13,20.187,GOOD
62,2026-09-24,14,17.205,GOOD
62,2026-09-24,15,19.305,GOOD
62,2026-09-24,16,19.11,GOOD
62,2026-09-24,17,17.531,GOOD
62,2026-09-24,18,14.267,GOOD
62,2026-09-24,19,10.571,GOOD
62,2026-09-24,20,3.719,GOOD
62,2026-09-24,21,5.847,GOOD
62,2026-09-24,22,5.548,GOOD
62,2026-09-24,23,5.216,GOOD
62,2026-09-24,24,3.207,GOOD
62,2026-09-25,1,2.848,GOOD
62,2026-09-25,2,3.38,GOOD
62,2026-09-25,3,1.966,GOOD
62,2026-09-25,4,-0.525,GOOD
62,2026-09-25,5,3.182,GOOD
62,2026-09-25,6,0.627,GOOD
62,2026-09-25,7,1.038,GOOD
62,2026-09-25,8,4.616,GOOD
62,2026-09-25,9,7.802,GOOD
62,2026-09-25,10,11.932,GOOD
62,2026-09-25,11,15.58,GOOD
62,2026-09-25,12,16.987,GOOD
62,2026-09-25,13,17.909,GOOD
62,2026-09-25,14,19.745,GOOD
62,2026-09-25,15,24.866,GOOD
62,2026-09-25,16,21.882,GOOD
62,2026-09-25,17,19.683,GOOD
62,2026-09-25,18,24.646,GOOD
62,2026-09-25,19,12.766,GOOD
62,2026-09-25,20,9.934,GOOD
62,2026-09-25,21,10.797,GOOD
62,2026-09-25,22,11.998,GOOD
62,2026-09-25,23,9.086,GOOD
62,2026-09-25,24,9.121,GOOD
62,2026-09-26,1,11.622,GOOD
62,2026-09-26,2,6.377,GOOD
62,2026-09-26,3,8.188,GOOD
62,2026-09-26,4,10.472,GOOD
62,2026-09-26,5,14.142,GOOD
62,2026-09-26,6,9.699,GOOD
62,2026-09-26,7,12.561,GOOD
62,2026-09-26,8,14.39,GOOD
62,2026-09-26,9,17.712,GOOD
62,2026-09-26,10,15.904,GOOD
62,2026-09-26,11,19.11,GOOD
62,2026-09-26,12,25.617,FAIR
62,2026-09-26,13,32.439,FAIR
62,2026-09-26,14,32.511,FAIR
62,2026-09-26,15,30.55,FAIR
62,2026-09-26,16,29.869,FAIR
62,2026-09-26,17,28.358,FAIR
62,2026-09-26,18,26.996,FAIR
62,2026-09-26,19,24.456,GOOD
62,2026-09-26,20,17.083,GOOD
62,2026-09-26,21,14.004,GOOD
62,2026-09-26,22,6.907,GOOD
62,2026-09-26,23,2.566,GOOD
62,2026-09-26,24,4.9,GOOD
62,2026-09-27,1,6.586,GOOD
62,2026-09-27,2,2.515,GOOD
62,2026-09-27,3,3.65,GOOD
62,2026-09-27,4,1.259,GOOD
62,2026-09-27,5,4.017,GOOD
62,2026-09-27,6,3.836,GOOD
62,2026-09-27,7,1.914,GOOD
62,2026-09-27,8,2.613,GOOD
62,2026-09-27,9,3.56,GOOD
62,2026-09-27,10,3.472,GOOD
62,2026-09-27,11,1.747,GOOD
62,2026-09-27,12,0.482,GOOD
62,2026-09-27,13,-1.765,GOOD
62,2026-09-27,14,0.693,GOOD
62,2026-09-27,15,0.77,GOOD
62,2026-09-27,16,3.012,GOOD
62,2026-09-27,17,1.243,GOOD
62,2026-09-27,18,2.218,GOOD
62,2026-09-27,19,3.991,GOOD
62,2026-09-27,20,0.992,GOOD
62,2026-09-27,21,1.542,GOOD
62,2026-09-27,22,-1.649,GOOD
62,2026-09-27,23,2.708,GOOD
62,2026-09-27,24,7.647,GOOD
62,2026-09-28,1,1.147,GOOD
62,2026-09-28,2,0.855,GOOD
62,2026-09-28,3,0.395,GOOD
62,2026-09-28,4,2.524,GOOD
62,2026-09-28,5,4.364,GOOD
62,2026-09-28,6,3.906,GOOD
62,2026-09-28,7,5.952,GOOD
62,2026-09-28,8,7.545,GOOD
62,2026-09-28,9,6.321,GOOD
62,2026-09-28,10,6.924,GOOD
62,2026-09-28,11,3.485,GOOD
62,2026-09-28,12,3.841,GOOD
62,2026-09-28,13,3.46,GOOD
62,2026-09-28,14,4.544,GOOD
62,2026-09-28,15,3.38,GOOD
62,2026-09-28,16,3.39,GOOD
62,2026-09-28,17,5.151,GOOD
62,2026-09-28,18,3.87,GOOD
62,2026-09-28,19,5.982,GOOD
62,2026-09-28,20,4.233,GOOD
62,2026-09-28,21,6.495,GOOD
62,2026-09-28,22,4.096,GOOD
62,2026-09-28,23,3.75,GOOD
62,2026-09-28,24,5.618,GOOD
62,2026-09-29,1,4.711,GOOD
62,2026-09-29,2,3.494,GOOD
62,2026-09-29,3,6.333,GOOD
62,2026-09-29,4,5.432,GOOD
62,2026-09-29,5,3.968,GOOD
62,2026-09-29,6,9.774,GOOD
62,2026-09-29,7,8.506,GOOD
62,2026-09-29,8,6.203,GOOD
62,2026-09-29,9,4.595,GOOD
62,2026-09-29,10,6.343,GOOD
62,2026-09-29,11,4.115,GOOD
62,2026-09-29,12,4.406,GOOD
62,2026-09-29,13,4.795,GOOD
62,2026-09-29,14,10.79,GOOD
62,2026-09-29,15,13.242,GOOD
62,2026-09-29,16,13.48,GOOD
62,2026-09-29,17,13.258,GOOD
62,2026-09-29,18,10.914,GOOD
62,2026-09-29,19,5.875,GOOD
62,2026-09-29,20,4.242,GOOD
62,2026-09-29,21,-0.937,GOOD
62,2026-09-29,22,1.819,GOOD
62,2026-09-29,23,2.3,GOOD
62,2026-09-29,24,2.359,GOOD
62,2026-09-30,1,3.575,GOOD
62,2026-09-30,2,1.3,GOOD
62,2026-09-30,3,1.843,GOOD
62,2026-09-30,4,5.474,GOOD
62,2026-09-30,5,2.102,GOOD
62,2026-09-30,6,1.851,GOOD
62,2026-09-30,7,5.413,GOOD
62,2026-09-30,8,7.193,GOOD
62,2026-09-30,9,6.343,GOOD
62,2026-09-30,10,7.8,GOOD
62,2026-09-30,11,11.796,GOOD
62,2026-09-30,12,12.193,GOOD
62,2026-09-30,13,13.926,GOOD
62,2026-09-30,14,14.989,GOOD
62,2026-09-30,15,20.264,GOOD
62,2026-09-30,16,19.653,GOOD
62,2026-09-30,17,16.83,GOOD
62,2026-09-30,18,14.797,GOOD
62,2026-09-30,19,11.83,GOOD
62,2026-09-30,20,8.752,GOOD
62,2026-09-30,21,7.882,GOOD
62,2026-09-30,22,4.628,GOOD
62,2026-09-30,23,4.706,GOOD
62,2026-09-30,24,5.632,GOOD
264,2026-09-01,1,7.32,GOOD
264,2026-09-01,2,5.9,GOOD
264,2026-09-01,3,9.437,GOOD
264,2026-09-01,4,5.998,GOOD
264,2026-09-01,5,6.947,GOOD
264,2026-09-01,6,5.878,GOOD
264,2026-09-01,7,5.269,GOOD
264,2026-09-01,8,7.462,GOOD
264,2026-09-01,9,3.624,GOOD
264,2026-09-01,10,7.944,GOOD
264,2026-09-01,11,10.562,GOOD
264,2026-09-01,12,8.202,GOOD
264,2026-09-01,13,11.911,GOOD
264,2026-09-01,14,10.772,GOOD
264,2026-09-01,15,11.324,GOOD
264,2026-09-01,16,9.743,GOOD
264,2026-09-01,17,8.958,GOOD
264,2026-09-01,18,9.589,GOOD
264,2026-09-01,19,7.509,GOOD
264,2026-09-01,20,6.183,GOOD
264,2026-09-01,21,8.17,GOOD
264,2026-09-01,22,9.766,GOOD
264,2026-09-01,23,9.516,GOOD
264,2026-09-01,24,7.485,GOOD
264,2026-09-02,1,8.328,GOOD
264,2026-09-02,2,6.605,GOOD
264,2026-09-02,3,6.622,GOOD
264,2026-09-02,4,7.876,GOOD
264,2026-09-02,5,6.108,GOOD
264,2026-09-02,6,7.139,GOOD
264,2026-09-02,7,5.141,GOOD
264,2026-09-02,8,4.866,GOOD
264,2026-09-02,9,2.534,GOOD
264,2026-09-02,10,4.205,GOOD
264,2026-09-02,11,6.76,GOOD
264,2026-09-02,12,5.454,GOOD
264,2026-09-02,13,5.591,GOOD
264,2026-09-02,14,5.873,GOOD
264,2026-09-02,15,6.089,GOOD
264,2026-09-02,16,5.553,GOOD
264,2026-09-02,17,4.31,GOOD
264,2026-09-02,18,6.108,GOOD
264,2026-09-02,19,4.912,GOOD
264,2026-09-02,20,5.203,GOOD
264,2026-09-02,21,5.621,GOOD
264,2026-09-02,22,3.401,GOOD
264,2026-09-02,23,2.301,GOOD
264,2026-09-02,24,2.713,GOOD
264,2026-09-03,1,2.357,GOOD
264,2026-09-03,2,4.225,GOOD
264,2026-09-03,3,4.771,GOOD
264,2026-09-03,4,5.886,GOOD
264,2026-09-03,5,5.658,GOOD
264,2026-09-03,6,5.847,GOOD
264,2026-09-03,7,5.387,GOOD
264,2026-09-03,8,3.338,GOOD
264,2026-09-03,9,4.707,GOOD
264,2026-09-03,10,7.173,GOOD
264,2026-09-03,11,8.452,GOOD
264,2026-09-03,12,6.375,GOOD
264,2026-09-03,13,3.631,GOOD
264,2026-09-03,14,6.235,GOOD
264,2026-09-03,15,5.572,GOOD
264,2026-09-03,16,3.441,GOOD
264,2026-09-03,17,6.48,GOOD
264,2026-09-03,18,3.664,GOOD
264,2026-09-03,19,3.767,GOOD
264,2026-09-03,20,3.608,GOOD
264,2026-09-03,21,5.603,GOOD
264,2026-09-03,22,-0.225,GOOD
264,2026-09-03,23,0.6,GOOD
264,2026-09-03,24,1.139,GOOD
264,2026-09-04,1,5.469,GOOD
264,2026-09-04,2,3.096,GOOD
264,2026-09-04,3,0.579,GOOD
264,2026-09-04,4,2.829,GOOD
264,2026-09-04,5,6.031,GOOD
264,2026-09-04,6,4.717,GOOD
264,2026-09-04,7,2.552,GOOD
264,2026-09-04,8,4.029,GOOD
264,2026-09-04,9,3.128,GOOD
264,2026-09-04,10,1.985,GOOD
264,2026-09-04,11,3.067,GOOD
264,2026-09-04,12,4.05,GOOD
264,2026-09-04,13,2.101,GOOD
264,2026-09-04,14,2.816,GOOD
264,2026-09-04,15,1.868,GOOD
264,2026-09-04,16,6.816,GOOD
264,2026-09-04,17,5.137,GOOD
264,2026-09-04,18,3.315,GOOD
264,2026-09-04,19,7.67,GOOD
264,2026-09-04,20,8.87,GOOD
264,2026-09-04,21,7.569,GOOD
264,2026-09-04,22,5.65,GOOD
264,2026-09-04,23,7.555,GOOD
264,2026-09-04,24,8.132,GOOD
264,2026-09-05,1,7.293,GOOD
264,2026-09-05,2,10.277,GOOD
264,2026-09-05,3,6.876,GOOD
264,2026-09-05,4,8.199,GOOD
264,2026-09-05,5,4.517,GOOD
264,2026-09-05,6,9.184,GOOD
264,2026-09-05,7,4.309,GOOD
264,2026-09-05,8,2.604,GOOD
264,2026-09-05,9,2.698,GOOD
264,2026-09-05,10,1.144,GOOD
264,2026-09-05,11,4.138,GOOD
264,2026-09-05,12,4.17,GOOD
264,2026-09-05,13,3.028,GOOD
264,2026-09-05,14,8.272,GOOD
264,2026-09-05,15,9.27,GOOD
264,2026-09-05,16,8.676,GOOD
264,2026-09-05,17,6.322,GOOD
264,2026-09-05,18,5.99,GOOD
264,2026-09-05,19,5.545,GOOD
264,2026-09-05,20,5.453,GOOD
264,2026-09-05,21,3.296,GOOD
264,2026-09-05,22,2.679,GOOD
264,2026-09-05,23,1.575,GOOD
264,2026-09-05,24,3.041,GOOD
264,2026-09-06,1,3.572,GOOD
264,2026-09-06,2,3.66,GOOD
264,2026-09-06,3,2.318,GOOD
264,2026-09-06,4,3.891,GOOD
264,2026-09-06,5,5.536,GOOD
264,2026-09-06,6,6.084,GOOD
264,2026-09-06,7,-0.387,GOOD
264,2026-09-06,8,-0.554,GOOD
264,2026-09-06,9,0.251,GOOD
264,2026-09-06,10,-1.021,GOOD
264,2026-09-06,11,1.018,GOOD
264,2026-09-06,12,1.421,GOOD
264,2026-09-06,13,0.864,GOOD
264,2026-09-06,14,2.671,GOOD
264,2026-09-06,15,3.547,GOOD
264,2026-09-06,16,2.214,GOOD
264,2026-09-06,17,1.461,GOOD
264,2026-09-06,18,3.156,GOOD
264,2026-09-06,19,3.058,GOOD
264,2026-09-06,20,3.422,GOOD
264,2026-09-06,21,2.786,GOOD
264,2026-09-06,22,3.479,GOOD
264,2026-09-06,23,3.077,GOOD
264,2026-09-06,24,1.273,GOOD
264,2026-09-07,1,6.113,GOOD
264,2026-09-07,2,11.039,GOOD
264,2026-09-07,3,6.175,GOOD
264,2026-09-07,4,7.7,GOOD
264,2026-09-07,5,4.303,GOOD
264,2026-09-07,6,7.144,GOOD
264,2026-09-07,7,6.668,GOOD
264,2026-09-07,8,6.757,GOOD
264,2026-09-07,9,5.404,GOOD
264,2026-09-07,10,8.717,GOOD
264,2026-09-07,11,5.08,GOOD
264,2026-09-07,12,5.246,GOOD
264,2026-09-07,13,6.297,GOOD
264,2026-09-07,14,7.984,GOOD
264,2026-09-07,15,7.406,GOOD
264,2026-09-07,16,6.324,GOOD
264,2026-09-07,17,5.039,GOOD
264,2026-09-07,18,4.066,GOOD
264,2026-09-07,19,5.047,GOOD
264,2026-09-07,20,4.502,GOOD
264,2026-09-07,21,3.218,GOOD
264,2026-09-07,22,6.456,GOOD
264,2026-09-07,23,4.942,GOOD
264,2026-09-07,24,2.689,GOOD
264,2026-09-08,1,4.255,GOOD
264,2026-09-08,2,1.838,GOOD
264,2026-09-08,3,5.686,GOOD
264,2026-09-08,4,4.145,GOOD
264,2026-09-08,5,-0.428,GOOD
264,2026-09-08,6,5.259,GOOD
264,2026-09-08,7,0.184,GOOD
264,2026-09-08,8,2.86,GOOD
264,2026-09-08,9,0.663,GOOD
264,2026-09-08,10,4.725,GOOD
264,2026-09-08,11,2.471,GOOD
264,2026-09-08,12,2.295,GOOD
264,2026-09-08,13,1.882,GOOD
264,2026-09-08,14,4.224,GOOD
264,2026-09-08,15,4.96,GOOD
264,2026-09-08,16,5.627,GOOD
264,2026-09-08,17,5.036,GOOD
264,2026-09-08,18,5.555,GOOD
264,2026-09-08,19,4.225,GOOD
264,2026-09-08,20,4.296,GOOD
264,2026-09-08,21,6.821,GOOD
264,2026-09-08,22,7.024,GOOD
264,2026-09-08,23,2.694,GOOD
264,2026-09-08,24,1.393,GOOD
264,2026-09-09,1,1.515,GOOD
264,2026-09-09,2,1.967,GOOD
264,2026-09-09,3,1.585,GOOD
264,2026-09-09,4,0.702,GOOD
264,2026-09-09,5,3.091,GOOD
264,2026-09-09,6,1.528,GOOD
264,2026-09-09,7,0.803,GOOD
264,2026-09-09,8,3.631,GOOD
264,2026-09-09,9,5.763,GOOD
264,2026-09-09,10,5.636,GOOD
264,2026-09-09,11,5.715,GOOD
264,2026-09-09,12,3.356,GOOD
264,2026-09-09,13,4.544,GOOD
264,2026-09-09,14,7.322,GOOD
264,2026-09-09,15,8.688,GOOD
264,2026-09-09,16,8.289,GOOD
264,2026-09-09,17,6.468,GOOD
264,2026-09-09,18,7.863,GOOD
264,2026-09-09,19,7.027,GOOD
264,2026-09-09,20,6.467,GOOD
264,2026-09-09,21,3.121,GOOD
264,2026-09-09,22,6.292,GOOD
264,2026-09-09,23,5.921,GOOD
264,2026-09-09,24,6.438,GOOD
264,2026-09-10,1,3.431,GOOD
264,2026-09-10,2,3.412,GOOD
264,2026-09-10,3,4.287,GOOD
264,2026-09-10,4,3.663,GOOD
264,2026-09-10,5,5.374,GOOD
264,2026-09-10,6,4.118,GOOD
264,2026-09-10,7,3.959,GOOD
264,2026-09-10,8,4.816,GOOD
264,2026-09-10,9,3.844,GOOD
264,2026-09-10,10,2.786,GOOD
264,2026-09-10,11,8.63,GOOD
264,2026-09-10,12,6.871,GOOD
264,2026-09-10,13,6.669,GOOD
264,2026-09-10,14,,
264,2026-09-10,15,,
264,2026-09-10,16,5.208,GOOD
264,2026-09-10,17,5.862,GOOD
264,2026-09-10,18,5.386,GOOD
264,2026-09-10,19,4.736,GOOD
264,2026-09-10,20,7.81,GOOD
264,2026-09-10,21,5.593,GOOD
264,2026-09-10,22,3.438,GOOD
264,2026-09-10,23,4.771,GOOD
264,2026-09-10,24,4.222,GOOD
264,2026-09-11,1,5.214,GOOD
264,2026-09-11,2,3.665,GOOD
264,2026-09-11,3,5.31,GOOD
264,2026-09-11,4,7.615,GOOD
264,2026-09-11,5,6.315,GOOD
264,2026-09-11,6,6.439,GOOD
264,2026-09-11,7,6.141,GOOD
264,2026-09-11,8,4.374,GOOD
264,2026-09-11,9,5.333,GOOD
264,2026-09-11,10,7.325,GOOD
264,2026-09-11,11,6.383,GOOD
264,2026-09-11,12,3.786,GOOD
264,2026-09-11,13,4.305,GOOD
264,2026-09-11,14,7.728,GOOD
264,2026-09-11,15,5.692,GOOD
264,2026-09-11,16,3.66,GOOD
264,2026-09-11,17,4.434,GOOD
264,2026-09-11,18,8.343,GOOD
264,2026-09-11,19,8.397,GOOD
264,2026-09-11,20,7.814,GOOD
264,2026-09-11,21,7.171,GOOD
264,2026-09-11,22,9.312,GOOD
264,2026-09-11,23,7.063,GOOD
264,2026-09-11,24,11.984,GOOD
264,2026-09-12,1,10.106,GOOD
264,2026-09-12,2,7.173,GOOD
264,2026-09-12,3,7.763,GOOD
264,2026-09-12,4,3.953,GOOD
264,2026-09-12,5,7.49,GOOD
264,2026-09-12,6,7.419,GOOD
264,2026-09-12,7,5.297,GOOD
264,2026-09-12,8,4.913,GOOD
264,2026-09-12,9,5.313,GOOD
264,2026-09-12,10,10.185,GOOD
264,2026-09-12,11,8.746,GOOD
264,2026-09-12,12,8.343,GOOD
264,2026-09-12,13,10.723,GOOD
264,2026-09-12,14,7.728,GOOD
264,2026-09-12,15,5.495,GOOD
264,2026-09-12,16,5.279,GOOD
264,2026-09-12,17,9.849,GOOD
264,2026-09-12,18,27.591,FAIR
264,2026-09-12,19,25.998,FAIR
264,2026-09-12,20,20.197,GOOD
264,2026-09-12,21,9.844,GOOD
264,2026-09-12,22,6.036,GOOD
264,2026-09-12,23,4.645,GOOD
264,2026-09-12,24,4.368,GOOD
264,2026-09-13,1,3.972,GOOD
264,2026-09-13,2,6.712,GOOD
264,2026-09-13,3,4.949,GOOD
264,2026-09-13,4,4.005,GOOD
264,2026-09-13,5,3.071,GOOD
264,2026-09-13,6,1.89,GOOD
264,2026-09-13,7,-0.132,GOOD
264,2026-09-13,8,4.336,GOOD
264,2026-09-13,9,3.783,GOOD
264,2026-09-13,10,6.604,GOOD
264,2026-09-13,11,5.772,GOOD
264,2026-09-13,12,6.465,GOOD
264,2026-09-13,13,9.938,GOOD
264,2026-09-13,14,11.394,GOOD
264,2026-09-13,15,10.914,GOOD
264,2026-09-13,16,6.877,GOOD
264,2026-09-13,17,7.876,GOOD
264,2026-09-13,18,9.153,GOOD
264,2026-09-13,19,7.773,GOOD
264,2026-09-13,20,7.582,GOOD
264,2026-09-13,21,8.546,GOOD
264,2026-09-13,22,6.401,GOOD
264,2026-09-13,23,4.726,GOOD
264,2026-09-13,24,6.347,GOOD
264,2026-09-14,1,9,GOOD
264,2026-09-14,2,6.151,GOOD
264,2026-09-14,3,8.09,GOOD
264,2026-09-14,4,6.959,GOOD
264,2026-09-14,5,5.337,GOOD
264,2026-09-14,6,4.837,GOOD
264,2026-09-14,7,6.105,GOOD
264,2026-09-14,8,7.57,GOOD
264,2026-09-14,9,6.291,GOOD
264,2026-09-14,10,7.09,GOOD
264,2026-09-14,11,9.143,GOOD
264,2026-09-14,12,6.057,GOOD
264,2026-09-14,13,8.31,GOOD
264,2026-09-14,14,10.945,GOOD
264,2026-09-14,15,10.115,GOOD
264,2026-09-14,16,9.219,GOOD
264,2026-09-14,17,9.291,GOOD
264,2026-09-14,18,6.575,GOOD
264,2026-09-14,19,6.768,GOOD
264,2026-09-14,20,8.293,GOOD
264,2026-09-14,21,9.346,GOOD
264,2026-09-14,22,10.246,GOOD
264,2026-09-14,23,11.095,GOOD
264,2026-09-14,24,11.699,GOOD
264,2026-09-15,1,13.795,GOOD
264,2026-09-15,2,12.514,GOOD
264,2026-09-15,3,9.831,GOOD
264,2026-09-15,4,11.304,GOOD
264,2026-09-15,5,9.449,GOOD
264,2026-09-15,6,8.237,GOOD
264,2026-09-15,7,8.58,GOOD
264,2026-09-15,8,6.881,GOOD
264,2026-09-15,9,9.802,GOOD
264,2026-09-15,10,11.947,GOOD
264,2026-09-15,11,11.863,GOOD
264,2026-09-15,12,7.917,GOOD
264,2026-09-15,13,5.051,GOOD
264,2026-09-15,14,7.281,GOOD
264,2026-09-15,15,7.548,GOOD
264,2026-09-15,16,6.691,GOOD
264,2026-09-15,17,6.924,GOOD
264,2026-09-15,18,4.082,GOOD
264,2026-09-15,19,6.509,GOOD
264,2026-09-15,20,7.913,GOOD
264,2026-09-15,21,5.487,GOOD
264,2026-09-15,22,4.956,GOOD
264,2026-09-15,23,3.809,GOOD
264,2026-09-15,24,6.341,GOOD
264,2026-09-16,1,6.507,GOOD
264,2026-09-16,2,4.346,GOOD
264,2026-09-16,3,3.866,GOOD
264,2026-09-16,4,1.113,GOOD
264,2026-09-16,5,3.221,GOOD
264,2026-09-16,6,3.772,GOOD
264,2026-09-16,7,5.712,GOOD
264,2026-09-16,8,2.881,GOOD
264,2026-09-16,9,3.587,GOOD
264,2026-09-16,10,4.728,GOOD
264,2026-09-16,11,5.18,GOOD
264,2026-09-16,12,2.421,GOOD
264,2026-09-16,13,4.982,GOOD
264,2026-09-16,14,7.065,GOOD
264,2026-09-16,15,6.433,GOOD
264,2026-09-16,16,7.324,GOOD
264,2026-09-16,17,4.005,GOOD
264,2026-09-16,18,4.365,GOOD
264,2026-09-16,19,5.928,GOOD
264,2026-09-16,20,3.79,GOOD
264,2026-09-16,21,2.506,GOOD
264,2026-09-16,22,6.582,GOOD
264,2026-09-16,23,4.004,GOOD
264,2026-09-16,24,8.76,GOOD
264,2026-09-17,1,2.256,GOOD
264,2026-09-17,2,4.284,GOOD
264,2026-09-17,3,4.978,GOOD
264,2026-09-17,4,4.067,GOOD
264,2026-09-17,5,3.613,GOOD
264,2026-09-17,6,3.473,GOOD
264,2026-09-17,7,3.825,GOOD
264,2026-09-17,8,6.955,GOOD
264,2026-09-17,9,3.006,GOOD
264,2026-09-17,10,1.865,GOOD
264,2026-09-17,11,1.05,GOOD
264,2026-09-17,12,5.262,GOOD
264,2026-09-17,13,6.226,GOOD
264,2026-09-17,14,7.016,GOOD
264,2026-09-17,15,5.547,GOOD
264,2026-09-17,16,6.313,GOOD
264,2026-09-17,17,5.271,GOOD
264,2026-09-17,18,3.146,GOOD
264,2026-09-17,19,2.109,GOOD
264,2026-09-17,20,1.984,GOOD
264,2026-09-17,21,4.092,GOOD
264,2026-09-17,22,1.612,GOOD
264,2026-09-17,23,3.598,GOOD
264,2026-09-17,24,3.484,GOOD
264,2026-09-18,1,2.191,GOOD
264,2026-09-18,2,3.408,GOOD
264,2026-09-18,3,4.428,GOOD
264,2026-09-18,4,3.272,GOOD
264,2026-09-18,5,5.468,GOOD
264,2026-09-18,6,3.693,GOOD
264,2026-09-18,7,2.809,GOOD
264,2026-09-18,8,0.604,GOOD
264,2026-09-18,9,3.749,GOOD
264,2026-09-18,10,8.523,GOOD
264,2026-09-18,11,9.427,GOOD
264,2026-09-18,12,9.258,GOOD
264,2026-09-18,13,6.073,GOOD
264,2026-09-18,14,7.188,GOOD
264,2026-09-18,15,9.495,GOOD
264,2026-09-18,16,11.579,GOOD
264,2026-09-18,17,9.522,GOOD
264,2026-09-18,18,10.453,GOOD
264,2026-09-18,19,11.647,GOOD
264,2026-09-18,20,15.025,GOOD
264,2026-09-18,21,11.764,GOOD
264,2026-09-18,22,10.954,GOOD
264,2026-09-18,23,5.671,GOOD
264,2026-09-18,24,4.838,GOOD
264,2026-09-19,1,4.46,GOOD
264,2026-09-19,2,4.541,GOOD
264,2026-09-19,3,3.654,GOOD
264,2026-09-19,4,0.413,GOOD
264,2026-09-19,5,0.983,GOOD
264,2026-09-19,6,3.565,GOOD
264,2026-09-19,7,0.607,GOOD
264,2026-09-19,8,-0.347,GOOD
264,2026-09-19,9,5.559,GOOD
264,2026-09-19,10,7.989,GOOD
264,2026-09-19,11,5.816,GOOD
264,2026-09-19,12,-0.023,GOOD
264,2026-09-19,13,3.075,GOOD
264,2026-09-19,14,2.454,GOOD
264,2026-09-19,15,3.24,GOOD
264,2026-09-19,16,1.154,GOOD
264,2026-09-19,17,4.444,GOOD
264,2026-09-19,18,3.236,GOOD
264,2026-09-19,19,7.306,GOOD
264,2026-09-19,20,5.831,GOOD
264,2026-09-19,21,6.206,GOOD
264,2026-09-19,22,5.906,GOOD
264,2026-09-19,23,6.837,GOOD
264,2026-09-19,24,6.504,GOOD
264,2026-09-20,1,6.412,GOOD
264,2026-09-20,2,5.178,GOOD
264,2026-09-20,3,7.088,GOOD
264,2026-09-20,4,5.89,GOOD
264,2026-09-20,5,2.885,GOOD
264,2026-09-20,6,7.504,GOOD
264,2026-09-20,7,5.138,GOOD
264,2026-09-20,8,5.623,GOOD
264,2026-09-20,9,5.659,GOOD
264,2026-09-20,10,8.445,GOOD
264,2026-09-20,11,6.605,GOOD
264,2026-09-20,12,5.349,GOOD
264,2026-09-20,13,7.05,GOOD
264,2026-09-20,14,6.954,GOOD
264,2026-09-20,15,6.029,GOOD
264,2026-09-20,16,7.107,GOOD
264,2026-09-20,17,15.373,GOOD
264,2026-09-20,18,10.312,GOOD
264,2026-09-20,19,5.198,GOOD
264,2026-09-20,20,7.601,GOOD
264,2026-09-20,21,4.48,GOOD
264,2026-09-20,22,3.083,GOOD
264,2026-09-20,23,4.431,GOOD
264,2026-09-20,24,5.653,GOOD
264,2026-09-21,1,4.18,GOOD
264,2026-09-21,2,4.721,GOOD
264,2026-09-21,3,4.334,GOOD
264,2026-09-21,4,3.951,GOOD
264,2026-09-21,5,6.269,GOOD
264,2026-09-21,6,6.062,GOOD
264,2026-09-21,7,5.217,GOOD
264,2026-09-21,8,3.741,GOOD
264,2026-09-21,9,0.867,GOOD
264,2026-09-21,10,3.162,GOOD
264,2026-09-21,11,5.184,GOOD
264,2026-09-21,12,5.909,GOOD
264,2026-09-21,13,8.865,GOOD
264,2026-09-21,14,14.236,GOOD
264,2026-09-21,15,16.488,GOOD
264,2026-09-21,16,10.747,GOOD
264,2026-09-21,17,8.546,GOOD
264,2026-09-21,18,10.108,GOOD
264,2026-09-21,19,9.173,GOOD
264,2026-09-21,20,6.059,GOOD
264,2026-09-21,21,7.108,GOOD
264,2026-09-21,22,7.277,GOOD
264,2026-09-21,23,5.98,GOOD
264,2026-09-21,24,4.261,GOOD
264,2026-09-22,1,3.223,GOOD
264,2026-09-22,2,4.902,GOOD
264,2026-09-22,3,6.048,GOOD
264,2026-09-22,4,3.098,GOOD
264,2026-09-22,5,6.233,GOOD
264,2026-09-22,6,3.485,GOOD
264,2026-09-22,7,1.321,GOOD
264,2026-09-22,8,2.418,GOOD
264,2026-09-22,9,6.584,GOOD
264,2026-09-22,10,0.546,GOOD
264,2026-09-22,11,-0.674,GOOD
264,2026-09-22,12,1.935,GOOD
264,2026-09-22,13,1.088,GOOD
264,2026-09-22,14,1.136,GOOD
264,2026-09-22,15,0.146,GOOD
264,2026-09-22,16,0.97,GOOD
264,2026-09-22,17,0.876,GOOD
264,2026-09-22,18,3.564,GOOD
264,2026-09-22,19,1.469,GOOD
264,2026-09-22,20,2.552,GOOD
264,2026-09-22,21,3.154,GOOD
264,2026-09-22,22,2.104,GOOD
264,2026-09-22,23,2.67,GOOD
264,2026-09-22,24,2.687,GOOD
264,2026-09-23,1,-0.323,GOOD
264,2026-09-23,2,2.682,GOOD
264,2026-09-23,3,0.412,GOOD
264,2026-09-23,4,0.849,GOOD
264,2026-09-23,5,3.093,GOOD
264,2026-09-23,6,0.675,GOOD
264,2026-09-23,7,3.436,GOOD
264,2026-09-23,8,1.461,GOOD
264,2026-09-23,9,2.628,GOOD
264,2026-09-23,10,5.004,GOOD
264,2026-09-23,11,4.69,GOOD
264,2026-09-23,12,6.421,GOOD
264,2026-09-23,13,7.647,GOOD
264,2026-09-23,14,8.808,GOOD
264,2026-09-23,15,10.451,GOOD
264,2026-09-23,16,10.142,GOOD
264,2026-09-23,17,12.743,GOOD
264,2026-09-23,18,12.59,GOOD
264,2026-09-23,19,7.607,GOOD
264,2026-09-23,20,6.895,GOOD
264,2026-09-23,21,5.345,GOOD
264,2026-09-23,22,8.011,GOOD
264,2026-09-23,23,5.867,GOOD
264,2026-09-23,24,5.843,GOOD
264,2026-09-24,1,6.358,GOOD
264,2026-09-24,2,6.965,GOOD
264,2026-09-24,3,6.961,GOOD
264,2026-09-24,4,5.855,GOOD
264,2026-09-24,5,5.577,GOOD
264,2026-09-24,6,6.729,GOOD
264,2026-09-24,7,6.838,GOOD
264,2026-09-24,8,7.098,GOOD
264,2026-09-24,9,5.888,GOOD
264,2026-09-24,10,7.222,GOOD
264,2026-09-24,11,9.176,GOOD
264,2026-09-24,12,10.991,GOOD
264,2026-09-24,13,8.239,GOOD
264,2026-09-24,14,7.157,GOOD
264,2026-09-24,15,8.095,GOOD
264,2026-09-24,16,8.762,GOOD
264,2026-09-24,17,7.111,GOOD
264,2026-09-24,18,5.145,GOOD
264,2026-09-24,19,5.547,GOOD
264,2026-09-24,20,3.831,GOOD
264,2026-09-24,21,2.104,GOOD
264,2026-09-24,22,3.298,GOOD
264,2026-09-24,23,6.127,GOOD
264,2026-09-24,24,4.223,GOOD
264,2026-09-25,1,3.24,GOOD
264,2026-09-25,2,2.542,GOOD
264,2026-09-25,3,0.478,GOOD
264,2026-09-25,4,1.442,GOOD
264,2026-09-25,5,3.261,GOOD
264,2026-09-25,6,5.143,GOOD
264,2026-09-25,7,5.077,GOOD
264,2026-09-25,8,5.969,GOOD
264,2026-09-25,9,7.87,GOOD
264,2026-09-25,10,8.516,GOOD
264,2026-09-25,11,7.151,GOOD
264,2026-09-25,12,11.408,GOOD
264,2026-09-25,13,7.15,GOOD
264,2026-09-25,14,8.222,GOOD
264,2026-09-25,15,11.576,GOOD
264,2026-09-25,16,9.529,GOOD
264,2026-09-25,17,10.852,GOOD
264,2026-09-25,18,9.518,GOOD
264,2026-09-25,19,5.138,GOOD
264,2026-09-25,20,6.33,GOOD
264,2026-09-25,21,6.248,GOOD
264,2026-09-25,22,11.146,GOOD
264,2026-09-25,23,24.942,
264,2026-09-25,24,27.605,FAIR
264,2026-09-26,1,23.977,GOOD
264,2026-09-26,2,18.519,GOOD
264,2026-09-26,3,19.474,GOOD
264,2026-09-26,4,15.329,GOOD
264,2026-09-26,5,15.255,GOOD
264,2026-09-26,6,11.349,GOOD
264,2026-09-26,7,10.358,GOOD
264,2026-09-26,8,10.739,GOOD
264,2026-09-26,9,13.17,GOOD
264,2026-09-26,10,11.735,GOOD
264,2026-09-26,11,10.665,GOOD
264,2026-09-26,12,11.736,GOOD
264,2026-09-26,13,11.9,GOOD
264,2026-09-26,14,16.186,GOOD
264,2026-09-26,15,15.073,GOOD
264,2026-09-26,16,14.615,GOOD
264,2026-09-26,17,14.324,GOOD
264,2026-09-26,18,14.382,GOOD
264,2026-09-26,19,14.728,GOOD
264,2026-09-26,20,42.675,FAIR
264,2026-09-26,21,42.481,FAIR
264,2026-09-26,22,12.224,GOOD
264,2026-09-26,23,8.429,GOOD
264,2026-09-26,24,10.774,GOOD
264,2026-09-27,1,6.635,GOOD
264,2026-09-27,2,5.249,GOOD
264,2026-09-27,3,4.959,GOOD
264,2026-09-27,4,1.227,GOOD
264,2026-09-27,5,3.302,GOOD
264,2026-09-27,6,5.591,GOOD
264,2026-09-27,7,3.192,GOOD
264,2026-09-27,8,2.344,GOOD
264,2026-09-27,9,1.211,GOOD
264,2026-09-27,10,1.686,GOOD
264,2026-09-27,11,3.381,GOOD
264,2026-09-27,12,2.178,GOOD
264,2026-09-27,13,3.324,GOOD
264,2026-09-27,14,1.212,GOOD
264,2026-09-27,15,0.706,GOOD
264,2026-09-27,16,2.012,GOOD
264,2026-09-27,17,0.923,GOOD
264,2026-09-27,18,1.645,GOOD
264,2026-09-27,19,0.348,GOOD
264,2026-09-27,20,0.369,GOOD
264,2026-09-27,21,1.228,GOOD
264,2026-09-27,22,1.755,GOOD
264,2026-09-27,23,-0.789,GOOD
264,2026-09-27,24,-0.239,GOOD
264,2026-09-28,1,1.733,GOOD
264,2026-09-28,2,-0.673,GOOD
264,2026-09-28,3,0.443,GOOD
264,2026-09-28,4,0.744,GOOD
264,2026-09-28,5,2.231,GOOD
264,2026-09-28,6,0.745,GOOD
264,2026-09-28,7,0.981,GOOD
264,2026-09-28,8,1.977,GOOD
264,2026-09-28,9,3.097,GOOD
264,2026-09-28,10,3.96,GOOD
264,2026-09-28,11,2.237,GOOD
264,2026-09-28,12,2.952,GOOD
264,2026-09-28,13,4.965,GOOD
264,2026-09-28,14,3.457,GOOD
264,2026-09-28,15,2.79,GOOD
264,2026-09-28,16,3.227,GOOD
264,2026-09-28,17,4.582,GOOD
264,2026-09-28,18,3.62,GOOD
264,2026-09-28,19,7.857,GOOD
264,2026-09-28,20,8.643,GOOD
264,2026-09-28,21,3.903,GOOD
264,2026-09-28,22,2.739,GOOD
264,2026-09-28,23,2.018,GOOD
264,2026-09-28,24,-0.554,GOOD
264,2026-09-29,1,0.886,GOOD
264,2026-09-29,2,3.83,GOOD
264,2026-09-29,3,2.424,GOOD
264,2026-09-29,4,3.215,GOOD
264,2026-09-29,5,3.368,GOOD
264,2026-09-29,6,3.818,GOOD
264,2026-09-29,7,2.575,GOOD
264,2026-09-29,8,1.706,GOOD
264,2026-09-29,9,3.89,GOOD
264,2026-09-29,10,4.821,GOOD
264,2026-09-29,11,1.915,GOOD
264,2026-09-29,12,4.201,GOOD
264,2026-09-29,13,3.436,GOOD
264,2026-09-29,14,1.957,GOOD
264,2026-09-29,15,2.822,GOOD
264,2026-09-29,16,2.78,GOOD
264,2026-09-29,17,2.578,GOOD
264,2026-09-29,18,2.275,GOOD
264,2026-09-29,19,3.62,GOOD
264,2026-09-29,20,1.998,GOOD
264,2026-09-29,21,2.504,GOOD
264,2026-09-29,22,1.518,GOOD
264,2026-09-29,23,2.409,GOOD
264,2026-09-29,24,3.114,GOOD
264,2026-09-30,1,2.376,GOOD
264,2026-09-30,2,0.761,GOOD
264,2026-09-30,3,1.487,GOOD
264,2026-09-30,4,6.093,GOOD
264,2026-09-30,5,6.56,GOOD
264,2026-09-30,6,5.498,GOOD
264,2026-09-30,7,2.454,GOOD
264,2026-09-30,8,3.42,GOOD
264,2026-09-30,9,2.132,GOOD
264,2026-09-30,10,3.158,GOOD
264,2026-09-30,11,4.797,GOOD
264,2026-09-30,12,5.335,GOOD
264,2026-09-30,13,3.806,GOOD
264,2026-09-30,14,5.503,GOOD
264,2026-09-30,15,6.66,GOOD
264,2026-09-30,16,9.613,GOOD
264,2026-09-30,17,7.112,GOOD
264,2026-09-30,18,8.082,GOOD
264,2026-09-30,19,4.963,GOOD
264,2026-09-30,20,5.375,GOOD
264,2026-09-30,21,2.227,GOOD
264,2026-09-30,22,4.501,GOOD
264,2026-09-30,23,6.37,GOOD
264,2026-09-30,24,5.654,GOOD
798,2026-09-01,1,,
798,2026-09-01,2,,
798,2026-09-01,3,,
798,2026-09-01,4,,
798,2026-09-01,5,,
798,2026-09-01,6,,
798,2026-09-01,7,,
798,2026-09-01,8,,
798,2026-09-01,9,,
798,2026-09-01,10,,
798,2026-09-01,11,,
798,2026-09-01,12,,
798,2026-09-01,13,,
798,2026-09-01,14,,
798,2026-09-01,15,,
798,2026-09-01,16,,
798,2026-09-01,17,,
798,2026-09-01,18,,
798,2026-09-01,19,,
798,2026-09-01,20,,
798,2026-09-01,21,,
798,2026-09-01,22,,
798,2026-09-01,23,,
798,2026-09-01,24,,
798,2026-09-02,1,,
798,2026-09-02,2,,
798,2026-09-02,3,,
798,2026-09-02,4,,
798,2026-09-02,5,,
798,2026-09-02,6,,
798,2026-09-02,7,,
798,2026-09-02,8,,
798,2026-09-02,9,,
798,2026-09-02,10,,
798,2026-09-02,11,,
798,2026-09-02,12,,
798,2026-09-02,13,,
798,2026-09-02,14,4.954,GOOD
798,2026-09-02,15,4.541,GOOD
798,2026-09-02,16,5.065,GOOD
798,2026-09-02,17,5.029,GOOD
798,2026-09-02,18,5.469,GOOD
798,2026-09-02,19,6.489,GOOD
798,2026-09-02,20,5.588,GOOD
798,2026-09-02,21,5.723,GOOD
798,2026-09-02,22,5.544,GOOD
798,2026-09-02,23,5.689,GOOD
798,2026-09-02,24,5.412,GOOD
798,2026-09-03,1,5.273,GOOD
798,2026-09-03,2,4.787,GOOD
798,2026-09-03,3,4.406,GOOD
798,2026-09-03,4,4.502,GOOD
798,2026-09-03,5,4.123,GOOD
798,2026-09-03,6,4.293,GOOD
798,2026-09-03,7,4.679,GOOD
798,2026-09-03,8,4.829,GOOD
798,2026-09-03,9,4.745,GOOD
798,2026-09-03,10,5.895,GOOD
798,2026-09-03,11,6.947,GOOD
798,2026-09-03,12,5.73,GOOD
798,2026-09-03,13,5.061,GOOD
798,2026-09-03,14,4.741,GOOD
798,2026-09-03,15,4.697,GOOD
798,2026-09-03,16,5.272,GOOD
798,2026-09-03,17,5.281,GOOD
798,2026-09-03,18,6.388,GOOD
798,2026-09-03,19,6.419,GOOD
798,2026-09-03,20,8.667,GOOD
798,2026-09-03,21,7.516,GOOD
798,2026-09-03,22,6.165,GOOD
798,2026-09-03,23,6.091,GOOD
798,2026-09-03,24,6.454,GOOD
798,2026-09-04,1,5.455,GOOD
798,2026-09-04,2,5.208,GOOD
798,2026-09-04,3,5.656,GOOD
798,2026-09-04,4,5.715,GOOD
798,2026-09-04,5,4.69,GOOD
798,2026-09-04,6,3.504,GOOD
798,2026-09-04,7,3.905,GOOD
798,2026-09-04,8,4.151,GOOD
798,2026-09-04,9,4.226,GOOD
798,2026-09-04,10,3.254,GOOD
798,2026-09-04,11,2.551,GOOD
798,2026-09-04,12,3.289,GOOD
798,2026-09-04,13,2.483,GOOD
798,2026-09-04,14,3.188,GOOD
798,2026-09-04,15,3.809,GOOD
798,2026-09-04,16,4.646,GOOD
798,2026-09-04,17,4.915,GOOD
798,2026-09-04,18,6.374,GOOD
798,2026-09-04,19,7.667,GOOD
798,2026-09-04,20,18.295,GOOD
798,2026-09-04,21,14.252,GOOD
798,2026-09-04,22,14.615,GOOD
798,2026-09-04,23,6.213,GOOD
798,2026-09-04,24,5.732,GOOD
798,2026-09-05,1,5.338,GOOD
798,2026-09-05,2,4.147,GOOD
798,2026-09-05,3,3.822,GOOD
798,2026-09-05,4,3.768,GOOD
798,2026-09-05,5,3.867,GOOD
798,2026-09-05,6,4.398,GOOD
798,2026-09-05,7,4.147,GOOD
798,2026-09-05,8,3.406,GOOD
798,2026-09-05,9,3.564,GOOD
798,2026-09-05,10,3.915,GOOD
798,2026-09-05,11,4.044,GOOD
798,2026-09-05,12,,
798,2026-09-05,13,,
798,2026-09-05,14,,
798,2026-09-05,15,,
798,2026-09-05,16,,
798,2026-09-05,17,,
798,2026-09-05,18,,
798,2026-09-05,19,,
798,2026-09-05,20,,
798,2026-09-05,21,,
798,2026-09-05,22,,
798,2026-09-05,23,,
798,2026-09-05,24,,
798,2026-09-06,1,,
798,2026-09-06,2,,
798,2026-09-06,3,,
798,2026-09-06,4,,
798,2026-09-06,5,,
798,2026-09-06,6,,
798,2026-09-06,7,,
798,2026-09-06,8,,
798,2026-09-06,9,,
798,2026-09-06,10,,
798,2026-09-06,11,,
798,2026-09-06,12,,
798,2026-09-06,13,,
798,2026-09-06,14,,
798,2026-09-06,15,,
798,2026-09-06,16,,
798,2026-09-06,17,,
798,2026-09-06,18,,
798,2026-09-06,19,,
798,2026-09-06,20,,
798,2026-09-06,21,,
798,2026-09-06,22,,
798,2026-09-06,23,,
798,2026-09-06,24,,
798,2026-09-07,1,,
798,2026-09-07,2,,
798,2026-09-07,3,,
798,2026-09-07,4,,
798,2026-09-07,5,,
798,2026-09-07,6,,
798,2026-09-07,7,,
798,2026-09-07,8,,
798,2026-09-07,9,,
798,2026-09-07,10,,
798,2026-09-07,11,,
798,2026-09-07,12,,
798,2026-09-07,13,,
798,2026-09-07,14,,
798,2026-09-07,15,,
798,2026-09-07,16,,
798,2026-09-07,17,,
798,2026-09-07,18,,
798,2026-09-07,19,,
798,2026-09-07,20,,
798,2026-09-07,21,,
798,2026-09-07,22,,
798,2026-09-07,23,,
798,2026-09-07,24,,
798,2026-09-08,1,,
798,2026-09-08,2,,
798,2026-09-08,3,,
798,2026-09-08,4,,
798,2026-09-08,5,,
798,2026-09-08,6,,
798,2026-09-08,7,,
798,2026-09-08,8,,
798,2026-09-08,9,,
798,2026-09-08,10,,
798,2026-09-08,11,,
798,2026-09-08,12,,
798,2026-09-08,13,,
798,2026-09-08,14,,
798,2026-09-08,15,,
798,2026-09-08,16,,
798,2026-09-08,17,,
798,2026-09-08,18,,
798,2026-09-08,19,,
798,2026-09-08,20,,
798,2026-09-08,21,,
798,2026-09-08,22,,
798,2026-09-08,23,,
798,2026-09-08,24,,
798,2026-09-09,1,,
798,2026-09-09,2,,
798,2026-09-09,3,,
798,2026-09-09,4,,
798,2026-09-09,5,,
798,2026-09-09,6,,
798,2026-09-09,7,,
798,2026-09-09,8,,
798,2026-09-09,9,,
798,2026-09-09,10,,
798,2026-09-09,11,,
798,2026-09-09,12,,
798,2026-09-09,13,,
798,2026-09-09,14,,
798,2026-09-09,15,,
798,2026-09-09,16,,
798,2026-09-09,17,,
798,2026-09-09,18,,
798,2026-09-09,19,,
798,2026-09-09,20,,
798,2026-09-09,21,,
798,2026-09-09,22,,
798,2026-09-09,23,,
798,2026-09-09,24,,
798,2026-09-10,1,,
798,2026-09-10,2,,
798,2026-09-10,3,,
798,2026-09-10,4,,
798,2026-09-10,5,,
798,2026-09-10,6,,
798,2026-09-10,7,,
798,2026-09-10,8,,
798,2026-09-10,9,,
798,2026-09-10,10,,
798,2026-09-10,11,,
798,2026-09-10,12,,
798,2026-09-10,13,,
798,2026-09-10,14,,
798,2026-09-10,15,,
798,2026-09-10,16,,
798,2026-09-10,17,,
798,2026-09-10,18,,
798,2026-09-10,19,,
798,2026-09-10,20,,
798,2026-09-10,21,,
798,2026-09-10,22,,
798,2026-09-10,23,,
798,2026-09-10,24,,
798,2026-09-11,1,,
798,2026-09-11,2,,
798,2026-09-11,3,,
798,2026-09-11,4,,
798,2026-09-11,5,,
798,2026-09-11,6,,
798,2026-09-11,7,,
798,2026-09-11,8,,
798,2026-09-11,9,,
798,2026-09-11,10,,
798,2026-09-11,11,,
798,2026-09-11,12,,
798,2026-09-11,13,,
798,2026-09-11,14,,
798,2026-09-11,15,,
798,2026-09-11,16,,
798,2026-09-11,17,,
798,2026-09-11,18,,
798,2026-09-11,19,,
798,2026-09-11,20,,
798,2026-09-11,21,,
798,2026-09-11,22,,
798,2026-09-11,23,,
798,2026-09-11,24,,
798,2026-09-12,1,,
798,2026-09-12,2,,
798,2026-09-12,3,,
798,2026-09-12,4,,
798,2026-09-12,5,,
798,2026-09-12,6,,
798,2026-09-12,7,,
798,2026-09-12,8,,
798,2026-09-12,9,,
798,2026-09-12,10,,
798,2026-09-12,11,,
798,2026-09-12,12,,
798,2026-09-12,13,,
798,2026-09-12,14,,
798,2026-09-12,15,,
798,2026-09-12,16,,
798,2026-09-12,17,,
798,2026-09-12,18,,
798,2026-09-12,19,,
798,2026-09-12,20,,
798,2026-09-12,21,,
798,2026-09-12,22,,
798,2026-09-12,23,,
798,2026-09-12,24,,
798,2026-09-13,1,,
798,2026-09-13,2,,
798,2026-09-13,3,,
798,2026-09-13,4,,
798,2026-09-13,5,,
798,2026-09-13,6,,
798,2026-09-13,7,,
798,2026-09-13,8,,
798,2026-09-13,9,,
798,2026-09-13,10,,
798,2026-09-13,11,,
798,2026-09-13,12,,
798,2026-09-13,13,,
798,2026-09-13,14,,
798,2026-09-13,15,,
798,2026-09-13,16,,
798,2026-09-13,17,,
798,2026-09-13,18,,
798,2026-09-13,19,,
798,2026-09-13,20,,
798,2026-09-13,21,,
798,2026-09-13,22,,
798,2026-09-13,23,,
798,2026-09-13,24,,
798,2026-09-14,1,,
798,2026-09-14,2,,
798,2026-09-14,3,,
798,2026-09-14,4,,
798,2026-09-14,5,,
798,2026-09-14,6,,
798,2026-09-14,7,,
798,2026-09-14,8,,
798,2026-09-14,9,,
798,2026-09-14,10,,
798,2026-09-14,11,,
798,2026-09-14,12,,
798,2026-09-14,13,,
798,2026-09-14,14,,
798,2026-09-14,15,,
798,2026-09-14,16,,
798,2026-09-14,17,,
798,2026-09-14,18,,
798,2026-09-14,19,,
798,2026-09-14,20,,
798,2026-09-14,21,,
798,2026-09-14,22,,
798,2026-09-14,23,,
798,2026-09-14,24,,
798,2026-09-15,1,,
798,2026-09-15,2,,
798,2026-09-15,3,,
798,2026-09-15,4,,
798,2026-09-15,5,,
798,2026-09-15,6,,
798,2026-09-15,7,,
798,2026-09-15,8,,
798,2026-09-15,9,,
798,2026-09-15,10,,
798,2026-09-15,11,,
798,2026-09-15,12,,
798,2026-09-15,13,,
798,2026-09-15,14,,
798,2026-09-15,15,,
798,2026-09-15,16,,
798,2026-09-15,17,,
798,2026-09-15,18,,
798,2026-09-15,19,,
798,2026-09-15,20,,
798,2026-09-15,21,,
798,2026-09-15,22,,
798,2026-09-15,23,,
798,2026-09-15,24,,
798,2026-09-16,1,,
798,2026-09-16,2,,
798,2026-09-16,3,,
798,2026-09-16,4,,
798,2026-09-16,5,,
798,2026-09-16,6,,
798,2026-09-16,7,,
798,2026-09-16,8,,
798,2026-09-16,9,,
798,2026-09-16,10,,
798,2026-09-16,11,,
798,2026-09-16,12,,
798,2026-09-16,13,,
798,2026-09-16,14,,
798,2026-09-16,15,,
798,2026-09-16,16,,
798,2026-09-16,17,,
798,2026-09-16,18,,
798,2026-09-16,19,,
798,2026-09-16,20,,
798,2026-09-16,21,,
798,2026-09-16,22,,
798,2026-09-16,23,,
798,2026-09-16,24,,
798,2026-09-17,1,,
798,2026-09-17,2,,
798,2026-09-17,3,,
798,2026-09-17,4,,
798,2026-09-17,5,,
798,2026-09-17,6,,
798,2026-09-17,7,,
798,2026-09-17,8,,
798,2026-09-17,9,,
798,2026-09-17,10,,
798,2026-09-17,11,,
798,2026-09-17,12,,
798,2026-09-17,13,,
798,2026-09-17,14,,
798,2026-09-17,15,,
798,2026-09-17,16,,
798,2026-09-17,17,,
798,2026-09-17,18,,
798,2026-09-17,19,,
798,2026-09-17,20,,
798,2026-09-17,21,,
798,2026-09-17,22,,
798,2026-09-17,23,,
798,2026-09-17,24,,
798,2026-09-18,1,,
798,2026-09-18,2,,
798,2026-09-18,3,,
798,2026-09-18,4,,
798,2026-09-18,5,,
798,2026-09-18,6,,
798,2026-09-18,7,,
798,2026-09-18,8,,
798,2026-09-18,9,,
798,2026-09-18,10,,
798,2026-09-18,11,,
798,2026-09-18,12,,
798,2026-09-18,13,,
798,2026-09-18,14,,
798,2026-09-18,15,,
798,2026-09-18,16,,
798,2026-09-18,17,,
798,2026-09-18,18,,
798,2026-09-18,19,,
798,2026-09-18,20,,
798,2026-09-18,21,,
798,2026-09-18,22,,
798,2026-09-18,23,,
798,2026-09-18,24,,
798,2026-09-19,1,,
798,2026-09-19,2,,
798,2026-09-19,3,,
798,2026-09-19,4,,
798,2026-09-19,5,,
798,2026-09-19,6,,
798,2026-09-19,7,,
798,2026-09-19,8,,
798,2026-09-19,9,,
798,2026-09-19,10,,
798,2026-09-19,11,,
798,2026-09-19,12,,
798,2026-09-19,13,,
798,2026-09-19,14,,
798,2026-09-19,15,,
798,2026-09-19,16,,
798,2026-09-19,17,,
798,2026-09-19,18,,
798,2026-09-19,19,,
798,2026-09-19,20,,
798,2026-09-19,21,,
798,2026-09-19,22,,
798,2026-09-19,23,,
798,2026-09-19,24,,
798,2026-09-20,1,,
798,2026-09-20,2,,
798,2026-09-20,3,,
798,2026-09-20,4,,
798,2026-09-20,5,,
798,2026-09-20,6,,
798,2026-09-20,7,,
798,2026-09-20,8,,
798,2026-09-20,9,,
798,2026-09-20,10,,
798,2026-09-20,11,,
798,2026-09-20,12,,
798,2026-09-20,13,,
798,2026-09-20,14,,
798,2026-09-20,15,,
798,2026-09-20,16,,
798,2026-09-20,17,,
798,2026-09-20,18,,
798,2026-09-20,19,,
798,2026-09-20,20,,
798,2026-09-20,21,,
798,2026-09-20,22,,
798,2026-09-20,23,,
798,2026-09-20,24,,
798,2026-09-21,1,,
798,2026-09-21,2,,
798,2026-09-21,3,,
798,2026-09-21,4,,
798,2026-09-21,5,,
798,2026-09-21,6,,
798,2026-09-21,7,,
798,2026-09-21,8,,
798,2026-09-21,9,,
798,2026-09-21,10,,
798,2026-09-21,11,,
798,2026-09-21,12,,
798,2026-09-21,13,,
798,2026-09-21,14,,
798,2026-09-21,15,,
798,2026-09-21,16,,
798,2026-09-21,17,,
798,2026-09-21,18,,
798,2026-09-21,19,,
798,2026-09-21,20,,
798,2026-09-21,21,,
798,2026-09-21,22,,
798,2026-09-21,23,,
798,2026-09-21,24,,
798,2026-09-22,1,,
798,2026-09-22,2,,
798,2026-09-22,3,,
798,2026-09-22,4,,
798,2026-09-22,5,,
798,2026-09-22,6,,
798,2026-09-22,7,,
798,2026-09-22,8,,
798,2026-09-22,9,,
798,2026-09-22,10,,
798,2026-09-22,11,,
798,2026-09-22,12,,
798,2026-09-22,13,,
798,2026-09-22,14,,
798,2026-09-22,15,,
798,2026-09-22,16,,
798,2026-09-22,17,,
798,2026-09-22,18,,
798,2026-09-22,19,,
798,2026-09-22,20,,
798,2026-09-22,21,,
798,2026-09-22,22,,
798,2026-09-22,23,,
798,2026-09-22,24,,
798,2026-09-23,1,,
798,2026-09-23,2,,
798,2026-09-23,3,,
798,2026-09-23,4,,
798,2026-09-23,5,,
798,2026-09-23,6,,
798,2026-09-23,7,,
798,2026-09-23,8,,
798,2026-09-23,9,,
798,2026-09-23,10,,
798,2026-09-23,11,,
798,2026-09-23,12,,
798,2026-09-23,13,,
798,2026-09-23,14,,
798,2026-09-23,15,,
798,2026-09-23,16,,
798,2026-09-23,17,,
798,2026-09-23,18,,
798,2026-09-23,19,,
798,2026-09-23,20,,
798,2026-09-23,21,,
798,2026-09-23,22,,
798,2026-09-23,23,,
798,2026-09-23,24,,
798,2026-09-24,1,,
798,2026-09-24,2,,
798,2026-09-24,3,,
798,2026-09-24,4,,
798,2026-09-24,5,,
798,2026-09-24,6,,
798,2026-09-24,7,,
798,2026-09-24,8,,
798,2026-09-24,9,,
798,2026-09-24,10,,
798,2026-09-24,11,,
798,2026-09-24,12,,
798,2026-09-24,13,,
798,2026-09-24,14,,
798,2026-09-24,15,,
798,2026-09-24,16,,
798,2026-09-24,17,,
798,2026-09-24,18,,
798,2026-09-24,19,,
798,2026-09-24,20,,
798,2026-09-24,21,,
798,2026-09-24,22,,
798,2026-09-24,23,,
798,2026-09-24,24,,
798,2026-09-25,1,,
798,2026-09-25,2,,
798,2026-09-25,3,,
798,2026-09-25,4,,
798,2026-09-25,5,,
798,2026-09-25,6,,
798,2026-09-25,7,,
798,2026-09-25,8,,
798,2026-09-25,9,,
798,2026-09-25,10,,
798,2026-09-25,11,,
798,2026-09-25,12,,
798,2026-09-25,13,,
798,2026-09-25,14,,
798,2026-09-25,15,,
798,2026-09-25,16,,
798,2026-09-25,17,,
798,2026-09-25,18,,
798,2026-09-25,19,,
798,2026-09-25,20,,
798,2026-09-25,21,,
798,2026-09-25,22,,
798,2026-09-25,23,,
798,2026-09-25,24,,
798,2026-09-26,1,,
798,2026-09-26,2,,
798,2026-09-26,3,,
798,2026-09-26,4,,
798,2026-09-26,5,,
798,2026-09-26,6,,
798,2026-09-26,7,,
798,2026-09-26,8,,
798,2026-09-26,9,,
798,2026-09-26,10,,
798,2026-09-26,11,,
798,2026-09-26,12,,
798,2026-09-26,13,,
798,2026-09-26,14,,
798,2026-09-26,15,,
798,2026-09-26,16,,
798,2026-09-26,17,,
798,2026-09-26,18,,
798,2026-09-26,19,,
798,2026-09-26,20,,
798,2026-09-26,21,,
798,2026-09-26,22,,
798,2026-09-26,23,,
798,2026-09-26,24,,
798,2026-09-27,1,,
798,2026-09-27,2,,
798,2026-09-27,3,,
798,2026-09-27,4,,
798,2026-09-27,5,,
798,2026-09-27,6,,
798,2026-09-27,7,,
798,2026-09-27,8,,
798,2026-09-27,9,,
798,2026-09-27,10,,
798,2026-09-27,11,,
798,2026-09-27,12,,
798,2026-09-27,13,,
798,2026-09-27,14,,
798,2026-09-27,15,,
798,2026-09-27,16,,
798,2026-09-27,17,,
798,2026-09-27,18,,
798,2026-09-27,19,,
798,2026-09-27,20,,
798,2026-09-27,21,,
798,2026-09-27,22,,
798,2026-09-27,23,,
798,2026-09-27,24,,
798,2026-09-28,1,,
798,2026-09-28,2,,
798,2026-09-28,3,,
798,2026-09-28,4,,
798,2026-09-28,5,,
798,2026-09-28,6,,
798,2026-09-28,7,,
798,2026-09-28,8,,
798,2026-09-28,9,,
798,2026-09-28,10,,
798,2026-09-28,11,,
798,2026-09-28,12,,
798,2026-09-28,13,,
798,2026-09-28,14,,
798,2026-09-28,15,,
798,2026-09-28,16,,
798,2026-09-28,17,,
798,2026-09-28,18,,
798,2026-09-28,19,,
798,2026-09-28,20,,
798,2026-09-28,21,,
798,2026-09-28,22,,
798,2026-09-28,23,,
798,2026-09-28,24,,
798,2026-09-29,1,,
798,2026-09-29,2,,
798,2026-09-29,3,,
798,2026-09-29,4,,
798,2026-09-29,5,,
798,2026-09-29,6,,
798,2026-09-29,7,,
798,2026-09-29,8,,
798,2026-09-29,9,,
798,2026-09-29,10,,
798,2026-09-29,11,,
798,2026-09-29,12,,
798,2026-09-29,13,,
798,2026-09-29,14,,
798,2026-09-29,15,,
798,2026-09-29,16,,
798,2026-09-29,17,,
798,2026-09-29,18,,
798,2026-09-29,19,,
798,2026-09-29,20,,
798,2026-09-29,21,,
798,2026-09-29,22,,
798,2026-09-29,23,,
798,2026-09-29,24,,
798,2026-09-30,1,,
798,2026-09-30,2,,
798,2026-09-30,3,,
798,2026-09-30,4,,
798,2026-09-30,5,,
798,2026-09-30,6,,
798,2026-09-30,7,,
798,2026-09-30,8,,
798,2026-09-30,9,,
798,2026-09-30,10,,
798,2026-09-30,11,,
798,2026-09-30,12,,
798,2026-09-30,13,,
798,2026-09-30,14,,
798,2026-09-30,15,,
798,2026-09-30,16,3.889,GOOD
798,2026-09-30,17,3.782,GOOD
798,2026-09-30,18,3.819,GOOD
798,2026-09-30,19,4.114,GOOD
798,2026-09-30,20,4.248,GOOD
798,2026-09-30,21,4.395,GOOD
798,2026-09-30,22,5.655,GOOD
798,2026-09-30,23,3.918,GOOD
798,2026-09-30,24,3.688,GOOD
951,2026-09-01,1,,
951,2026-09-01,2,,
951,2026-09-01,3,,
951,2026-09-01,4,,
951,2026-09-01,5,,
951,2026-09-01,6,,
951,2026-09-01,7,,
951,2026-09-01,8,,
951,2026-09-01,9,,
951,2026-09-01,10,,
951,2026-09-01,11,,
951,2026-09-01,12,,
951,2026-09-01,13,,
951,2026-09-01,14,,
951,2026-09-01,15,,
951,2026-09-01,16,,
951,2026-09-01,17,,
951,2026-09-01,18,,
951,2026-09-01,19,,
951,2026-09-01,20,,
951,2026-09-01,21,,
951,2026-09-01,22,,
951,2026-09-01,23,,
951,2026-09-01,24,,
951,2026-09-02,1,,
951,2026-09-02,2,,
951,2026-09-02,3,,
951,2026-09-02,4,,
951,2026-09-02,5,,
951,2026-09-02,6,,
951,2026-09-02,7,,
951,2026-09-02,8,,
951,2026-09-02,9,,
951,2026-09-02,10,,
951,2026-09-02,11,,
951,2026-09-02,12,,
951,2026-09-02,13,,
951,2026-09-02,14,,
951,2026-09-02,15,,
951,2026-09-02,16,,
951,2026-09-02,17,,
951,2026-09-02,18,,
951,2026-09-02,19,,
951,2026-09-02,20,,
951,2026-09-02,21,,
951,2026-09-02,22,,
951,2026-09-02,23,,
951,2026-09-02,24,,
951,2026-09-03,1,,
951,2026-09-03,2,,
951,2026-09-03,3,,
951,2026-09-03,4,,
951,2026-09-03,5,,
951,2026-09-03,6,,
951,2026-09-03,7,,
951,2026-09-03,8,,
951,2026-09-03,9,,
951,2026-09-03,10,,
951,2026-09-03,11,,
951,2026-09-03,12,,
951,2026-09-03,13,,
951,2026-09-03,14,,
951,2026-09-03,15,,
951,2026-09-03,16,,
951,2026-09-03,17,,
951,2026-09-03,18,,
951,2026-09-03,19,,
951,2026-09-03,20,,
951,2026-09-03,21,,
951,2026-09-03,22,,
951,2026-09-03,23,,
951,2026-09-03,24,,
951,2026-09-04,1,,
951,2026-09-04,2,,
951,2026-09-04,3,,
951,2026-09-04,4,,
951,2026-09-04,5,,
951,2026-09-04,6,,
951,2026-09-04,7,,
951,2026-09-04,8,,
951,2026-09-04,9,,
951,2026-09-04,10,,
951,2026-09-04,11,,
951,2026-09-04,12,,
951,2026-09-04,13,,
951,2026-09-04,14,,
951,2026-09-04,15,,
951,2026-09-04,16,,
951,2026-09-04,17,,
951,2026-09-04,18,,
951,2026-09-04,19,,
951,2026-09-04,20,,
951,2026-09-04,21,,
951,2026-09-04,22,,
951,2026-09-04,23,,
951,2026-09-04,24,,
951,2026-09-05,1,,
951,2026-09-05,2,,
951,2026-09-05,3,,
951,2026-09-05,4,,
951,2026-09-05,5,,
951,2026-09-05,6,,
951,2026-09-05,7,,
951,2026-09-05,8,,
951,2026-09-05,9,,
951,2026-09-05,10,,
951,2026-09-05,11,,
951,2026-09-05,12,,
951,2026-09-05,13,,
951,2026-09-05,14,,
951,2026-09-05,15,,
951,2026-09-05,16,,
951,2026-09-05,17,,
951,2026-09-05,18,,
951,2026-09-05,19,,
951,2026-09-05,20,,
951,2026-09-05,21,,
951,2026-09-05,22,,
951,2026-09-05,23,,
951,2026-09-05,24,,
951,2026-09-06,1,,
951,2026-09-06,2,,
951,2026-09-06,3,,
951,2026-09-06,4,,
951,2026-09-06,5,,
951,2026-09-06,6,,
951,2026-09-06,7,,
951,2026-09-06,8,,
951,2026-09-06,9,,
951,2026-09-06,10,,
951,2026-09-06,11,,
951,2026-09-06,12,,
951,2026-09-06,13,,
951,2026-09-06,14,,
951,2026-09-06,15,,
951,2026-09-06,16,,
951,2026-09-06,17,,
951,2026-09-06,18,,
951,2026-09-06,19,,
951,2026-09-06,20,,
951,2026-09-06,21,,
951,2026-09-06,22,,
951,2026-09-06,23,,
951,2026-09-06,24,,
951,2026-09-07,1,,
951,2026-09-07,2,,
951,2026-09-07,3,,
951,2026-09-07,4,,
951,2026-09-07,5,,
951,2026-09-07,6,,
951,2026-09-07,7,,
951,2026-09-07,8,,
951,2026-09-07,9,,
951,2026-09-07,10,,
951,2026-09-07,11,,
951,2026-09-07,12,,
951,2026-09-07,13,,
951,2026-09-07,14,,
951,2026-09-07,15,,
951,2026-09-07,16,,
951,2026-09-07,17,,
951,2026-09-07,18,,
951,2026-09-07,19,,
951,2026-09-07,20,,
951,2026-09-07,21,,
951,2026-09-07,22,,
951,2026-09-07,23,,
951,2026-09-07,24,,
951,2026-09-08,1,,
951,2026-09-08,2,,
951,2026-09-08,3,,
951,2026-09-08,4,,
951,2026-09-08,5,,
951,2026-09-08,6,,
951,2026-09-08,7,,
951,2026-09-08,8,,
951,2026-09-08,9,,
951,2026-09-08,10,,
951,2026-09-08,11,,
951,2026-09-08,12,,
951,2026-09-08,13,,
951,2026-09-08,14,,
951,2026-09-08,15,,
951,2026-09-08,16,,
951,2026-09-08,17,,
951,2026-09-08,18,,
951,2026-09-08,19,,
951,2026-09-08,20,,
951,2026-09-08,21,,
951,2026-09-08,22,,
951,2026-09-08,23,,
951,2026-09-08,24,,
951,2026-09-09,1,,
951,2026-09-09,2,,
951,2026-09-09,3,,
951,2026-09-09,4,,
951,2026-09-09,5,,
951,2026-09-09,6,,
951,2026-09-09,7,,
951,2026-09-09,8,,
951,2026-09-09,9,,
951,2026-09-09,10,,
951,2026-09-09,11,,
951,2026-09-09,12,,
951,2026-09-09,13,,
951,2026-09-09,14,,
951,2026-09-09,15,,
951,2026-09-09,16,,
951,2026-09-09,17,,
951,2026-09-09,18,,
951,2026-09-09,19,,
951,2026-09-09,20,,
951,2026-09-09,21,,
951,2026-09-09,22,,
951,2026-09-09,23,,
951,2026-09-09,24,,
951,2026-09-10,1,,
951,2026-09-10,2,,
951,2026-09-10,3,,
951,2026-09-10,4,,
951,2026-09-10,5,,
951,2026-09-10,6,,
951,2026-09-10,7,,
951,2026-09-10,8,,
951,2026-09-10,9,,
951,2026-09-10,10,,
951,2026-09-10,11,,
951,2026-09-10,12,,
951,2026-09-10,13,,
951,2026-09-10,14,,
951,2026-09-10,15,,
951,2026-09-10,16,,
951,2026-09-10,17,,
951,2026-09-10,18,,
951,2026-09-10,19,,
951,2026-09-10,20,,
951,2026-09-10,21,,
951,2026-09-10,22,,
951,2026-09-10,23,,
951,2026-09-10,24,,
951,2026-09-11,1,,
951,2026-09-11,2,,
951,2026-09-11,3,,
951,2026-09-11,4,,
951,2026-09-11,5,,
951,2026-09-11,6,,
951,2026-09-11,7,,
951,2026-09-11,8,,
951,2026-09-11,9,,
951,2026-09-11,10,,
951,2026-09-11,11,,
951,2026-09-11,12,,
951,2026-09-11,13,,
951,2026-09-11,14,,
951,2026-09-11,15,,
951,2026-09-11,16,,
951,2026-09-11,17,,
951,2026-09-11,18,,
951,2026-09-11,19,,
951,2026-09-11,20,,
951,2026-09-11,21,,
951,2026-09-11,22,,
951,2026-09-11,23,,
951,2026-09-11,24,,
951,2026-09-12,1,,
951,2026-09-12,2,,
951,2026-09-12,3,,
951,2026-09-12,4,,
951,2026-09-12,5,,
951,2026-09-12,6,,
951,2026-09-12,7,,
951,2026-09-12,8,,
951,2026-09-12,9,,
951,2026-09-12,10,,
951,2026-09-12,11,,
951,2026-09-12,12,,
951,2026-09-12,13,,
951,2026-09-12,14,,
951,2026-09-12,15,,
951,2026-09-12,16,,
951,2026-09-12,17,,
951,2026-09-12,18,,
951,2026-09-12,19,,
951,2026-09-12,20,,
951,2026-09-12,21,,
951,2026-09-12,22,,
951,2026-09-12,23,,
951,2026-09-12,24,,
951,2026-09-13,1,,
951,2026-09-13,2,,
951,2026-09-13,3,,
951,2026-09-13,4,,
951,2026-09-13,5,,
951,2026-09-13,6,,
951,2026-09-13,7,,
951,2026-09-13,8,,
951,2026-09-13,9,,
951,2026-09-13,10,,
951,2026-09-13,11,,
951,2026-09-13,12,,
951,2026-09-13,13,,
951,2026-09-13,14,,
951,2026-09-13,15,,
951,2026-09-13,16,,
951,2026-09-13,17,,
951,2026-09-13,18,,
951,2026-09-13,19,,
951,2026-09-13,20,,
951,2026-09-13,21,,
951,2026-09-13,22,,
951,2026-09-13,23,,
951,2026-09-13,24,,
951,2026-09-14,1,,
951,2026-09-14,2,,
951,2026-09-14,3,,
951,2026-09-14,4,,
951,2026-09-14,5,,
951,2026-09-14,6,,
951,2026-09-14,7,,
951,2026-09-14,8,,
951,2026-09-14,9,,
951,2026-09-14,10,,
951,2026-09-14,11,,
951,2026-09-14,12,,
951,2026-09-14,13,,
951,2026-09-14,14,,
951,2026-09-14,15,,
951,2026-09-14,16,,
951,2026-09-14,17,,
951,2026-09-14,18,,
951,2026-09-14,19,,
951,2026-09-14,20,,
951,2026-09-14,21,,
951,2026-09-14,22,,
951,2026-09-14,23,,
951,2026-09-14,24,,
951,2026-09-15,1,,
951,2026-09-15,2,,
951,2026-09-15,3,,
951,2026-09-15,4,,
951,2026-09-15,5,,
951,2026-09-15,6,,
951,2026-09-15,7,,
951,2026-09-15,8,,
951,2026-09-15,9,,
951,2026-09-15,10,,
951,2026-09-15,11,,
951,2026-09-15,12,,
951,2026-09-15,13,,
951,2026-09-15,14,,
951,2026-09-15,15,,
951,2026-09-15,16,,
951,2026-09-15,17,,
951,2026-09-15,18,,
951,2026-09-15,19,,
951,2026-09-15,20,,
951,2026-09-15,21,,
951,2026-09-15,22,,
951,2026-09-15,23,,
951,2026-09-15,24,,
951,2026-09-16,1,,
951,2026-09-16,2,,
951,2026-09-16,3,,
951,2026-09-16,4,,
951,2026-09-16,5,,
951,2026-09-16,6,,
951,2026-09-16,7,,
951,2026-09-16,8,,
951,2026-09-16,9,,
951,2026-09-16,10,,
951,2026-09-16,11,,
951,2026-09-16,12,,
951,2026-09-16,13,,
951,2026-09-16,14,,
951,2026-09-16,15,,
951,2026-09-16,16,,
951,2026-09-16,17,,
951,2026-09-16,18,,
951,2026-09-16,19,,
951,2026-09-16,20,,
951,2026-09-16,21,,
951,2026-09-16,22,,
951,2026-09-16,23,,
951,2026-09-16,24,,
951,2026-09-17,1,,
951,2026-09-17,2,,
951,2026-09-17,3,,
951,2026-09-17,4,,
951,2026-09-17,5,,
951,2026-09-17,6,,
951,2026-09-17,7,,
951,2026-09-17,8,,
951,2026-09-17,9,,
951,2026-09-17,10,,
951,2026-09-17,11,,
951,2026-09-17,12,,
951,2026-09-17,13,,
951,2026-09-17,14,,
951,2026-09-17,15,,
951,2026-09-17,16,,
951,2026-09-17,17,,
951,2026-09-17,18,0.001,GOOD
951,2026-09-17,19,0,GOOD
951,2026-09-17,20,0.041,GOOD
951,2026-09-17,21,0,GOOD
951,2026-09-17,22,0,GOOD
951,2026-09-17,23,,
951,2026-09-17,24,,
951,2026-09-18,1,,
951,2026-09-18,2,,
951,2026-09-18,3,,
951,2026-09-18,4,,
951,2026-09-18,5,,
951,2026-09-18,6,,
951,2026-09-18,7,,
951,2026-09-18,8,,
951,2026-09-18,9,0,GOOD
951,2026-09-18,10,,
951,2026-09-18,11,0.379,GOOD
951,2026-09-18,12,,
951,2026-09-18,13,,
951,2026-09-18,14,3.36,GOOD
951,2026-09-18,15,3.074,GOOD
951,2026-09-18,16,2.897,GOOD
951,2026-09-18,17,2.946,GOOD
951,2026-09-18,18,3.318,GOOD
951,2026-09-18,19,4.611,GOOD
951,2026-09-18,20,3.922,GOOD
951,2026-09-18,21,5.74,GOOD
951,2026-09-18,22,7.481,GOOD
951,2026-09-18,23,24.157,GOOD
951,2026-09-18,24,4.798,GOOD
951,2026-09-19,1,3.545,GOOD
951,2026-09-19,2,3.422,GOOD
951,2026-09-19,3,3.284,GOOD
951,2026-09-19,4,3.071,GOOD
951,2026-09-19,5,,
951,2026-09-19,6,,
951,2026-09-19,7,,
951,2026-09-19,8,,
951,2026-09-19,9,,
951,2026-09-19,10,,
951,2026-09-19,11,,
951,2026-09-19,12,,
951,2026-09-19,13,,
951,2026-09-19,14,,
951,2026-09-19,15,,
951,2026-09-19,16,,
951,2026-09-19,17,,
951,2026-09-19,18,,
951,2026-09-19,19,,
951,2026-09-19,20,,
951,2026-09-19,21,,
951,2026-09-19,22,,
951,2026-09-19,23,,
951,2026-09-19,24,,
951,2026-09-20,1,,
951,2026-09-20,2,,
951,2026-09-20,3,,
951,2026-09-20,4,,
951,2026-09-20,5,,
951,2026-09-20,6,,
951,2026-09-20,7,,
951,2026-09-20,8,,
951,2026-09-20,9,,
951,2026-09-20,10,,
951,2026-09-20,11,,
951,2026-09-20,12,,
951,2026-09-20,13,,
951,2026-09-20,14,,
951,2026-09-20,15,,
951,2026-09-20,16,,
951,2026-09-20,17,,
951,2026-09-20,18,,
951,2026-09-20,19,,
951,2026-09-20,20,,
951,2026-09-20,21,,
951,2026-09-20,22,,
951,2026-09-20,23,,
951,2026-09-20,24,,
951,2026-09-21,1,,
951,2026-09-21,2,,
951,2026-09-21,3,,
951,2026-09-21,4,,
951,2026-09-21,5,,
951,2026-09-21,6,,
951,2026-09-21,7,,
951,2026-09-21,8,,
951,2026-09-21,9,3.561,GOOD
951,2026-09-21,10,2.737,GOOD
951,2026-09-21,11,3.003,GOOD
951,2026-09-21,12,2.985,GOOD
951,2026-09-21,13,3.187,GOOD
951,2026-09-21,14,3.393,GOOD
951,2026-09-21,15,3.53,GOOD
951,2026-09-21,16,3.572,GOOD
951,2026-09-21,17,3.604,GOOD
951,2026-09-21,18,4.067,GOOD
951,2026-09-21,19,4.502,GOOD
951,2026-09-21,20,18.355,GOOD
951,2026-09-21,21,35.576,FAIR
951,2026-09-21,22,18.042,GOOD
951,2026-09-21,23,18.717,GOOD
951,2026-09-21,24,21.555,GOOD
951,2026-09-22,1,18.893,GOOD
951,2026-09-22,2,21.409,GOOD
951,2026-09-22,3,30.282,FAIR
951,2026-09-22,4,16.441,GOOD
951,2026-09-22,5,21.035,GOOD
951,2026-09-22,6,15.299,GOOD
951,2026-09-22,7,7.83,GOOD
951,2026-09-22,8,11.324,GOOD
951,2026-09-22,9,8.34,GOOD
951,2026-09-22,10,7.05,GOOD
951,2026-09-22,11,8.053,GOOD
951,2026-09-22,12,8.119,GOOD
951,2026-09-22,13,8.44,GOOD
951,2026-09-22,14,7.924,GOOD
951,2026-09-22,15,6.278,GOOD
951,2026-09-22,16,6.627,GOOD
951,2026-09-22,17,6.591,GOOD
951,2026-09-22,18,5.365,GOOD
951,2026-09-22,19,5.547,GOOD
951,2026-09-22,20,11.175,GOOD
951,2026-09-22,21,4.309,GOOD
951,2026-09-22,22,4.068,GOOD
951,2026-09-22,23,7.323,GOOD
951,2026-09-22,24,20.576,GOOD
951,2026-09-23,1,19.307,GOOD
951,2026-09-23,2,10.671,GOOD
951,2026-09-23,3,7.306,GOOD
951,2026-09-23,4,11.746,GOOD
951,2026-09-23,5,20.871,GOOD
951,2026-09-23,6,17.223,GOOD
951,2026-09-23,7,22.843,GOOD
951,2026-09-23,8,16.448,GOOD
951,2026-09-23,9,17.112,GOOD
951,2026-09-23,10,21.464,GOOD
951,2026-09-23,11,21.179,GOOD
951,2026-09-23,12,19.654,GOOD
951,2026-09-23,13,19.533,GOOD
951,2026-09-23,14,19.142,GOOD
951,2026-09-23,15,16.492,GOOD
951,2026-09-23,16,15.836,GOOD
951,2026-09-23,17,15.719,GOOD
951,2026-09-23,18,13.607,GOOD
951,2026-09-23,19,6.725,GOOD
951,2026-09-23,20,7.268,GOOD
951,2026-09-23,21,7.148,GOOD
951,2026-09-23,22,4.7,GOOD
951,2026-09-23,23,5.116,GOOD
951,2026-09-23,24,5.66,GOOD
951,2026-09-24,1,5.235,GOOD
951,2026-09-24,2,5.187,GOOD
951,2026-09-24,3,6.019,GOOD
951,2026-09-24,4,7.393,GOOD
951,2026-09-24,5,9.169,GOOD
951,2026-09-24,6,9.003,GOOD
951,2026-09-24,7,8.822,GOOD
951,2026-09-24,8,8.806,GOOD
951,2026-09-24,9,7.963,GOOD
951,2026-09-24,10,7.406,GOOD
951,2026-09-24,11,8.161,GOOD
951,2026-09-24,12,8.713,GOOD
951,2026-09-24,13,9.525,GOOD
951,2026-09-24,14,10.053,GOOD
951,2026-09-24,15,10.748,GOOD
951,2026-09-24,16,10.627,GOOD
951,2026-09-24,17,9.961,GOOD
951,2026-09-24,18,7.991,GOOD
951,2026-09-24,19,7.379,GOOD
951,2026-09-24,20,6.48,GOOD
951,2026-09-24,21,6.568,GOOD
951,2026-09-24,22,6.9,GOOD
951,2026-09-24,23,6.387,GOOD
951,2026-09-24,24,6.684,GOOD
951,2026-09-25,1,6.515,GOOD
951,2026-09-25,2,6.443,GOOD
951,2026-09-25,3,6.681,GOOD
951,2026-09-25,4,6.545,GOOD
951,2026-09-25,5,6.725,GOOD
951,2026-09-25,6,6.848,GOOD
951,2026-09-25,7,7.305,GOOD
951,2026-09-25,8,7.536,GOOD
951,2026-09-25,9,7.062,GOOD
951,2026-09-25,10,7.488,GOOD
951,2026-09-25,11,8.206,GOOD
951,2026-09-25,12,9.193,GOOD
951,2026-09-25,13,9.802,GOOD
951,2026-09-25,14,8.823,GOOD
951,2026-09-25,15,9.163,GOOD
951,2026-09-25,16,8.476,GOOD
951,2026-09-25,17,8.972,GOOD
951,2026-09-25,18,6.156,GOOD
951,2026-09-25,19,5.629,GOOD
951,2026-09-25,20,6.317,GOOD
951,2026-09-25,21,5.93,GOOD
951,2026-09-25,22,6.637,GOOD
951,2026-09-25,23,6.525,GOOD
951,2026-09-25,24,6.506,GOOD
951,2026-09-26,1,6.687,GOOD
951,2026-09-26,2,6.685,GOOD
951,2026-09-26,3,6.802,GOOD
951,2026-09-26,4,7.052,GOOD
951,2026-09-26,5,6.953,GOOD
951,2026-09-26,6,6.962,GOOD
951,2026-09-26,7,7.351,GOOD
951,2026-09-26,8,7.046,GOOD
951,2026-09-26,9,6.059,GOOD
951,2026-09-26,10,5.797,GOOD
951,2026-09-26,11,5.94,GOOD
951,2026-09-26,12,6.229,GOOD
951,2026-09-26,13,6.121,GOOD
951,2026-09-26,14,6.645,GOOD
951,2026-09-26,15,6.408,GOOD
951,2026-09-26,16,6.355,GOOD
951,2026-09-26,17,6.036,GOOD
951,2026-09-26,18,6.065,GOOD
951,2026-09-26,19,6.35,GOOD
951,2026-09-26,20,6.724,GOOD
951,2026-09-26,21,6.612,GOOD
951,2026-09-26,22,6.3,GOOD
951,2026-09-26,23,6.383,GOOD
951,2026-09-26,24,6.419,GOOD
951,2026-09-27,1,6.175,GOOD
951,2026-09-27,2,6.253,GOOD
951,2026-09-27,3,6.174,GOOD
951,2026-09-27,4,6.803,GOOD
951,2026-09-27,5,10.224,GOOD
951,2026-09-27,6,11.657,GOOD
951,2026-09-27,7,10.193,GOOD
951,2026-09-27,8,10.995,GOOD
951,2026-09-27,9,12.057,GOOD
951,2026-09-27,10,11.488,GOOD
951,2026-09-27,11,10.394,GOOD
951,2026-09-27,12,10.276,GOOD
951,2026-09-27,13,9.921,GOOD
951,2026-09-27,14,9.503,GOOD
951,2026-09-27,15,10.276,GOOD
951,2026-09-27,16,8.976,GOOD
951,2026-09-27,17,5.805,GOOD
951,2026-09-27,18,4.464,GOOD
951,2026-09-27,19,3.801,GOOD
951,2026-09-27,20,3.268,GOOD
951,2026-09-27,21,2.373,GOOD
951,2026-09-27,22,1.821,GOOD
951,2026-09-27,23,1.994,GOOD
951,2026-09-27,24,2.136,GOOD
951,2026-09-28,1,1.853,GOOD
951,2026-09-28,2,1.402,GOOD
951,2026-09-28,3,1.054,GOOD
951,2026-09-28,4,1.02,GOOD
951,2026-09-28,5,0.72,GOOD
951,2026-09-28,6,0.544,GOOD
951,2026-09-28,7,0.522,GOOD
951,2026-09-28,8,0.549,GOOD
951,2026-09-28,9,0.445,GOOD
951,2026-09-28,10,0.558,GOOD
951,2026-09-28,11,0.807,GOOD
951,2026-09-28,12,1.037,GOOD
951,2026-09-28,13,1.115,GOOD
951,2026-09-28,14,0.835,GOOD
951,2026-09-28,15,0.894,GOOD
951,2026-09-28,16,1.454,GOOD
951,2026-09-28,17,2.62,GOOD
951,2026-09-28,18,1.571,GOOD
951,2026-09-28,19,1.304,GOOD
951,2026-09-28,20,2.115,GOOD
951,2026-09-28,21,2.625,GOOD
951,2026-09-28,22,3.012,GOOD
951,2026-09-28,23,2.966,GOOD
951,2026-09-28,24,2.534,GOOD
951,2026-09-29,1,2.478,GOOD
951,2026-09-29,2,2.157,GOOD
951,2026-09-29,3,2.14,GOOD
951,2026-09-29,4,2.101,GOOD
951,2026-09-29,5,1.877,GOOD
951,2026-09-29,6,1.884,GOOD
951,2026-09-29,7,2.388,GOOD
951,2026-09-29,8,2.149,GOOD
951,2026-09-29,9,1.444,GOOD
951,2026-09-29,10,1.696,GOOD
951,2026-09-29,11,1.714,GOOD
951,2026-09-29,12,1.883,GOOD
951,2026-09-29,13,1.868,GOOD
951,2026-09-29,14,1.825,GOOD
951,2026-09-29,15,1.731,GOOD
951,2026-09-29,16,1.823,GOOD
951,2026-09-29,17,1.786,GOOD
951,2026-09-29,18,2.778,GOOD
951,2026-09-29,19,3.379,GOOD
951,2026-09-29,20,2.784,GOOD
951,2026-09-29,21,2.395,GOOD
951,2026-09-29,22,2.988,GOOD
951,2026-09-29,23,3.442,GOOD
951,2026-09-29,24,3.377,GOOD
951,2026-09-30,1,3.187,GOOD
951,2026-09-30,2,3.063,GOOD
951,2026-09-30,3,2.71,GOOD
951,2026-09-30,4,2.792,GOOD
951,2026-09-30,5,2.705,GOOD
951,2026-09-30,6,2.753,GOOD
951,2026-09-30,7,3.302,GOOD
951,2026-09-30,8,3.075,GOOD
951,2026-09-30,9,2.425,GOOD
951,2026-09-30,10,2.967,GOOD
951,2026-09-30,11,2.743,GOOD
951,2026-09-30,12,2.603,GOOD
951,2026-09-30,13,2.412,GOOD
951,2026-09-30,14,2.462,GOOD
951,2026-09-30,15,2.335,GOOD
951,2026-09-30,16,2.294,GOOD
951,2026-09-30,17,2.037,GOOD
951,2026-09-30,18,2.021,GOOD
951,2026-09-30,19,2.061,GOOD
951,2026-09-30,20,2.468,GOOD
951,2026-09-30,21,3.469,GOOD
951,2026-09-30,22,5.252,GOOD
951,2026-09-30,23,9.192,GOOD
951,2026-09-30,24,9.151,GOOD
1007,2026-09-01,1,8.301,GOOD
1007,2026-09-01,2,8.361,GOOD
1007,2026-09-01,3,9.658,GOOD
1007,2026-09-01,4,11.612,GOOD
1007,2026-09-01,5,19.412,GOOD
1007,2026-09-01,6,27.687,FAIR
1007,2026-09-01,7,24.692,GOOD
1007,2026-09-01,8,26.202,FAIR
1007,2026-09-01,9,27.83,FAIR
1007,2026-09-01,10,24.335,GOOD
1007,2026-09-01,11,22.916,GOOD
1007,2026-09-01,12,14.422,GOOD
1007,2026-09-01,13,12.106,GOOD
1007,2026-09-01,14,11.101,GOOD
1007,2026-09-01,15,9.815,GOOD
1007,2026-09-01,16,11.964,GOOD
1007,2026-09-01,17,15.596,GOOD
1007,2026-09-01,18,5.949,GOOD
1007,2026-09-01,19,4.292,GOOD
1007,2026-09-01,20,6.661,GOOD
1007,2026-09-01,21,6.601,GOOD
1007,2026-09-01,22,12.021,GOOD
1007,2026-09-01,23,7.635,GOOD
1007,2026-09-01,24,4.424,GOOD
1007,2026-09-02,1,6.587,GOOD
1007,2026-09-02,2,4.479,GOOD
1007,2026-09-02,3,5.375,GOOD
1007,2026-09-02,4,4.546,GOOD
1007,2026-09-02,5,2.204,GOOD
1007,2026-09-02,6,5.839,GOOD
1007,2026-09-02,7,7.302,GOOD
1007,2026-09-02,8,5.21,GOOD
1007,2026-09-02,9,10.15,GOOD
1007,2026-09-02,10,5.144,GOOD
1007,2026-09-02,11,6.94,GOOD
1007,2026-09-02,12,10.015,GOOD
1007,2026-09-02,13,3.864,GOOD
1007,2026-09-02,14,5.758,GOOD
1007,2026-09-02,15,5.922,GOOD
1007,2026-09-02,16,3.455,GOOD
1007,2026-09-02,17,5.328,GOOD
1007,2026-09-02,18,6.47,GOOD
1007,2026-09-02,19,7.802,GOOD
1007,2026-09-02,20,7.704,GOOD
1007,2026-09-02,21,11.876,GOOD
1007,2026-09-02,22,15.513,GOOD
1007,2026-09-02,23,8.052,GOOD
1007,2026-09-02,24,-0.962,GOOD
1007,2026-09-03,1,5.396,GOOD
1007,2026-09-03,2,0.391,GOOD
1007,2026-09-03,3,-1.89,GOOD
1007,2026-09-03,4,-3.283,GOOD
1007,2026-09-03,5,3.359,GOOD
1007,2026-09-03,6,8.086,GOOD
1007,2026-09-03,7,5.187,GOOD
1007,2026-09-03,8,6.163,GOOD
1007,2026-09-03,9,0.324,GOOD
1007,2026-09-03,10,6.576,GOOD
1007,2026-09-03,11,0.746,GOOD
1007,2026-09-03,12,7.881,GOOD
1007,2026-09-03,13,3.158,GOOD
1007,2026-09-03,14,5.851,GOOD
1007,2026-09-03,15,2.947,GOOD
1007,2026-09-03,16,5.604,GOOD
1007,2026-09-03,17,3.383,GOOD
1007,2026-09-03,18,4.401,GOOD
1007,2026-09-03,19,5.164,GOOD
1007,2026-09-03,20,6.744,GOOD
1007,2026-09-03,21,6.583,GOOD
1007,2026-09-03,22,1.629,GOOD
1007,2026-09-03,23,3.395,GOOD
1007,2026-09-03,24,5.016,GOOD
1007,2026-09-04,1,1.356,GOOD
1007,2026-09-04,2,2.835,GOOD
1007,2026-09-04,3,-0.359,GOOD
1007,2026-09-04,4,0.202,GOOD
1007,2026-09-04,5,3.42,GOOD
1007,2026-09-04,6,2.023,GOOD
1007,2026-09-04,7,2.93,GOOD
1007,2026-09-04,8,3.175,GOOD
1007,2026-09-04,9,1.362,GOOD
1007,2026-09-04,10,2.795,GOOD
1007,2026-09-04,11,4.485,GOOD
1007,2026-09-04,12,7.219,GOOD
1007,2026-09-04,13,4.39,GOOD
1007,2026-09-04,14,5.568,GOOD
1007,2026-09-04,15,2.946,GOOD
1007,2026-09-04,16,3.181,GOOD
1007,2026-09-04,17,10.697,GOOD
1007,2026-09-04,18,7.489,GOOD
1007,2026-09-04,19,7.831,GOOD
1007,2026-09-04,20,8.37,GOOD
1007,2026-09-04,21,8.341,GOOD
1007,2026-09-04,22,7.763,GOOD
1007,2026-09-04,23,9.495,GOOD
1007,2026-09-04,24,10.558,GOOD
1007,2026-09-05,1,15.368,GOOD
1007,2026-09-05,2,18.15,GOOD
1007,2026-09-05,3,16.504,GOOD
1007,2026-09-05,4,10.641,GOOD
1007,2026-09-05,5,7.255,GOOD
1007,2026-09-05,6,6.686,GOOD
1007,2026-09-05,7,3.701,GOOD
1007,2026-09-05,8,6.246,GOOD
1007,2026-09-05,9,4.979,GOOD
1007,2026-09-05,10,-0.924,GOOD
1007,2026-09-05,11,-3.474,GOOD
1007,2026-09-05,12,5.755,GOOD
1007,2026-09-05,13,7.655,GOOD
1007,2026-09-05,14,5.789,GOOD
1007,2026-09-05,15,4.122,GOOD
1007,2026-09-05,16,1.373,GOOD
1007,2026-09-05,17,4.309,GOOD
1007,2026-09-05,18,-8.055,GOOD
1007,2026-09-05,19,,
1007,2026-09-05,20,-1.607,GOOD
1007,2026-09-05,21,-4.983,GOOD
1007,2026-09-05,22,-2.854,GOOD
1007,2026-09-05,23,10.903,GOOD
1007,2026-09-05,24,9.667,GOOD
1007,2026-09-06,1,-1.043,GOOD
1007,2026-09-06,2,4.042,GOOD
1007,2026-09-06,3,-1.123,GOOD
1007,2026-09-06,4,4.768,GOOD
1007,2026-09-06,5,-0.61,GOOD
1007,2026-09-06,6,-2.679,GOOD
1007,2026-09-06,7,2.599,GOOD
1007,2026-09-06,8,4.956,GOOD
1007,2026-09-06,9,2.098,GOOD
1007,2026-09-06,10,-1.297,GOOD
1007,2026-09-06,11,-0.256,GOOD
1007,2026-09-06,12,0.704,GOOD
1007,2026-09-06,13,2.582,GOOD
1007,2026-09-06,14,2.513,GOOD
1007,2026-09-06,15,3.219,GOOD
1007,2026-09-06,16,4.131,GOOD
1007,2026-09-06,17,2.932,GOOD
1007,2026-09-06,18,4.848,GOOD
1007,2026-09-06,19,5.276,GOOD
1007,2026-09-06,20,4.256,GOOD
1007,2026-09-06,21,3.31,GOOD
1007,2026-09-06,22,4.065,GOOD
1007,2026-09-06,23,4.531,GOOD
1007,2026-09-06,24,4.454,GOOD
1007,2026-09-07,1,6.727,GOOD
1007,2026-09-07,2,3.974,GOOD
1007,2026-09-07,3,5.862,GOOD
1007,2026-09-07,4,5.65,GOOD
1007,2026-09-07,5,5.301,GOOD
1007,2026-09-07,6,4.532,GOOD
1007,2026-09-07,7,4.269,GOOD
1007,2026-09-07,8,6.71,GOOD
1007,2026-09-07,9,7.301,GOOD
1007,2026-09-07,10,9.1,GOOD
1007,2026-09-07,11,6.178,GOOD
1007,2026-09-07,12,4.895,GOOD
1007,2026-09-07,13,5.869,GOOD
1007,2026-09-07,14,5.915,GOOD
1007,2026-09-07,15,3.242,GOOD
1007,2026-09-07,16,5.099,GOOD
1007,2026-09-07,17,3.225,GOOD
1007,2026-09-07,18,4.205,GOOD
1007,2026-09-07,19,5.923,GOOD
1007,2026-09-07,20,6.861,GOOD
1007,2026-09-07,21,5.44,GOOD
1007,2026-09-07,22,4.143,GOOD
1007,2026-09-07,23,2.017,GOOD
1007,2026-09-07,24,3.041,GOOD
1007,2026-09-08,1,1.37,GOOD
1007,2026-09-08,2,1.933,GOOD
1007,2026-09-08,3,2.49,GOOD
1007,2026-09-08,4,2.552,GOOD
1007,2026-09-08,5,-0.208,GOOD
1007,2026-09-08,6,-1.102,GOOD
1007,2026-09-08,7,-0.308,GOOD
1007,2026-09-08,8,3.383,GOOD
1007,2026-09-08,9,3.843,GOOD
1007,2026-09-08,10,2.373,GOOD
1007,2026-09-08,11,2.565,GOOD
1007,2026-09-08,12,2.78,GOOD
1007,2026-09-08,13,1.902,GOOD
1007,2026-09-08,14,4.901,GOOD
1007,2026-09-08,15,5.612,GOOD
1007,2026-09-08,16,5.872,GOOD
1007,2026-09-08,17,3.98,GOOD
1007,2026-09-08,18,4.933,GOOD
1007,2026-09-08,19,3.072,GOOD
1007,2026-09-08,20,3.73,GOOD
1007,2026-09-08,21,4.894,GOOD
1007,2026-09-08,22,5.216,GOOD
1007,2026-09-08,23,5.334,GOOD
1007,2026-09-08,24,4.345,GOOD
1007,2026-09-09,1,3.541,GOOD
1007,2026-09-09,2,5.456,GOOD
1007,2026-09-09,3,3.741,GOOD
1007,2026-09-09,4,4.209,GOOD
1007,2026-09-09,5,4.144,GOOD
1007,2026-09-09,6,4.916,GOOD
1007,2026-09-09,7,8.668,GOOD
1007,2026-09-09,8,10.187,GOOD
1007,2026-09-09,9,7.761,GOOD
1007,2026-09-09,10,9.826,GOOD
1007,2026-09-09,11,7.254,GOOD
1007,2026-09-09,12,5.024,GOOD
1007,2026-09-09,13,5.475,GOOD
1007,2026-09-09,14,7.093,GOOD
1007,2026-09-09,15,5.549,GOOD
1007,2026-09-09,16,5.263,GOOD
1007,2026-09-09,17,6.683,GOOD
1007,2026-09-09,18,3.67,GOOD
1007,2026-09-09,19,4.471,GOOD
1007,2026-09-09,20,9.224,GOOD
1007,2026-09-09,21,7.028,GOOD
1007,2026-09-09,22,5.94,GOOD
1007,2026-09-09,23,6.123,GOOD
1007,2026-09-09,24,2.761,GOOD
1007,2026-09-10,1,3.086,GOOD
1007,2026-09-10,2,3.993,GOOD
1007,2026-09-10,3,4.106,GOOD
1007,2026-09-10,4,1.007,GOOD
1007,2026-09-10,5,0.806,GOOD
1007,2026-09-10,6,2.511,GOOD
1007,2026-09-10,7,4.92,GOOD
1007,2026-09-10,8,5.196,GOOD
1007,2026-09-10,9,5.838,GOOD
1007,2026-09-10,10,5.794,GOOD
1007,2026-09-10,11,3.793,GOOD
1007,2026-09-10,12,2.486,GOOD
1007,2026-09-10,13,4.721,GOOD
1007,2026-09-10,14,2.958,GOOD
1007,2026-09-10,15,2.466,GOOD
1007,2026-09-10,16,3.997,GOOD
1007,2026-09-10,17,7.34,GOOD
1007,2026-09-10,18,3.95,GOOD
1007,2026-09-10,19,7.541,GOOD
1007,2026-09-10,20,9.8,GOOD
1007,2026-09-10,21,11.507,GOOD
1007,2026-09-10,22,9.525,GOOD
1007,2026-09-10,23,7.53,GOOD
1007,2026-09-10,24,9.522,GOOD
1007,2026-09-11,1,9.065,GOOD
1007,2026-09-11,2,6.915,GOOD
1007,2026-09-11,3,8.114,GOOD
1007,2026-09-11,4,7.72,GOOD
1007,2026-09-11,5,7.45,GOOD
1007,2026-09-11,6,5.399,GOOD
1007,2026-09-11,7,6.839,GOOD
1007,2026-09-11,8,7.939,GOOD
1007,2026-09-11,9,9.156,GOOD
1007,2026-09-11,10,9.659,GOOD
1007,2026-09-11,11,10.919,GOOD
1007,2026-09-11,12,12.951,GOOD
1007,2026-09-11,13,9.059,GOOD
1007,2026-09-11,14,8.012,GOOD
1007,2026-09-11,15,9.711,GOOD
1007,2026-09-11,16,8.691,GOOD
1007,2026-09-11,17,6.099,GOOD
1007,2026-09-11,18,8.568,GOOD
1007,2026-09-11,19,11.48,GOOD
1007,2026-09-11,20,14.219,GOOD
1007,2026-09-11,21,14.261,GOOD
1007,2026-09-11,22,10.864,GOOD
1007,2026-09-11,23,11.366,GOOD
1007,2026-09-11,24,14.495,GOOD
1007,2026-09-12,1,18.924,GOOD
1007,2026-09-12,2,41.389,FAIR
1007,2026-09-12,3,45.91,FAIR
1007,2026-09-12,4,41.126,FAIR
1007,2026-09-12,5,28.519,FAIR
1007,2026-09-12,6,24.986,FAIR
1007,2026-09-12,7,23.231,GOOD
1007,2026-09-12,8,22.434,GOOD
1007,2026-09-12,9,20.475,GOOD
1007,2026-09-12,10,24.972,FAIR
1007,2026-09-12,11,18.57,GOOD
1007,2026-09-12,12,12.035,GOOD
1007,2026-09-12,13,12.776,GOOD
1007,2026-09-12,14,11.312,GOOD
1007,2026-09-12,15,8.15,GOOD
1007,2026-09-12,16,3.077,GOOD
1007,2026-09-12,17,3.938,GOOD
1007,2026-09-12,18,4.911,GOOD
1007,2026-09-12,19,7.208,GOOD
1007,2026-09-12,20,5.984,GOOD
1007,2026-09-12,21,5.368,GOOD
1007,2026-09-12,22,5.081,GOOD
1007,2026-09-12,23,10.509,GOOD
1007,2026-09-12,24,8.276,GOOD
1007,2026-09-13,1,7.435,GOOD
1007,2026-09-13,2,5.505,GOOD
1007,2026-09-13,3,4.503,GOOD
1007,2026-09-13,4,6.249,GOOD
1007,2026-09-13,5,39.987,FAIR
1007,2026-09-13,6,36.685,FAIR
1007,2026-09-13,7,23.415,GOOD
1007,2026-09-13,8,16.047,GOOD
1007,2026-09-13,9,18.963,GOOD
1007,2026-09-13,10,22.858,GOOD
1007,2026-09-13,11,24.848,GOOD
1007,2026-09-13,12,32.182,FAIR
1007,2026-09-13,13,11.889,GOOD
1007,2026-09-13,14,11.185,GOOD
1007,2026-09-13,15,5.821,GOOD
1007,2026-09-13,16,5.982,GOOD
1007,2026-09-13,17,4.134,GOOD
1007,2026-09-13,18,5.411,GOOD
1007,2026-09-13,19,7.38,GOOD
1007,2026-09-13,20,6.157,GOOD
1007,2026-09-13,21,3.955,GOOD
1007,2026-09-13,22,3.032,GOOD
1007,2026-09-13,23,3.454,GOOD
1007,2026-09-13,24,5.618,GOOD
1007,2026-09-14,1,9.435,GOOD
1007,2026-09-14,2,8.246,GOOD
1007,2026-09-14,3,9.396,GOOD
1007,2026-09-14,4,8.621,GOOD
1007,2026-09-14,5,11.773,GOOD
1007,2026-09-14,6,17.326,GOOD
1007,2026-09-14,7,24.979,FAIR
1007,2026-09-14,8,22.511,GOOD
1007,2026-09-14,9,17.604,GOOD
1007,2026-09-14,10,22.073,GOOD
1007,2026-09-14,11,2.604,GOOD
1007,2026-09-14,12,5.135,GOOD
1007,2026-09-14,13,11.46,GOOD
1007,2026-09-14,14,5.876,GOOD
1007,2026-09-14,15,-3.742,GOOD
1007,2026-09-14,16,16.88,GOOD
1007,2026-09-14,17,24.853,GOOD
1007,2026-09-14,18,24,GOOD
1007,2026-09-14,19,11.51,GOOD
1007,2026-09-14,20,3.036,GOOD
1007,2026-09-14,21,20.976,GOOD
1007,2026-09-14,22,3.167,GOOD
1007,2026-09-14,23,13.416,GOOD
1007,2026-09-14,24,18.979,GOOD
1007,2026-09-15,1,8.272,GOOD
1007,2026-09-15,2,14.914,GOOD
1007,2026-09-15,3,-1.506,GOOD
1007,2026-09-15,4,0.55,GOOD
1007,2026-09-15,5,7.864,GOOD
1007,2026-09-15,6,5.389,GOOD
1007,2026-09-15,7,9.91,GOOD
1007,2026-09-15,8,10.84,GOOD
1007,2026-09-15,9,10.447,GOOD
1007,2026-09-15,10,9.252,GOOD
1007,2026-09-15,11,-1.905,GOOD
1007,2026-09-15,12,-2.677,GOOD
1007,2026-09-15,13,5.888,GOOD
1007,2026-09-15,14,3.135,GOOD
1007,2026-09-15,15,10.951,GOOD
1007,2026-09-15,16,4.103,GOOD
1007,2026-09-15,17,5.686,GOOD
1007,2026-09-15,18,5.608,GOOD
1007,2026-09-15,19,6.714,GOOD
1007,2026-09-15,20,6.484,GOOD
1007,2026-09-15,21,7.408,GOOD
1007,2026-09-15,22,4.034,GOOD
1007,2026-09-15,23,3.303,GOOD
1007,2026-09-15,24,4.859,GOOD
1007,2026-09-16,1,2.766,GOOD
1007,2026-09-16,2,1.638,GOOD
1007,2026-09-16,3,1.698,GOOD
1007,2026-09-16,4,3.87,GOOD
1007,2026-09-16,5,2.837,GOOD
1007,2026-09-16,6,0.555,GOOD
1007,2026-09-16,7,1.155,GOOD
1007,2026-09-16,8,0.391,GOOD
1007,2026-09-16,9,2.455,GOOD
1007,2026-09-16,10,3.091,GOOD
1007,2026-09-16,11,4.142,GOOD
1007,2026-09-16,12,2.387,GOOD
1007,2026-09-16,13,2.72,GOOD
1007,2026-09-16,14,3.274,GOOD
1007,2026-09-16,15,3.934,GOOD
1007,2026-09-16,16,0.997,GOOD
1007,2026-09-16,17,0.958,GOOD
1007,2026-09-16,18,3.774,GOOD
1007,2026-09-16,19,4.289,GOOD
1007,2026-09-16,20,3.263,GOOD
1007,2026-09-16,21,3.607,GOOD
1007,2026-09-16,22,1.318,GOOD
1007,2026-09-16,23,2.719,GOOD
1007,2026-09-16,24,0.461,GOOD
1007,2026-09-17,1,0.454,GOOD
1007,2026-09-17,2,1.003,GOOD
1007,2026-09-17,3,1.784,GOOD
1007,2026-09-17,4,2.829,GOOD
1007,2026-09-17,5,3.207,GOOD
1007,2026-09-17,6,1.26,GOOD
1007,2026-09-17,7,2.804,GOOD
1007,2026-09-17,8,2.997,GOOD
1007,2026-09-17,9,4.184,GOOD
1007,2026-09-17,10,2.803,GOOD
1007,2026-09-17,11,1.85,GOOD
1007,2026-09-17,12,2.952,GOOD
1007,2026-09-17,13,3.552,GOOD
1007,2026-09-17,14,4.353,GOOD
1007,2026-09-17,15,2.572,GOOD
1007,2026-09-17,16,1.679,GOOD
1007,2026-09-17,17,2.65,GOOD
1007,2026-09-17,18,3.286,GOOD
1007,2026-09-17,19,5.24,GOOD
1007,2026-09-17,20,9.842,GOOD
1007,2026-09-17,21,8.965,GOOD
1007,2026-09-17,22,6.029,GOOD
1007,2026-09-17,23,4.445,GOOD
1007,2026-09-17,24,5.362,GOOD
1007,2026-09-18,1,7.793,GOOD
1007,2026-09-18,2,7.105,GOOD
1007,2026-09-18,3,8.262,GOOD
1007,2026-09-18,4,8.308,GOOD
1007,2026-09-18,5,10.181,GOOD
1007,2026-09-18,6,10.121,GOOD
1007,2026-09-18,7,10.205,GOOD
1007,2026-09-18,8,9.068,GOOD
1007,2026-09-18,9,10.833,GOOD
1007,2026-09-18,10,13.92,GOOD
1007,2026-09-18,11,8.517,GOOD
1007,2026-09-18,12,8.045,GOOD
1007,2026-09-18,13,10.365,GOOD
1007,2026-09-18,14,8.195,GOOD
1007,2026-09-18,15,10.031,GOOD
1007,2026-09-18,16,7.688,GOOD
1007,2026-09-18,17,6.505,GOOD
1007,2026-09-18,18,7.394,GOOD
1007,2026-09-18,19,9.986,GOOD
1007,2026-09-18,20,19.65,GOOD
1007,2026-09-18,21,25.451,FAIR
1007,2026-09-18,22,21.832,GOOD
1007,2026-09-18,23,15.592,GOOD
1007,2026-09-18,24,13.124,GOOD
1007,2026-09-19,1,12.705,GOOD
1007,2026-09-19,2,6.859,GOOD
1007,2026-09-19,3,6.174,GOOD
1007,2026-09-19,4,3.828,GOOD
1007,2026-09-19,5,2.851,GOOD
1007,2026-09-19,6,8.752,GOOD
1007,2026-09-19,7,4.374,GOOD
1007,2026-09-19,8,4.005,GOOD
1007,2026-09-19,9,5.807,GOOD
1007,2026-09-19,10,8.266,GOOD
1007,2026-09-19,11,7.83,GOOD
1007,2026-09-19,12,1.632,GOOD
1007,2026-09-19,13,4.091,GOOD
1007,2026-09-19,14,3.675,GOOD
1007,2026-09-19,15,1.332,GOOD
1007,2026-09-19,16,1.159,GOOD
1007,2026-09-19,17,4.286,GOOD
1007,2026-09-19,18,8.021,GOOD
1007,2026-09-19,19,14.852,GOOD
1007,2026-09-19,20,14.021,GOOD
1007,2026-09-19,21,9.044,GOOD
1007,2026-09-19,22,4.047,GOOD
1007,2026-09-19,23,4.119,GOOD
1007,2026-09-19,24,2.813,GOOD
1007,2026-09-20,1,1.072,GOOD
1007,2026-09-20,2,3.148,GOOD
1007,2026-09-20,3,3.313,GOOD
1007,2026-09-20,4,2.99,GOOD
1007,2026-09-20,5,3.518,GOOD
1007,2026-09-20,6,7.054,GOOD
1007,2026-09-20,7,7.468,GOOD
1007,2026-09-20,8,6.718,GOOD
1007,2026-09-20,9,5.116,GOOD
1007,2026-09-20,10,3.436,GOOD
1007,2026-09-20,11,7.097,GOOD
1007,2026-09-20,12,5.143,GOOD
1007,2026-09-20,13,3.62,GOOD
1007,2026-09-20,14,9.369,GOOD
1007,2026-09-20,15,6.418,GOOD
1007,2026-09-20,16,7.515,GOOD
1007,2026-09-20,17,10.429,GOOD
1007,2026-09-20,18,6.824,GOOD
1007,2026-09-20,19,5.807,GOOD
1007,2026-09-20,20,5.013,GOOD
1007,2026-09-20,21,5.245,GOOD
1007,2026-09-20,22,3.56,GOOD
1007,2026-09-20,23,3.702,GOOD
1007,2026-09-20,24,2.179,GOOD
1007,2026-09-21,1,4.657,GOOD
1007,2026-09-21,2,3.967,GOOD
1007,2026-09-21,3,4.729,GOOD
1007,2026-09-21,4,2.777,GOOD
1007,2026-09-21,5,2.95,GOOD
1007,2026-09-21,6,6.955,GOOD
1007,2026-09-21,7,4.844,GOOD
1007,2026-09-21,8,2.671,GOOD
1007,2026-09-21,9,3.46,GOOD
1007,2026-09-21,10,3.97,GOOD
1007,2026-09-21,11,4.5,GOOD
1007,2026-09-21,12,11.287,GOOD
1007,2026-09-21,13,10.19,GOOD
1007,2026-09-21,14,8.503,GOOD
1007,2026-09-21,15,6.711,GOOD
1007,2026-09-21,16,10.109,GOOD
1007,2026-09-21,17,5.368,GOOD
1007,2026-09-21,18,5.301,GOOD
1007,2026-09-21,19,5.496,GOOD
1007,2026-09-21,20,6.395,GOOD
1007,2026-09-21,21,4.261,GOOD
1007,2026-09-21,22,4.379,GOOD
1007,2026-09-21,23,3.6,GOOD
1007,2026-09-21,24,4.028,GOOD
1007,2026-09-22,1,5.128,GOOD
1007,2026-09-22,2,5.838,GOOD
1007,2026-09-22,3,3.854,GOOD
1007,2026-09-22,4,3.056,GOOD
1007,2026-09-22,5,2.302,GOOD
1007,2026-09-22,6,4.208,GOOD
1007,2026-09-22,7,3.277,GOOD
1007,2026-09-22,8,3.657,GOOD
1007,2026-09-22,9,3.369,GOOD
1007,2026-09-22,10,2.714,GOOD
1007,2026-09-22,11,1.247,GOOD
1007,2026-09-22,12,0.815,GOOD
1007,2026-09-22,13,3.628,GOOD
1007,2026-09-22,14,3.942,GOOD
1007,2026-09-22,15,-0.709,GOOD
1007,2026-09-22,16,1.009,GOOD
1007,2026-09-22,17,6.024,GOOD
1007,2026-09-22,18,1.063,GOOD
1007,2026-09-22,19,3.074,GOOD
1007,2026-09-22,20,5.545,GOOD
1007,2026-09-22,21,4.41,GOOD
1007,2026-09-22,22,1.597,GOOD
1007,2026-09-22,23,1.615,GOOD
1007,2026-09-22,24,1.096,GOOD
1007,2026-09-23,1,0.079,GOOD
1007,2026-09-23,2,6.204,GOOD
1007,2026-09-23,3,5.885,GOOD
1007,2026-09-23,4,6.096,GOOD
1007,2026-09-23,5,9.283,GOOD
1007,2026-09-23,6,5.339,GOOD
1007,2026-09-23,7,6.804,GOOD
1007,2026-09-23,8,8.916,GOOD
1007,2026-09-23,9,10.656,GOOD
1007,2026-09-23,10,5.537,GOOD
1007,2026-09-23,11,4.975,GOOD
1007,2026-09-23,12,3.841,GOOD
1007,2026-09-23,13,8.038,GOOD
1007,2026-09-23,14,7.58,GOOD
1007,2026-09-23,15,3.64,GOOD
1007,2026-09-23,16,4.156,GOOD
1007,2026-09-23,17,6.089,GOOD
1007,2026-09-23,18,8.366,GOOD
1007,2026-09-23,19,7.171,GOOD
1007,2026-09-23,20,13.212,GOOD
1007,2026-09-23,21,11.899,GOOD
1007,2026-09-23,22,12.636,GOOD
1007,2026-09-23,23,9.864,GOOD
1007,2026-09-23,24,10.559,GOOD
1007,2026-09-24,1,9.77,GOOD
1007,2026-09-24,2,8.748,GOOD
1007,2026-09-24,3,17.501,GOOD
1007,2026-09-24,4,7.186,GOOD
1007,2026-09-24,5,11.274,GOOD
1007,2026-09-24,6,10.925,GOOD
1007,2026-09-24,7,11.718,GOOD
1007,2026-09-24,8,13.853,GOOD
1007,2026-09-24,9,17.025,GOOD
1007,2026-09-24,10,,
1007,2026-09-24,11,,
1007,2026-09-24,12,,
1007,2026-09-24,13,,
1007,2026-09-24,14,,
1007,2026-09-24,15,,
1007,2026-09-24,16,,
1007,2026-09-24,17,,
1007,2026-09-24,18,,
1007,2026-09-24,19,,
1007,2026-09-24,20,,
1007,2026-09-24,21,,
1007,2026-09-24,22,,
1007,2026-09-24,23,,
1007,2026-09-24,24,,
1007,2026-09-25,1,,
1007,2026-09-25,2,,
1007,2026-09-25,3,,
1007,2026-09-25,4,,
1007,2026-09-25,5,,
1007,2026-09-25,6,,
1007,2026-09-25,7,,
1007,2026-09-25,8,,
1007,2026-09-25,9,,
1007,2026-09-25,10,,
1007,2026-09-25,11,,
1007,2026-09-25,12,,
1007,2026-09-25,13,,
1007,2026-09-25,14,18.465,GOOD
1007,2026-09-25,15,8.207,GOOD
1007,2026-09-25,16,5.089,GOOD
1007,2026-09-25,17,9.439,GOOD
1007,2026-09-25,18,7.93,GOOD
1007,2026-09-25,19,19.184,GOOD
1007,2026-09-25,20,4.209,GOOD
1007,2026-09-25,21,12.993,GOOD
1007,2026-09-25,22,9.315,GOOD
1007,2026-09-25,23,8.696,GOOD
1007,2026-09-25,24,11.424,GOOD
1007,2026-09-26,1,11.388,GOOD
1007,2026-09-26,2,9.28,GOOD
1007,2026-09-26,3,13.942,GOOD
1007,2026-09-26,4,12.337,GOOD
1007,2026-09-26,5,12.164,GOOD
1007,2026-09-26,6,12.784,GOOD
1007,2026-09-26,7,13.323,GOOD
1007,2026-09-26,8,15.635,GOOD
1007,2026-09-26,9,3.819,GOOD
1007,2026-09-26,10,-2.42,GOOD
1007,2026-09-26,11,11.24,GOOD
1007,2026-09-26,12,10.298,GOOD
1007,2026-09-26,13,13.485,GOOD
1007,2026-09-26,14,11.383,GOOD
1007,2026-09-26,15,12.31,GOOD
1007,2026-09-26,16,15.337,GOOD
1007,2026-09-26,17,10.049,GOOD
1007,2026-09-26,18,16.48,GOOD
1007,2026-09-26,19,33.809,FAIR
1007,2026-09-26,20,26.949,FAIR
1007,2026-09-26,21,10.162,GOOD
1007,2026-09-26,22,6.987,GOOD
1007,2026-09-26,23,6.999,GOOD
1007,2026-09-26,24,-0.582,GOOD
1007,2026-09-27,1,0.327,GOOD
1007,2026-09-27,2,4.321,GOOD
1007,2026-09-27,3,3.287,GOOD
1007,2026-09-27,4,2.544,GOOD
1007,2026-09-27,5,1.09,GOOD
1007,2026-09-27,6,7.138,GOOD
1007,2026-09-27,7,2.246,GOOD
1007,2026-09-27,8,0.731,GOOD
1007,2026-09-27,9,2.61,GOOD
1007,2026-09-27,10,2.111,GOOD
1007,2026-09-27,11,0.969,GOOD
1007,2026-09-27,12,2.808,GOOD
1007,2026-09-27,13,3.831,GOOD
1007,2026-09-27,14,5.2,GOOD
1007,2026-09-27,15,-0.087,GOOD
1007,2026-09-27,16,0.132,GOOD
1007,2026-09-27,17,0.532,GOOD
1007,2026-09-27,18,3.193,GOOD
1007,2026-09-27,19,1.162,GOOD
1007,2026-09-27,20,3.573,GOOD
1007,2026-09-27,21,4.607,GOOD
1007,2026-09-27,22,4.12,GOOD
1007,2026-09-27,23,2.33,GOOD
1007,2026-09-27,24,0.91,GOOD
1007,2026-09-28,1,2.76,GOOD
1007,2026-09-28,2,2.797,GOOD
1007,2026-09-28,3,1.301,GOOD
1007,2026-09-28,4,1.028,GOOD
1007,2026-09-28,5,1.941,GOOD
1007,2026-09-28,6,3.082,GOOD
1007,2026-09-28,7,2.664,GOOD
1007,2026-09-28,8,3.808,GOOD
1007,2026-09-28,9,2.318,GOOD
1007,2026-09-28,10,-0.094,GOOD
1007,2026-09-28,11,2.396,GOOD
1007,2026-09-28,12,2.522,GOOD
1007,2026-09-28,13,2.759,GOOD
1007,2026-09-28,14,5.349,GOOD
1007,2026-09-28,15,4.827,GOOD
1007,2026-09-28,16,4.272,GOOD
1007,2026-09-28,17,1.002,GOOD
1007,2026-09-28,18,3.407,GOOD
1007,2026-09-28,19,5.922,GOOD
1007,2026-09-28,20,6.145,GOOD
1007,2026-09-28,21,5.526,GOOD
1007,2026-09-28,22,3.772,GOOD
1007,2026-09-28,23,3.709,GOOD
1007,2026-09-28,24,4.297,GOOD
1007,2026-09-29,1,2.42,GOOD
1007,2026-09-29,2,2.829,GOOD
1007,2026-09-29,3,3.285,GOOD
1007,2026-09-29,4,4.12,GOOD
1007,2026-09-29,5,5.996,GOOD
1007,2026-09-29,6,4.203,GOOD
1007,2026-09-29,7,6.026,GOOD
1007,2026-09-29,8,5.883,GOOD
1007,2026-09-29,9,7.576,GOOD
1007,2026-09-29,10,4.201,GOOD
1007,2026-09-29,11,3.036,GOOD
1007,2026-09-29,12,3.27,GOOD
1007,2026-09-29,13,5.598,GOOD
1007,2026-09-29,14,2.843,GOOD
1007,2026-09-29,15,0.239,GOOD
1007,2026-09-29,16,-0.404,GOOD
1007,2026-09-29,17,2.641,GOOD
1007,2026-09-29,18,1.805,GOOD
1007,2026-09-29,19,3.133,GOOD
1007,2026-09-29,20,4.026,GOOD
1007,2026-09-29,21,3.811,GOOD
1007,2026-09-29,22,2.502,GOOD
1007,2026-09-29,23,3.012,GOOD
1007,2026-09-29,24,1.895,GOOD
1007,2026-09-30,1,3.508,GOOD
1007,2026-09-30,2,3.808,GOOD
1007,2026-09-30,3,2.416,GOOD
1007,2026-09-30,4,1.894,GOOD
1007,2026-09-30,5,3.344,GOOD
1007,2026-09-30,6,5.92,GOOD
1007,2026-09-30,7,5.441,GOOD
1007,2026-09-30,8,8.018,GOOD
1007,2026-09-30,9,8.147,GOOD
1007,2026-09-30,10,1.944,GOOD
1007,2026-09-30,11,10.936,GOOD
1007,2026-09-30,12,4.671,GOOD
1007,2026-09-30,13,2.861,GOOD
1007,2026-09-30,14,4.222,GOOD
1007,2026-09-30,15,7.788,GOOD
1007,2026-09-30,16,9.303,GOOD
1007,2026-09-30,17,6.9,GOOD
1007,2026-09-30,18,5.775,GOOD
1007,2026-09-30,19,6.414,GOOD
1007,2026-09-30,20,6.939,GOOD
1007,2026-09-30,21,6.747,GOOD
1007,2026-09-30,22,2.533,GOOD
1007,2026-09-30,23,3.33,GOOD
1007,2026-09-30,24,5.652,GOOD
450,2026-09-01,1,7.599,GOOD
450,2026-09-01,2,6.263,GOOD
450,2026-09-01,3,5.894,GOOD
450,2026-09-01,4,5.175,GOOD
450,2026-09-01,5,4.721,GOOD
450,2026-09-01,6,5.962,GOOD
450,2026-09-01,7,5.148,GOOD
450,2026-09-01,8,5.611,GOOD
450,2026-09-01,9,5.426,GOOD
450,2026-09-01,10,5.986,GOOD
450,2026-09-01,11,4.628,GOOD
450,2026-09-01,12,3.758,GOOD
450,2026-09-01,13,3.044,GOOD
450,2026-09-01,14,3.99,GOOD
450,2026-09-01,15,3.105,GOOD
450,2026-09-01,16,5.352,GOOD
450,2026-09-01,17,4.167,GOOD
450,2026-09-01,18,3.913,GOOD
450,2026-09-01,19,2.407,GOOD
450,2026-09-01,20,3.07,GOOD
450,2026-09-01,21,3.923,GOOD
450,2026-09-01,22,8.225,GOOD
450,2026-09-01,23,9.185,GOOD
450,2026-09-01,24,6.175,GOOD
450,2026-09-02,1,5.42,GOOD
450,2026-09-02,2,8.176,GOOD
450,2026-09-02,3,0.523,GOOD
450,2026-09-02,4,-0.066,GOOD
450,2026-09-02,5,4.5,GOOD
450,2026-09-02,6,5.767,GOOD
450,2026-09-02,7,8.152,GOOD
450,2026-09-02,8,7.919,GOOD
450,2026-09-02,9,8.506,GOOD
450,2026-09-02,10,10.509,GOOD
450,2026-09-02,11,8.844,GOOD
450,2026-09-02,12,6.827,GOOD
450,2026-09-02,13,11.241,GOOD
450,2026-09-02,14,8.759,GOOD
450,2026-09-02,15,9.638,GOOD
450,2026-09-02,16,9.504,GOOD
450,2026-09-02,17,5.39,GOOD
450,2026-09-02,18,8.723,GOOD
450,2026-09-02,19,16.691,GOOD
450,2026-09-02,20,11.938,GOOD
450,2026-09-02,21,11.75,GOOD
450,2026-09-02,22,4.648,GOOD
450,2026-09-02,23,11.514,GOOD
450,2026-09-02,24,11.285,GOOD
450,2026-09-03,1,8.148,GOOD
450,2026-09-03,2,8.753,GOOD
450,2026-09-03,3,9.01,GOOD
450,2026-09-03,4,6.733,GOOD
450,2026-09-03,5,5.065,GOOD
450,2026-09-03,6,5.863,GOOD
450,2026-09-03,7,9.798,GOOD
450,2026-09-03,8,12.957,GOOD
450,2026-09-03,9,13.007,GOOD
450,2026-09-03,10,10.248,GOOD
450,2026-09-03,11,8.78,GOOD
450,2026-09-03,12,15.323,GOOD
450,2026-09-03,13,13.235,GOOD
450,2026-09-03,14,9.337,GOOD
450,2026-09-03,15,7.717,GOOD
450,2026-09-03,16,8.465,GOOD
450,2026-09-03,17,27.216,FAIR
450,2026-09-03,18,38.975,FAIR
450,2026-09-03,19,37.331,FAIR
450,2026-09-03,20,40.524,FAIR
450,2026-09-03,21,32.913,FAIR
450,2026-09-03,22,16.571,GOOD
450,2026-09-03,23,19.062,GOOD
450,2026-09-03,24,18.803,GOOD
450,2026-09-04,1,17.687,GOOD
450,2026-09-04,2,20.063,GOOD
450,2026-09-04,3,16.668,GOOD
450,2026-09-04,4,13.658,GOOD
450,2026-09-04,5,17.024,GOOD
450,2026-09-04,6,7.06,GOOD
450,2026-09-04,7,5.741,GOOD
450,2026-09-04,8,6.142,GOOD
450,2026-09-04,9,6.64,GOOD
450,2026-09-04,10,5.103,GOOD
450,2026-09-04,11,7.152,GOOD
450,2026-09-04,12,11.535,GOOD
450,2026-09-04,13,6.606,GOOD
450,2026-09-04,14,5.384,GOOD
450,2026-09-04,15,6.928,GOOD
450,2026-09-04,16,7.377,GOOD
450,2026-09-04,17,6.682,GOOD
450,2026-09-04,18,4.956,GOOD
450,2026-09-04,19,5.97,GOOD
450,2026-09-04,20,12.448,GOOD
450,2026-09-04,21,9.42,GOOD
450,2026-09-04,22,3.833,GOOD
450,2026-09-04,23,5.053,GOOD
450,2026-09-04,24,7.042,GOOD
450,2026-09-05,1,5.413,GOOD
450,2026-09-05,2,12.731,GOOD
450,2026-09-05,3,6.795,GOOD
450,2026-09-05,4,5.192,GOOD
450,2026-09-05,5,7.361,GOOD
450,2026-09-05,6,11.105,GOOD
450,2026-09-05,7,18.158,GOOD
450,2026-09-05,8,21.888,GOOD
450,2026-09-05,9,24.911,GOOD
450,2026-09-05,10,25.486,FAIR
450,2026-09-05,11,24.138,GOOD
450,2026-09-05,12,18.52,GOOD
450,2026-09-05,13,15.01,GOOD
450,2026-09-05,14,18.427,GOOD
450,2026-09-05,15,16.423,GOOD
450,2026-09-05,16,10.345,GOOD
450,2026-09-05,17,14.204,GOOD
450,2026-09-05,18,13.692,GOOD
450,2026-09-05,19,19.281,GOOD
450,2026-09-05,20,22.124,GOOD
450,2026-09-05,21,17.334,GOOD
450,2026-09-05,22,13.531,GOOD
450,2026-09-05,23,30.686,FAIR
450,2026-09-05,24,25.517,FAIR
450,2026-09-06,1,28.862,FAIR
450,2026-09-06,2,25.329,FAIR
450,2026-09-06,3,14.996,GOOD
450,2026-09-06,4,15.146,GOOD
450,2026-09-06,5,13.925,GOOD
450,2026-09-06,6,13.948,GOOD
450,2026-09-06,7,14.377,GOOD
450,2026-09-06,8,11.51,GOOD
450,2026-09-06,9,11.489,GOOD
450,2026-09-06,10,7.471,GOOD
450,2026-09-06,11,6.555,GOOD
450,2026-09-06,12,3.951,GOOD
450,2026-09-06,13,11.947,GOOD
450,2026-09-06,14,3.868,GOOD
450,2026-09-06,15,8.3,GOOD
450,2026-09-06,16,6.593,GOOD
450,2026-09-06,17,4.808,GOOD
450,2026-09-06,18,2.1,GOOD
450,2026-09-06,19,3.272,GOOD
450,2026-09-06,20,3.683,GOOD
450,2026-09-06,21,2.944,GOOD
450,2026-09-06,22,1.736,GOOD
450,2026-09-06,23,1.296,GOOD
450,2026-09-06,24,4.094,GOOD
450,2026-09-07,1,3.678,GOOD
450,2026-09-07,2,4.082,GOOD
450,2026-09-07,3,3.177,GOOD
450,2026-09-07,4,3.619,GOOD
450,2026-09-07,5,1.528,GOOD
450,2026-09-07,6,2.513,GOOD
450,2026-09-07,7,2.541,GOOD
450,2026-09-07,8,2.147,GOOD
450,2026-09-07,9,3.771,GOOD
450,2026-09-07,10,6.505,GOOD
450,2026-09-07,11,5.826,GOOD
450,2026-09-07,12,5.836,GOOD
450,2026-09-07,13,6.431,GOOD
450,2026-09-07,14,7.724,GOOD
450,2026-09-07,15,3.736,GOOD
450,2026-09-07,16,2.115,GOOD
450,2026-09-07,17,5.057,GOOD
450,2026-09-07,18,6.988,GOOD
450,2026-09-07,19,5.627,GOOD
450,2026-09-07,20,5.905,GOOD
450,2026-09-07,21,9.474,GOOD
450,2026-09-07,22,7.625,GOOD
450,2026-09-07,23,4.907,GOOD
450,2026-09-07,24,4.445,GOOD
450,2026-09-08,1,3.224,GOOD
450,2026-09-08,2,3.46,GOOD
450,2026-09-08,3,2.958,GOOD
450,2026-09-08,4,3.451,GOOD
450,2026-09-08,5,2.734,GOOD
450,2026-09-08,6,3.317,GOOD
450,2026-09-08,7,4.305,GOOD
450,2026-09-08,8,2.874,GOOD
450,2026-09-08,9,2.227,GOOD
450,2026-09-08,10,2.373,GOOD
450,2026-09-08,11,1.674,GOOD
450,2026-09-08,12,-1.09,GOOD
450,2026-09-08,13,1.613,GOOD
450,2026-09-08,14,3.469,GOOD
450,2026-09-08,15,2.359,GOOD
450,2026-09-08,16,3.31,GOOD
450,2026-09-08,17,4.682,GOOD
450,2026-09-08,18,1.855,GOOD
450,2026-09-08,19,3.688,GOOD
450,2026-09-08,20,2.702,GOOD
450,2026-09-08,21,1.577,GOOD
450,2026-09-08,22,1.726,GOOD
450,2026-09-08,23,2.305,GOOD
450,2026-09-08,24,3.132,GOOD
450,2026-09-09,1,2.966,GOOD
450,2026-09-09,2,2.374,GOOD
450,2026-09-09,3,4.193,GOOD
450,2026-09-09,4,2.991,GOOD
450,2026-09-09,5,2.137,GOOD
450,2026-09-09,6,2.619,GOOD
450,2026-09-09,7,1.463,GOOD
450,2026-09-09,8,2.853,GOOD
450,2026-09-09,9,7.929,GOOD
450,2026-09-09,10,11.295,GOOD
450,2026-09-09,11,7.38,GOOD
450,2026-09-09,12,7.088,GOOD
450,2026-09-09,13,6.07,GOOD
450,2026-09-09,14,8.552,GOOD
450,2026-09-09,15,9.762,GOOD
450,2026-09-09,16,11.332,GOOD
450,2026-09-09,17,9.012,GOOD
450,2026-09-09,18,5.247,GOOD
450,2026-09-09,19,5.807,GOOD
450,2026-09-09,20,5.515,GOOD
450,2026-09-09,21,5.472,GOOD
450,2026-09-09,22,4.557,GOOD
450,2026-09-09,23,5.293,GOOD
450,2026-09-09,24,4.803,GOOD
450,2026-09-10,1,3.658,GOOD
450,2026-09-10,2,4.492,GOOD
450,2026-09-10,3,6.418,GOOD
450,2026-09-10,4,5.388,GOOD
450,2026-09-10,5,6.955,GOOD
450,2026-09-10,6,5.102,GOOD
450,2026-09-10,7,4.579,GOOD
450,2026-09-10,8,3.566,GOOD
450,2026-09-10,9,4.041,GOOD
450,2026-09-10,10,2.146,GOOD
450,2026-09-10,11,2.289,GOOD
450,2026-09-10,12,2.479,GOOD
450,2026-09-10,13,1.49,GOOD
450,2026-09-10,14,2.972,GOOD
450,2026-09-10,15,2.338,GOOD
450,2026-09-10,16,4.521,GOOD
450,2026-09-10,17,4.62,GOOD
450,2026-09-10,18,3.537,GOOD
450,2026-09-10,19,4.78,GOOD
450,2026-09-10,20,3.858,GOOD
450,2026-09-10,21,2.31,GOOD
450,2026-09-10,22,1.231,GOOD
450,2026-09-10,23,1.49,GOOD
450,2026-09-10,24,2.994,GOOD
450,2026-09-11,1,3.292,GOOD
450,2026-09-11,2,0.987,GOOD
450,2026-09-11,3,2.219,GOOD
450,2026-09-11,4,1.826,GOOD
450,2026-09-11,5,2.558,GOOD
450,2026-09-11,6,3.195,GOOD
450,2026-09-11,7,1.753,GOOD
450,2026-09-11,8,2.957,GOOD
450,2026-09-11,9,2.678,GOOD
450,2026-09-11,10,0.46,GOOD
450,2026-09-11,11,0.658,GOOD
450,2026-09-11,12,0.305,GOOD
450,2026-09-11,13,0.285,GOOD
450,2026-09-11,14,3.208,GOOD
450,2026-09-11,15,2.302,GOOD
450,2026-09-11,16,5.131,GOOD
450,2026-09-11,17,1.408,GOOD
450,2026-09-11,18,2.624,GOOD
450,2026-09-11,19,1.332,GOOD
450,2026-09-11,20,2.536,GOOD
450,2026-09-11,21,3.543,GOOD
450,2026-09-11,22,2.912,GOOD
450,2026-09-11,23,1.062,GOOD
450,2026-09-11,24,0.953,GOOD
450,2026-09-12,1,1.504,GOOD
450,2026-09-12,2,1.922,GOOD
450,2026-09-12,3,1.553,GOOD
450,2026-09-12,4,1.505,GOOD
450,2026-09-12,5,2.479,GOOD
450,2026-09-12,6,1.582,GOOD
450,2026-09-12,7,1.125,GOOD
450,2026-09-12,8,2.228,GOOD
450,2026-09-12,9,-1.953,GOOD
450,2026-09-12,10,0.232,GOOD
450,2026-09-12,11,0.467,GOOD
450,2026-09-12,12,2.4,GOOD
450,2026-09-12,13,1.374,GOOD
450,2026-09-12,14,1.243,GOOD
450,2026-09-12,15,3.439,GOOD
450,2026-09-12,16,1.81,GOOD
450,2026-09-12,17,4.38,GOOD
450,2026-09-12,18,5.084,GOOD
450,2026-09-12,19,9.5,GOOD
450,2026-09-12,20,15.417,GOOD
450,2026-09-12,21,6.409,GOOD
450,2026-09-12,22,7.731,GOOD
450,2026-09-12,23,6.413,GOOD
450,2026-09-12,24,4.914,GOOD
450,2026-09-13,1,4.878,GOOD
450,2026-09-13,2,3.761,GOOD
450,2026-09-13,3,2.244,GOOD
450,2026-09-13,4,1.436,GOOD
450,2026-09-13,5,2.108,GOOD
450,2026-09-13,6,2.326,GOOD
450,2026-09-13,7,0.842,GOOD
450,2026-09-13,8,1.954,GOOD
450,2026-09-13,9,4.035,GOOD
450,2026-09-13,10,3.062,GOOD
450,2026-09-13,11,1.499,GOOD
450,2026-09-13,12,3.65,GOOD
450,2026-09-13,13,5.702,GOOD
450,2026-09-13,14,4.909,GOOD
450,2026-09-13,15,5.502,GOOD
450,2026-09-13,16,5.986,GOOD
450,2026-09-13,17,5.494,GOOD
450,2026-09-13,18,7.248,GOOD
450,2026-09-13,19,6.863,GOOD
450,2026-09-13,20,7.313,GOOD
450,2026-09-13,21,6.166,GOOD
450,2026-09-13,22,7.219,GOOD
450,2026-09-13,23,7.331,GOOD
450,2026-09-13,24,7.583,GOOD
450,2026-09-14,1,8.612,GOOD
450,2026-09-14,2,9.042,GOOD
450,2026-09-14,3,5.638,GOOD
450,2026-09-14,4,4.039,GOOD
450,2026-09-14,5,4.47,GOOD
450,2026-09-14,6,3.398,GOOD
450,2026-09-14,7,4.627,GOOD
450,2026-09-14,8,5.531,GOOD
450,2026-09-14,9,6.245,GOOD
450,2026-09-14,10,4.816,GOOD
450,2026-09-14,11,4.883,GOOD
450,2026-09-14,12,5.19,GOOD
450,2026-09-14,13,6.095,GOOD
450,2026-09-14,14,5.848,GOOD
450,2026-09-14,15,3.194,GOOD
450,2026-09-14,16,2.656,GOOD
450,2026-09-14,17,4.142,GOOD
450,2026-09-14,18,3.816,GOOD
450,2026-09-14,19,2.364,GOOD
450,2026-09-14,20,1.452,GOOD
450,2026-09-14,21,2.273,GOOD
450,2026-09-14,22,2.283,GOOD
450,2026-09-14,23,2.703,GOOD
450,2026-09-14,24,2.701,GOOD
450,2026-09-15,1,1.402,GOOD
450,2026-09-15,2,1.074,GOOD
450,2026-09-15,3,3.091,GOOD
450,2026-09-15,4,3.235,GOOD
450,2026-09-15,5,4.859,GOOD
450,2026-09-15,6,5.522,GOOD
450,2026-09-15,7,4.052,GOOD
450,2026-09-15,8,6.723,GOOD
450,2026-09-15,9,10.072,GOOD
450,2026-09-15,10,12.363,GOOD
450,2026-09-15,11,13.108,GOOD
450,2026-09-15,12,12.649,GOOD
450,2026-09-15,13,7.368,GOOD
450,2026-09-15,14,5.215,GOOD
450,2026-09-15,15,5.307,GOOD
450,2026-09-15,16,7.442,GOOD
450,2026-09-15,17,3.06,GOOD
450,2026-09-15,18,3.546,GOOD
450,2026-09-15,19,5.605,GOOD
450,2026-09-15,20,20.667,GOOD
450,2026-09-15,21,13.721,GOOD
450,2026-09-15,22,9.202,GOOD
450,2026-09-15,23,8.775,GOOD
450,2026-09-15,24,3.878,GOOD
450,2026-09-16,1,3.202,GOOD
450,2026-09-16,2,7.472,GOOD
450,2026-09-16,3,9.003,GOOD
450,2026-09-16,4,8.755,GOOD
450,2026-09-16,5,4.831,GOOD
450,2026-09-16,6,1.24,GOOD
450,2026-09-16,7,2.039,GOOD
450,2026-09-16,8,3.414,GOOD
450,2026-09-16,9,2.824,GOOD
450,2026-09-16,10,3.208,GOOD
450,2026-09-16,11,4.618,GOOD
450,2026-09-16,12,6.158,GOOD
450,2026-09-16,13,6.253,GOOD
450,2026-09-16,14,3.678,GOOD
450,2026-09-16,15,5.254,GOOD
450,2026-09-16,16,5.994,GOOD
450,2026-09-16,17,3.127,GOOD
450,2026-09-16,18,5.232,GOOD
450,2026-09-16,19,4.689,GOOD
450,2026-09-16,20,4.359,GOOD
450,2026-09-16,21,4.986,GOOD
450,2026-09-16,22,3.804,GOOD
450,2026-09-16,23,3.327,GOOD
450,2026-09-16,24,3.618,GOOD
450,2026-09-17,1,3.25,GOOD
450,2026-09-17,2,3.576,GOOD
450,2026-09-17,3,4.674,GOOD
450,2026-09-17,4,2.865,GOOD
450,2026-09-17,5,3.023,GOOD
450,2026-09-17,6,3.066,GOOD
450,2026-09-17,7,3.833,GOOD
450,2026-09-17,8,3.062,GOOD
450,2026-09-17,9,3.072,GOOD
450,2026-09-17,10,3.92,GOOD
450,2026-09-17,11,2.403,GOOD
450,2026-09-17,12,1.886,GOOD
450,2026-09-17,13,3.05,GOOD
450,2026-09-17,14,3.414,GOOD
450,2026-09-17,15,5.045,GOOD
450,2026-09-17,16,1.348,GOOD
450,2026-09-17,17,1.285,GOOD
450,2026-09-17,18,3.902,GOOD
450,2026-09-17,19,4.228,GOOD
450,2026-09-17,20,3.092,GOOD
450,2026-09-17,21,2.72,GOOD
450,2026-09-17,22,4.525,GOOD
450,2026-09-17,23,4.126,GOOD
450,2026-09-17,24,2.452,GOOD
450,2026-09-18,1,4.07,GOOD
450,2026-09-18,2,8.529,GOOD
450,2026-09-18,3,8.083,GOOD
450,2026-09-18,4,8.118,GOOD
450,2026-09-18,5,8.707,GOOD
450,2026-09-18,6,6.532,GOOD
450,2026-09-18,7,2.113,GOOD
450,2026-09-18,8,3.043,GOOD
450,2026-09-18,9,2.2,GOOD
450,2026-09-18,10,3.119,GOOD
450,2026-09-18,11,0.884,GOOD
450,2026-09-18,12,1.272,GOOD
450,2026-09-18,13,2.771,GOOD
450,2026-09-18,14,1.951,GOOD
450,2026-09-18,15,1.587,GOOD
450,2026-09-18,16,3.311,GOOD
450,2026-09-18,17,2.582,GOOD
450,2026-09-18,18,3.148,GOOD
450,2026-09-18,19,4.6,GOOD
450,2026-09-18,20,4.247,GOOD
450,2026-09-18,21,3.869,GOOD
450,2026-09-18,22,4.246,GOOD
450,2026-09-18,23,3.898,GOOD
450,2026-09-18,24,11.537,GOOD
450,2026-09-19,1,30.823,FAIR
450,2026-09-19,2,14.812,GOOD
450,2026-09-19,3,20.434,GOOD
450,2026-09-19,4,3.618,GOOD
450,2026-09-19,5,3.689,GOOD
450,2026-09-19,6,3.922,GOOD
450,2026-09-19,7,1.468,GOOD
450,2026-09-19,8,4.004,GOOD
450,2026-09-19,9,4.199,GOOD
450,2026-09-19,10,6.724,GOOD
450,2026-09-19,11,8.256,GOOD
450,2026-09-19,12,5.744,GOOD
450,2026-09-19,13,4.071,GOOD
450,2026-09-19,14,7.009,GOOD
450,2026-09-19,15,8.941,GOOD
450,2026-09-19,16,13.725,GOOD
450,2026-09-19,17,12.785,GOOD
450,2026-09-19,18,12.13,GOOD
450,2026-09-19,19,20.016,GOOD
450,2026-09-19,20,22.127,GOOD
450,2026-09-19,21,12.344,GOOD
450,2026-09-19,22,6.529,GOOD
450,2026-09-19,23,5.609,GOOD
450,2026-09-19,24,5.169,GOOD
450,2026-09-20,1,5.394,GOOD
450,2026-09-20,2,4.709,GOOD
450,2026-09-20,3,11.653,GOOD
450,2026-09-20,4,28.727,FAIR
450,2026-09-20,5,14.033,GOOD
450,2026-09-20,6,13.311,GOOD
450,2026-09-20,7,16.178,GOOD
450,2026-09-20,8,6.817,GOOD
450,2026-09-20,9,8.758,GOOD
450,2026-09-20,10,18.409,GOOD
450,2026-09-20,11,21.422,GOOD
450,2026-09-20,12,12.813,GOOD
450,2026-09-20,13,8.694,GOOD
450,2026-09-20,14,20.645,GOOD
450,2026-09-20,15,28.669,FAIR
450,2026-09-20,16,17.244,GOOD
450,2026-09-20,17,13.432,GOOD
450,2026-09-20,18,14.8,GOOD
450,2026-09-20,19,17.66,GOOD
450,2026-09-20,20,15.458,GOOD
450,2026-09-20,21,12.255,GOOD
450,2026-09-20,22,14.254,GOOD
450,2026-09-20,23,14.187,GOOD
450,2026-09-20,24,15.153,GOOD
450,2026-09-21,1,14.778,GOOD
450,2026-09-21,2,13.612,GOOD
450,2026-09-21,3,18.416,GOOD
450,2026-09-21,4,15.637,GOOD
450,2026-09-21,5,14.331,GOOD
450,2026-09-21,6,9.217,GOOD
450,2026-09-21,7,11.272,GOOD
450,2026-09-21,8,8.402,GOOD
450,2026-09-21,9,8.168,GOOD
450,2026-09-21,10,12.248,GOOD
450,2026-09-21,11,12.442,GOOD
450,2026-09-21,12,12.798,GOOD
450,2026-09-21,13,7.4,GOOD
450,2026-09-21,14,6.912,GOOD
450,2026-09-21,15,4.138,GOOD
450,2026-09-21,16,6.177,GOOD
450,2026-09-21,17,7.901,GOOD
450,2026-09-21,18,11.811,GOOD
450,2026-09-21,19,25.054,FAIR
450,2026-09-21,20,15.73,GOOD
450,2026-09-21,21,10.134,GOOD
450,2026-09-21,22,8.608,GOOD
450,2026-09-21,23,12.995,GOOD
450,2026-09-21,24,10.339,GOOD
450,2026-09-22,1,8,GOOD
450,2026-09-22,2,7.357,GOOD
450,2026-09-22,3,8.155,GOOD
450,2026-09-22,4,7.227,GOOD
450,2026-09-22,5,7.951,GOOD
450,2026-09-22,6,6.999,GOOD
450,2026-09-22,7,8.172,GOOD
450,2026-09-22,8,8.015,GOOD
450,2026-09-22,9,7.098,GOOD
450,2026-09-22,10,6.775,GOOD
450,2026-09-22,11,7.499,GOOD
450,2026-09-22,12,5.365,GOOD
450,2026-09-22,13,7.109,GOOD
450,2026-09-22,14,8.402,GOOD
450,2026-09-22,15,7.626,GOOD
450,2026-09-22,16,5.433,GOOD
450,2026-09-22,17,6.806,GOOD
450,2026-09-22,18,6.465,GOOD
450,2026-09-22,19,9.638,GOOD
450,2026-09-22,20,8.367,GOOD
450,2026-09-22,21,7.157,GOOD
450,2026-09-22,22,7.742,GOOD
450,2026-09-22,23,5.872,GOOD
450,2026-09-22,24,8.411,GOOD
450,2026-09-23,1,5.275,GOOD
450,2026-09-23,2,5.597,GOOD
450,2026-09-23,3,7.313,GOOD
450,2026-09-23,4,5.275,GOOD
450,2026-09-23,5,3.334,GOOD
450,2026-09-23,6,4.399,GOOD
450,2026-09-23,7,4.559,GOOD
450,2026-09-23,8,6.36,GOOD
450,2026-09-23,9,13.334,GOOD
450,2026-09-23,10,,
450,2026-09-23,11,8.141,GOOD
450,2026-09-23,12,6.608,GOOD
450,2026-09-23,13,6.055,GOOD
450,2026-09-23,14,6.326,GOOD
450,2026-09-23,15,5.397,GOOD
450,2026-09-23,16,3.691,GOOD
450,2026-09-23,17,6.651,GOOD
450,2026-09-23,18,6.874,GOOD
450,2026-09-23,19,5.561,GOOD
450,2026-09-23,20,7.472,GOOD
450,2026-09-23,21,16.386,GOOD
450,2026-09-23,22,8.773,GOOD
450,2026-09-23,23,6.175,GOOD
450,2026-09-23,24,4.473,GOOD
450,2026-09-24,1,3.93,GOOD
450,2026-09-24,2,4.44,GOOD
450,2026-09-24,3,5.786,GOOD
450,2026-09-24,4,4.391,GOOD
450,2026-09-24,5,3.856,GOOD
450,2026-09-24,6,1.253,GOOD
450,2026-09-24,7,2.03,GOOD
450,2026-09-24,8,2.467,GOOD
450,2026-09-24,9,5.827,GOOD
450,2026-09-24,10,4.648,GOOD
450,2026-09-24,11,3.746,GOOD
450,2026-09-24,12,4.739,GOOD
450,2026-09-24,13,1.418,GOOD
450,2026-09-24,14,2.481,GOOD
450,2026-09-24,15,1.085,GOOD
450,2026-09-24,16,3.036,GOOD
450,2026-09-24,17,3.082,GOOD
450,2026-09-24,18,3.458,GOOD
450,2026-09-24,19,2.034,GOOD
450,2026-09-24,20,3.851,GOOD
450,2026-09-24,21,5.691,GOOD
450,2026-09-24,22,3.335,GOOD
450,2026-09-24,23,2.802,GOOD
450,2026-09-24,24,4.424,GOOD
450,2026-09-25,1,3.855,GOOD
450,2026-09-25,2,4.61,GOOD
450,2026-09-25,3,2.637,GOOD
450,2026-09-25,4,3.219,GOOD
450,2026-09-25,5,3.051,GOOD
450,2026-09-25,6,4.438,GOOD
450,2026-09-25,7,1.505,GOOD
450,2026-09-25,8,2.996,GOOD
450,2026-09-25,9,3.884,GOOD
450,2026-09-25,10,1.382,GOOD
450,2026-09-25,11,2.878,GOOD
450,2026-09-25,12,3.378,GOOD
450,2026-09-25,13,1.899,GOOD
450,2026-09-25,14,3.681,GOOD
450,2026-09-25,15,2.355,GOOD
450,2026-09-25,16,1.276,GOOD
450,2026-09-25,17,3.381,GOOD
450,2026-09-25,18,2.781,GOOD
450,2026-09-25,19,2.823,GOOD
450,2026-09-25,20,1.686,GOOD
450,2026-09-25,21,1.676,GOOD
450,2026-09-25,22,0.537,GOOD
450,2026-09-25,23,1.191,GOOD
450,2026-09-25,24,2.231,GOOD
450,2026-09-26,1,3.71,GOOD
450,2026-09-26,2,1.617,GOOD
450,2026-09-26,3,3.137,GOOD
450,2026-09-26,4,0.306,GOOD
450,2026-09-26,5,1.304,GOOD
450,2026-09-26,6,0.348,GOOD
450,2026-09-26,7,0.587,GOOD
450,2026-09-26,8,0.724,GOOD
450,2026-09-26,9,1.144,GOOD
450,2026-09-26,10,2.692,GOOD
450,2026-09-26,11,2.107,GOOD
450,2026-09-26,12,0.788,GOOD
450,2026-09-26,13,3.921,GOOD
450,2026-09-26,14,3.438,GOOD
450,2026-09-26,15,5.082,GOOD
450,2026-09-26,16,2.717,GOOD
450,2026-09-26,17,2.574,GOOD
450,2026-09-26,18,2.896,GOOD
450,2026-09-26,19,2.501,GOOD
450,2026-09-26,20,2.265,GOOD
450,2026-09-26,21,4.327,GOOD
450,2026-09-26,22,3.084,GOOD
450,2026-09-26,23,6.638,GOOD
450,2026-09-26,24,4.562,GOOD
450,2026-09-27,1,3.056,GOOD
450,2026-09-27,2,3.148,GOOD
450,2026-09-27,3,2.292,GOOD
450,2026-09-27,4,1.39,GOOD
450,2026-09-27,5,5.276,GOOD
450,2026-09-27,6,5.821,GOOD
450,2026-09-27,7,6.828,GOOD
450,2026-09-27,8,10.823,GOOD
450,2026-09-27,9,11.724,GOOD
450,2026-09-27,10,8.758,GOOD
450,2026-09-27,11,5.748,GOOD
450,2026-09-27,12,1.886,GOOD
450,2026-09-27,13,3.07,GOOD
450,2026-09-27,14,2.332,GOOD
450,2026-09-27,15,1.618,GOOD
450,2026-09-27,16,2.933,GOOD
450,2026-09-27,17,3.678,GOOD
450,2026-09-27,18,3.991,GOOD
450,2026-09-27,19,3.193,GOOD
450,2026-09-27,20,1.89,GOOD
450,2026-09-27,21,0.105,GOOD
450,2026-09-27,22,1.086,GOOD
450,2026-09-27,23,2.459,GOOD
450,2026-09-27,24,2.838,GOOD
450,2026-09-28,1,1.119,GOOD
450,2026-09-28,2,0.728,GOOD
450,2026-09-28,3,-0.169,GOOD
450,2026-09-28,4,-1.73,GOOD
450,2026-09-28,5,1.271,GOOD
450,2026-09-28,6,2.229,GOOD
450,2026-09-28,7,1.418,GOOD
450,2026-09-28,8,1.638,GOOD
450,2026-09-28,9,2.366,GOOD
450,2026-09-28,10,2.707,GOOD
450,2026-09-28,11,-0.014,GOOD
450,2026-09-28,12,0.925,GOOD
450,2026-09-28,13,3.136,GOOD
450,2026-09-28,14,2.804,GOOD
450,2026-09-28,15,2.056,GOOD
450,2026-09-28,16,2.623,GOOD
450,2026-09-28,17,3.763,GOOD
450,2026-09-28,18,1.432,GOOD
450,2026-09-28,19,2.526,GOOD
450,2026-09-28,20,1.701,GOOD
450,2026-09-28,21,3.445,GOOD
450,2026-09-28,22,3.779,GOOD
450,2026-09-28,23,0.363,GOOD
450,2026-09-28,24,2.876,GOOD
450,2026-09-29,1,1.373,GOOD
450,2026-09-29,2,0.928,GOOD
450,2026-09-29,3,0.918,GOOD
450,2026-09-29,4,1.25,GOOD
450,2026-09-29,5,2.272,GOOD
450,2026-09-29,6,1.303,GOOD
450,2026-09-29,7,0.278,GOOD
450,2026-09-29,8,-0.452,GOOD
450,2026-09-29,9,1.518,GOOD
450,2026-09-29,10,-0.192,GOOD
450,2026-09-29,11,-1.25,GOOD
450,2026-09-29,12,2.291,GOOD
450,2026-09-29,13,-1.035,GOOD
450,2026-09-29,14,1.87,GOOD
450,2026-09-29,15,4.625,GOOD
450,2026-09-29,16,2.059,GOOD
450,2026-09-29,17,3.171,GOOD
450,2026-09-29,18,2.167,GOOD
450,2026-09-29,19,4.173,GOOD
450,2026-09-29,20,5,GOOD
450,2026-09-29,21,2.253,GOOD
450,2026-09-29,22,0.981,GOOD
450,2026-09-29,23,1.305,GOOD
450,2026-09-29,24,1.483,GOOD
450,2026-09-30,1,2.325,GOOD
450,2026-09-30,2,2.064,GOOD
450,2026-09-30,3,1.376,GOOD
450,2026-09-30,4,0.596,GOOD
450,2026-09-30,5,0.641,GOOD
450,2026-09-30,6,1.333,GOOD
450,2026-09-30,7,1.227,GOOD
450,2026-09-30,8,0.738,GOOD
450,2026-09-30,9,0.276,GOOD
450,2026-09-30,10,-1.616,GOOD
450,2026-09-30,11,1.141,GOOD
450,2026-09-30,12,-0.267,GOOD
450,2026-09-30,13,1.328,GOOD
450,2026-09-30,14,2.255,GOOD
450,2026-09-30,15,1.567,GOOD
450,2026-09-30,16,3.992,GOOD
450,2026-09-30,17,2.116,GOOD
450,2026-09-30,18,1.994,GOOD
450,2026-09-30,19,3.518,GOOD
450,2026-09-30,20,4.116,GOOD
450,2026-09-30,21,2.39,GOOD
450,2026-09-30,22,2.744,GOOD
450,2026-09-30,23,0.388,GOOD
450,2026-09-30,24,1.025,GOOD
