sal_code_2021,sal_name_2021,postcode_poa2021,lat,lon
10001,Aarons Pass,2850,-32.87885,149.80223
10002,Abbotsbury,2176,-33.87053,150.85903
10003,Abbotsford,2046,-33.85084,151.12866
10004,Abercrombie,2795,-33.39067,149.55669
10005,Abercrombie River,2795,-33.91008,149.34638
10006,Aberdare,2325,-32.84050,151.38187
10007,Aberdeen,2336,-32.17369,150.89036
10008,Aberfoyle,2350,-30.23641,151.97853
10009,Aberglasslyn,2320,-32.69452,151.53470
10010,Abermain,2326,-32.81938,151.43719
10011,Abernethy,2325,-32.88693,151.40185
10012,Abington,2350,-30.31855,151.23716
10013,Acacia Creek,2476,-28.37703,152.31958
10014,Acacia Gardens,2763,-33.73379,150.91231
10015,Adaminaby,2629,-36.01163,148.78503
10016,Adamstown,2289,-32.93768,151.72362
10017,Adamstown Heights,2289,-32.94879,151.71097
10018,Adelong,2729,-35.30644,148.06971
10019,Adjungbilly,2727,-35.04167,148.44039
10020,Afterlee,2474,-28.57330,152.82333
10021,Agnes Banks,2753,-33.62125,150.70497
10022,Airds,2560,-34.08658,150.83259
10023,Akolele,2546,-36.34783,150.07641
10024,Albert,2873,-32.38498,147.47641
10025,Albion Park,2527,-34.58168,150.77730
10026,Albion Park Rail,2527,-34.56239,150.79589
10027,Albury,2640,-36.07470,146.91446
10028,Aldavilla,2440,-31.07319,152.76314
10029,Alectown,2870,-32.91428,148.26873
10030,Alexandria,2015,-33.91018,151.19184
10031,Alfords Point,2234,-33.98759,151.02331
10032,Alfredtown,2650,-35.15362,147.54167
10033,Alice,2469,-29.05267,152.59106
10034,Alison (Central Coast - NSW),2259,-33.26826,151.39875
10035,Alison (Dungog - NSW),2420,-32.42689,151.77432
10036,Allambie Heights,2100,-33.76990,151.24925
10037,Allandale,2320,-32.72734,151.41328
10038,Allawah,2218,-33.97147,151.11490
10039,Alleena,2671,-34.09413,147.13332
10040,Allgomera,2441,-30.81795,152.79514
10041,Allworth,2425,-32.54143,151.94436
10042,Allynbrook,2311,-32.35201,151.54945
10043,Alma Park,2659,-35.60114,146.80060
10044,Alpine,2575,-34.40989,150.53599
10045,Alstonvale,2477,-28.79417,153.44347
10046,Alstonville,2477,-28.84054,153.45055
10047,Alumy Creek,2460,-29.64334,152.95633
10048,Amaroo,2866,-33.16569,148.91948
10049,Ambarvale,2560,-34.08974,150.79687
10050,Amosfield,,-28.62345,152.06638
10051,Anabranch North,2648,-33.29609,141.80164
10052,Anabranch South,2648,-33.71388,141.68944
10053,Anambah,2320,-32.67861,151.49524
10054,Ando,2631,-36.73314,149.29533
10055,Anembo,2621,-35.77545,149.44869
10056,Angledale,2550,-36.63395,149.87532
10057,Angledool,2834,-29.12178,147.92855
10058,Anglers Reach,2629,-36.01053,148.68301
10059,Angourie,2464,-29.45170,153.35300
10060,Angus,2765,-33.68231,150.83427
10061,Anna Bay,2316,-32.76599,152.07540
10062,Annandale,2038,-33.88227,151.16973
10063,Annangrove,2156,-33.65853,150.94784
10064,Appin,2560,-34.20820,150.80888
10065,Apple Tree Flat,2850,-32.68091,149.70673
10066,Appleby,2340,-30.96215,150.82214
10067,Appletree Flat,2330,-32.51284,150.85336
10068,Apsley,2820,-32.61377,148.95873
10069,Arable,2630,-36.38287,148.98080
10070,Arakoon,2431,-30.92240,153.06312
10071,Araluen,2622,-35.64008,149.81570
10072,Aratula,2714,-35.77331,145.28663
10073,Arcadia,2159,-33.61253,151.06667
10074,Arcadia Vale,2283,-33.05870,151.57597
10075,Ardglen,2338,-31.72691,150.78683
10076,Arding,2358,-30.57019,151.52081
10077,Ardlethan,2665,-34.34337,146.85459
10078,Argalong,2720,-35.29419,148.43694
10079,Argenton,2284,-32.93508,151.63241
10080,Argents Hill,2449,-30.61018,152.72742
10081,Argoon,2707,-34.91807,145.65698
10082,Ariah Park,2665,-34.31084,147.19698
10083,Arkell,2795,-33.73568,149.38526
10084,Arkstone,2795,-34.04043,149.65726
10085,Armatree,2828,-31.44808,148.46330
10086,Armidale,2350,-30.50317,151.66671
10087,Arncliffe,2205,-33.93927,151.14889
10088,Arndell Park,2148,-33.79084,150.88163
10089,Arrawarra,2456,-30.05312,153.19156
10090,Arrawarra Headland,2456,-30.06816,153.19550
10091,Artarmon,2064,-33.81208,151.18544
10092,Arthurville,2820,-32.55639,148.73846
10093,Arumpo,2715,-33.85360,142.99240
10094,Ashbury,2193,-33.90197,151.11953
10095,Ashby,2463,-29.44215,153.18332
10096,Ashby Heights,2463,-29.39708,153.17463
10097,Ashby Island,2463,-29.42341,153.20414
10098,Ashcroft,2168,-33.91667,150.89847
10099,Ashfield,2131,-33.88798,151.12748
10100,Ashford,2361,-29.31215,151.16711
10101,Ashley,2400,-29.25016,149.79728
10102,Ashmont,2650,-35.12445,147.33128
10103,Ashtonfield,2323,-32.78174,151.60032
10104,Asquith,2077,-33.68673,151.11593
10105,Atholwood,2361,-29.06834,151.04798
10106,Attunga,2345,-30.91124,150.81726
10107,Auburn,2144,-33.85581,151.02705
10108,Auburn Vale,2360,-29.83073,151.04038
10109,Austinmer,2515,-34.30233,150.92765
10110,Austral,2179,-33.92303,150.80758
10111,Austral Eden,2440,-31.02595,152.91896
10112,Avalon Beach,2107,-33.62888,151.32571
10113,Avisford,2850,-32.74782,149.47955
10114,Avoca,2577,-34.59132,150.47238
10115,Avoca Beach,2251,-33.46882,151.42645
10116,Avon,2574,-34.42607,150.66889
10117,Avondale,2530,-34.52472,150.74542
10118,Avonside,2628,-36.39936,148.72091
10119,Awaba,2283,-33.02299,151.54176
10120,Aylmerton,2575,-34.42302,150.49734
10121,Baan Baa,2390,-30.57228,149.92913
10122,Babinda,2825,-31.92572,146.50813
10123,Babyl Creek,2470,-28.72294,152.79431
10124,Back Creek (Bland - NSW),2671,-33.86484,147.46070
10125,Back Creek (Gwydir - NSW),2390,-30.11228,150.27529
10126,Back Creek (Mid-Coast - NSW),2422,-31.96247,152.05311
10127,Back Creek (Queanbeyan-Palerang Regional - NSW),2622,-35.34382,149.94307
10128,Back Creek (Tenterfield - NSW),2372,-28.96187,151.72987
10129,Back Creek (Tweed - NSW),2484,-28.40975,153.16992
10130,Back Forest,2535,-34.83871,150.67953
10131,Backmede,2470,-28.75746,153.02666
10132,Backwater,2365,-30.04737,151.91785
10133,Badgerys Creek,2555,-33.88226,150.74584
10134,Badja,2630,-36.05998,149.51591
10135,Baerami,2333,-32.40117,150.46032
10136,Baerami Creek,2333,-32.57355,150.49388
10137,Bagnoo,2446,-31.47163,152.53475
10138,Bago,2446,-31.51048,152.66895
10139,Bagotville,2477,-28.97767,153.41440
10140,Bakers Creek (Mid-Coast - NSW),2422,-31.97350,152.10108
10141,Bakers Creek (Nambucca Valley - NSW),2447,-30.82543,152.71458
10142,Bakers Creek (Uralla - NSW),2359,-30.32483,150.99559
10143,Bakers Swamp,2820,-32.77148,148.93300
10144,Balaclava,2575,-34.44138,150.48182
10145,Balala,2358,-30.62004,151.29935
10146,Balcolyn,2264,-33.09643,151.55073
10147,Bald Blair,2365,-30.18132,151.81678
10148,Bald Hills,2549,-36.91040,149.84090
10149,Bald Nob,2370,-29.67899,151.98845
10150,Bald Ridge,2795,-33.93171,149.43407
10151,Baldersleigh,2350,-30.30170,151.43120
10152,Baldry,2867,-32.88879,148.46791
10153,Balfours Peak,2403,-29.47060,150.76476
10154,Balgowlah,2093,-33.79518,151.26227
10155,Balgowlah Heights,2093,-33.80778,151.26454
10156,Balgownie,2519,-34.38661,150.87106
10157,Balickera,2324,-32.65861,151.80435
10158,Balladoran,2822,-31.87676,148.59981
10159,Ballalaba,2622,-35.61826,149.64133
10160,Balldale,2646,-35.81560,146.51716
10161,Ballengarra,2441,-31.31756,152.70594
10162,Ballimore,2830,-32.17908,148.90130
10163,Ballina,2478,-28.84046,153.55874
10164,Ballyroe,2795,-34.04807,149.57082
10165,Balmain,2041,-33.85909,151.18020
10166,Balmain East,2041,-33.85700,151.19253
10167,Balmoral (Lake Macquarie - NSW),2283,-33.04614,151.57700
10168,Balmoral (Wingecarribee - NSW),2571,-34.30272,150.51553
10169,Balranald,2715,-34.33338,143.41727
10170,Bamarang,2540,-34.90337,150.51967
10171,Banda Banda,2446,-31.19429,152.45265
10172,Bandon Grove,2420,-32.27181,151.70216
10173,Bangadang,2729,-35.27374,147.98624
10174,Bangalee,2541,-34.84496,150.55276
10175,Bangalow,2479,-28.68457,153.52153
10176,Bangheet,2404,-29.83678,150.41745
10177,Bango,2582,-34.75639,148.96639
10178,Bangor,2234,-34.01522,151.03250
10179,Banksia,2216,-33.94750,151.14783
10180,Banksmeadow,2019,-33.95894,151.21299
10181,Bankstown,2200,-33.92020,151.03292
10182,Bankstown Aerodrome,2200,-33.92393,150.99031
10183,Bannaby,2580,-34.41018,149.99499
10184,Bannister,2580,-34.60622,149.49058
10185,Banoon,2347,-30.52636,150.40874
10186,Banora Point,2486,-28.22080,153.53706
10187,Banyabba,2460,-29.37248,152.93375
10188,Bar Beach,2300,-32.93937,151.76994
10189,Bar Point,2083,-33.49322,151.17509
10190,Bara,2850,-32.57305,149.82881
10191,Baradine,2396,-30.92890,149.05851
10192,Barangaroo,2000,-33.86143,151.20144
10193,Barcoongere,2460,-29.90071,153.20248
10194,Barden Ridge,2234,-34.03324,151.00315
10195,Bardia,2565,-33.97748,150.86150
10196,Bardwell Park,2207,-33.93737,151.12413
10197,Bardwell Valley,2207,-33.93837,151.13116
10198,Barellan,2665,-34.18247,146.59559
10199,Bargo,2574,-34.28305,150.58732
10200,Barham,2732,-35.59989,144.21500
10201,Barigan,2850,-32.51852,149.98125
10202,Barkers Vale,2474,-28.53167,153.11973
10203,Barmedman,2668,-34.10762,147.41873
10204,Barneys Reef,2852,-32.17743,149.50355
10205,Barnsley,2278,-32.92873,151.58370
10206,Barooga,,-35.90081,145.70987
10207,Barraba,2347,-30.36047,150.54882
10208,Barrack Heights,2528,-34.56367,150.85411
10209,Barrack Point,2528,-34.56347,150.86997
10210,Barraganyatti,2441,-30.87732,152.92543
10211,Barragga Bay,2546,-36.50470,150.05083
10212,Barratta,2710,-35.18974,144.52998
10213,Barren Grounds,2577,-34.68944,150.72319
10214,Barrengarry,2577,-34.68900,150.52906
10215,Barretts Creek,2460,-29.36357,152.75050
10216,Barringella,2540,-34.91126,150.46347
10217,Barrington,2422,-31.99458,151.89616
10218,Barrington Tops,2422,-31.95855,151.52684
10219,Barry (Blayney - NSW),2799,-33.64624,149.26653
10220,Barry (Tamworth Regional - NSW),2340,-31.59991,151.28355
10221,Barwang,2594,-34.44636,148.47831
10222,Baryulgil,2460,-29.21817,152.59843
10223,Basin View,2540,-35.09131,150.55521
10224,Bass Hill,2197,-33.89968,150.99748
10225,Bassendean,2365,-30.06111,151.18531
10226,Batar Creek,2439,-31.67030,152.67515
10227,Bateau Bay,2261,-33.38479,151.47252
10228,Batehaven,2536,-35.73782,150.19807
10229,Batemans Bay,2536,-35.70622,150.15705
10230,Bathampton,2795,-33.49305,149.41398
10231,Bathurst,2795,-33.41993,149.57724
10232,Batlow,2730,-35.54517,148.14660
10233,Baulkham Hills,2153,-33.75643,150.98126
10234,Baw Baw,2580,-34.71827,149.64052
10235,Bawley Point,2539,-35.50922,150.37970
10236,Baxters Ridge,2422,-31.70826,151.90507
10237,Bayview,2104,-33.66245,151.29090
10238,Beacon Hill,2100,-33.75239,151.25895
10239,Beaconsfield,,-33.91223,151.20007
10240,Bean Creek,2469,-28.58180,152.58764
10241,Bearbong,2827,-31.66678,148.89628
10242,Beaumont,2577,-34.78148,150.58088
10243,Beaumont Hills,2155,-33.69656,150.93968
10244,Beckom,2665,-34.30228,146.99475
10245,Bective,2340,-31.00441,150.71744
10246,Bectric,2665,-34.50264,147.27187
10247,Bedgerabong,2871,-33.33312,147.69948
10248,Beechwood,2446,-31.43925,152.67199
10249,Beecroft,2119,-33.75232,151.06010
10250,Beecroft Peninsula,2540,-35.04353,150.80670
10251,Beelbangera,2680,-34.23020,146.10491
10252,Beemunnel,2824,-31.67610,147.85517
10253,Bega,2550,-36.68797,149.84172
10254,Beggan Beggan,2587,-34.65560,148.28513
10255,Belanglo,2577,-34.51082,150.22171
10256,Belbora,2422,-31.98428,152.16876
10257,Belfield,2191,-33.90384,151.08477
10258,Belford,2335,-32.67006,151.28813
10259,Belfrayden,2650,-35.11666,147.05476
10260,Belgravia,2800,-33.11358,149.02369
10261,Belimbla Park,2570,-34.08435,150.53939
10262,Bell,2786,-33.49774,150.29481
10263,Bella Vista,2153,-33.73742,150.95301
10264,Bellambi,2518,-34.36873,150.91648
10265,Bellangry,2446,-31.32826,152.58104
10266,Bellata,2397,-29.93585,149.75900
10267,Bellawongarah,2535,-34.75823,150.61965
10268,Bellbird,2325,-32.85500,151.31682
10269,Bellbird Heights,2325,-32.84853,151.33107
10270,Bellbrook,2440,-30.75970,152.48427
10271,Bellevue Hill,2023,-33.88161,151.25622
10272,Bellimbopinni,2440,-31.00433,152.89955
10273,Bellingen,2454,-30.45216,152.88763
10274,Bellmount Forest,2581,-34.91387,149.26085
10275,Belltrees,2337,-31.96962,151.12157
10276,Belmont,2280,-33.03038,151.67380
10277,Belmont North,2280,-33.01772,151.67190
10278,Belmont South,2280,-33.05397,151.65862
10279,Belmore,2192,-33.91969,151.08967
10280,Belmore River,2440,-31.09210,152.96624
10281,Beloka,2628,-36.54828,148.71156
10282,Belowra,2545,-36.10170,149.68256
10283,Belrose,2085,-33.72219,151.21115
10284,Bemboka,2550,-36.60474,149.56284
10285,Ben Bullen,2790,-33.23017,150.03562
10286,Ben Lomond,2365,-30.00900,151.65016
10287,Benandarah,2536,-35.62577,150.21848
10288,Bendalong,2539,-35.23016,150.50078
10289,Bendemeer,2355,-30.80312,151.17615
10290,Bendick Murrell,2803,-34.18179,148.44973
10291,Bendolba,2420,-32.34968,151.72981
10292,Bendoura,2622,-35.54094,149.67962
10293,Benerembah,2680,-34.43046,145.84550
10294,Bengalla,2333,-32.28670,150.82187
10295,Bennetts Green,2290,-32.99927,151.69063
10296,Benolong,2818,-32.50787,148.67021
10297,Bensville,2251,-33.50104,151.39148
10298,Bentley,2480,-28.75361,153.09841
10299,Berala,2141,-33.87566,151.03352
10300,Berambing,2758,-33.53441,150.45030
10301,Beresfield,2322,-32.80385,151.64052
10302,Bergalia,2537,-35.97907,150.09415
10303,Berkeley,2506,-34.47899,150.84335
10304,Berkeley Vale,,-33.32050,151.41410
10305,Berkshire Park,2765,-33.67205,150.77580
10306,Berlang,2622,-35.67928,149.68674
10307,Bermagui,2546,-36.43196,150.03924
10308,Berowra,2081,-33.62788,151.14912
10309,Berowra Heights,2082,-33.60262,151.13417
10310,Berowra Waters,2082,-33.60440,151.12000
10311,Berrambool,2548,-36.88115,149.91042
10312,Berrara,2540,-35.20677,150.55047
10313,Berremangra,2582,-34.80400,148.48630
10314,Berrico,2422,-32.08829,151.79824
10315,Berridale,2628,-36.38362,148.82023
10316,Berrigal,2390,-29.96048,150.11101
10317,Berrigan,2712,-35.64584,145.82759
10318,Berrilee,2159,-33.60838,151.10446
10319,Berrima,2577,-34.46766,150.33167
10320,Berringer Lake,2539,-35.25061,150.50406
10321,Berry,2535,-34.79357,150.72711
10322,Berry Jerry,2701,-34.70724,147.24642
10323,Berry Mountain,2535,-34.76613,150.64887
10324,Berry Park,2321,-32.74333,151.65755
10325,Berthong,2594,-34.38879,148.09563
10326,Beryl,2852,-32.31671,149.45012
10327,Bethungra,2590,-34.75745,147.84275
10328,Bevendale,2581,-34.53350,149.08732
10329,Beverley Park,2217,-33.97770,151.13083
10330,Beverly Hills,2209,-33.94806,151.07966
10331,Bewong,2540,-35.07933,150.53480
10332,Bexhill,2480,-28.75531,153.35328
10333,Bexley,2207,-33.95279,151.11964
10334,Bexley North,2207,-33.94193,151.11330
10335,Biala,2581,-34.59677,149.26121
10336,Bibbenluke,2632,-36.81397,149.31425
10337,Biddon,2827,-31.56016,148.78394
10338,Bidgeemia,2642,-35.39497,146.46176
10339,Bidwill,2770,-33.73042,150.82182
10340,Bielsdown Hills,2453,-30.36969,152.66956
10341,Big Hill,2579,-34.53252,150.00483
10342,Big Jacks Creek,2339,-31.76506,150.60915
10343,Big Ridge,2330,-32.57541,151.22543
10344,Big Springs,2650,-35.34672,147.41963
10345,Bigga,2583,-34.06265,149.13005
10346,Bilambil,2486,-28.22579,153.46647
10347,Bilambil Heights,2486,-28.20955,153.48416
10348,Bilbul,2680,-34.28237,146.15896
10349,Bilgola Beach,2107,-33.64193,151.32773
10350,Bilgola Plateau,2107,-33.64418,151.31508
10351,Billeroy,2829,-30.62980,148.45487
10352,Billilingra,2630,-36.01935,149.11529
10353,Billimari,2804,-33.67302,148.61736
10354,Billinudgel,2483,-28.50673,153.51339
10355,Billys Creek,2453,-30.16076,152.57655
10356,Billywillinga,2795,-33.28472,149.44028
10357,Bilpin,2758,-33.44913,150.54927
10358,Bimberi,2611,-35.57314,148.70850
10359,Bimbi,2810,-33.99538,147.94392
10360,Bimbimbie,2536,-35.84208,150.11764
10361,Binalong,2584,-34.67211,148.66091
10362,Binda,2583,-34.30973,149.32290
10363,Bindera,2422,-32.02681,151.81871
10364,Bingara,2404,-29.82556,150.58459
10365,Bingeebeebra Creek,2469,-28.80792,152.77913
10366,Bingie,2537,-36.01179,150.14355
10367,Bingleburra,2311,-32.37744,151.61814
10368,Biniguy,2399,-29.57703,150.13846
10369,Binjura,2630,-36.17861,149.10492
10370,Binna Burra,2479,-28.71098,153.49262
10371,Binnaway,2395,-31.54023,149.45710
10372,Binya,2665,-34.14268,146.33857
10373,Birchgrove,2041,-33.85122,151.18354
10374,Birdwood,2446,-31.35049,152.32521
10375,Birganbigil,2710,-35.51776,145.18512
10376,Birmingham Gardens,2287,-32.89388,151.69081
10377,Birriwa,2844,-32.12389,149.48054
10378,Birrong,2143,-33.89203,151.01893
10379,Bishops Bridge,2326,-32.74795,151.47139
10380,Bithramere,2340,-31.13611,150.78142
10381,Black Creek (Port Macquarie-Hastings - NSW),2439,-31.58539,152.63847
10382,Black Creek (Snowy Valleys - NSW),2729,-35.32827,148.03406
10383,Black Head,2430,-32.07185,152.53483
10384,Black Hill,2322,-32.82152,151.60665
10385,Black Hollow,2828,-31.12042,148.87142
10386,Black Mountain,2365,-30.33134,151.68132
10387,Black Range,2550,-36.73520,149.84537
10388,Black Springs,2787,-33.85771,149.71836
10389,Blackalls Park,2283,-32.99981,151.57971
10390,Blackbutt,2529,-34.57050,150.83802
10391,Blackett,2770,-33.73750,150.81713
10392,Blackheath,2785,-33.63931,150.27867
10393,Blackmans Flat,2790,-33.33781,150.06493
10394,Blackmans Point,2444,-31.39096,152.83148
10395,Blacksmiths,2281,-33.07583,151.65418
10396,Blacktown,2148,-33.77366,150.90409
10397,Blackville,2343,-31.62993,150.25242
10398,Blackwall,2256,-33.50523,151.33377
10399,Blair Athol,2560,-34.06150,150.80140
10400,Blairmount,2559,-34.05127,150.79227
10401,Blakebrook,2480,-28.76817,153.23213
10402,Blakehurst,2221,-33.99019,151.10890
10403,Blakney Creek,2581,-34.64259,149.04249
10404,Bland,2721,-34.01436,147.63412
10405,Blandford,2338,-31.75415,150.89710
10406,Blaxland,2774,-33.74404,150.61671
10407,Blaxlands Creek,2460,-29.88220,152.79779
10408,Blaxlands Ridge,2758,-33.47382,150.79658
10409,Blayney,2799,-33.54307,149.25709
10410,Bligh Park,2756,-33.63729,150.79788
10411,Blighty,2713,-35.59896,145.31142
10412,Blowering,2720,-35.50276,148.25813
10413,Blue Bay,2261,-33.35327,151.50103
10414,Blue Haven,2262,-33.21147,151.50301
10415,Blue Knob,2480,-28.54951,153.19384
10416,Blue Mountains National Park,2787,-33.98027,150.33822
10417,Blue Nobby,2408,-29.09116,150.64613
10418,Blue Vale,2380,-30.82603,150.22208
10419,Blueys Beach,2428,-32.34991,152.52901
10420,Boambee,2450,-30.33369,153.05592
10421,Boambee East,2452,-30.34776,153.07569
10422,Boambolo,2582,-34.97618,148.89392
10423,Boat Harbour (Lismore - NSW),2480,-28.78238,153.35518
10424,Boat Harbour (Port Stephens - NSW),2316,-32.78475,152.10938
10425,Bobadah,2877,-32.27225,146.68429
10426,Bobin,2429,-31.69770,152.28337
10427,Bobs Creek,2439,-31.59201,152.75416
10428,Bobs Farm,2316,-32.77835,152.00138
10429,Bobundara,2630,-36.46013,148.97768
10430,Boco,2631,-36.60735,149.15594
10431,Bocoble,2850,-32.80097,149.73054
10432,Bocobra,2865,-33.10055,148.53680
10433,Bodalla,2545,-36.09302,150.00901
10434,Bodangora,2820,-32.44206,149.03336
10435,Boeill Creek,2739,-34.15418,142.10477
10436,Bogan,2826,-32.02601,147.49160
10437,Bogan Gate,2876,-33.09526,147.77099
10438,Bogangar,2488,-28.33059,153.55827
10439,Bogee,2849,-32.99431,150.10061
10440,Boggabilla,2409,-28.70263,150.18464
10441,Boggabri,2382,-30.69176,150.04680
10442,Bogong Peaks Wilderness,2720,-35.52283,148.38413
10443,Bohena Creek,2390,-30.40767,149.63231
10444,Bohnock,2430,-31.94608,152.56413
10445,Bolaro,2629,-35.92255,148.84712
10446,Bolivia,2372,-29.28643,151.91046
10447,Bolong,2540,-34.84080,150.64532
10448,Bolton Point,2283,-32.99520,151.61223
10449,Bolwarra,2320,-32.71124,151.57355
10450,Bolwarra Heights,2320,-32.69288,151.58642
10451,Bom Bom,2460,-29.76566,152.96981
10452,Bomaderry,2541,-34.84652,150.60336
10453,Bombah Point,2423,-32.50352,152.27251
10454,Bombala,2632,-36.88590,149.24422
10455,Bombay,2622,-35.43432,149.65407
10456,Bombira,2850,-32.57066,149.60534
10457,Bombo,2533,-34.65482,150.85124
10458,Bombowlee,2720,-35.26317,148.24420
10459,Bombowlee Creek,2720,-35.27303,148.31557
10460,Bomen,2650,-35.06085,147.43354
10461,Bonalbo,2469,-28.71888,152.62530
10462,Bondi,2026,-33.89445,151.26380
10463,Bondi Beach,2026,-33.89041,151.27307
10464,Bondi Forest,2632,-37.15356,149.21360
10465,Bondi Junction,2022,-33.89320,151.25222
10466,Bonnells Bay,2264,-33.11003,151.52275
10467,Bonnet Bay,2226,-34.01173,151.05270
10468,Bonny Hills,2445,-31.58619,152.81982
10469,Bonnyrigg,2177,-33.89379,150.88882
10470,Bonnyrigg Heights,2177,-33.89141,150.86963
10471,Bonshaw,2361,-29.05011,151.22317
10472,Bonville,2450,-30.37449,153.01635
10473,Booerie Creek,2480,-28.77789,153.25508
10474,Book Book,2650,-35.33285,147.54462
10475,Booker Bay,2257,-33.51357,151.34540
10476,Bookham,2582,-34.84328,148.62482
10477,Bookookoorara,2372,-28.79291,152.05009
10478,Bookram,2460,-29.72186,153.22937
10479,Boolambayte,2423,-32.39369,152.27238
10480,Boolaroo,2284,-32.94834,151.62783
10481,Boolcarroll,2388,-30.04813,149.43071
10482,Booligal,2711,-33.71340,144.74512
10483,Boolijah,2540,-35.05793,150.32930
10484,Boomanoomana,2712,-35.89049,145.84291
10485,Boomerang Beach,2428,-32.33827,152.53620
10486,Boomey,2866,-32.98013,148.96378
10487,Boomi,2405,-28.70066,149.63048
10488,Boomi Creek,2476,-28.48428,152.59949
10489,Boona Mount,2877,-32.61741,147.26016
10490,Boonal,2409,-28.76016,150.55148
10491,Boonoo Boonoo,2372,-28.89162,152.09898
10492,Boorabee Park,2480,-28.68434,153.05697
10493,Booragul,2284,-32.97456,151.60905
10494,Booral,2425,-32.47191,151.97522
10495,Boorga,2652,-34.01966,146.00951
10496,Boorganna,2429,-31.62004,152.37482
10497,Boorolong,2350,-30.34607,151.45753
10498,Boorook,2372,-28.79907,152.27732
10499,Boorooma,2650,-35.07129,147.36618
10500,Booroorban,2710,-34.85963,144.79169
10501,Boorowa,2586,-34.39606,148.73464
10502,Bootawa,2430,-31.92384,152.35871
10503,Booti Booti,2428,-32.31566,152.52125
10504,Booyong,2480,-28.74777,153.44809
10505,Bora Ridge,2471,-29.06530,153.20339
10506,Borah Creek,2346,-30.60287,150.52077
10507,Borambola,2650,-35.15328,147.68599
10508,Border Ranges,2474,-28.39459,153.06920
10509,Boree,2800,-33.25092,148.84595
10510,Boree Creek,2652,-35.07800,146.53742
10511,Borenore,2800,-33.23350,148.96075
10512,Boro,2622,-35.20115,149.69674
10513,Bossley Park,2176,-33.86144,150.88464
10514,Bostobrick,2453,-30.27942,152.60275
10515,Botany,2019,-33.94823,151.19973
10516,Botobolar,2850,-32.52357,149.80516
10517,Bottle Creek,2469,-28.78789,152.65113
10518,Bouddi,2257,-33.51726,151.40105
10519,Bourbah,2828,-31.23045,148.16549
10520,Bourke,2840,-30.20702,146.04244
10521,Bourkelands,2650,-35.15517,147.34636
10522,Bournda,2548,-36.81483,149.88259
10523,Bournewood,2868,-32.74981,148.76393
10524,Bow Bowing,2566,-34.01668,150.84006
10525,Bowan Park,2864,-33.31866,148.84103
10526,Bowen Mountain,2753,-33.57691,150.62101
10527,Bowenfels,2790,-33.48076,150.10762
10528,Bowling Alley Point,2340,-31.37764,151.14106
10529,Bowman,2422,-31.93083,151.81709
10530,Bowman Farm,2422,-31.91111,151.93335
10531,Bowmans Creek,2330,-32.25914,151.12781
10532,Bowna,2644,-35.97654,147.14920
10533,Bowning,2582,-34.74625,148.80020
10534,Bowral,2576,-34.48562,150.42690
10535,Bowraville,2449,-30.63415,152.86395
10536,Box Head,2257,-33.53486,151.34682
10537,Box Hill,2765,-33.65336,150.89706
10538,Boxers Creek,2580,-34.76984,149.83445
10539,Boydtown,2551,-37.10708,149.87460
10540,Bradbury,2560,-34.08507,150.81607
10541,Braefield,2339,-31.57431,150.70145
10542,Braemar,2575,-34.42833,150.48233
10543,Braemar Bay,2628,-36.09946,148.67294
10544,Braidwood,2622,-35.43499,149.80237
10545,Brandy Hill,2324,-32.69629,151.68961
10546,Branxton,2335,-32.63749,151.35842
10547,Braunstone,2460,-29.81374,152.95046
10548,Brawboy,2337,-31.95270,150.62549
10549,Bray Park,2484,-28.34200,153.37597
10550,Brays Creek,2484,-28.41181,153.19731
10551,Brayton,2579,-34.62847,150.00189
10552,Breadalbane,2581,-34.79809,149.44714
10553,Breakfast Creek,2849,-32.67276,149.97967
10554,Breakfast Point,2137,-33.84420,151.10957
10555,Bream Beach,2540,-35.11067,150.66053
10556,Bredbo,2626,-35.95825,149.17217
10557,Breelong,2827,-31.81164,148.79444
10558,Breeza,2381,-31.26381,150.45036
10559,Bretti,2422,-31.78665,151.90374
10560,Brewarrina,2839,-29.99678,146.88974
10561,Brewongle,2795,-33.47502,149.69024
10562,Briarbrook,2365,-30.17792,151.36698
10563,Bribbaree,2594,-34.11416,147.89602
10564,Bridgman,2330,-32.46033,151.18605
10565,Brierfield,2454,-30.51474,152.91802
10566,Brighton-Le-Sands,2216,-33.95914,151.15306
10567,Brightwaters,2264,-33.11292,151.54647
10568,Bril Bril,2441,-31.27874,152.55762
10569,Brimbin,2430,-31.84951,152.47293
10570,Brindabella,2611,-35.35949,148.66438
10571,Brinerville,2454,-30.46829,152.49575
10572,Bringelly,2556,-33.94431,150.72456
10573,Bringenbrong,,-36.13372,148.04974
10574,Brisbane Grove,2580,-34.79429,149.71893
10575,Broadmeadow,2292,-32.92438,151.73226
10576,Broadwater (Bega Valley - NSW),2549,-36.97374,149.89359
10577,Broadwater (Richmond Valley - NSW),2472,-29.03708,153.42659
10578,Broadway,2581,-34.70930,149.08242
10579,Brobenah,2705,-34.37671,146.44379
10580,Brocklehurst,2830,-32.13610,148.60850
10581,Brocklesby,2642,-35.81245,146.66447
10582,Brockley,2365,-30.26277,151.85668
10583,Brodies Plains,2360,-29.81027,151.19848
10584,Brogans Creek,2848,-32.99216,149.97770
10585,Brogers Creek,2535,-34.70193,150.69079
10586,Brogo,2550,-36.47679,149.69470
10587,Broke,2330,-32.77560,151.09374
10588,Broken Head,2481,-28.72956,153.59137
10589,Broken Hill,2880,-32.32140,141.55146
10590,Brombin,2446,-31.45812,152.63356
10591,Bronte,2024,-33.90427,151.26483
10592,Brookdale,2656,-35.12088,147.01290
10593,Brookfield,2420,-32.51793,151.75934
10594,Brooklana,2450,-30.29372,152.89285
10595,Brooklet,2479,-28.74459,153.50658
10596,Brooklyn,2083,-33.58412,151.20445
10597,Brookong,2656,-35.30240,146.58481
10598,Brookvale,2100,-33.76328,151.27043
10599,Brooman,2538,-35.48952,150.26347
10600,Brooms Head,2463,-29.61935,153.29202
10601,Broughams Gate,2880,-30.88855,141.25063
10602,Broughton,2535,-34.75659,150.73042
10603,Broughton Vale,2535,-34.73701,150.70989
10604,Broughton Village,2534,-34.74224,150.75042
10605,Broulee,2537,-35.85219,150.15370
10606,Brownlow Hill,2570,-34.04741,150.65170
10607,Browns Creek,2799,-33.53922,149.14912
10608,Browns Mountain,2540,-34.79203,150.52294
10609,Brownsville,2530,-34.48292,150.81146
10610,Brucedale,2650,-35.00927,147.42918
10611,Bruie Plains,2875,-32.82108,147.87779
10612,Bruinbun,2795,-33.11016,149.48691
10613,Brumby Plains,2476,-28.46254,152.65452
10614,Brundee,2540,-34.89217,150.65769
10615,Brungle,2722,-35.15265,148.22882
10616,Brungle Creek,2722,-35.15567,148.29146
10617,Brunkerville,2323,-32.95375,151.48656
10618,Brunswick Heads,2483,-28.55652,153.54411
10619,Brushgrove,2460,-29.56113,153.08960
10620,Brushy Creek,2365,-30.17815,151.48560
10621,Buangla,2540,-34.86601,150.39711
10622,Bucca,2450,-30.15781,153.09506
10623,Bucca Wauka,2429,-32.10348,152.15044
10624,Buccarumbi,2460,-29.82392,152.59483
10625,Buchanan,2323,-32.82547,151.53190
10626,Buckajo,2550,-36.69347,149.76213
10627,Buckaroo,2850,-32.56680,149.66353
10628,Buckenbowra,2536,-35.67069,149.98710
10629,Buckenderra,2630,-36.16152,148.71952
10630,Buckendoon,2472,-29.03456,153.34503
10631,Bucketty,2250,-33.11325,151.14949
10632,Buckra Bendinni,2449,-30.64545,152.68933
10633,Budawang,2622,-35.39998,150.04951
10634,Buddabadah,2825,-31.95119,147.16251
10635,Budden,2849,-32.51391,150.06331
10636,Budderoo,2535,-34.67338,150.66598
10637,Buddong,2720,-35.65893,148.23304
10638,Budgee Budgee,2850,-32.51720,149.66418
10639,Budgewoi,2262,-33.24243,151.56453
10640,Budgewoi Peninsula,2262,-33.21757,151.58607
10641,Budgong,2577,-34.80588,150.46321
10642,Buff Point,2262,-33.22865,151.53581
10643,Bugaldie,2357,-31.16047,149.13464
10644,Bukalong,2632,-36.80185,149.21116
10645,Bukkulla,2360,-29.51197,151.11264
10646,Bulahdelah,2423,-32.38512,152.17924
10647,Bulee,2622,-35.00892,150.13122
10648,Bulga,2330,-32.63804,150.98309
10649,Bulga Forest,2429,-31.58380,152.18774
10650,Bulgary,2650,-35.01721,146.95319
10651,Bulla,2835,-32.00860,144.47317
10652,Bulla Creek,2594,-34.11639,148.26255
10653,Bullaburra,2784,-33.72794,150.41555
10654,Bullagreen,2824,-31.33334,148.03287
10655,Bullarah,2400,-29.41466,149.13571
10656,Bullatale,2710,-35.73872,145.08107
10657,Bullawa Creek,2390,-30.25967,150.03259
10658,Bulldog,2469,-29.03571,152.49716
10659,Bulli,2516,-34.32963,150.90153
10660,Bulliac,2422,-31.91951,152.01551
10661,Bullio,2575,-34.32856,150.14426
10662,Bulyeroi,2387,-29.79419,149.18816
10663,Bumbaldry,2794,-33.87814,148.41464
10664,Bumbalong,2626,-35.83291,149.11076
10665,Bundabah,2324,-32.67128,152.06291
10666,Bundagen,2454,-30.41390,153.05860
10667,Bundanoon,2578,-34.66536,150.28314
10668,Bundarra,2359,-30.12411,150.99890
10669,Bundeena,2230,-34.08641,151.15224
10670,Bundella,2343,-31.63296,149.98295
10671,Bundemar,2823,-31.78693,148.14904
10672,Bundewallah,2535,-34.75057,150.66525
10673,Bundook,2422,-31.89139,152.09276
10674,Bundure,2716,-35.14195,145.89417
10675,Bungaba,2852,-32.16018,149.67923
10676,Bungabbee,2480,-28.76894,153.13611
10677,Bungalora,2486,-28.24780,153.47326
10678,Bungarby,2630,-36.68947,149.02652
10679,Bungarribee,2767,-33.78030,150.86750
10680,Bungawalbin,2469,-29.10772,153.19921
10681,Bungendore,2621,-35.29401,149.48055
10682,Bungonia,2580,-34.87988,149.95493
10683,Bungowannah,2640,-36.00307,146.77377
10684,Bungwahl,2423,-32.37102,152.41844
10685,Bunnaloo,2731,-35.80273,144.55540
10686,Bunnan,2337,-32.06083,150.57991
10687,Bunyah,2429,-32.18781,152.19896
10688,Bunyan,2630,-36.15007,149.16773
10689,Burcher,2671,-33.48932,147.23666
10690,Bureen,2328,-32.46890,150.73327
10691,Burnt Bridge,2440,-31.10940,152.80404
10692,Burnt Yards,2792,-33.59069,149.02534
10693,Buronga,2739,-34.15761,142.19073
10694,Burra (Queanbeyan-Palerang Regional - NSW),2620,-35.55893,149.22325
10695,Burra (Snowy Valleys - NSW),2653,-35.82828,148.09052
10696,Burra Creek,2722,-34.89759,148.00467
10697,Burraboi,2732,-35.34159,144.32874
10698,Burradoo,2576,-34.50698,150.40796
10699,Burraga,2795,-33.91065,149.53665
10700,Burragate,2550,-37.00375,149.64529
10701,Burrandana,2650,-35.40943,147.35282
10702,Burraneer,2230,-34.05620,151.13830
10703,Burrangong,2594,-34.29072,148.24750
10704,Burrapine,2447,-30.72713,152.63820
10705,Burrawang,2577,-34.58385,150.51488
10706,Burrell Creek,2429,-31.94783,152.30001
10707,Burren Junction,2386,-30.05176,148.86439
10708,Burrier,2540,-34.87616,150.43752
10709,Burrill Lake,2538,-35.37830,150.43410
10710,Burringbar,2483,-28.42303,153.46337
10711,Burrinjuck,2582,-34.95629,148.61115
10712,Burroway,2821,-32.05810,148.32656
10713,Burrumbuttock,2642,-35.82984,146.79427
10714,Burrundulla,2850,-32.63216,149.63582
10715,Burrungubugge,2624,-36.31470,148.45697
10716,Burwood,2134,-33.87811,151.10364
10717,Burwood Heights,2136,-33.88993,151.10447
10718,Busby,2168,-33.91084,150.88027
10719,Busbys Flat,2469,-29.06321,152.77252
10720,Bushells Ridge,2259,-33.20311,151.47222
10721,Buttaba,2283,-33.04943,151.57627
10722,Buttai,2323,-32.83190,151.56011
10723,Butterwick,2321,-32.65002,151.64497
10724,Buxton,2571,-34.25706,150.53372
10725,Byabarra,2446,-31.52928,152.54796
10726,Byadbo Wilderness,2628,-36.83049,148.58258
10727,Byangum,2484,-28.35798,153.36230
10728,Bylong,2849,-32.40478,150.12114
10729,Byng,2800,-33.34785,149.24397
10730,Byrock,2831,-30.56977,146.41258
10731,Byron Bay,2481,-28.64590,153.57290
10732,Byrrill Creek,2484,-28.43721,153.24116
10733,Bywong,2621,-35.17190,149.32912
10734,Cabarita,2137,-33.84738,151.11597
10735,Cabarita Beach,,-28.33882,153.57441
10736,Cabbage Tree Island (Ballina - NSW),2477,-28.98040,153.45723
10737,Cabbage Tree Island (Mid-Coast - NSW),2430,-31.94784,152.58932
10738,Cabramatta,2166,-33.89769,150.93237
10739,Cabramatta West,2166,-33.89148,150.91350
10740,Cabramurra,2629,-35.94821,148.43968
10741,Caddens,2747,-33.77309,150.73136
10742,Cadgee,2545,-36.15780,149.90693
10743,Cadia,2800,-33.44290,149.00884
10744,Caerleon,2850,-32.57823,149.55347
10745,Caffreys Flat,2424,-31.78661,152.05895
10746,Cairncross,2446,-31.34516,152.68312
10747,Calala,2340,-31.16427,150.97540
10748,Calamia,2460,-29.83797,153.11677
10749,Calderwood,2527,-34.55816,150.73073
10750,Caldwell,2710,-35.59495,144.51227
10751,Calga,2250,-33.41506,151.22280
10752,Califat,2729,-35.24688,148.09918
10753,Calimo,2710,-35.42499,144.56457
10754,Callaghan,2308,-32.89153,151.70680
10755,Callaghans Creek,2422,-31.85758,152.00633
10756,Callala Bay,2540,-34.99066,150.71994
10757,Callala Beach,2540,-35.00248,150.69867
10758,Calliope,2462,-29.61686,153.07788
10759,Caloola,2795,-33.63934,149.44250
10760,Cambalong,2632,-36.89592,149.11464
10761,Camberwell,2330,-32.48991,151.08640
10762,Cambewarra,2540,-34.81566,150.56204
10763,Cambewarra Village,2540,-34.82297,150.55921
10764,Camboon,2849,-32.70274,149.95514
10765,Cambra,2420,-32.45139,151.86411
10766,Cambridge Gardens,2747,-33.73973,150.72063
10767,Cambridge Park,2747,-33.74869,150.72672
10768,Cambridge Plateau,2469,-28.80408,152.73276
10769,Camden,2570,-34.05803,150.69373
10770,Camden Head,2443,-31.64193,152.83337
10771,Camden Park,2570,-34.09416,150.71919
10772,Camden South,2570,-34.08343,150.69961
10773,Camellia,2142,-33.81853,151.03083
10774,Cameron Park,2285,-32.90331,151.61126
10775,Camerons Creek,2359,-30.33729,151.09843
10776,Camira,2469,-29.21585,152.94069
10777,Cammeray,2062,-33.82217,151.21500
10778,Camp Creek,,-28.79341,150.91308
10779,Campbelltown,2560,-34.06832,150.80962
10780,Camperdown,2050,-33.88791,151.18083
10781,Campsie,2194,-33.91155,151.10258
10782,Campvale,2318,-32.77551,151.85444
10783,Cams Wharf,2281,-33.12603,151.61600
10784,Canada Bay,2046,-33.86613,151.11403
10785,Canadian Lead,2850,-32.40398,149.58545
10786,Canbelego,2835,-31.51038,146.26567
10787,Candelo,2550,-36.78805,149.66569
10788,Cangai,2460,-29.48726,152.44184
10789,Caniaba,2480,-28.83303,153.21031
10790,Canley Heights,2166,-33.88220,150.92077
10791,Canley Vale,2166,-33.88570,150.94667
10792,Canobolas,2800,-33.35662,149.00221
10793,Canoelands,2157,-33.50072,151.08168
10794,Canonba,2825,-31.32507,147.43591
10795,Canowindra,2804,-33.53414,148.63753
10796,Canterbury,2193,-33.91187,151.11697
10797,Canton Beach,2263,-33.27618,151.54501
10798,Canyonleigh,2577,-34.50457,150.14072
10799,Caparra,2429,-31.72140,152.23362
10800,Capeen Creek,2469,-28.54872,152.65090
10801,Capertee,2846,-33.12845,150.01021
10802,Capoompeta,2371,-29.38942,152.05206
10803,Captains Flat,2623,-35.57994,149.42823
10804,Carabost,2650,-35.61254,147.71739
10805,Caragabal,2810,-33.83414,147.67751
10806,Carcalgong,2850,-32.85589,149.71045
10807,Carcoar,2791,-33.61700,149.13629
10808,Cardiff,2285,-32.94091,151.65928
10809,Cardiff Heights,2285,-32.93248,151.67182
10810,Cardiff South,2285,-32.95377,151.66273
10811,Carey Bay,2283,-33.02713,151.60427
10812,Cargo,2800,-33.44069,148.82389
10813,Carinda,2831,-30.38438,147.57246
10814,Caringbah,2229,-34.03483,151.12402
10815,Caringbah South,2229,-34.05361,151.12082
10816,Carlaminda,2630,-36.28501,149.30906
10817,Carlingford,2118,-33.77611,151.04679
10818,Carlton,2218,-33.96971,151.12213
10819,Carnes Hill,2171,-33.93776,150.84797
10820,Carnham,2460,-29.34540,152.58695
10821,Carool,2486,-28.22579,153.42670
10822,Caroona,2343,-31.38651,150.40578
10823,Carrabolla,2311,-32.19011,151.38550
10824,Carrai,2440,-30.83312,152.23344
10825,Carramar,2163,-33.88445,150.96391
10826,Carrathool,2711,-34.42975,145.41912
10827,Carrick,2580,-34.70568,149.90609
10828,Carrington (Mid-Coast - NSW),2324,-32.66111,152.01721
10829,Carrington (Newcastle - NSW),2294,-32.91018,151.76613
10830,Carrington Falls,2577,-34.64891,150.64241
10831,Carroll,2340,-31.01193,150.46043
10832,Carrowbrook,2330,-32.29244,151.29619
10833,Carrs Creek,2460,-29.65583,152.92270
10834,Carrs Island,2460,-29.67193,152.91204
10835,Carrs Peninsula,2460,-29.65428,152.90483
10836,Carss Park,2221,-33.98707,151.11573
10837,Cartwright,2170,-33.92607,150.88827
10838,Cartwrights Hill,2650,-35.07604,147.39218
10839,Carwell,2849,-32.83996,149.90279
10840,Carwoola,2620,-35.37887,149.32164
10841,Cascade,2453,-30.22829,152.78336
10842,Casino,2470,-28.84661,153.03060
10843,Cassilis,2329,-31.96877,150.03626
10844,Castle Cove,2069,-33.78532,151.21086
10845,Castle Doyle,2350,-30.63425,151.78057
10846,Castle Hill,2154,-33.72791,150.99849
10847,Castle Rock,2333,-32.23927,150.75763
10848,Castlecrag,2068,-33.79997,151.21967
10849,Castlereagh,2749,-33.68681,150.67837
10850,Casuarina,2487,-28.30159,153.56924
10851,Casula,2170,-33.95340,150.89998
10852,Catalina,2536,-35.72964,150.18524
10853,Cataract,2560,-34.29311,150.82488
10854,Cathcart,2632,-36.85767,149.43005
10855,Catherine Field,2557,-33.99214,150.76422
10856,Catherine Hill Bay,2281,-33.14759,151.62391
10857,Cathundral,2823,-31.96151,147.75817
10858,Cattai,2756,-33.54461,150.91426
10859,Cattle Creek,2339,-31.76996,150.26699
10860,Cavan,2582,-35.02790,148.83262
10861,Caves Beach,2281,-33.10682,151.64475
10862,Cawdor,2570,-34.09662,150.66935
10863,Cawongla,2474,-28.60280,153.09046
10864,Cecil Hills,2171,-33.88640,150.84376
10865,Cecil Park,,-33.86320,150.85370
10866,Cedar Brush Creek,2259,-33.16065,151.25000
10867,Cedar Creek (Cessnock - NSW),2325,-32.83774,151.17180
10868,Cedar Creek (Tweed - NSW),2484,-28.41843,153.26295
10869,Cedar Party,2429,-31.81216,152.39159
10870,Cedar Point,2474,-28.69129,153.00245
10871,Cells River,2424,-31.58053,152.06260
10872,Centennial Park,2021,-33.89761,151.23368
10873,Central Colo,2756,-33.42413,150.77470
10874,Central Macdonald,2775,-33.33439,150.97207
10875,Central Mangrove,2250,-33.28956,151.24799
10876,Central Tilba,2546,-36.30339,150.07639
10877,Cessnock,2325,-32.83490,151.36214
10878,Chaelundi,2460,-29.97403,152.42894
10879,Chain Valley Bay,2259,-33.16559,151.57539
10880,Chakola,2630,-36.07398,149.21188
10881,Chambigne,2460,-29.76212,152.74422
10882,Charbon,2848,-32.88628,149.96946
10883,Charles Sturt University,2678,-35.06134,147.35894
10884,Charlestown,2290,-32.96599,151.69378
10885,Charleys Forest,2622,-35.35986,150.00241
10886,Charlotte Bay,2428,-32.35255,152.50941
10887,Charlton,2795,-33.67083,149.63771
10888,Charmhaven,2263,-33.22658,151.49445
10889,Chatham Valley,2787,-33.84965,149.87873
10890,Chatsbury,2580,-34.53863,149.80661
10891,Chatswood,2067,-33.79697,151.18126
10892,Chatswood West,2067,-33.79560,151.15930
10893,Chatsworth,2469,-29.38600,153.24691
10894,Cheero Point,2083,-33.51063,151.19343
10895,Cheltenham,2119,-33.75791,151.07936
10896,Cherry Tree Hill,2360,-29.56107,151.00788
10897,Cherrybrook,2126,-33.72267,151.04452
10898,Chester Hill,2162,-33.87877,150.99869
10899,Chichester,2420,-32.16548,151.62264
10900,Chifley,2036,-33.97013,151.24020
10901,Chilcotts Creek,2339,-31.66872,150.83414
10902,Chilcotts Grass,2480,-28.83299,153.34414
10903,Chillingham,2484,-28.31189,153.28356
10904,Chinderah,2487,-28.25458,153.53684
10905,Chinnock,2550,-36.69795,149.93379
10906,Chippendale,,-33.88593,151.19950
10907,Chipping Norton,2170,-33.91886,150.96012
10908,Chisholm,2322,-32.75524,151.63514
10909,Chiswick,2046,-33.85020,151.13800
10910,Chittaway Bay,2261,-33.32757,151.44320
10911,Chittaway Point,2261,-33.32226,151.44541
10912,Chowan Creek,2484,-28.45417,153.37455
10913,Chullora,2190,-33.89074,151.04776
10914,Church Point,2105,-33.65090,151.28023
10915,Clandulla,2848,-32.92809,149.95948
10916,Clare,2711,-33.50509,143.96804
10917,Claremont Meadows,2747,-33.77634,150.75346
10918,Clarence,2790,-33.47233,150.22173
10919,Clarence Town,2321,-32.58771,151.78259
10920,Clarendon,2756,-33.61343,150.78963
10921,Clarenza,2460,-29.70440,152.99990
10922,Clareville,2107,-33.63630,151.30893
10923,Claymore,2559,-34.04656,150.81171
10924,Clear Creek,2795,-33.33008,149.71624
10925,Clear Range,2620,-35.70016,149.11578
10926,Clearfield,2469,-29.15358,152.91516
10927,Clemton Park,2206,-33.92633,151.10467
10928,Clergate,2800,-33.18305,149.11601
10929,Cleveland,2530,-34.50302,150.76974
10930,Clifden,2460,-29.51392,152.94221
10931,Cliftleigh,2321,-32.78769,151.51826
10932,Clifton,2515,-34.25883,150.97120
10933,Clifton Grove,2800,-33.24611,149.17984
10934,Clontarf,,-33.80763,151.25547
10935,Clothiers Creek,2484,-28.33181,153.49436
10936,Clouds Creek,2453,-30.07734,152.64715
10937,Clovelly,2031,-33.91000,151.26236
10938,Clunes,2480,-28.72656,153.40766
10939,Clybucca,2440,-30.93615,152.94498
10940,Clyde,2142,-33.83312,151.02363
10941,Clydesdale,2330,-32.56935,151.21164
10942,Coal Point,2283,-33.03803,151.60963
10943,Coalcliff,2508,-34.24651,150.97273
10944,Coaldale,2460,-29.39849,152.80974
10945,Coasters Retreat,2084,-33.60487,151.29857
10946,Cobaki,2486,-28.20413,153.45607
10947,Cobaki Lakes,2486,-28.17372,153.47839
10948,Cobar,2835,-31.48305,145.79279
10949,Cobar Park,2790,-33.46497,150.15750
10950,Cobargo,2550,-36.38943,149.87792
10951,Cobark,2422,-31.91612,151.69745
10952,Cobbadah,2347,-30.19597,150.57260
10953,Cobbitty,2570,-33.99029,150.68103
10954,Cobbora,2844,-32.05429,149.25747
10955,Cobramunga,2732,-35.44125,143.88781
10956,Cockwhy,2539,-35.55402,150.31893
10957,Codrington,2471,-28.95861,153.23873
10958,Coffee Camp,2480,-28.64823,153.21764
10959,Coffs Harbour,2450,-30.30011,153.10785
10960,Coggan,2849,-32.37207,150.08768
10961,Cogra Bay,2083,-33.52317,151.22427
10962,Coila,2537,-36.01062,150.09542
10963,Coldstream,2462,-29.60094,153.10968
10964,Coleambally,2707,-34.79231,145.85792
10965,Colebee,2761,-33.72430,150.85747
10966,Coledale,2515,-34.28822,150.94147
10967,Colinroobie,2700,-34.45784,146.57379
10968,Colinton,2626,-35.86071,149.19057
10969,Collarenebri,2833,-29.38349,148.55478
10970,Collaroy,2097,-33.73797,151.30116
10971,Collaroy Plateau,2097,-33.72986,151.28926
10972,Collector,2581,-34.93392,149.42152
10973,Collendina,2646,-35.97407,146.22362
10974,Collerina,2839,-29.51151,146.69090
10975,Collie,2827,-31.68130,148.30169
10976,Collingullie,2650,-35.09146,147.10368
10977,Collingwood,2850,-32.60207,149.45017
10978,Collins Creek,2474,-28.47896,153.03420
10979,Collombatti,2440,-30.95936,152.80853
10980,Collum Collum,2460,-29.25420,152.47896
10981,Colly Blue,2343,-31.45402,150.14627
10982,Colo (Bathurst Regional - NSW),2795,-33.77845,149.26523
10983,Colo (Hawkesbury - NSW),2756,-33.41683,150.80751
10984,Colo Heights,2756,-33.29685,150.69311
10985,Colo Vale,2575,-34.38311,150.45391
10986,Colongra,2262,-33.20643,151.54349
10987,Colyton,2760,-33.78301,150.79594
10988,Comara,2440,-30.72947,152.37861
10989,Combaning,2666,-34.50873,147.65373
10990,Combara,2829,-31.14928,148.31061
10991,Comberton,2540,-34.96828,150.64811
10992,Comboyne,2429,-31.59909,152.46704
10993,Come By Chance,2832,-30.35660,148.45488
10994,Comerong Island,2540,-34.88505,150.73569
10995,Commissioners Creek,2484,-28.49872,153.33283
10996,Como,2226,-34.00266,151.06511
10997,Comobella,2820,-32.37085,148.97125
10998,Conargo,2710,-35.24277,145.17199
10999,Concord,2137,-33.85707,151.10491
11000,Concord West,2138,-33.84262,151.09037
11001,Condell Park,2200,-33.92452,151.01122
11002,Condobolin,2877,-32.89999,147.00800
11003,Condong,2484,-28.31060,153.44027
11004,Coneac,2422,-31.85536,151.81541
11005,Congarinni,2447,-30.75481,152.87286
11006,Congarinni North,2447,-30.68212,152.88441
11007,Congewai,2325,-32.92590,151.25100
11008,Congo,2537,-35.95644,150.13539
11009,Conimbia,2829,-30.67716,147.99448
11010,Coniston,2500,-34.43843,150.88142
11011,Conjola,2539,-35.22525,150.44076
11012,Conjola Park,2539,-35.26444,150.44015
11013,Connells Point,2221,-33.98457,151.09460
11014,Constitution Hill,2145,-33.79430,150.97457
11015,Coogee,2034,-33.92093,151.25582
11016,Cookamidgera,2870,-33.24171,148.29734
11017,Cookardinia,2650,-35.55388,147.24676
11018,Cooks Gap,2850,-32.35562,149.71189
11019,Cooks Hill,2300,-32.93363,151.76830
11020,Cooks Myalls,2870,-33.01920,147.97729
11021,Coolabah,2831,-30.98333,146.68601
11022,Coolac,2727,-34.91020,148.21211
11023,Coolagolite,2550,-36.43304,149.97226
11024,Coolah,2843,-31.79233,149.75981
11025,Coolamon,2701,-34.81482,147.19295
11026,Coolangatta,2535,-34.85243,150.71457
11027,Coolangubra,2550,-36.99952,149.46043
11028,Coolatai,2402,-29.23153,150.74235
11029,Cooleman,2611,-35.65435,148.70284
11030,Cooleys Creek,2729,-35.34112,148.08982
11031,Coolgardie,2478,-28.91561,153.46201
11032,Coolongolook,2423,-32.22290,152.32314
11033,Coolringdon,2630,-36.25944,148.97858
11034,Coolumbooka,2632,-36.91879,149.33941
11035,Coolumburra,2622,-35.04918,150.10500
11036,Cooma,2630,-36.25008,149.12180
11037,Coomba Bay,2428,-32.26854,152.43971
11038,Coomba Park,2428,-32.23907,152.45540
11039,Coombadjha,2460,-29.38917,152.48533
11040,Coombell,2470,-29.01994,152.95416
11041,Coomealla,2717,-34.08861,142.09829
11042,Coomoo Coomoo,2343,-31.56942,150.10873
11043,Coonabarabran,2357,-31.31616,149.27038
11044,Coonamble,2829,-30.91956,148.34485
11045,Coongbar,2469,-29.10171,152.69241
11046,Cooperabung,2441,-31.27415,152.79219
11047,Coopernook,2426,-31.82817,152.61680
11048,Coopers Gully,2550,-36.64773,149.79726
11049,Coopers Shoot,2479,-28.69178,153.56972
11050,Cooplacurripa,2424,-31.58480,151.91463
11051,Coorabell,2479,-28.63150,153.48998
11052,Cooranbong,2265,-33.04890,151.46370
11053,Cootamundra,2590,-34.65183,148.02278
11054,Cootralantra,2628,-36.28777,148.85649
11055,Cooyal,2850,-32.44477,149.77474
11056,Copacabana,2251,-33.48690,151.43644
11057,Cope,2852,-32.27289,149.64644
11058,Copeland,2422,-31.97867,151.82614
11059,Copeton,2360,-29.88540,150.93311
11060,Copmanhurst,2460,-29.57373,152.79773
11061,Coppabella,2644,-35.74711,147.75010
11062,Copperhannia,2795,-33.87626,149.22165
11063,Coraki,2471,-28.99094,153.27250
11064,Coralville,2443,-31.78821,152.69490
11065,Coramba,2450,-30.19382,153.03361
11066,Corang,2622,-35.21093,150.12833
11067,Corangula,2440,-30.99951,152.67757
11068,Corbie Hill,2705,-34.54358,146.50277
11069,Cordeaux,2526,-34.38323,150.77463
11070,Cordeaux Heights,2526,-34.44521,150.82439
11071,Coree,2710,-35.31206,145.49734
11072,Coreen,2646,-35.74137,146.32418
11073,Corindi Beach,2456,-30.01574,153.17985
11074,Corinella,2871,-33.52696,147.53089
11075,Corlette,2315,-32.72388,152.11376
11076,Corndale,2480,-28.70700,153.36292
11077,Corney Town,2790,-33.47590,150.17673
11078,Cornwallis,2756,-33.58520,150.79900
11079,Corobimilla,2700,-34.86190,146.40980
11080,Corowa,2646,-35.99403,146.35929
11081,Corrabare,2325,-32.95044,151.21843
11082,Corrimal,2518,-34.36851,150.89069
11083,Corrong,2711,-34.03029,144.45923
11084,Corrowong,2633,-36.90218,148.77028
11085,Corunna,2546,-36.28192,150.10667
11086,Cottage Point,2084,-33.62030,151.20423
11087,Cottonvale,,-28.52406,151.97135
11088,Cougal,2474,-28.35708,152.98209
11089,Countegany,2630,-36.18200,149.48639
11090,Courabyra,2653,-35.70239,147.98957
11091,Couradda,2390,-30.03970,149.98033
11092,Couragago,2720,-35.10652,148.49086
11093,Couridjah,2571,-34.23739,150.55463
11094,Coutts Crossing,2460,-29.85847,152.89563
11095,Cow Flat,2795,-33.58057,149.51344
11096,Cowabbie,2652,-34.58486,146.95420
11097,Cowan,2081,-33.56793,151.16908
11098,Cowper,2460,-29.57820,153.08697
11099,Cowra,2794,-33.82949,148.64519
11100,Coxs Creek,2849,-32.73213,150.12275
11101,Coxs Crown,2849,-32.72450,150.05799
11102,Crabbes Creek,2483,-28.46127,153.48641
11103,Crackenback,2627,-36.43931,148.51103
11104,Craigie,2632,-37.09274,149.05967
11105,Cranebrook,2749,-33.70540,150.70869
11106,Crangan Bay,2259,-33.17049,151.59581
11107,Craven,2422,-32.14237,151.89691
11108,Craven Plateau,2422,-31.87161,151.76915
11109,Crawford River,2423,-32.39100,152.10784
11110,Crawney,2338,-31.58405,151.06864
11111,Creel Bay,2627,-36.34575,148.53143
11112,Creewah,2631,-36.75322,149.37923
11113,Cremorne,2090,-33.82734,151.22598
11114,Cremorne Point,2090,-33.84153,151.22833
11115,Crescent Head,2440,-31.21499,152.92496
11116,Crestwood,2620,-35.34760,149.21847
11117,Cringila,2502,-34.47141,150.86701
11118,Croki,2430,-31.87220,152.59230
11119,Cromer,2099,-33.72856,151.26721
11120,Cronulla,2230,-34.05337,151.15300
11121,Crooble,2400,-29.29926,150.27980
11122,Croobyar,2539,-35.32022,150.39376
11123,Crooked Corner,2583,-34.20811,149.24819
11124,Crookwell,2583,-34.45330,149.45729
11125,Croom,2527,-34.59476,150.80638
11126,Croppa Creek,2411,-29.10765,150.31173
11127,Cross Roads,2850,-32.50557,149.70527
11128,Crosslands,2446,-31.44114,152.71537
11129,Croudace Bay,2280,-33.00453,151.65113
11130,Crowdy Bay,2443,-31.78725,152.73237
11131,Crowdy Head,2427,-31.84306,152.72640
11132,Crows Nest,2065,-33.82603,151.20213
11133,Crowther,2803,-34.11771,148.55727
11134,Crowther Island,2460,-29.62707,152.92007
11135,Croydon,2132,-33.88113,151.11668
11136,Croydon Park,2133,-33.89713,151.10271
11137,Crudine,2795,-32.98360,149.67215
11138,Cryon,2832,-30.00034,148.62202
11139,Crystal Creek,2484,-28.31635,153.31509
11140,Cubba,2835,-31.43837,145.25963
11141,Cudal,2864,-33.31697,148.73891
11142,Cudgegong,2850,-32.75932,149.78909
11143,Cudgel,2700,-34.68195,146.44815
11144,Cudgen,2487,-28.27173,153.55150
11145,Cudgera Creek,2484,-28.38898,153.51498
11146,Cudmirrah,2540,-35.19763,150.55780
11147,Culburra Beach,2540,-34.92696,150.75233
11148,Culcairn,2660,-35.67457,147.01526
11149,Cullen Bullen,2790,-33.28088,150.01141
11150,Cullenbone,2850,-32.49356,149.50812
11151,Cullendore,2372,-28.48492,152.14171
11152,Cullerin,2581,-34.78160,149.35543
11153,Cullivel,2645,-35.25201,146.46548
11154,Culmaran Creek,2469,-28.86596,152.67294
11155,Cumbalum,2478,-28.81841,153.53418
11156,Cumbandry,2852,-32.36348,149.60748
11157,Cumberland Reach,2756,-33.46392,150.89455
11158,Cumbo,2850,-32.40005,149.88657
11159,Cumborah,2832,-29.64491,147.61536
11160,Cumnock,2867,-32.93896,148.69653
11161,Cundle Flat,2424,-31.80926,151.98874
11162,Cundletown,2430,-31.88133,152.51928
11163,Cundumbul,2866,-32.85729,148.91422
11164,Cunjurong Point,2539,-35.26121,150.50560
11165,Cunningar,2587,-34.56968,148.41960
11166,Cunninyeuk,2734,-35.24606,143.90601
11167,Curban,2827,-31.52772,148.57848
11168,Curl Curl,2096,-33.76935,151.28963
11169,Curlew Waters,2672,-33.25848,146.43732
11170,Curlewis,2381,-31.17895,150.26434
11171,Curlwaa,2648,-34.09820,141.98543
11172,Curra Creek,2820,-32.67288,148.83906
11173,Currabubula,2342,-31.23908,150.67558
11174,Curragh,2795,-33.92950,149.15490
11175,Curramore,2533,-34.62220,150.76425
11176,Currans Hill,2567,-34.04666,150.77424
11177,Currarong,2540,-35.01603,150.82160
11178,Currawang,2580,-34.96893,149.53072
11179,Currawarna,2650,-34.96252,147.08114
11180,Curraweela,2580,-34.24327,149.78719
11181,Curricabark,2422,-31.72610,151.66579
11182,Currowan,2536,-35.57055,150.09179
11183,Cuttabri,2388,-30.41407,149.15926
11184,Cuttagee,2546,-36.48164,150.03939
11185,Dabee,2849,-32.84778,150.05417
11186,Daceyville,2032,-33.92777,151.22533
11187,Dairy Arm,2325,-33.05069,151.18186
11188,Dairy Flat,2474,-28.37613,152.70926
11189,Dairymans Plains,2630,-36.21341,149.05739
11190,Daleys Point,2257,-33.50442,151.35609
11191,Dalgety,2628,-36.51667,148.82669
11192,Dalmeny,2546,-36.16562,150.11368
11193,Dalmorton,2460,-29.80118,152.45909
11194,Dalswinton,2328,-32.42301,150.70686
11195,Dalton,2581,-34.72307,149.19458
11196,Dalwood (Ballina - NSW),2477,-28.89391,153.41342
11197,Dalwood (Singleton - NSW),2335,-32.62696,151.41371
11198,Dandaloo,2823,-32.21753,147.67103
11199,Dandry,2357,-31.00612,149.40240
11200,Dangar Island,2083,-33.53933,151.23953
11201,Dangarsleigh,2350,-30.62934,151.68471
11202,Dangelong,2630,-36.32679,149.26746
11203,Dapto,2530,-34.50278,150.79377
11204,Darawank,2428,-32.10315,152.49668
11205,Darbalara,2722,-35.05840,148.23672
11206,Darbys Falls,2793,-33.90482,148.85470
11207,Dareton,2717,-34.09750,142.03420
11208,Dargan,2786,-33.49128,150.25014
11209,Dark Corner,2795,-33.30082,149.89576
11210,Darkes Forest,2508,-34.21546,150.90870
11211,Darkwood,2454,-30.42979,152.63746
11212,Darling Point,2027,-33.87277,151.23590
11213,Darlinghurst,2010,-33.87767,151.22030
11214,Darlington (Singleton - NSW),2330,-32.55773,151.15960
11215,Darlington (Sydney - NSW),2008,-33.89047,151.19257
11216,Darlington Point,2706,-34.59589,145.86677
11217,Darlow,2729,-35.34339,147.96420
11218,Daroobalgie,2870,-33.31235,148.14109
11219,Dartbrook,2336,-32.15232,150.82048
11220,Daruka,2340,-31.03716,150.97098
11221,Davidson,2085,-33.73973,151.19031
11222,Davis Creek,2336,-32.17561,151.19972
11223,Davistown,2251,-33.48559,151.36077
11224,Dawes Point,2000,-33.85683,151.20720
11225,Daysdale,2646,-35.62091,146.33813
11226,Dean Park,2761,-33.73514,150.86089
11227,Deauville,2443,-31.67077,152.78923
11228,Debenham,2446,-31.47404,152.24780
11229,Dee Why,2099,-33.75215,151.28935
11230,Deep Creek (Clarence Valley - NSW),2460,-29.15388,152.64978
11231,Deep Creek (Kempsey - NSW),2440,-30.96705,152.70742
11232,Deep Creek (Kyogle - NSW),2469,-28.96933,152.68369
11233,Deepwater,2371,-29.43779,151.93309
11234,Deer Vale,2453,-30.35059,152.53612
11235,Delegate,2633,-37.02612,148.92159
11236,Delungra,2403,-29.63187,150.77995
11237,Denham Court,2565,-33.98035,150.83310
11238,Denhams Beach,2536,-35.75000,150.21117
11239,Deniliquin,2710,-35.55421,144.85123
11240,Denistone,2114,-33.79857,151.08808
11241,Denistone East,2112,-33.79570,151.09553
11242,Denistone West,2114,-33.79993,151.07637
11243,Denman,2328,-32.37249,150.69839
11244,Depot Beach,2536,-35.62694,150.32028
11245,Derriwong,2877,-33.10152,147.35282
11246,Deua,2537,-35.92782,149.79768
11247,Deua River Valley,2537,-35.79064,149.92796
11248,Devils Hole,2550,-36.87556,149.64885
11249,Dewitt,2422,-31.78546,151.76008
11250,Dharruk,2770,-33.74920,150.81607
11251,Dhulura,2650,-35.01309,147.30946
11252,Dhuragoon,2733,-35.20929,144.10716
11253,Diamond Beach,2430,-32.02841,152.53695
11254,Diamond Head,2443,-31.70155,152.77087
11255,Diehard,2370,-29.70596,152.08687
11256,Diggers Camp,2462,-29.81428,153.27561
11257,Dignams Creek,2546,-36.31834,149.97005
11258,Dilkoon,2460,-29.49675,152.97835
11259,Dilpurra,2734,-35.18623,143.70183
11260,Dingo Forest,2429,-31.69795,152.14213
11261,Dinoga,2404,-30.01110,150.58017
11262,Dirnaseer,2666,-34.60842,147.74617
11263,Dirty Creek,2456,-29.99260,153.14512
11264,Dobies Bight,2470,-28.80164,152.93758
11265,Doctor George Mountain,2550,-36.66387,149.89792
11266,Doctors Gap,2790,-33.49202,150.17763
11267,Dog Rocks,2795,-33.75861,149.61760
11268,Dolans Bay,2229,-34.06457,151.12603
11269,Dolls Point,2219,-33.99353,151.14417
11270,Dollys Flat,2429,-31.86656,152.29791
11271,Dolphin Point,2539,-35.40164,150.44343
11272,Dombarton,2530,-34.45473,150.76524
11273,Donald Creek,2350,-30.42601,151.76154
11274,Dondingalong,2440,-31.13890,152.74201
11275,Doon Doon,2484,-28.49635,153.30645
11276,Doonbah,2473,-29.08666,153.37594
11277,Doonside,2767,-33.76064,150.87095
11278,Dooralong,2259,-33.17659,151.36662
11279,Dora Creek,2264,-33.07585,151.49552
11280,Dorrigo,2453,-30.32587,152.69406
11281,Dorrigo Mountain,2453,-30.37574,152.73228
11282,Dorroughby,2480,-28.65914,153.35958
11283,Double Bay,2028,-33.87880,151.24357
11284,Doubtful Creek,2470,-28.71226,152.87809
11285,Douglas Park,2569,-34.18863,150.71206
11286,Dover Heights,2030,-33.87394,151.28116
11287,Downside,2650,-34.98443,147.35365
11288,Doyalson,2262,-33.19741,151.51141
11289,Doyalson North,2262,-33.18503,151.54684
11290,Doyles Creek,2330,-32.62389,150.78112
11291,Doyles River,2446,-31.45210,152.12303
11292,Drake,2469,-28.91625,152.40885
11293,Drake Village,2469,-28.93270,152.39127
11294,Drildool,2386,-30.20292,149.01359
11295,Dripstone,2820,-32.63771,149.02188
11296,Drummoyne,2047,-33.85119,151.15372
11297,Dry Creek,2337,-31.89090,150.81738
11298,Dry Plain,2630,-36.09060,148.93230
11299,Dubbo,2830,-32.28026,148.60121
11300,Duck Creek,2469,-28.61648,152.66215
11301,Duckenfield,2321,-32.73969,151.68246
11302,Duckmaloi,2787,-33.68427,149.95680
11303,Dudley,2290,-32.99125,151.72169
11304,Duffys Forest,2084,-33.67476,151.18868
11305,Dulguigan,2484,-28.28006,153.41809
11306,Dulwich Hill,2203,-33.90478,151.13855
11307,Dum Dum,2484,-28.38848,153.35620
11308,Dumaresq,2350,-30.42287,151.54071
11309,Dumaresq Island,2430,-31.90997,152.51109
11310,Dumaresq Valley,2372,-29.17160,151.48486
11311,Dumbudgery,2460,-29.30012,152.52362
11312,Dunbible,2484,-28.37789,153.39253
11313,Dunbogan,2443,-31.65979,152.81203
11314,Duncans Creek,2340,-31.38671,151.20299
11315,Dundas,2117,-33.80317,151.04507
11316,Dundas Valley,2117,-33.79373,151.05398
11317,Dundee,2370,-29.57675,151.90938
11318,Dundurrabin,2453,-30.13823,152.51900
11319,Dunedoo,2844,-32.03149,149.30266
11320,Dungarubba,2480,-28.99162,153.37436
11321,Dungay,2484,-28.27358,153.35975
11322,Dungeree,2849,-32.76651,149.85542
11323,Dungog,2420,-32.40530,151.75198
11324,Dungowan,2340,-31.22786,151.16141
11325,Dunkeld,2795,-33.41219,149.47529
11326,Dunmore,2529,-34.62000,150.82113
11327,Dunolly,2330,-32.55460,151.16830
11328,Dunoon,2480,-28.66929,153.32560
11329,Duns Creek,2321,-32.61433,151.65116
11330,Dunville Loop,2849,-32.91500,150.14244
11331,Dural (Hornsby - NSW),2158,-33.68362,151.04135
11332,Dural (Singleton - NSW),2330,-32.57960,150.86161
11333,Duramana,2795,-33.25443,149.55123
11334,Duranbah,2487,-28.30471,153.52866
11335,Duri,2344,-31.23189,150.81859
11336,Duroby,2486,-28.24096,153.45995
11337,Durran Durra,2622,-35.33910,149.87144
11338,Durras North,2536,-35.62756,150.29630
11339,Durren Durren,2259,-33.18239,151.39633
11340,Duval,2350,-30.41517,151.63760
11341,Dyers Crossing,2429,-32.08252,152.30691
11342,Dyraaba,2470,-28.77088,152.84856
11343,Dyrring,2330,-32.49744,151.23701
11344,Eagle Vale,2558,-34.03756,150.81204
11345,Eagleton,2324,-32.69566,151.77729
11346,Earlwood,2206,-33.92457,151.12581
11347,East Albury,2640,-36.08925,146.94097
11348,East Ballina,2478,-28.85644,153.58780
11349,East Branxton,2335,-32.65560,151.36560
11350,East Coraki,2471,-29.00962,153.31330
11351,East Corrimal,2518,-34.37759,150.91293
11352,East Gosford,2250,-33.43558,151.35509
11353,East Gresford,2311,-32.40662,151.56059
11354,East Hills,2213,-33.96145,150.98838
11355,East Jindabyne,2627,-36.40848,148.66398
11356,East Kangaloon,2576,-34.52667,150.60281
11357,East Kempsey,2440,-31.08230,152.85312
11358,East Killara,2071,-33.75659,151.18192
11359,East Kurrajong,2758,-33.50560,150.79536
11360,East Lindfield,2070,-33.76695,151.18915
11361,East Lismore,2480,-28.82319,153.28800
11362,East Lynne,2536,-35.58798,150.28019
11363,East Maitland,2323,-32.76170,151.58563
11364,East Ryde,2113,-33.81028,151.13452
11365,East Seaham,2324,-32.63796,151.76497
11366,East Tamworth,2340,-31.09541,150.95359
11367,East Wagga Wagga,2650,-35.12977,147.40141
11368,East Wardell,2477,-28.96456,153.48125
11369,Eastern Creek,2766,-33.80542,150.84580
11370,Eastgardens,2036,-33.94603,151.22564
11371,Eastlakes,2018,-33.93060,151.21322
11372,Eastwood,2122,-33.78846,151.08402
11373,Eatonsville,2460,-29.64369,152.83094
11374,Ebenezer,2756,-33.51917,150.88651
11375,Ebor,2453,-30.41302,152.31564
11376,Eccleston,2311,-32.25622,151.48508
11377,Edderton,2333,-32.35923,150.83570
11378,Eden,2551,-37.02285,149.89321
11379,Eden Creek,2474,-28.58456,152.90734
11380,Edensor Park,2176,-33.87973,150.87720
11381,Edenville,2474,-28.69098,152.95386
11382,Edgecliff,,-33.88013,151.23797
11383,Edgeroi,2390,-30.08710,149.77477
11384,Edgeworth,2285,-32.92225,151.61951
11385,Edith,2787,-33.77857,149.93729
11386,Edmondson Park,2174,-33.96197,150.85569
11387,Edrom,2551,-37.13664,149.95526
11388,Eenaweena,2824,-31.60086,147.60676
11389,Eglinton,2795,-33.36404,149.55185
11390,Eighteen Mile,2460,-29.27824,152.58922
11391,Elands,2429,-31.59208,152.28215
11392,Elanora Heights,2101,-33.70101,151.27314
11393,Elcombe,2404,-29.86622,150.33295
11394,Elderslie (Camden - NSW),2570,-34.05646,150.71515
11395,Elderslie (Singleton - NSW),2335,-32.58253,151.35042
11396,Eleebana,2282,-32.99316,151.64917
11397,Elermore Vale,2287,-32.91632,151.65791
11398,Elizabeth Bay,2011,-33.87093,151.22897
11399,Elizabeth Beach,2428,-32.33126,152.53755
11400,Elizabeth Hills,2171,-33.90086,150.84762
11401,Ellalong,2325,-32.93052,151.31644
11402,Elland,2460,-29.77447,152.89734
11403,Ellangowan,2470,-29.03132,153.08970
11404,Ellenborough,2446,-31.48170,152.41897
11405,Ellerslie (Snowy Valleys - NSW),2729,-35.30913,147.90768
11406,Ellerslie (Wentworth - NSW),2648,-33.82485,142.02781
11407,Ellerston,2337,-31.77953,151.32923
11408,Ellis Lane,2570,-34.03392,150.67821
11409,Elong Elong,2831,-32.14942,149.08099
11410,Elrington,2325,-32.86579,151.43116
11411,Elsmore,2360,-29.82559,151.29352
11412,Eltham,2480,-28.76078,153.41154
11413,Elvina Bay,2105,-33.64160,151.27647
11414,Emerald Beach,2456,-30.16490,153.15902
11415,Emerald Hill,2380,-30.86693,150.06411
11416,Emerton,2770,-33.74273,150.80707
11417,Emmaville,2371,-29.38569,151.55475
11418,Empire Bay,2257,-33.50479,151.36941
11419,Empire Vale,2478,-28.92216,153.52109
11420,Emu Heights,2750,-33.73286,150.64973
11421,Emu Plains,2750,-33.74706,150.66323
11422,Emu Swamp,2800,-33.30229,149.19644
11423,Endrick,2622,-35.24005,150.24820
11424,Enfield,2136,-33.89123,151.09543
11425,Engadine,2233,-34.05562,151.01453
11426,Englorie Park,2560,-34.08090,150.79520
11427,Enmore (Armidale Regional - NSW),2350,-30.73155,151.83307
11428,Enmore (Inner West - NSW),2042,-33.90060,151.17020
11429,Enngonia,2840,-29.25353,145.94134
11430,Environa,2620,-35.40884,149.18253
11431,Epping,2121,-33.77272,151.07571
11432,Eraring,2264,-33.06465,151.52898
11433,Eremerang,2877,-32.62473,146.39741
11434,Erigolia,2669,-33.93170,146.38763
11435,Erin Vale,2663,-34.68100,147.53331
11436,Erina,2250,-33.43767,151.39540
11437,Erina Heights,2260,-33.42689,151.40951
11438,Ermington,2115,-33.81161,151.05997
11439,Erowal Bay,2540,-35.10180,150.66437
11440,Errowanbang,2791,-33.53258,149.03870
11441,Erskine Park,2759,-33.81205,150.79642
11442,Erskineville,2043,-33.90267,151.18470
11443,Erudgere,2850,-32.57372,149.49906
11444,Eschol Park,2558,-34.03248,150.80064
11445,Esk,2472,-29.24844,153.33211
11446,Essington,2787,-33.74088,149.71415
11447,Estella,2650,-35.07512,147.34999
11448,Ettalong Beach,2257,-33.51400,151.33368
11449,Ettamogah,2640,-36.00247,146.95750
11450,Ettrema,2540,-34.89062,150.29485
11451,Ettrick,2474,-28.65001,152.91161
11452,Euabalong,2877,-33.01736,146.36373
11453,Euabalong West,2877,-33.05683,146.39420
11454,Euberta,2650,-35.04888,147.21039
11455,Euchareena,2866,-32.94336,149.11749
11456,Eucumbene,2628,-36.13676,148.62644
11457,Eugowra,2806,-33.41127,148.35368
11458,Eulah Creek,2390,-30.35947,150.02158
11459,Eumungerie,2822,-31.96772,148.67227
11460,Eunanoreenya,2650,-35.08430,147.46627
11461,Eungai Creek,2441,-30.82435,152.87917
11462,Eungai Rail,2441,-30.85872,152.88718
11463,Eungella,2484,-28.34866,153.30461
11464,Eureka,2480,-28.68985,153.43644
11465,Eurimbla,2867,-32.83948,148.82816
11466,Eurobodalla,2545,-36.16947,149.95881
11467,Euroka,2440,-31.07874,152.80018
11468,Euroley,2700,-34.71015,146.30290
11469,Eurongilly,2663,-34.93149,147.79966
11470,Eurunderee,2850,-32.51644,149.60962
11471,Euston,2737,-34.35579,142.87756
11472,Evans Head,2473,-29.11416,153.42415
11473,Evans Plains,2795,-33.46126,149.48278
11474,Eveleigh,2015,-33.89640,151.19240
11475,Eviron,2484,-28.30569,153.48240
11476,Ewingar,2469,-29.08995,152.50774
11477,Ewingsdale,2481,-28.63411,153.54892
11478,Exeter,2579,-34.61488,150.28751
11479,Failford,2430,-32.09025,152.44081
11480,Fairfield,2165,-33.87177,150.95282
11481,Fairfield East,2165,-33.87410,150.97250
11482,Fairfield Heights,2165,-33.86611,150.93943
11483,Fairfield West,2165,-33.86909,150.92467
11484,Fairholme,2871,-33.29868,147.37554
11485,Fairlight,2094,-33.79389,151.27382
11486,Fairy Hill,2470,-28.76439,152.98990
11487,Fairy Meadow,2519,-34.39400,150.89222
11488,Falbrook,2330,-32.41894,151.13181
11489,Falconer,2365,-30.17017,151.73314
11490,Falls Creek,2540,-34.99855,150.59269
11491,Far Meadow,2535,-34.82707,150.70344
11492,Fargunyah,2656,-35.12353,146.74469
11493,Farley,2320,-32.73568,151.50221
11494,Farmborough Heights,2526,-34.45537,150.81533
11495,Farnham,2820,-32.84563,149.11749
11496,Farrants Hill,2484,-28.31780,153.48537
11497,Farringdon,2622,-35.52381,149.59876
11498,Fassifern,2283,-32.98251,151.57847
11499,Faulconbridge,2776,-33.68537,150.55074
11500,Faulkland,2422,-32.07093,151.89106
11501,Fawcetts Plain,2474,-28.56586,153.01213
11502,Federal,2480,-28.65474,153.45470
11503,Fennell Bay,2283,-32.98373,151.59707
11504,Fern Bay,2295,-32.86414,151.81331
11505,Fern Gully,2330,-32.54902,151.19735
11506,Fernances,2775,-33.19184,151.01127
11507,Fernances Crossing,2325,-33.06620,151.11663
11508,Fernbank Creek,2444,-31.42170,152.84176
11509,Fernbrook,2453,-30.34481,152.61670
11510,Fernhill,2519,-34.38477,150.89090
11511,Fernleigh,2479,-28.76712,153.49090
11512,Fernmount,2454,-30.47563,152.94589
11513,Fernside,2480,-28.79688,153.16991
11514,Fernvale,2484,-28.36502,153.41956
11515,Ferodale,2318,-32.70966,151.84124
11516,Fiddletown,2159,-33.55929,151.08327
11517,Fifield,2875,-32.84118,147.45822
11518,Figtree,2525,-34.43083,150.84827
11519,Findon Creek,2474,-28.35564,152.87305
11520,Fine Flower,2460,-29.38438,152.65567
11521,Fingal Bay,2315,-32.75045,152.15978
11522,Fingal Head,2487,-28.20500,153.56520
11523,Finley,2713,-35.60627,145.58528
11524,Firefly,2429,-32.08722,152.22715
11525,Fishermans Bay,2316,-32.78453,152.09556
11526,Fishermans Paradise,2539,-35.23045,150.44482
11527,Fishermans Reach,2441,-30.86928,152.99922
11528,Fishers Hill,2421,-32.49182,151.53928
11529,Fishing Point,2283,-33.05287,151.59643
11530,Fitzgeralds Mount,2799,-33.49238,149.37582
11531,Fitzgeralds Valley,2795,-33.52500,149.39346
11532,Fitzroy Falls,2577,-34.64907,150.44668
11533,Five Dock,2046,-33.86782,151.13102
11534,Five Ways,2873,-32.16556,146.98169
11535,Flat Tops,2420,-32.44947,151.81402
11536,Fletcher,2287,-32.87192,151.64211
11537,Flinders,2529,-34.58044,150.84436
11538,Floraville,2280,-33.01295,151.66202
11539,Forbes,2871,-33.39321,147.97976
11540,Forbes Creek,2621,-35.42319,149.50587
11541,Forbes River,2446,-31.24297,152.33744
11542,Forbesdale,2422,-32.07658,151.95943
11543,Fords Bridge,2840,-29.70203,145.29510
11544,Fordwich,2330,-32.70899,151.05616
11545,Forest Glen,2157,-33.54373,151.02616
11546,Forest Grove,2795,-33.38849,149.66134
11547,Forest Hill,2651,-35.14516,147.46280
11548,Forest Land,2372,-29.26048,152.13581
11549,Forest Lodge,2037,-33.88122,151.17981
11550,Forest Reefs,2798,-33.46432,149.07783
11551,Forestville,2087,-33.76038,151.20924
11552,Forresters Beach,2260,-33.40670,151.46646
11553,Forster,2428,-32.22337,152.53249
11554,Fortis Creek,2460,-29.47420,152.87239
11555,Fosters Valley,2795,-33.62369,149.54775
11556,Fosterton,2420,-32.34784,151.76221
11557,Fountaindale,2258,-33.34865,151.40150
11558,Four Corners,2716,-34.82015,145.43615
11559,Four Mile Creek,2800,-33.42871,148.93993
11560,Fowlers Gap,2880,-31.36466,141.67868
11561,Foxground,2534,-34.71413,150.76092
11562,Frazer Park,2259,-33.18377,151.61876
11563,Frazers Creek,2446,-31.39900,152.61693
11564,Frederickton,2440,-31.02657,152.86023
11565,Freeburn Island,2464,-29.40336,153.33318
11566,Freemans,2259,-33.19700,151.59209
11567,Freemans Reach,2756,-33.56134,150.79851
11568,Freemans Waterhole,2323,-32.98772,151.49329
11569,Freemantle,2795,-33.27645,149.36138
11570,French Park,2655,-35.25829,146.92734
11571,Frenchs Forest,2086,-33.74732,151.22549
11572,Freshwater,2096,-33.77711,151.28306
11573,Frog Rock,2850,-32.46854,149.68211
11574,Frogmore,2586,-34.24685,148.86700
11575,Frogs Hollow,2550,-36.76664,149.81503
11576,Frying Pan,2630,-36.14617,148.80661
11577,Fullerton,2583,-34.16104,149.55168
11578,Fullerton Cove,2318,-32.83947,151.84066
11579,Furracabad,2370,-29.81584,151.65012
11580,Gables,2765,-33.62772,150.90691
11581,Gadara,2720,-35.31128,148.12820
11582,Gala Vale,2716,-34.96947,145.74995
11583,Galambine,2850,-32.44140,149.51816
11584,Galong,2585,-34.60884,148.56003
11585,Galore,2650,-34.98600,146.82750
11586,Galston,2159,-33.64687,151.06833
11587,Ganbenang,2790,-33.71022,150.13204
11588,Gangat,2422,-32.01902,152.07418
11589,Ganmain,2702,-34.80702,147.01874
11590,Garah,2405,-29.00247,149.61953
11591,Garden Suburb,2289,-32.94544,151.67879
11592,Garema,2871,-33.58530,147.93423
11593,Garland,2797,-33.75671,149.03783
11594,Garland Valley,2330,-32.92472,150.74224
11595,Garoo,2340,-31.42154,150.96141
11596,Garra,2866,-33.11996,148.75534
11597,Garthowen,2345,-30.86808,150.90166
11598,Gateshead,2290,-32.99191,151.69576
11599,Gearys Flat,2441,-31.17087,152.57667
11600,Geehi,2642,-36.34488,148.24832
11601,Gelston Park,2650,-35.24360,147.34627
11602,Gemalla,2795,-33.49930,149.84127
11603,Geneva,2474,-28.61774,152.97782
11604,Georges Creek,2365,-30.14413,151.20318
11605,Georges Hall,2198,-33.90996,150.98663
11606,Georges Plains,2795,-33.52684,149.48908
11607,Georgetown,2298,-32.90934,151.73085
11608,Georgica,2480,-28.64491,153.16025
11609,Gerogery,2642,-35.84262,147.00099
11610,Gerringong,2534,-34.73868,150.82473
11611,Gerroa,2534,-34.77259,150.79994
11612,Geurie,2818,-32.37430,148.85340
11613,Ghinni Ghi,2474,-28.62073,152.77423
11614,Ghinni Ghinni,2430,-31.88252,152.54832
11615,Ghoolendaadi,2380,-30.95144,149.91137
11616,Giants Creek,2328,-32.22556,150.54139
11617,Gibberagee,2469,-29.28114,153.09966
11618,Gibraltar Range,2370,-29.54395,152.28886
11619,Gidginbung,2666,-34.30836,147.44196
11620,Gidley,2340,-30.99678,150.83608
11621,Gilead,2560,-34.13659,150.77791
11622,Gilgai,2360,-29.88200,151.12404
11623,Gilgandra,2827,-31.71517,148.60304
11624,Gilgooma,2829,-30.70327,148.57888
11625,Gilgunnia,2877,-32.44226,146.07230
11626,Gillenbah,2700,-34.80634,146.51567
11627,Gilletts Ridge,2462,-29.63472,153.10716
11628,Gillieston Heights,2321,-32.76377,151.51774
11629,Gilmandyke,2795,-33.78400,149.54526
11630,Gilmore,2720,-35.40624,148.18094
11631,Gin Gin,2823,-31.90106,148.09156
11632,Gineroi,2404,-29.73359,150.49826
11633,Ginghi,2849,-32.59098,150.04965
11634,Gingkin,2787,-33.88799,149.95798
11635,Girards Hill,2480,-28.81853,153.27957
11636,Girilambone,2831,-31.23473,146.86109
11637,Giro,2422,-31.67728,151.73285
11638,Girral,2669,-33.66490,147.14576
11639,Girralong,2449,-30.56259,152.64377
11640,Girraween,2145,-33.80192,150.94503
11641,Girvan,2425,-32.47369,152.06615
11642,Gladesville,2111,-33.82917,151.12750
11643,Gladstone,2440,-31.01764,152.96024
11644,Glanmire,2795,-33.42112,149.70602
11645,Glebe,2037,-33.87840,151.18710
11646,Gledswood Hills,2557,-34.01142,150.78088
11647,Glen Alice,2849,-33.06315,150.15551
11648,Glen Allen,2631,-36.68811,149.38786
11649,Glen Alpine,2563,-34.08925,150.77613
11650,Glen Davis,2846,-33.14919,150.24608
11651,Glen Elgin,2370,-29.57117,152.11569
11652,Glen Fergus,2630,-36.21477,149.24773
11653,Glen Innes,2370,-29.72295,151.68864
11654,Glen Martin,2321,-32.53171,151.84727
11655,Glen Nevis,2365,-29.91646,152.22894
11656,Glen Oak,2320,-32.60553,151.70745
11657,Glen Ward,2422,-31.82260,151.65650
11658,Glen William,2321,-32.53750,151.79120
11659,Glenbawn,2337,-32.07291,151.01671
11660,Glenbrook,2773,-33.76358,150.62627
11661,Glencoe,2365,-29.92830,151.71426
11662,Glendale,2285,-32.92703,151.64949
11663,Glendenning,2761,-33.74908,150.85427
11664,Glendon,2330,-32.58631,151.28671
11665,Glendon Brook,2330,-32.48898,151.40857
11666,Glenelg,2810,-33.73954,148.09608
11667,Glenellen,2642,-35.88489,146.90388
11668,Glenfield,2167,-33.97069,150.89370
11669,Glenfield Park,2650,-35.13611,147.33381
11670,Glengarrie,2486,-28.23363,153.39968
11671,Glenhaven,2156,-33.70183,150.99820
11672,Gleniffer,2454,-30.38120,152.88593
11673,Glenmore,2570,-34.07398,150.60405
11674,Glenmore Park,2745,-33.79115,150.68161
11675,Glennies Creek,2330,-32.45541,151.10891
11676,Glenning Valley,2261,-33.35219,151.42234
11677,Glenorie,2157,-33.57115,150.99152
11678,Glenquarry,2576,-34.52980,150.48474
11679,Glenreagh,2450,-30.08216,152.95423
11680,Glenridding,2330,-32.58740,151.16023
11681,Glenrock,2337,-31.65909,151.41005
11682,Glenroy (Albury - NSW),2640,-36.05227,146.90038
11683,Glenroy (Snowy Valleys - NSW),2653,-35.74835,147.88283
11684,Glenthorne,2430,-31.92833,152.47905
11685,Glenugie,2460,-29.80090,153.03876
11686,Glenwood,2768,-33.73808,150.93636
11687,Glenworth Valley,2250,-33.40643,151.18371
11688,Glossodia,2756,-33.53188,150.78454
11689,Gloucester,2422,-32.01673,151.96106
11690,Gloucester Tops,2422,-32.06577,151.61964
11691,Goat Island,2477,-28.98920,153.45797
11692,Gobarralong,2722,-34.95210,148.35504
11693,Gobbagombalin,2650,-35.06303,147.31012
11694,Gocup,2720,-35.24564,148.18614
11695,Godfreys Creek,2586,-34.17727,148.70252
11696,Gogeldrie,2705,-34.58536,146.28188
11697,Gol Gol,2738,-34.16741,142.22504
11698,Gollan,2820,-32.25353,149.04674
11699,Golspie,2580,-34.25670,149.67339
11700,Gongolgon,2839,-30.45349,146.87110
11701,Gonn,2732,-35.47521,143.99765
11702,Gooandra,2629,-35.82985,148.62947
11703,Goobarragandra,2720,-35.44198,148.50423
11704,Good Forest,2790,-33.59385,150.09788
11705,Good Hope,2582,-34.90253,148.82217
11706,Goodmans Ford,2575,-34.32690,150.08488
11707,Goodnight,2736,-34.92192,143.37763
11708,Goodooga,2838,-29.24875,147.41589
11709,Goodwood Island,2469,-29.38256,153.31129
11710,Googong,2620,-35.44529,149.22618
11711,Goolgowi,2652,-33.94727,145.73647
11712,Goolhi,2379,-31.01311,149.73025
11713,Goolma,2852,-32.33381,149.23130
11714,Goolmangar,2480,-28.72762,153.24420
11715,Gooloogong,2805,-33.66352,148.42822
11716,Goombargana,2646,-35.74093,146.56858
11717,Goonellabah,2480,-28.82156,153.33152
11718,Goonengerry,2482,-28.60442,153.43150
11719,Goonoo Forest,2830,-32.01479,148.87809
11720,Goonoo Goonoo,2340,-31.29100,150.91238
11721,Goonumbla,2870,-32.93753,148.06003
11722,Goorangoola,2330,-32.28826,151.19776
11723,Goorianawa,2396,-31.14765,148.99402
11724,Gordon,2072,-33.75546,151.15300
11725,Gorge Creek,2469,-28.73312,152.71644
11726,Gormans Hill,2795,-33.47219,149.59458
11727,Gorokan,2263,-33.25484,151.50745
11728,Gosford,2250,-33.42250,151.34084
11729,Gosforth,2320,-32.65420,151.49050
11730,Gostwyck,2358,-30.70016,151.60662
11731,Goulburn,2580,-34.74769,149.72830
11732,Gouldsville,2330,-32.57871,151.08960
11733,Gowan,2795,-33.15334,149.34726
11734,Gowang,2357,-31.42559,149.07419
11735,Gowrie (Singleton - NSW),2330,-32.56421,151.14736
11736,Gowrie (Tamworth Regional - NSW),2340,-31.34434,150.82484
11737,Grabben Gullen,2583,-34.53102,149.38414
11738,Gradys Creek,2474,-28.40143,152.94101
11739,Grafton,2460,-29.68008,152.93363
11740,Gragin,2403,-29.54975,150.80501
11741,Grahamstown,2729,-35.25381,148.02654
11742,Graman,2360,-29.43735,150.91469
11743,Grantham Farm,2765,-33.66236,150.87377
11744,Grants Beach,2445,-31.61762,152.82000
11745,Granville,2142,-33.83627,151.00955
11746,Grasmere,2570,-34.05865,150.67175
11747,Grassy Head,2441,-30.78336,152.98802
11748,Grattai,2850,-32.66737,149.49440
11749,Gravesend,2401,-29.63108,150.32330
11750,Grays Point,2232,-34.05860,151.07933
11751,Great Mackerel Beach,2084,-33.59130,151.29930
11752,Great Marlow,2460,-29.65152,152.97250
11753,Green Cape,2551,-37.21106,149.99338
11754,Green Creek,2338,-31.78928,151.03430
11755,Green Forest,2471,-28.97023,153.36187
11756,Green Gully,2850,-32.79170,149.68046
11757,Green Hills (Armidale Regional - NSW),2365,-30.26722,151.78655
11758,Green Hills (Snowy Valleys - NSW),2730,-35.54657,148.02933
11759,Green Pigeon,2474,-28.48721,153.07107
11760,Green Point (Central Coast - NSW),2251,-33.45330,151.37840
11761,Green Point (Mid-Coast - NSW),2428,-32.25083,152.52110
11762,Green Valley,2168,-33.90245,150.86565
11763,Greenacre,2190,-33.90280,151.05810
11764,Greendale (Bega Valley - NSW),2550,-36.58462,149.86272
11765,Greendale (Liverpool - NSW),2745,-33.92773,150.66258
11766,Greenethorpe,2809,-34.02974,148.38851
11767,Greenfield Park,2176,-33.87396,150.89167
11768,Greengrove,2250,-33.37835,151.15760
11769,Greenhill,2440,-31.04878,152.80419
11770,Greenhills Beach,2230,-34.03693,151.16167
11771,Greenlands (Singleton - NSW),2330,-32.36234,151.16600
11772,Greenlands (Snowy Monaro Regional - NSW),2631,-36.51809,149.44399
11773,Greenleigh,2620,-35.36626,149.25361
11774,Greenridge,2471,-28.89995,153.11719
11775,Greenwell Point,2540,-34.91156,150.72981
11776,Greenwich,2065,-33.83090,151.18577
11777,Greenwich Park,2580,-34.60117,149.91077
11778,Greg Greg,2642,-36.06299,148.07058
11779,Gregadoo,2650,-35.23879,147.43131
11780,Gregory Hills,2557,-34.03090,150.77822
11781,Greigs Flat,2549,-36.97552,149.85003
11782,Grenfell,2810,-33.92824,148.18599
11783,Gresford,2311,-32.41239,151.49981
11784,Greta,2334,-32.68826,151.38658
11785,Greta Main,2325,-32.88815,151.28492
11786,Grevillia,2474,-28.44690,152.82064
11787,Greystanes,2145,-33.82309,150.94303
11788,Griffith,2680,-34.27916,146.04577
11789,Grogan,2666,-34.31858,147.73257
11790,Grong Grong,2652,-34.68903,146.78510
11791,Grose Vale,2753,-33.58349,150.65664
11792,Grose Wold,2753,-33.60175,150.67609
11793,Grosses Plain,2627,-36.56353,148.46089
11794,Growee,2849,-32.64305,150.08266
11795,Guerilla Bay,2536,-35.83123,150.22137
11796,Guildford,2161,-33.85607,150.99063
11797,Guildford West,2161,-33.85057,150.96488
11798,Gulargambone,2828,-31.28542,148.48293
11799,Gulf Creek,2347,-30.17519,150.73371
11800,Gulgong,2852,-32.36790,149.52383
11801,Gulmarrad,2463,-29.50014,153.22565
11802,Gum Flat,2360,-29.79357,150.92542
11803,Gum Scrub,2441,-31.25824,152.72826
11804,Gumbalie,2840,-30.11454,145.20806
11805,Gumble,2865,-33.08337,148.65199
11806,Gumly Gumly,2652,-35.13154,147.43126
11807,Gumma,2447,-30.71810,152.96660
11808,Gunbar,2711,-33.93649,145.29693
11809,Gundagai,2722,-35.04355,148.10330
11810,Gundamulda,2347,-30.24908,150.71877
11811,Gundaroo,2620,-35.03913,149.28626
11812,Gundary,2580,-34.83950,149.79447
11813,Gunderbooka,2840,-30.60812,145.72020
11814,Gunderman,2775,-33.38911,151.06053
11815,Gundy,2337,-31.99671,150.98303
11816,Gungal,2333,-32.26544,150.47489
11817,Gungalman,2829,-30.50707,147.99042
11818,Gunnedah,2380,-30.99554,150.20955
11819,Gunning,2581,-34.78819,149.26614
11820,Gunning Gap,2876,-33.25347,147.74153
11821,Gunningbland,2876,-33.12552,147.91114
11822,Gunningrah,2632,-36.74106,149.15015
11823,Guntawang,2852,-32.40952,149.41925
11824,Gurley,2398,-29.73252,149.82011
11825,Gurnang,2787,-34.04543,149.84772
11826,Gurranang,2460,-29.44370,152.98221
11827,Gurrundah,2581,-34.66912,149.40682
11828,Guyong,2798,-33.39742,149.26708
11829,Guyra,2365,-30.22367,151.62474
11830,Gwabegar,2356,-30.56600,148.97661
11831,Gwandalan,2259,-33.14036,151.58248
11832,Gwynneville,2500,-34.41515,150.88301
11833,Gymea,2227,-34.03585,151.08265
11834,Gymea Bay,2227,-34.04924,151.08730
11835,Haberfield,2045,-33.87859,151.14093
11836,Hacks Ferry,2441,-31.33130,152.82531
11837,Halekulani,2262,-33.22120,151.55233
11838,Halfway Creek,2460,-29.93623,153.10169
11839,Hallidays Point,2430,-32.06694,152.49862
11840,Halloran,2259,-33.22910,151.44023
11841,Halls Creek,2346,-30.76689,150.92610
11842,Hallsville,2340,-31.01176,150.87365
11843,Halton,2311,-32.29949,151.53741
11844,Hambledon Hill,2330,-32.59917,151.12563
11845,Hamilton,2303,-32.92030,151.74360
11846,Hamilton East,2303,-32.92823,151.75377
11847,Hamilton North,2292,-32.91423,151.73819
11848,Hamilton South,2291,-32.93334,151.74769
11849,Hamilton Valley,2641,-36.02728,146.89210
11850,Hamlyn Terrace,2259,-33.25412,151.46972
11851,Hammondville,2170,-33.95107,150.95827
11852,Hampden Hall,2440,-31.07099,152.86113
11853,Hampton,2790,-33.66606,150.02647
11854,Hanging Rock,2340,-31.50310,151.24763
11855,Hanleys Creek,2420,-32.41822,151.68368
11856,Hannam Vale,2443,-31.71507,152.58516
11857,Hanwood,2680,-34.35333,146.02630
11858,Harden,2587,-34.54645,148.37065
11859,Hardys Bay,2257,-33.52737,151.35347
11860,Harefield,2650,-34.97756,147.55311
11861,Hargraves,2850,-32.81605,149.38985
11862,Harolds Cross,2622,-35.57895,149.55951
11863,Harparary,2390,-30.54880,150.05424
11864,Harpers Hill,2321,-32.69999,151.40880
11865,Harrington,2427,-31.86242,152.66649
11866,Harrington Park,2567,-34.02473,150.73687
11867,Harris Park,2150,-33.82231,151.01119
11868,Hartley,2790,-33.54106,150.16328
11869,Hartley Vale,2790,-33.53274,150.23262
11870,Hartwood,2710,-35.34387,145.34795
11871,Hartys Plains,2446,-31.47713,152.62628
11872,Harwood,2465,-29.41481,153.24617
11873,Hassall Grove,2761,-33.73177,150.83913
11874,Hassans Walls,2790,-33.50863,150.15505
11875,Hastings Point,2489,-28.36367,153.57220
11876,Hat Head,2440,-31.05747,153.02923
11877,Hatfield,2715,-33.74708,143.68509
11878,Havilah,2850,-32.63094,149.76319
11879,Hawkesbury Heights,2777,-33.66803,150.64177
11880,Hawks Nest,2324,-32.62790,152.21556
11881,Hay,2711,-34.38403,144.84321
11882,Hay South,2711,-34.65464,144.81233
11883,Hayes Gap,2850,-32.56341,149.73470
11884,Haymarket,2000,-33.88110,151.20420
11885,Haystack,2469,-28.66012,152.54279
11886,Hayters Hill,2481,-28.67565,153.58209
11887,Haywards Bay,2530,-34.54474,150.79258
11888,Hazelbrook,2779,-33.72868,150.45490
11889,Hazelgrove,2787,-33.65589,149.89874
11890,Heathcote,2233,-34.08346,150.99358
11891,Heatherbrae,2324,-32.78927,151.73401
11892,Hebden,2330,-32.33959,151.06577
11893,Hebersham,2770,-33.74674,150.82376
11894,Heckenberg,2168,-33.90777,150.89137
11895,Heddon Greta,2321,-32.80777,151.50741
11896,Heifer Station,2460,-29.45744,152.58452
11897,Helensburgh,2508,-34.18369,150.98153
11898,Henley,2111,-33.84247,151.13560
11899,Henty,2658,-35.53030,147.04405
11900,Hereford Hall,2622,-35.77437,149.54569
11901,Hermidale,2831,-31.61127,146.62929
11902,Hermitage Flat,2790,-33.47650,150.14767
11903,Hernani,2453,-30.30921,152.41333
11904,Herons Creek,2439,-31.55994,152.71883
11905,Hexham,2322,-32.85086,151.67463
11906,Hickeys Creek,2440,-30.87949,152.60169
11907,High Range,2575,-34.32518,150.29740
11908,Higher Macdonald,2775,-33.17327,150.90084
11909,Highfields,2289,-32.95637,151.71480
11910,Hill End,2850,-33.02507,149.44823
11911,Hill Top (Snowy Monaro Regional - NSW),2628,-36.33237,148.69327
11912,Hill Top (Wingecarribee - NSW),2575,-34.34706,150.48598
11913,Hilldale,2420,-32.49803,151.63599
11914,Hillgrove (Armidale Regional - NSW),2350,-30.61150,151.96782
11915,Hillgrove (Wagga Wagga - NSW),2650,-35.04305,147.35540
11916,Hillsborough (Lake Macquarie - NSW),2290,-32.96083,151.67421
11917,Hillsborough (Maitland - NSW),2320,-32.63276,151.47739
11918,Hillsdale,2036,-33.95293,151.22613
11919,Hillston,2675,-33.43904,145.43698
11920,Hillville,2430,-31.98048,152.34002
11921,Hillvue,2340,-31.12868,150.91126
11922,Hinchinbrook,2168,-33.91835,150.86354
11923,Hinton,2321,-32.72196,151.66560
11924,Hobartville,2753,-33.60312,150.74374
11925,Hobbys Yards,2795,-33.68929,149.32814
11926,Hogarth Range,2469,-28.90516,152.82580
11927,Holbrook,2644,-35.69802,147.31338
11928,Holgate,2250,-33.40502,151.40569
11929,Hollisdale,2446,-31.38785,152.54415
11930,Hollydeen,2328,-32.32480,150.62236
11931,Holmesville,2286,-32.91669,151.58165
11932,Holroyd,2142,-33.82907,150.99823
11933,Holsworthy,2173,-34.06964,150.91398
11934,Holts Flat,2631,-36.61248,149.27195
11935,Home Rule,2850,-32.42509,149.62864
11936,Homebush,2140,-33.86219,151.08047
11937,Homebush West,2140,-33.86241,151.06885
11938,Homeleigh,2474,-28.56940,153.06141
11939,Honeybugle,2825,-31.83540,146.87966
11940,Hopefield,2646,-35.91680,146.46304
11941,Hopkins Creek,2484,-28.28672,153.23488
11942,Horningsea Park,2171,-33.94732,150.84480
11943,Hornsby,2077,-33.69748,151.09467
11944,Hornsby Heights,2077,-33.65660,151.10126
11945,Horse Station Creek,2474,-28.61474,152.95239
11946,Horseshoe Bend,2320,-32.73544,151.56768
11947,Horseshoe Creek,2474,-28.53577,153.03738
11948,Horsfield Bay,2256,-33.49093,151.30117
11949,Horsley,2530,-34.48914,150.77475
11950,Horsley Park,2175,-33.83992,150.84858
11951,Hoskinstown,2621,-35.40316,149.43010
11952,Hovells Creek,2794,-34.06672,148.85839
11953,Howards Grass,2480,-28.79181,153.30318
11954,Howell,2360,-29.93411,151.04328
11955,Howes Valley,2330,-32.81090,150.83431
11956,Howick,2330,-32.43136,150.93338
11957,Howlong,2643,-35.95572,146.62449
11958,Hoxton Park,2171,-33.92950,150.85758
11959,Humula,2652,-35.48094,147.75175
11960,Hungerford,2840,-29.17060,144.61548
11961,Hunters Hill,2110,-33.82779,151.14220
11962,Hunterview,2330,-32.53930,151.17360
11963,Huntingdon,2446,-31.47045,152.65368
11964,Huntingwood,2148,-33.79787,150.88150
11965,Huntley (Orange - NSW),2800,-33.36941,149.12506
11966,Huntley (Wollongong - NSW),2530,-34.49671,150.73831
11967,Huntleys Cove,2111,-33.83777,151.13983
11968,Huntleys Point,2111,-33.83957,151.14417
11969,Huonbrook,2482,-28.53699,153.36220
11970,Hurlstone Park,2193,-33.90959,151.12844
11971,Hurstville,2220,-33.96167,151.09991
11972,Hurstville Grove,2220,-33.97737,151.09376
11973,Huskisson,2540,-35.03746,150.64957
11974,Hyams Beach,2540,-35.10943,150.68658
11975,Hydes Creek,2454,-30.41516,152.92599
11976,Hyland Park,2448,-30.61350,152.99010
11977,Hyndmans Creek,2446,-31.47492,152.60025
11978,Ilarwill,2463,-29.48321,153.17567
11979,Ilford,2850,-32.95455,149.83475
11980,Illabo,2590,-34.82800,147.75170
11981,Illaroo,2540,-34.85873,150.47037
11982,Illawong,2234,-33.99872,151.03699
11983,Iluka,2466,-29.39533,153.35668
11984,Indi,2642,-36.26901,148.05555
11985,Ingebirah,2627,-36.63335,148.52828
11986,Ingeegoodbee,2627,-36.74406,148.35141
11987,Ingleburn,2565,-34.00407,150.86353
11988,Ingleside,2101,-33.69156,151.25815
11989,Innes View,2429,-31.59181,152.39605
11990,Inverell,2360,-29.76220,151.11036
11991,Invergordon,2422,-32.05047,151.72191
11992,Invergowrie,2350,-30.51147,151.50726
11993,Iron Pot Creek,2474,-28.63621,152.86125
11994,Ironbark,2347,-30.29282,150.80106
11995,Ironmungy,2630,-36.62612,148.91302
11996,Irvington,2470,-28.86266,153.10469
11997,Irymple,2835,-32.52222,145.45493
11998,Isabella,2795,-33.95051,149.65874
11999,Islington,2296,-32.91353,151.74583
12000,Ivanhoe,2878,-32.69974,144.14148
12001,Jackadgery,2460,-29.60589,152.55495
12002,Jacks Creek,2390,-30.49772,149.73956
12003,Jacksons Flat,2469,-28.83089,152.56277
12004,Jacky Bulbin Flat,2463,-29.28043,153.18804
12005,Jagumba,2642,-36.04287,148.23556
12006,Jagungal Wilderness,2642,-36.14963,148.34187
12007,Jamberoo,2533,-34.65531,150.76504
12008,James Creek,2463,-29.45371,153.24246
12009,Jamisontown,2750,-33.76749,150.67699
12010,Jannali,2226,-34.01601,151.06305
12011,Jaspers Brush,2535,-34.79980,150.65339
12012,Jaunter,2787,-33.98643,149.91501
12013,Jeir,2582,-35.05632,148.97169
12014,Jellat Jellat,2550,-36.72330,149.88091
12015,Jemalong,2871,-33.44721,147.71668
12016,Jembaicumbene,2622,-35.52124,149.76514
12017,Jennings,,-28.94007,151.97037
12018,Jenolan,2790,-33.80908,150.06709
12019,Jeogla,2350,-30.66917,152.13566
12020,Jerangle,2630,-35.89641,149.36603
12021,Jeremadra,2536,-35.81324,150.13845
12022,Jeremy,2795,-33.98540,149.53162
12023,Jerilderie,2716,-35.27761,145.75373
12024,Jerrabattgulla,2622,-35.68226,149.58342
12025,Jerrabomberra,2619,-35.38307,149.20110
12026,Jerrara,2533,-34.67664,150.81749
12027,Jerrawa,2582,-34.78044,149.07557
12028,Jerrawangala,2540,-35.07396,150.44219
12029,Jerrong,2580,-34.16027,149.84431
12030,Jerrys Plains,2330,-32.46927,150.85254
12031,Jerseyville,2440,-30.92190,153.02757
12032,Jesmond,2299,-32.90093,151.69280
12033,Jewells,2280,-33.00737,151.68541
12034,Jews Lagoon,2397,-29.87316,149.46554
12035,Jiggi,2480,-28.70182,153.18448
12036,Jilliby,2259,-33.21845,151.36201
12037,Jimenbuen,2628,-36.74210,148.84366
12038,Jincumbilly,2631,-36.70750,149.22895
12039,Jindabyne,2627,-36.44441,148.63342
12040,Jinden,2622,-35.87543,149.59811
12041,Jindera,2642,-35.95344,146.87731
12042,Jingellic,2642,-35.90538,147.69415
12043,Jingera,2622,-35.67269,149.44522
12044,Joadja,2575,-34.43095,150.22571
12045,Joes Box,2469,-28.67830,152.59407
12046,Johns River,2443,-31.72807,152.69957
12047,Jolly Nose,2445,-31.59165,152.78449
12048,Jones Bridge,2720,-35.37536,148.25517
12049,Jones Island,2430,-31.86020,152.59361
12050,Jordan Springs,2747,-33.72679,150.74330
12051,Judds Creek,2795,-33.84934,149.53668
12052,Jugiong,2726,-34.79398,148.33627
12053,Junction Hill,2460,-29.63620,152.92988
12054,Junee,2663,-34.86421,147.57993
12055,Junee Reefs,2666,-34.71545,147.66745
12056,Kahibah,2290,-32.96169,151.71123
12057,Kains Flat,2850,-32.47295,149.85120
12058,Kalang,2454,-30.49884,152.73234
12059,Kalaru,2550,-36.72985,149.93005
12060,Kalkite,2627,-36.33316,148.64352
12061,Kamarah,2665,-34.35593,146.76187
12062,Kameruka,2550,-36.72096,149.70396
12063,Kanahooka,2530,-34.49369,150.81849
12064,Kanangra,2787,-33.98858,150.08919
12065,Kandos,2848,-32.85953,149.97109
12066,Kangaloon,2576,-34.54652,150.54212
12067,Kangaroo Creek,2460,-29.97132,152.85738
12068,Kangaroo Point,2224,-34.00247,151.09510
12069,Kangaroo Valley,2577,-34.73427,150.47769
12070,Kangaroobie,2800,-33.16791,149.05419
12071,Kangiara,2582,-34.60352,148.79193
12072,Kangy Angy,2258,-33.31985,151.39428
12073,Kanimbla,2790,-33.63216,150.21304
12074,Kanoona,2550,-36.74585,149.77423
12075,Kanwal,2259,-33.26303,151.48480
12076,Kapooka,2661,-35.15263,147.27744
12077,Kaputar,2390,-30.30495,150.13342
12078,Karaak Flat,2429,-31.91715,152.29019
12079,Karabar,2620,-35.37643,149.23233
12080,Karangi,2450,-30.24019,153.05512
12081,Kareela,2232,-34.01833,151.08334
12082,Kariong,2250,-33.45328,151.27446
12083,Kars Springs,2337,-31.91983,150.54056
12084,Karuah,2324,-32.63225,151.95679
12085,Katoomba,2780,-33.70531,150.30091
12086,Kayuga,2333,-32.20816,150.83201
12087,Kearns,2558,-34.02077,150.80198
12088,Kearsley,2325,-32.84752,151.40236
12089,Keepit,2340,-30.84737,150.51133
12090,Keera,2404,-30.04330,150.76241
12091,Keerrong,2480,-28.71734,153.26981
12092,Keinbah,2320,-32.75422,151.40760
12093,Keiraville,2500,-34.40841,150.87306
12094,Keith Hall,2478,-28.89424,153.54319
12095,Kellys Plains,2350,-30.58251,151.63177
12096,Kellyville,2155,-33.71059,150.95845
12097,Kellyville Ridge,2155,-33.70441,150.91951
12098,Kelso,2795,-33.41897,149.62232
12099,Kelvin,2380,-30.82672,150.38751
12100,Kembla Grange,2526,-34.46806,150.80027
12101,Kembla Heights,2526,-34.42767,150.80680
12102,Kemps Creek,2178,-33.86843,150.78799
12103,Kempsey,2440,-31.06122,152.84846
12104,Kendall,2439,-31.63771,152.69125
12105,Kenebri,2396,-30.71616,148.94729
12106,Kennaicle Creek,2449,-30.52934,152.81789
12107,Kensington,2033,-33.91292,151.21996
12108,Kenthurst,2156,-33.64264,150.97173
12109,Kentlyn,2560,-34.06010,150.86482
12110,Kentucky,2354,-30.75031,151.37546
12111,Kentucky South,2354,-30.80446,151.46070
12112,Kerewong,2439,-31.63058,152.54302
12113,Keri Keri,2711,-34.77404,143.98352
12114,Kerrabee,2328,-32.46894,150.30234
12115,Kerrigundi,2835,-31.00892,145.27870
12116,Kerrs Creek,2800,-33.05517,149.11552
12117,Kew,2439,-31.64533,152.73752
12118,Keybarbin,2460,-29.10138,152.61971
12119,Khancoban,2642,-36.25155,148.14556
12120,Khatambuhl,2429,-31.75791,151.99292
12121,Kia Ora,2422,-31.95802,151.97332
12122,Kiacatoo,2877,-33.05075,146.77259
12123,Kiah,2551,-37.16090,149.84651
12124,Kiama,2533,-34.67421,150.84410
12125,Kiama Downs,2533,-34.64112,150.84814
12126,Kiama Heights,2533,-34.70125,150.84175
12127,Kianga,2546,-36.18377,150.07468
12128,Kiar,2259,-33.20864,151.44223
12129,Kickabil,2830,-31.90098,148.41079
12130,Kielvale,2484,-28.33785,153.44781
12131,Kikiamah,2594,-34.09781,148.12949
12132,Kikoira,2669,-33.65768,146.66026
12133,Kilaben Bay,2283,-33.02435,151.59158
12134,Kilgin,2472,-29.02917,153.37352
12135,Kilgra,2474,-28.55591,152.98135
12136,Killabakh,2429,-31.71963,152.40301
12137,Killara,2071,-33.76772,151.15829
12138,Killarney Heights,2087,-33.77274,151.22145
12139,Killarney Vale,2261,-33.36743,151.46137
12140,Killawarra,2429,-31.89598,152.29113
12141,Killcare,2257,-33.52243,151.36337
12142,Killcare Heights,2257,-33.52263,151.37453
12143,Killiekrankie,2449,-30.56760,152.56108
12144,Killimicat,2720,-35.20513,148.24338
12145,Killingworth,2278,-32.93179,151.54187
12146,Killongbutta,2795,-33.18831,149.42552
12147,Kimbriki,2429,-31.92531,152.21120
12148,Kinchela,2440,-30.99904,153.00529
12149,Kincumber,2251,-33.47395,151.40205
12150,Kincumber South,2251,-33.48402,151.38189
12151,Kindee,2446,-31.39186,152.43302
12152,Kindervale,2622,-35.64368,149.55508
12153,King Creek,2446,-31.49165,152.75685
12154,Kingfisher Shores,2259,-33.17157,151.55630
12155,Kinghorne,2540,-34.98055,150.77052
12156,Kings Forest,2487,-28.29979,153.54985
12157,Kings Langley,2147,-33.74876,150.93220
12158,Kings Park,2148,-33.74351,150.90742
12159,Kings Plains (Blayney - NSW),2799,-33.48962,149.32659
12160,Kings Plains (Inverell - NSW),2360,-29.60218,151.41399
12161,Kings Point,2539,-35.37189,150.44422
12162,Kingscliff,2487,-28.26387,153.57420
12163,Kingsdale,2580,-34.66958,149.68685
12164,Kingsford,2032,-33.92398,151.22849
12165,Kingsgate,2370,-29.80054,152.08974
12166,Kingsgrove,2208,-33.94011,151.09987
12167,Kingsland,2370,-29.70392,151.46949
12168,Kingstown,2358,-30.50174,151.12503
12169,Kingsvale,2587,-34.44935,148.33624
12170,Kingswood (Bega Valley - NSW),2550,-36.74190,149.82194
12171,Kingswood (Penrith - NSW),2747,-33.76398,150.72640
12172,Kingswood (Tamworth Regional - NSW),2340,-31.16103,150.92821
12173,Kinvara,2478,-28.78925,153.54291
12174,Kioloa,2539,-35.54789,150.37383
12175,Kiora,2537,-35.90284,150.01690
12176,Kippara,2441,-31.23479,152.52204
12177,Kippaxs,2429,-31.65195,152.32335
12178,Kippenduff,2469,-29.16090,152.79860
12179,Kirkconnell,2795,-33.42246,149.85054
12180,Kirkham,2570,-34.03593,150.71090
12181,Kirrawee,2232,-34.03281,151.07172
12182,Kirribilli,2061,-33.84793,151.21700
12183,Kitchener,2325,-32.88106,151.36527
12184,Kiwarrak,2430,-32.00420,152.41380
12185,Klori,2346,-30.81597,150.75593
12186,Knights Hill,2577,-34.61915,150.69307
12187,Knockrow,2479,-28.76021,153.54097
12188,Knorrit Flat,2424,-31.83580,152.10989
12189,Knorrit Forest,2424,-31.78987,152.13205
12190,Kogarah,2217,-33.96678,151.13611
12191,Kogarah Bay,2217,-33.98195,151.12435
12192,Kooba,2680,-34.42498,146.10338
12193,Kookabookra,2370,-30.02606,152.05246
12194,Koolewong,2256,-33.46767,151.31630
12195,Koolkhan,2460,-29.61767,152.92970
12196,Koonawarra,2530,-34.50914,150.80988
12197,Koonorigan,2480,-28.69793,153.22739
12198,Koonyum Range,2482,-28.54003,153.40936
12199,Kooragang,2304,-32.86319,151.74119
12200,Koorainghat,2430,-31.98707,152.50302
12201,Koorawatha,2807,-34.02099,148.58318
12202,Kooringal,2650,-35.14018,147.37677
12203,Kootingal,2352,-31.05948,151.05825
12204,Koraleigh,2735,-35.12842,143.43997
12205,Koreelah,2476,-28.37025,152.44804
12206,Korora,2450,-30.25013,153.11643
12207,Kosciuszko,2627,-36.48972,148.20361
12208,Kotara,2289,-32.94326,151.69642
12209,Kotara South,2289,-32.95030,151.68923
12210,Krambach,2429,-32.03826,152.26327
12211,Krawarree,2622,-35.76102,149.61456
12212,Kremnos,2460,-29.98139,152.94344
12213,Ku-ring-gai Chase,2084,-33.63863,151.23381
12214,Kulnura,2250,-33.20042,151.17167
12215,Kulwin,2835,-32.33205,144.91573
12216,Kunama,2730,-35.54647,148.08839
12217,Kundabung,2441,-31.20555,152.82172
12218,Kundibakh,2429,-31.98787,152.26084
12219,Kundle Kundle,2430,-31.85244,152.52954
12220,Kungala,2460,-29.95567,153.03248
12221,Kunghur,2484,-28.46353,153.23466
12222,Kunghur Creek,2484,-28.50171,153.23884
12223,Kurmond,2757,-33.54979,150.70039
12224,Kurnell,2231,-34.02210,151.19368
12225,Kurraba Point,2089,-33.84087,151.22257
12226,Kurrajong,2758,-33.50555,150.70117
12227,Kurrajong Heights,2758,-33.51750,150.61671
12228,Kurrajong Hills,2758,-33.52303,150.65527
12229,Kurri Kurri,2327,-32.81571,151.47985
12230,Kyalite,2715,-34.89341,143.52401
12231,Kyarran,2460,-29.58916,152.97425
12232,Kybeyan,2631,-36.38199,149.42657
12233,Kyeamba,2650,-35.45930,147.57320
12234,Kyeemagh,2216,-33.94890,151.16123
12235,Kyle Bay,2221,-33.98900,151.10060
12236,Kynnumboon,2484,-28.30785,153.37382
12237,Kyogle,2474,-28.64077,153.01573
12238,La Perouse,2036,-33.99201,151.24038
12239,Lacmalac,2720,-35.31115,148.31935
12240,Lade Vale,2581,-34.85040,149.15709
12241,Ladysmith,2652,-35.21278,147.54351
12242,Laffing Waters,2795,-33.37051,149.62143
12243,Laggan,2583,-34.34882,149.56292
12244,Lagoon Grass,2480,-28.79308,153.32183
12245,Laguna,2325,-33.04582,151.03673
12246,Lake Albert,2650,-35.16882,147.39391
12247,Lake Bathurst,2580,-35.01811,149.67834
12248,Lake Brewster,2675,-33.45211,145.99556
12249,Lake Burrendong,2820,-32.71760,149.13040
12250,Lake Cargelligo,2672,-33.37857,146.32875
12251,Lake Cathie,2445,-31.54769,152.83549
12252,Lake Conjola,2539,-35.27198,150.46977
12253,Lake Cowal,2671,-33.65769,147.37500
12254,Lake George,2581,-35.12451,149.42054
12255,Lake Haven,2263,-33.24436,151.50277
12256,Lake Heights,2502,-34.48522,150.86746
12257,Lake Hiawatha,2462,-29.80498,153.26090
12258,Lake Hume Village,,-36.09284,147.03434
12259,Lake Illawarra,2528,-34.54385,150.86332
12260,Lake Innes,2446,-31.50360,152.82765
12261,Lake Macquarie,2259,-33.09303,151.59170
12262,Lake Munmorah,2259,-33.18949,151.57273
12263,Lake Tabourie,2538,-35.42864,150.41283
12264,Lake Wyangan,2680,-34.23060,146.02098
12265,Lakelands,2282,-32.96181,151.64952
12266,Lakemba,2195,-33.91899,151.07581
12267,Lakesland,2572,-34.18535,150.49615
12268,Lakewood,2443,-31.63610,152.76780
12269,Lalalty,,-35.80928,145.72154
12270,Lalor Park,2147,-33.76211,150.93040
12271,Lambs Valley (Glen Innes Severn - NSW),2370,-29.81367,151.79530
12272,Lambs Valley (Singleton - NSW),2335,-32.57260,151.46247
12273,Lambton,2299,-32.91371,151.70288
12274,Landervale,2652,-34.53764,146.70858
12275,Lane Cove,2066,-33.81805,151.16579
12276,Lane Cove North,2066,-33.80513,151.16209
12277,Lane Cove West,2066,-33.81197,151.15158
12278,Langley Vale,2426,-31.78298,152.56831
12279,Lanitza,2460,-29.87888,152.97920
12280,Lankeys Creek,2644,-35.83209,147.63233
12281,Lansdowne (Canterbury-Bankstown - NSW),2163,-33.89793,150.97657
12282,Lansdowne (Mid-Coast - NSW),2430,-31.76225,152.51523
12283,Lansdowne Forest,2430,-31.74734,152.57596
12284,Lansvale,2166,-33.90118,150.96486
12285,Lapstone,2773,-33.77423,150.63587
12286,Larbert,2622,-35.32197,149.76789
12287,Largs,2320,-32.70484,151.60676
12288,Larnook,2480,-28.66379,153.10987
12289,Larras Lee,2866,-32.96323,148.87650
12290,Laughtondale,2775,-33.43769,151.02898
12291,Laurel Hill,2649,-35.60257,148.09570
12292,Laurieton,2443,-31.64273,152.79432
12293,Lavadia,2462,-29.71353,153.06892
12294,Lavender Bay,2060,-33.84487,151.20827
12295,Laverstock,2582,-34.65137,148.87441
12296,Lavington,2641,-36.03538,146.93682
12297,Lawrence,2460,-29.45101,153.07678
12298,Lawson,2783,-33.72023,150.43317
12299,Leadville,2844,-32.03824,149.58833
12300,Leconfield,2335,-32.64901,151.39545
12301,Lee Creek,2849,-32.53941,150.13522
12302,Leeton,2705,-34.49880,146.38895
12303,Leets Vale,2775,-33.42496,150.94799
12304,Leeville,2470,-28.96671,152.99861
12305,Legume,2476,-28.46757,152.28606
12306,Leichhardt,2040,-33.88213,151.15507
12307,Lemington,2330,-32.48155,150.95612
12308,Lemon Tree,2259,-33.13313,151.37277
12309,Lemon Tree Passage,2319,-32.73310,152.02620
12310,Len Waters Estate,2171,-33.91140,150.85316
12311,Lenaghan,2322,-32.84865,151.63119
12312,Lennox Head,2478,-28.78950,153.58314
12313,Leonay,2750,-33.76699,150.64728
12314,Leppington,2179,-33.96934,150.79570
12315,Lerida,2581,-34.88488,149.33251
12316,Lethbridge Park,2770,-33.73762,150.80023
12317,Leumeah,2560,-34.05313,150.83768
12318,Leura,2780,-33.70677,150.33680
12319,Levenstrath,2460,-29.82427,152.93329
12320,Lewinsbrook,2311,-32.43659,151.59878
12321,Lewis Ponds,2800,-33.28233,149.28223
12322,Lewisham,2049,-33.89540,151.14543
12323,Leycester,2480,-28.77372,153.17935
12324,Liberty Grove,2138,-33.84067,151.08377
12325,Lidcombe,2141,-33.86053,151.04830
12326,Liddell,2333,-32.42778,151.00320
12327,Lidsdale,2790,-33.36020,150.11905
12328,Lidster,2800,-33.32161,148.92351
12329,Lightning Ridge,2834,-29.31726,148.00674
12330,Lilli Pilli (Eurobodalla - NSW),2536,-35.77409,150.22123
12331,Lilli Pilli (Sutherland Shire - NSW),2229,-34.06883,151.11553
12332,Lillian Rock,2480,-28.53577,153.15882
12333,Lilydale,2460,-29.54972,152.65778
12334,Lilyfield,2040,-33.87106,151.16197
12335,Lilyvale,2508,-34.17747,151.02228
12336,Limbri,2352,-31.04713,151.20657
12337,Limeburners Creek (Mid-Coast - NSW),2324,-32.57919,151.91316
12338,Limeburners Creek (Port Macquarie-Hastings - NSW),2444,-31.33288,152.89216
12339,Limekilns,2795,-33.24674,149.74556
12340,Limerick,2583,-34.21253,149.47442
12341,Limestone,2361,-29.21313,151.05017
12342,Limpinwood,2484,-28.29914,153.19790
12343,Linburn,2850,-32.42348,149.70151
12344,Linden,2778,-33.71750,150.50931
12345,Lindendale,2480,-28.82954,153.37542
12346,Lindesay,2347,-30.34233,150.29208
12347,Lindesay Creek,2476,-28.33380,152.63642
12348,Lindfield,2070,-33.78138,151.16206
12349,Lindifferon,2710,-35.40908,145.18541
12350,Linley Point,,-33.82707,151.14907
12351,Lionsville,2460,-29.18227,152.50247
12352,Lisarow,2250,-33.38487,151.38078
12353,Lismore,2480,-28.80780,153.28580
12354,Lismore Heights,2480,-28.80376,153.30152
12355,Liston,2372,-28.63500,152.12031
12356,Lithgow,2790,-33.48329,150.15689
12357,Little Back Creek,2474,-28.61380,153.04584
12358,Little Bay,2036,-33.98278,151.24584
12359,Little Billabong,2644,-35.62078,147.51224
12360,Little Forest,2538,-35.29377,150.37267
12361,Little Hartley,2790,-33.58496,150.19865
12362,Little Jacks Creek,2339,-31.79099,150.54155
12363,Little Jilliby,2259,-33.23576,151.36286
12364,Little Pelican,2281,-33.08007,151.64183
12365,Little Plain,2360,-29.73628,150.93123
12366,Little River,2720,-35.33858,148.31867
12367,Little Topar,2880,-31.73826,142.39904
12368,Little Wobby,2256,-33.53746,151.25485
12369,Littleton,2790,-33.49717,150.13977
12370,Liverpool,2170,-33.92327,150.91544
12371,Llanarth,2795,-33.39726,149.55032
12372,Llandilo,2747,-33.70163,150.74900
12373,Llangothlin,2365,-30.10361,151.68515
12374,Lloyd,2650,-35.14919,147.32423
12375,Loadstone,2474,-28.38973,152.98866
12376,Lochiel,2549,-36.94699,149.78313
12377,Lochinvar,2321,-32.71162,151.45275
12378,Lockhart,2656,-35.17963,146.76752
12379,Locksley,2795,-33.51416,149.80001
12380,Loftus,2232,-34.04272,151.04511
12381,Loftville,2480,-28.83682,153.25972
12382,Logans Crossing,2439,-31.60998,152.70272
12383,Logie Brae,2713,-35.46404,145.50633
12384,Londonderry,2753,-33.65345,150.73579
12385,Long Beach,2536,-35.69370,150.22693
12386,Long Flat,2446,-31.43787,152.48895
12387,Long Jetty,2261,-33.35852,151.48706
12388,Long Plain (Inverell - NSW),2360,-29.76573,151.23602
12389,Long Plain (Snowy Monaro Regional - NSW),2629,-35.66210,148.58102
12390,Long Point (Campbelltown - NSW),2564,-34.01044,150.89716
12391,Long Point (Singleton - NSW),2330,-32.56614,151.12119
12392,Longarm,2347,-30.49162,150.55065
12393,Longreach,2540,-34.87238,150.52970
12394,Longueville,2066,-33.83000,151.16893
12395,Loomberah,2340,-31.28243,151.01982
12396,Lord Howe Island,2898,-31.55314,159.07751
12397,Lords Hill,2632,-36.96552,149.17450
12398,Lorn,2320,-32.72860,151.57388
12399,Lorne,2439,-31.66241,152.60538
12400,Lost River,2583,-34.43554,149.31745
12401,Lostock,2311,-32.32217,151.43497
12402,Louisa Creek,2469,-29.01586,152.61987
12403,Louth,2840,-30.54582,144.86634
12404,Louth Park,2320,-32.77156,151.54718
12405,Lovedale,2325,-32.74911,151.36180
12406,Lovett Bay,2105,-33.63037,151.27923
12407,Lowanna,2450,-30.17802,152.89743
12408,Lower Acacia Creek,2476,-28.47930,152.19921
12409,Lower Bago,2730,-35.56052,147.95575
12410,Lower Belford,2335,-32.62125,151.29975
12411,Lower Boro,2580,-35.13944,149.78715
12412,Lower Bottle Creek,2469,-28.81866,152.60357
12413,Lower Creek,2440,-30.68162,152.29040
12414,Lower Duck Creek,2469,-28.73612,152.53071
12415,Lower Dyraaba,2470,-28.80428,152.88434
12416,Lower Lewis Ponds,2800,-33.21055,149.23872
12417,Lower Macdonald,2775,-33.35854,150.96866
12418,Lower Mangrove,2250,-33.39905,151.13613
12419,Lower Pappinbarra,2446,-31.41621,152.58974
12420,Lower Peacock,2469,-28.77593,152.58056
12421,Lower Portland,2756,-33.43906,150.88583
12422,Lower Southgate,2460,-29.53533,153.05306
12423,Lowesdale,2646,-35.84319,146.33690
12424,Lowther,2790,-33.61566,150.12983
12425,Loxford,2326,-32.79488,151.48608
12426,Lucas Heights,2234,-34.04016,150.97935
12427,Lucknow,2800,-33.35012,149.16132
12428,Luddenham,2745,-33.86579,150.70953
12429,Lue,2850,-32.64202,149.84231
12430,Lugarno,2210,-33.98280,151.04559
12431,Lurnea,2170,-33.93622,150.89586
12432,Luskintyre,2321,-32.66178,151.43156
12433,Lynchs Creek,2474,-28.45728,152.99217
12434,Lyndhurst (Armidale Regional - NSW),2350,-30.35707,152.04363
12435,Lyndhurst (Blayney - NSW),2797,-33.68323,148.99442
12436,Lynwood,2477,-28.87162,153.44209
12437,Mabins Well,2716,-34.90743,145.52536
12438,Macdonalds Creek,2339,-31.80742,150.44212
12439,Macksville,2447,-30.72111,152.91906
12440,Maclean,2463,-29.44851,153.21577
12441,Macmasters Beach,2251,-33.49450,151.41018
12442,Macquarie Fields,2564,-33.99133,150.89411
12443,Macquarie Hills,2285,-32.95083,151.64373
12444,Macquarie Links,2565,-33.98196,150.87162
12445,Macquarie Marshes,2831,-30.69453,147.63089
12446,Macquarie Park,2113,-33.77788,151.12554
12447,Macquarie Pass,2577,-34.56154,150.66101
12448,Maddens Plains,2508,-34.25930,150.94488
12449,Maffra,2630,-36.54158,148.97242
12450,Magenta,2261,-33.29965,151.53569
12451,Magometon,2829,-31.02218,148.64696
12452,Maianbar,,-34.08107,151.12847
12453,Maimuru,2594,-34.23345,148.18258
12454,Main Arm,2482,-28.51363,153.43717
12455,Main Creek,2420,-32.30828,151.79611
12456,Mairjimmy,2716,-35.48208,145.74454
12457,Maison Dieu,2330,-32.53756,151.09096
12458,Maitland,2320,-32.73840,151.55073
12459,Maitland Bar,2850,-32.73506,149.43065
12460,Maitland Vale,2320,-32.67562,151.55384
12461,Majors Creek,2622,-35.58200,149.73094
12462,Malabar,2036,-33.96316,151.25486
12463,Malabugilmah,2460,-29.21995,152.62596
12464,Maldon,2571,-34.19849,150.63612
12465,Mallabula,2319,-32.73398,152.01328
12466,Mallan,2734,-35.10452,143.76197
12467,Mallanganee,2469,-28.90697,152.72061
12468,Mallee,2738,-34.23522,142.53351
12469,Mallowa,2400,-29.63995,149.37351
12470,Maloneys Beach,2536,-35.70083,150.25388
12471,Malua Bay,2536,-35.79050,150.21008
12472,Manar,2622,-35.26945,149.67784
12473,Manchester Square,2577,-34.60009,150.39570
12474,Mandagery,2870,-33.25693,148.44864
12475,Mandalong,2264,-33.12920,151.42221
12476,Mandemar,2575,-34.43876,150.27940
12477,Mandurama,2792,-33.65105,148.97297
12478,Mangerton,2500,-34.43245,150.87141
12479,Mangoola,2333,-32.31843,150.72957
12480,Mangoplah,2652,-35.40120,147.25100
12481,Mangrove Creek,2250,-33.35109,151.12581
12482,Mangrove Mountain,2250,-33.32103,151.18437
12483,Manildra,2865,-33.21221,148.64853
12484,Manilla,2346,-30.73430,150.73507
12485,Manly,2095,-33.80546,151.29069
12486,Manly Vale,2093,-33.78246,151.26628
12487,Mannering Park,2259,-33.16592,151.53929
12488,Manning Point,2430,-31.89079,152.66848
12489,Mannus,2653,-35.83751,147.94590
12490,Manobalai,2333,-32.18043,150.63405
12491,Manton,2582,-34.84919,149.01455
12492,Manyana,2539,-35.25387,150.51717
12493,Maragle,2653,-35.91399,148.19217
12494,Maraylya,2765,-33.59015,150.91978
12495,Marayong,2148,-33.74878,150.89221
12496,March,2800,-33.21178,149.07886
12497,Marchmont,2582,-34.90321,148.93663
12498,Mardi,2259,-33.29487,151.40143
12499,Marengo,2453,-30.14044,152.41694
12500,Mares Run,2422,-31.64110,151.80026
12501,Marinna,2663,-34.81024,147.62469
12502,Marks Point,2280,-33.05874,151.64916
12503,Markwell,2423,-32.30722,152.17527
12504,Marlee,2429,-31.77092,152.31686
12505,Marlo Merrican,2441,-31.18952,152.68003
12506,Marlow,2775,-33.46950,151.17210
12507,Marlowe,2622,-35.27076,149.87947
12508,Marmong Point,2284,-32.98083,151.61507
12509,Marom Creek,2480,-28.91580,153.36358
12510,Maroota,2756,-33.46106,150.98144
12511,Maroubra,2035,-33.94376,151.24506
12512,Marrangaroo,2790,-33.42651,150.14251
12513,Marrar,2652,-34.83283,147.34343
12514,Marrickville,2204,-33.91271,151.15568
12515,Marsden Park,2765,-33.70837,150.82957
12516,Marsfield,2122,-33.77789,151.10428
12517,Marshall Mount,2530,-34.54384,150.72972
12518,Marshdale,2420,-32.42493,151.80352
12519,Marthaguy,2824,-31.24852,147.86066
12520,Martindale,2328,-32.59590,150.64747
12521,Martins Creek,2420,-32.55512,151.64398
12522,Martinsville,2265,-33.05101,151.39182
12523,Marulan,2579,-34.72927,150.00070
12524,Maryland (Newcastle - NSW),2287,-32.88038,151.66410
12525,Maryland (Tenterfield - NSW),,-28.53892,152.04590
12526,Marys Mount,2380,-30.97870,150.01644
12527,Maryvale,2820,-32.45838,148.90046
12528,Maryville,2293,-32.91223,151.75500
12529,Mascot,2020,-33.93984,151.18067
12530,Matcham,2250,-33.40643,151.42802
12531,Matheson,2370,-29.75634,151.57188
12532,Mathoura,2710,-35.80951,144.86294
12533,Matong,2652,-34.76351,146.91206
12534,Matraville,2036,-33.96375,151.23270
12535,Maude,2711,-34.48966,144.18984
12536,Maules Creek,2382,-30.48567,150.23147
12537,Maxwell,2650,-35.28527,147.29595
12538,Maybole,2365,-29.90351,151.57517
12539,Mayers Flat,2423,-32.43780,152.32960
12540,Mayfield (Newcastle - NSW),2304,-32.89771,151.73802
12541,Mayfield (Oberon - NSW),2787,-33.66574,149.77253
12542,Mayfield (Queanbeyan-Palerang Regional - NSW),2580,-35.23670,149.78158
12543,Mayfield (Shoalhaven - NSW),2540,-34.91954,150.66351
12544,Mayfield East,2304,-32.90000,151.75017
12545,Mayfield North,2304,-32.89027,151.74997
12546,Mayfield West,2304,-32.88678,151.72547
12547,Mayrung,2710,-35.47301,145.32617
12548,Mays Hill,,-33.82120,150.98860
12549,Mayvale,2347,-30.40999,150.41046
12550,McCullys Gap,2333,-32.20701,151.00033
12551,McDougalls Hill,2330,-32.54610,151.14736
12552,McGraths Hill,2756,-33.61253,150.84159
12553,McKees Hill,2480,-28.87827,153.18405
12554,McKellars Park,2790,-33.47140,150.15227
12555,McLeans Ridges,2480,-28.78736,153.38783
12556,McLeods Shoot,2479,-28.65909,153.55498
12557,McMahons Point,2060,-33.84513,151.20287
12558,McMahons Reef,2587,-34.70134,148.41347
12559,Meadow Flat,2795,-33.43802,149.91812
12560,Meadowbank,2114,-33.81682,151.08832
12561,Mebbin,2484,-28.44986,153.16136
12562,Mebul,2852,-32.33497,149.35836
12563,Medlow Bath,2780,-33.67827,150.28799
12564,Medowie,2318,-32.74015,151.87991
12565,Medway,2577,-34.49118,150.28550
12566,Meerschaum Vale,2477,-28.92650,153.41430
12567,Megalong Valley,2785,-33.72217,150.22141
12568,Megan,2453,-30.30122,152.77310
12569,Melbergen,2669,-33.74468,146.01112
12570,Melinga,2430,-31.81309,152.49960
12571,Mellong,2756,-33.11071,150.74075
12572,Mellool,2734,-35.32338,143.77251
12573,Melonba,2765,-33.69223,150.80187
12574,Melrose Park,2114,-33.81511,151.07175
12575,Melville,2320,-32.67616,151.52069
12576,Memagong,2594,-34.29429,148.12800
12577,Menah,2850,-32.53446,149.54463
12578,Menai,2234,-34.00527,151.00452
12579,Menangle,2568,-34.13787,150.72094
12580,Menangle Park,2563,-34.10178,150.75280
12581,Mendooran,2842,-31.82057,149.06751
12582,Menindee,2879,-32.44172,142.71905
12583,Merah North,2388,-30.18359,149.20589
12584,Merewether,2291,-32.94710,151.74299
12585,Merewether Heights,2291,-32.94610,151.73200
12586,Merimbula,2548,-36.89198,149.89831
12587,Meringo,2537,-35.98008,150.13745
12588,Mernot,2422,-31.68895,151.57239
12589,Meroo,2850,-32.75746,149.62272
12590,Meroo Meadow,2540,-34.81323,150.60536
12591,Merotherie,2852,-32.15963,149.56932
12592,Merriangaah,2632,-36.84670,149.01972
12593,Merricumbene,2622,-35.73105,149.87288
12594,Merrigal,2827,-31.50330,148.26184
12595,Merrill,2581,-34.68499,149.25633
12596,Merriwa,2329,-32.10648,150.29637
12597,Merriwagga,2652,-33.78860,145.66241
12598,Merrygoen,2831,-31.80673,149.28494
12599,Merrylands,2160,-33.83623,150.98657
12600,Merrylands West,2160,-33.83694,150.96650
12601,Merungle Hill,2705,-34.61547,146.46512
12602,Meryla,2577,-34.69385,150.35194
12603,Metford,2323,-32.76701,151.60926
12604,Methul,2701,-34.60204,147.11249
12605,Metz,2350,-30.57305,151.84307
12606,Miamley,2873,-32.40067,146.92826
12607,Miandetta,2825,-31.58665,146.92166
12608,Micalo Island,2464,-29.44953,153.31166
12609,Michelago,2620,-35.74289,149.20201
12610,Middle Arm,2580,-34.59837,149.73281
12611,Middle Brook,2336,-31.92463,150.79285
12612,Middle Brother,2443,-31.69049,152.71045
12613,Middle Cove,2068,-33.79287,151.21213
12614,Middle Dural,2158,-33.63777,151.01441
12615,Middle Falbrook,2330,-32.44171,151.14960
12616,Middle Flat,2630,-36.23645,149.19263
12617,Middle Pocket,2483,-28.48653,153.46815
12618,Middleton Grange,2171,-33.91363,150.84271
12619,Middlingbank,2630,-36.21481,148.81162
12620,Midginbil,2484,-28.49975,153.26525
12621,Mihi,2358,-30.71967,151.69259
12622,Mila,2632,-37.05044,149.15907
12623,Milbrodale,2330,-32.71615,150.95086
12624,Milbrulong,2656,-35.25172,146.87090
12625,Milkers Flat,2795,-33.27947,149.40102
12626,Millah Murrah,2795,-33.18099,149.61155
12627,Millbank,2440,-30.79203,152.60670
12628,Miller,2168,-33.92102,150.87856
12629,Millers Forest,2324,-32.76159,151.69963
12630,Millers Point,2000,-33.85990,151.20423
12631,Millfield,2325,-32.88610,151.24768
12632,Millie,2397,-29.75359,149.50000
12633,Millingandi,2549,-36.88463,149.85647
12634,Millthorpe,2798,-33.45343,149.19163
12635,Milparinka,2880,-29.89409,141.57554
12636,Milperra,2214,-33.93970,150.98359
12637,Milroy (Gunnedah - NSW),2380,-31.14186,150.04715
12638,Milroy (Mid-Western Regional - NSW),2850,-32.59320,149.62044
12639,Milsons Passage,2083,-33.51840,151.17577
12640,Milsons Point,2061,-33.84760,151.21097
12641,Milton,2538,-35.31790,150.44109
12642,Milvale,2594,-34.33288,147.91545
12643,Mimosa,2666,-34.55767,147.39877
12644,Minchinbury,2770,-33.78736,150.82854
12645,Mindaribba,2320,-32.64809,151.56797
12646,Mingoola,,-29.00326,151.54748
12647,Minimbah,2312,-32.16190,152.37293
12648,Minjary,2720,-35.21810,148.14067
12649,Minmi,2287,-32.87883,151.62320
12650,Minnamurra,2529,-34.61953,150.84980
12651,Minnie Water,2462,-29.74764,153.26896
12652,Minore,2830,-32.27126,148.44789
12653,Minto,2566,-34.02969,150.84998
12654,Minto Heights,2566,-34.03443,150.87520
12655,Mirador,2548,-36.87829,149.92124
12656,Miranda,2228,-34.03296,151.10312
12657,Mirannie,2330,-32.37784,151.37191
12658,Mirrabooka,2264,-33.11203,151.55613
12659,Mirrool,2665,-34.23766,147.06457
12660,Missabotti,2449,-30.56548,152.77310
12661,Mitchell,2795,-33.42814,149.55665
12662,Mitchells Flat,2330,-32.55501,151.29596
12663,Mitchells Island,2430,-31.90346,152.61877
12664,Mittagong,2575,-34.46157,150.48846
12665,Moama,2731,-36.00687,144.75216
12666,Modanville,2480,-28.71776,153.29977
12667,Mogareeka,2550,-36.69415,149.97940
12668,Mogendoura,2537,-35.85910,150.03269
12669,Moggs Swamp,2370,-29.92295,152.08103
12670,Mogilla,2550,-36.70835,149.56513
12671,Mogo (Eurobodalla - NSW),2536,-35.79387,150.10162
12672,Mogo (Mid-Western Regional - NSW),2850,-32.26143,150.01926
12673,Mogo Creek,2775,-33.14644,151.06948
12674,Mogood,2538,-35.49164,150.19056
12675,Mograni,2422,-32.02778,152.03163
12676,Mogriguy,2830,-32.07081,148.66637
12677,Mole River,2372,-29.07810,151.70706
12678,Moleville Creek,2460,-29.57117,152.90444
12679,Mollyan,2842,-31.58491,149.20145
12680,Mollymook,2539,-35.34061,150.47067
12681,Mollymook Beach,2539,-35.32876,150.46939
12682,Molong,2866,-33.09958,148.86311
12683,Mona Vale,2103,-33.67761,151.30336
12684,Monak,2738,-34.28895,142.28662
12685,Monaltrie,2480,-28.85196,153.28986
12686,Mondayong,2540,-35.17931,150.50764
12687,Mondrook,2430,-31.91145,152.40826
12688,Monga,2622,-35.55524,149.90957
12689,Mongarlowe,2622,-35.41573,149.93285
12690,Mongogarie,2470,-28.95064,152.89708
12691,Monia Gap,2675,-33.60385,145.99254
12692,Monivae,2850,-32.69745,149.90445
12693,Monkerai,2415,-32.24969,151.85230
12694,Monteagle,2594,-34.16510,148.34436
12695,Montecollum,2482,-28.59225,153.46041
12696,Montefiores,2820,-32.53058,148.93903
12697,Monterey,2217,-33.97203,151.14769
12698,Mooball,2483,-28.43637,153.49827
12699,Moobi,2337,-32.07165,150.79655
12700,Moogem,2370,-29.45379,152.24747
12701,Mookerawa,2820,-32.79195,149.16585
12702,Mookima Wybra,2469,-29.00845,152.53486
12703,Moolarben,2850,-32.36526,149.77340
12704,Moollattoo,2540,-34.78660,150.37795
12705,Moolpa,2734,-34.92323,143.76132
12706,Moombooldool,2665,-34.34321,146.68308
12707,Moonan Brook,2337,-31.95224,151.35817
12708,Moonan Flat,2337,-31.88786,151.21270
12709,Moonbah,2627,-36.51061,148.55996
12710,Moonbi,2353,-30.94992,151.04867
12711,Moonbria,2710,-35.12315,145.44542
12712,Mooneba,2440,-31.03847,152.70654
12713,Moonee,2259,-33.17000,151.61970
12714,Moonee Beach,2450,-30.19244,153.15065
12715,Mooney Mooney,2083,-33.52549,151.19808
12716,Mooney Mooney Creek,2250,-33.46299,151.22213
12717,Moonpar,2453,-30.22130,152.64171
12718,Mooral Creek,2429,-31.69533,152.35782
12719,Moorara,2648,-33.02888,142.65327
12720,Moorbel,2804,-33.56049,148.69958
12721,Moore Creek,2340,-30.98798,150.94352
12722,Moore Park,2021,-33.89446,151.22093
12723,Moorebank,2170,-33.96490,150.91320
12724,Moorilda,2795,-33.62774,149.32591
12725,Moorland,2443,-31.77672,152.64969
12726,Moorong,2650,-35.11150,147.31219
12727,Moorwatha,2640,-35.91903,146.72929
12728,Moparrabah,2440,-31.04428,152.45209
12729,Moppy,2422,-31.98288,151.61801
12730,Morago,2710,-35.34541,144.71995
12731,Morangarell,2666,-34.17632,147.71374
12732,Morans Crossing,2550,-36.66718,149.65244
12733,Moree,2405,-29.23940,149.47580
12734,Morisset,2264,-33.11736,151.49039
12735,Morisset Park,2264,-33.12123,151.53243
12736,Morning Bay,2105,-33.62723,151.28637
12737,Mororo,2469,-29.33713,153.20273
12738,Morpeth,2321,-32.73019,151.63327
12739,Mortdale,2223,-33.96862,151.06998
12740,Mortlake,2137,-33.84160,151.10563
12741,Morton,2538,-35.41305,150.31010
12742,Mortons Creek,2446,-31.39041,152.67114
12743,Morts Estate,2790,-33.46745,150.16736
12744,Morundah,2700,-35.00900,146.22737
12745,Moruya,2537,-35.90749,150.09217
12746,Moruya Heads,2537,-35.92600,150.14100
12747,Morven (Glen Innes Severn - NSW),2370,-29.41017,152.16409
12748,Morven (Greater Hume Shire - NSW),2660,-35.65182,147.15428
12749,Mosman,2088,-33.82959,151.24426
12750,Moss Vale,2577,-34.54982,150.39404
12751,Mossgiel,2878,-33.31040,144.57663
12752,Mossy Point,2537,-35.83176,150.17757
12753,Moto,2426,-31.82802,152.56450
12754,Moulamein,2733,-34.99626,144.14085
12755,Mount Adrah,2722,-35.21827,147.90403
12756,Mount Annan,2567,-34.06547,150.76199
12757,Mount Aquila,2820,-32.83271,149.17541
12758,Mount Arthur,2820,-32.55012,148.89973
12759,Mount Austin,2650,-35.13778,147.35564
12760,Mount Burrell,2484,-28.50095,153.19448
12761,Mount Colah,2079,-33.66860,151.12633
12762,Mount Collins,2794,-34.03331,148.78667
12763,Mount Cooper,2631,-36.65245,149.20519
12764,Mount Darragh,2632,-36.84809,149.57720
12765,Mount David,2795,-33.84237,149.61024
12766,Mount Dee,2320,-32.74183,151.54040
12767,Mount Druitt,2770,-33.76776,150.81503
12768,Mount Elliot,2250,-33.40390,151.38513
12769,Mount Fairy,2580,-35.18756,149.60700
12770,Mount Foster,2824,-31.19093,147.56789
12771,Mount Frome,2850,-32.62094,149.66402
12772,Mount George,2424,-31.86721,152.19998
12773,Mount Harris,2824,-31.28201,147.66571
12774,Mount Hope,2877,-32.76301,145.90873
12775,Mount Horeb,2729,-35.21543,148.03658
12776,Mount Hunter,2570,-34.09883,150.61275
12777,Mount Hutton,2290,-32.98039,151.67040
12778,Mount Irvine,2786,-33.48504,150.45824
12779,Mount Keira,2500,-34.40162,150.85228
12780,Mount Kembla,2526,-34.42733,150.82307
12781,Mount Kingiman,2539,-35.33908,150.34218
12782,Mount Knowles,2850,-32.62542,149.70823
12783,Mount Kuring-Gai,2080,-33.64811,151.13465
12784,Mount Lambie,2790,-33.46282,149.99302
12785,Mount Lewis,2190,-33.91537,151.05040
12786,Mount Lindsey,2575,-34.45307,150.56981
12787,Mount Marsden,2849,-32.93916,150.05264
12788,Mount Marsh,2469,-29.26901,152.86351
12789,Mount Mitchell,2365,-29.94404,151.84125
12790,Mount Murray,2577,-34.54806,150.63555
12791,Mount Olive (Oberon - NSW),2787,-33.60594,149.93425
12792,Mount Olive (Singleton - NSW),2330,-32.40760,151.22445
12793,Mount Ousley,2519,-34.40140,150.87827
12794,Mount Panorama,2795,-33.45236,149.55245
12795,Mount Pleasant,2519,-34.39440,150.86840
12796,Mount Pritchard,2170,-33.90329,150.90203
12797,Mount Rankin,2795,-33.29513,149.48307
12798,Mount Rivers,2311,-32.36538,151.47363
12799,Mount Riverview,2774,-33.72823,150.63768
12800,Mount Royal,2330,-32.21153,151.29247
12801,Mount Russell,2360,-29.65845,150.93858
12802,Mount Saint Thomas,2500,-34.43983,150.87230
12803,Mount Seaview,2446,-31.36588,152.19963
12804,Mount Tenandra,2828,-31.20831,148.80612
12805,Mount Thorley,2330,-32.64336,151.11606
12806,Mount Tomah,2758,-33.54251,150.42224
12807,Mount Vernon,2178,-33.85962,150.81029
12808,Mount Victoria,2786,-33.57698,150.24697
12809,Mount View,2325,-32.84841,151.26704
12810,Mount Vincent,2323,-32.92912,151.47650
12811,Mount Warning,2484,-28.38959,153.27587
12812,Mount Warrigal,2528,-34.54965,150.84240
12813,Mount Werong,2787,-34.09210,149.94594
12814,Mount White,2250,-33.44991,151.18833
12815,Mount Wilson,2786,-33.50482,150.38813
12816,Mountain Creek,2644,-35.77898,147.14409
12817,Mountain Lagoon,2758,-33.43765,150.62561
12818,Mountain Top,2480,-28.61709,153.17869
12819,Mountain View,2460,-29.58663,152.93424
12820,Mourquong,2739,-34.14208,142.16097
12821,Mowbray Park,2571,-34.15497,150.55034
12822,Mozart,2787,-33.82333,149.82955
12823,Mudgee,2850,-32.61457,149.57382
12824,Mulbring,2323,-32.89659,151.47697
12825,Mulgoa,2745,-33.82683,150.64332
12826,Mulgrave,2756,-33.62790,150.82983
12827,Mulguthrie,2877,-33.17808,147.37233
12828,Muli Muli,2476,-28.41760,152.58267
12829,Mulla,2825,-31.82105,147.33961
12830,Mulla Creek,2352,-31.14285,151.17800
12831,Mullaley,2379,-31.14949,149.91117
12832,Mullamuddy,2850,-32.68757,149.66885
12833,Mullaway,2456,-30.08226,153.19586
12834,Mullengandra,2644,-35.89698,147.18132
12835,Mullengudgery,2825,-31.71185,147.48007
12836,Mullion,2582,-35.14432,148.87540
12837,Mullion Creek,2800,-33.08815,149.18328
12838,Mulloon,2622,-35.29781,149.60848
12839,Mullumbimby,2482,-28.54761,153.49566
12840,Mullumbimby Creek,2482,-28.55167,153.44365
12841,Mulwala,2647,-35.92358,146.04845
12842,Mulyandry,2871,-33.56682,148.16180
12843,Mumbil,2820,-32.71800,149.07750
12844,Mumblebone Plain,2824,-31.49740,147.64920
12845,Mumbulla Mountain,2550,-36.53517,149.89062
12846,Mummel,2580,-34.66227,149.56585
12847,Mummulgum,2469,-28.86959,152.79088
12848,Mundamia,2540,-34.88803,150.56237
12849,Mundarlo,2729,-35.12737,147.82349
12850,Munderoo,2653,-35.84916,147.82718
12851,Mundongo,2720,-35.29047,148.28141
12852,Mungay Creek,2440,-30.90347,152.67593
12853,Munghorn,2850,-32.36570,149.86050
12854,Mungindi,2406,-29.01990,149.08147
12855,Mungo,2715,-33.76035,143.09661
12856,Mungo Brush,2423,-32.50421,152.33840
12857,Munni,2420,-32.31741,151.67057
12858,Munyabla,2658,-35.45782,146.91353
12859,Murga,2864,-33.35263,148.53170
12860,Murrah,2546,-36.51941,149.98361
12861,Murrami,2705,-34.40769,146.26063
12862,Murrawombie,2825,-31.18100,147.22404
12863,Murray Downs,2734,-35.30845,143.64456
12864,Murray Gorge,2642,-36.44543,148.10858
12865,Murrays Beach,2281,-33.11413,151.62134
12866,Murrays Run,2325,-33.07842,151.16527
12867,Murrengenburg,2622,-35.53665,149.98642
12868,Murrin Bridge,2672,-33.20748,146.37155
12869,Murringo,2586,-34.28963,148.54812
12870,Murrulebale,2652,-34.70608,147.41215
12871,Murrumbateman,2582,-34.97295,149.02366
12872,Murrumbo,2849,-32.39058,150.24117
12873,Murrumbucca,2630,-36.10067,149.05370
12874,Murrumburrah,2587,-34.54170,148.32541
12875,Murrurundi,2338,-31.77595,150.82475
12876,Murulla,2337,-31.83549,150.86854
12877,Murwillumbah,2484,-28.33073,153.38329
12878,Muscle Creek,2333,-32.27684,151.00877
12879,Muswellbrook,2333,-32.31374,150.90803
12880,Mutawintji,2880,-31.12248,142.38620
12881,Muttama,2722,-34.80180,148.13433
12882,Myall Creek,2403,-29.78171,150.73663
12883,Myall Lake,2423,-32.42591,152.38591
12884,Myall Park,2681,-34.10687,146.13540
12885,Myalla,2630,-36.44790,149.10610
12886,Mylestom,2454,-30.47270,153.03867
12887,Mylneford,2460,-29.61654,152.84226
12888,Myocum,2481,-28.59622,153.50597
12889,Myola,2540,-35.02411,150.67503
12890,Myrtle Creek,2469,-29.15253,153.02093
12891,Myrtle Mountain,2550,-36.85043,149.68774
12892,Myrtle Park,2713,-35.54722,145.44349
12893,Myrtleville,2580,-34.46791,149.82620
12894,Mystery Bay,2546,-36.30903,150.12588
12895,Myuna Bay,2264,-33.06623,151.54397
12896,Nabiac,2312,-32.11978,152.39486
12897,Nadgee,2551,-37.36584,149.86048
12898,Nambucca Heads,2448,-30.64589,152.98657
12899,Namoi River,2346,-30.59022,150.81455
12900,Nana Glen,2450,-30.13153,153.01030
12901,Nangus,2722,-35.02152,147.92933
12902,Nanima,2582,-35.01169,149.12868
12903,Napoleon Reef,2795,-33.38946,149.75043
12904,Naradhan,2669,-33.65308,146.35445
12905,Narara,2250,-33.39573,151.33450
12906,Narellan,2567,-34.04250,150.73357
12907,Narellan Vale,2567,-34.05160,150.74503
12908,Naremburn,2065,-33.81618,151.20007
12909,Narooma,2546,-36.23758,150.05103
12910,Narrabarba,2551,-37.21876,149.77215
12911,Narrabeen,2101,-33.72300,151.27560
12912,Narrabri,2390,-30.22009,149.77087
12913,Narraburra,2666,-34.32922,147.61774
12914,Narran Lake,2839,-29.83678,147.32038
12915,Narrandera,2700,-34.67743,146.59439
12916,Narrangullen,2582,-35.02191,148.72844
12917,Narrawa,2583,-34.41734,149.17262
12918,Narrawallee,2539,-35.31237,150.46476
12919,Narraweena,2099,-33.74923,151.27250
12920,Narromine,2821,-32.30156,148.09760
12921,Narwee,2209,-33.94695,151.06862
12922,Nashdale,2800,-33.30240,149.00877
12923,Nashua,2479,-28.72655,153.46467
12924,Nattai,2570,-34.05853,150.44396
12925,Naughtons Gap,2470,-28.80081,153.10720
12926,Neath,2326,-32.82158,151.41704
12927,Nebea,2829,-30.89140,148.56179
12928,Neilrex,2831,-31.73967,149.38726
12929,Nelligen,2536,-35.66711,150.10088
12930,Nelson (Bega Valley - NSW),2550,-36.66837,149.95753
12931,Nelson (The Hills Shire - NSW),2765,-33.64575,150.92156
12932,Nelson Bay,2315,-32.73556,152.13893
12933,Nelsons Plains,2324,-32.72449,151.72598
12934,Nelungaloo,2876,-33.17999,147.98077
12935,Nemingha,2340,-31.11753,151.00362
12936,Nericon,2680,-34.17832,146.03615
12937,Neringla,2622,-35.75587,149.77647
12938,Nerong,2423,-32.53205,152.17751
12939,Nerriga,2622,-35.09720,150.06952
12940,Nerrigundah,2545,-36.13196,149.84772
12941,Nethercote,2549,-37.02573,149.80152
12942,Neurea,2820,-32.68348,148.92653
12943,Neutral Bay,2089,-33.83453,151.21765
12944,Never Never,2453,-30.35615,152.81935
12945,Nevertire,2826,-31.86201,147.64371
12946,Neville,2799,-33.73723,149.19501
12947,New Berrima,2577,-34.50810,150.33281
12948,New Brighton,2483,-28.52453,153.55013
12949,New Buildings,2550,-36.96058,149.55919
12950,New Italy,2472,-29.13984,153.29983
12951,New Lambton,2305,-32.92660,151.71224
12952,New Lambton Heights,2305,-32.92894,151.68854
12953,New Mexico,2346,-30.73179,150.61453
12954,New Park,2474,-28.60147,152.99293
12955,New Valley,2365,-30.05568,151.33236
12956,Newbold,2460,-29.52011,152.69545
12957,Newbridge,2795,-33.58069,149.37407
12958,Newcastle,2300,-32.92817,151.77808
12959,Newcastle East,2300,-32.92428,151.79260
12960,Newcastle West,2302,-32.92873,151.75910
12961,Newee Creek,2447,-30.63131,152.92898
12962,Newington,2127,-33.83713,151.05528
12963,Newnes,2790,-33.18758,150.25458
12964,Newnes Plateau,2790,-33.32594,150.27291
12965,Newport,2106,-33.65694,151.31490
12966,Newrybar,2479,-28.72711,153.55002
12967,Newstead,2360,-29.82350,151.38529
12968,Newton Boyd,2370,-29.72984,152.32276
12969,Newtown,2042,-33.89944,151.17894
12970,Niagara Park,2250,-33.37690,151.34877
12971,Niangala,2354,-31.44324,151.45359
12972,Niemur,2733,-35.23732,144.30670
12973,Nightcap,2480,-28.55164,153.29408
12974,Nimbin,2480,-28.58056,153.23798
12975,Nimmitabel,2631,-36.50141,149.28336
12976,Nimmo,2628,-36.17894,148.62711
12977,Nirimba Fields,2763,-33.72046,150.87248
12978,Nobbys Creek,2484,-28.29321,153.33822
12979,Nombi,2379,-31.18742,149.76117
12980,Noona,2835,-31.59253,144.79459
12981,Noorong,2732,-35.35062,144.02230
12982,Nooroo,2415,-32.37717,151.88186
12983,Norah Head,2263,-33.28454,151.56301
12984,Noraville,2263,-33.27113,151.55459
12985,Nords Wharf,2281,-33.14434,151.60734
12986,Normanhurst,2076,-33.72219,151.09529
12987,North Albury,2640,-36.05969,146.93601
12988,North Arm,2484,-28.32971,153.34094
12989,North Arm Cove,2324,-32.61776,152.05030
12990,North Avoca,2260,-33.45557,151.43557
12991,North Balgowlah,2093,-33.78727,151.25147
12992,North Batemans Bay,2536,-35.68545,150.18803
12993,North Boambee Valley,2450,-30.31100,153.06952
12994,North Bondi,2026,-33.88583,151.27827
12995,North Bourke,2840,-29.74459,146.07627
12996,North Brother,2443,-31.65650,152.77274
12997,North Casino,2470,-28.80208,153.06819
12998,North Curl Curl,2099,-33.76400,151.29085
12999,North Dorrigo,2453,-30.26819,152.68099
13000,North Epping,2121,-33.75862,151.09284
13001,North Gosford,2250,-33.41897,151.35486
13002,North Haven,2443,-31.63409,152.81545
13003,North Kellyville,2155,-33.68197,150.94729
13004,North Lambton,2299,-32.90377,151.70343
13005,North Lismore,2480,-28.78657,153.28331
13006,North Macksville,2447,-30.68856,152.94658
13007,North Manly,2100,-33.77380,151.27237
13008,North Narooma,2546,-36.20954,150.10066
13009,North Narrabeen,2101,-33.70218,151.29320
13010,North Nowra,2541,-34.85896,150.57340
13011,North Parramatta,2151,-33.79338,151.01110
13012,North Richmond,2754,-33.56849,150.72138
13013,North Rocks,2151,-33.77224,151.01657
13014,North Rothbury,2335,-32.68910,151.34928
13015,North Ryde,2113,-33.79631,151.13056
13016,North Shore,2444,-31.38247,152.90920
13017,North St Marys,2760,-33.75657,150.78467
13018,North Star,2408,-28.91859,150.42534
13019,North Strathfield,2137,-33.85650,151.09030
13020,North Sydney,2060,-33.83718,151.20879
13021,North Tamworth,2340,-31.06412,150.92858
13022,North Tumbulgum,2490,-28.26127,153.47055
13023,North Turramurra,2074,-33.68902,151.15302
13024,North Wagga Wagga,2650,-35.09584,147.38714
13025,North Wahroonga,2076,-33.69789,151.13179
13026,North Willoughby,2068,-33.79647,151.20169
13027,North Wollongong,2500,-34.40665,150.89665
13028,North Woodburn,2471,-29.06134,153.34771
13029,North Yalgogrin,2671,-33.82999,146.84828
13030,North Yeoval,2868,-32.72335,148.67207
13031,Northangera,2622,-35.46941,149.91113
13032,Northbridge,2063,-33.81160,151.21961
13033,Northmead,2152,-33.78723,150.99418
13034,Northwood,,-33.82900,151.17880
13035,Norway,2787,-33.77195,149.79539
13036,Norwest,2153,-33.73099,150.96398
13037,Nowendoc,2354,-31.45871,151.74353
13038,Nowley,2386,-29.98807,149.13911
13039,Nowra,2541,-34.88213,150.60499
13040,Nowra Hill,2540,-34.93023,150.56371
13041,Nubba,2587,-34.51045,148.24027
13042,Nulkaba,2325,-32.80218,151.35969
13043,Nullamanna,2360,-29.62399,151.23532
13044,Nullica,2551,-37.06651,149.76986
13045,Nullo Mountain,2849,-32.74526,150.23848
13046,Numbaa,2540,-34.87512,150.68288
13047,Number One,2424,-31.72136,152.05654
13048,Numbla Vale,2628,-36.61867,148.79512
13049,Numbugga,2550,-36.62781,149.72030
13050,Numeralla,2630,-36.18364,149.35478
13051,Numinbah,2484,-28.26270,153.26578
13052,Numulgi,2480,-28.72430,153.32908
13053,Nunderi,2484,-28.32180,153.45881
13054,Nundle,2340,-31.45940,151.11263
13055,Nungatta,2551,-37.20411,149.41865
13056,Nungatta South,2551,-37.28057,149.45352
13057,Nurenmerenmong,2649,-35.79656,148.29274
13058,Nymagee,2831,-32.13750,146.07432
13059,Nymboida,2460,-29.95195,152.68022
13060,Nyngan,2825,-31.54431,147.17301
13061,Nyora,2646,-35.53603,145.97650
13062,Nyrang Creek,2804,-33.53361,148.54030
13063,O'Connell,2795,-33.55522,149.73775
13064,Oak Flats,2529,-34.56262,150.82193
13065,Oakdale,2570,-34.07886,150.50655
13066,Oakey Park,2790,-33.46388,150.18388
13067,Oakhampton,2320,-32.72450,151.55560
13068,Oakhampton Heights,2320,-32.70920,151.55138
13069,Oakhurst,2761,-33.73890,150.83805
13070,Oaklands,2646,-35.51529,146.12293
13071,Oakville,2765,-33.62388,150.87274
13072,Oakwood,2360,-29.64076,151.05915
13073,Oallen,2580,-35.15771,149.94749
13074,Oatlands,2117,-33.79601,151.02669
13075,Oatley,2223,-33.98127,151.07492
13076,Oban,2365,-30.10279,151.86536
13077,Obanvale,2330,-32.51395,151.15940
13078,Oberne Creek,2650,-35.43498,147.84918
13079,Oberon,2787,-33.69247,149.84977
13080,Obley,2868,-32.69181,148.46462
13081,Ocean Shores,2483,-28.51072,153.53539
13082,Ogunbil,2340,-31.35271,151.29384
13083,Old Adaminaby,2629,-36.04001,148.69435
13084,Old Bar,2430,-31.96128,152.56142
13085,Old Bonalbo,2469,-28.64415,152.59357
13086,Old Erowal Bay,2540,-35.08814,150.64954
13087,Old Grevillia,2474,-28.44674,152.87851
13088,Old Guildford,2161,-33.86453,150.98563
13089,Old Junee,2652,-34.81470,147.49513
13090,Old Mill,2369,-29.89833,151.19913
13091,Old Station,2440,-31.05420,152.91476
13092,Old Toongabbie,2146,-33.78829,150.96976
13093,Olinda,2849,-32.82239,150.14212
13094,Olney,2325,-33.03307,151.31202
13095,Omadale,2337,-31.88167,151.31036
13096,One Mile,2316,-32.76499,152.11630
13097,One Tree,2711,-34.16579,144.84517
13098,Oolong,2581,-34.79215,149.17523
13099,Ooma,2871,-33.63728,148.04879
13100,Ootha,2875,-33.09008,147.46072
13101,Ophir,2800,-33.13703,149.24594
13102,Oran Park,2570,-33.99172,150.74133
13103,Orange,2800,-33.25290,149.07254
13104,Orange Grove,2380,-30.93465,150.41672
13105,Orangeville,2570,-34.03088,150.60154
13106,Orchard Hills,2748,-33.80844,150.73062
13107,Orient Point,2540,-34.91122,150.74653
13108,Orton Park,2795,-33.46782,149.57223
13109,Osborne,2656,-35.35608,146.73428
13110,Osterley,2324,-32.72225,151.69702
13111,Oswald,2321,-32.69628,151.42022
13112,Otford,2508,-34.20663,151.00256
13113,Oura,2650,-35.08229,147.59781
13114,Ourimbah,2258,-33.31342,151.33286
13115,Ournie,2640,-35.94345,147.84797
13116,Owens Gap,2337,-32.05549,150.70371
13117,Oxford Falls,2099,-33.73085,151.24267
13118,Oxley (Balranald - NSW),2711,-34.02969,144.05959
13119,Oxley (Warren - NSW),2824,-30.98174,147.62037
13120,Oxley Island,2430,-31.91687,152.56970
13121,Oxley Park,2760,-33.77033,150.79353
13122,Oxley Vale,2340,-31.05140,150.88433
13123,Oyster Bay,2225,-34.00593,151.07810
13124,Oyster Cove,2318,-32.74326,151.95373
13125,Packsaddle,2880,-30.44378,142.16992
13126,Paddington,2021,-33.88449,151.22887
13127,Paddys Flat (Kyogle - NSW),2469,-28.69462,152.42921
13128,Paddys Flat (Snowy Monaro Regional - NSW),2632,-37.03829,149.33512
13129,Paddys River (Snowy Valleys - NSW),2653,-35.76104,148.17193
13130,Paddys River (Wingecarribee - NSW),2577,-34.62475,150.11201
13131,Padstow,2211,-33.95059,151.03300
13132,Padstow Heights,2211,-33.96948,151.03167
13133,Pagans Flat,2469,-28.94636,152.56945
13134,Pages Creek,2337,-31.71142,151.21442
13135,Pages River,2338,-31.80647,150.75493
13136,Pagewood,2035,-33.93768,151.21924
13137,Palarang,2632,-36.82870,149.11712
13138,Palerang,2622,-35.42892,149.56664
13139,Paling Yards (Bathurst Regional - NSW),2795,-33.18312,149.74305
13140,Paling Yards (Oberon - NSW),2580,-34.11562,149.73161
13141,Pallal,2404,-29.97535,150.44185
13142,Pallamallawa,2399,-29.39497,150.17360
13143,Palm Beach,2108,-33.59817,151.32592
13144,Palm Grove,2258,-33.31961,151.30370
13145,Palmdale,2258,-33.32874,151.36708
13146,Palmers Channel,2463,-29.47094,153.27412
13147,Palmers Island,2463,-29.42279,153.29433
13148,Palmers Oaky,2795,-33.19458,149.86218
13149,Palmvale,2484,-28.37260,153.48786
13150,Palmwoods,2482,-28.51382,153.40621
13151,Pambula,2549,-36.92905,149.87796
13152,Pambula Beach,2549,-36.94510,149.89762
13153,Pampoolah,2430,-31.93831,152.50969
13154,Pan Ban,2648,-33.04969,143.20813
13155,Panania,2213,-33.95302,150.99660
13156,Pangee,2825,-32.01135,146.76812
13157,Panuara,2800,-33.51610,148.93733
13158,Pappinbarra,2446,-31.35736,152.47836
13159,Para,2648,-33.65285,142.09230
13160,Paradise,2360,-29.88982,151.47065
13161,Paringi,2738,-34.29153,142.38966
13162,Parkes,2870,-33.10181,148.27252
13163,Parkesbourne,2580,-34.76173,149.54460
13164,Parklea,2768,-33.72458,150.91526
13165,Parkville,2337,-31.97077,150.88299
13166,Parma,2540,-34.96681,150.54604
13167,Parramatta,2150,-33.81469,151.00685
13168,Parraweena,2339,-31.72953,150.43459
13169,Patchs Beach,2478,-28.94778,153.51035
13170,Paterson,2421,-32.59087,151.60280
13171,Patonga,2256,-33.53958,151.27987
13172,Paupong,2628,-36.65043,148.67313
13173,Paxton,2325,-32.90412,151.28411
13174,Paynes Crossing,2325,-32.90275,151.03352
13175,Paytens Bridge,2871,-33.56420,148.30478
13176,Peacock Creek,2469,-28.67332,152.70032
13177,Peak Hill,2869,-32.71180,148.05140
13178,Peak View,2630,-36.03148,149.39976
13179,Peakhurst,2210,-33.95998,151.05598
13180,Peakhurst Heights,2210,-33.97353,151.05533
13181,Pearces Creek,2477,-28.77194,153.44677
13182,Pearl Beach,2256,-33.54204,151.30606
13183,Peats Ridge,2250,-33.34496,151.23173
13184,Pebbly Beach,2536,-35.60029,150.33204
13185,Peel,2795,-33.29596,149.64533
13186,Peelwood,2583,-34.11137,149.43083
13187,Pejar,2583,-34.53350,149.53597
13188,Pelaw Main,2327,-32.83675,151.48182
13189,Pelican,2281,-33.06860,151.64743
13190,Pelton,2325,-32.87957,151.31526
13191,Pembrooke,2446,-31.37450,152.75112
13192,Pemulwuy,2148,-33.81749,150.90294
13193,Pendle Hill,2145,-33.80366,150.95556
13194,Pennant Hills,2120,-33.73847,151.07394
13195,Penrith,2750,-33.74588,150.69326
13196,Penrose,2579,-34.66303,150.21346
13197,Penshurst,2222,-33.96611,151.08445
13198,Pericoe,2550,-37.06068,149.57869
13199,Perisher Valley,2624,-36.40629,148.40222
13200,Perrys Crossing,2775,-33.16325,150.97807
13201,Perthville,2795,-33.49542,149.55056
13202,Petersham,2049,-33.89364,151.15455
13203,Pheasants Nest,2574,-34.26887,150.63281
13204,Phegans Bay,2256,-33.48767,151.30907
13205,Phillip Bay,2036,-33.97928,151.23251
13206,Phoenix Park,2321,-32.71239,151.63101
13207,Piallamore,2340,-31.14598,151.06604
13208,Piallaway,2342,-31.13650,150.52794
13209,Piambong,2850,-32.49383,149.40634
13210,Picketts Valley,2251,-33.45762,151.40945
13211,Picnic Point,2213,-33.97283,151.00605
13212,Picton,2571,-34.17060,150.60246
13213,Pigeonbah,2824,-31.54045,148.08198
13214,Piggabeen,2486,-28.19764,153.43835
13215,Pikapene,2469,-29.04849,152.65522
13216,Pillar Valley,2462,-29.70195,153.16140
13217,Pilliga,2388,-30.38446,148.80124
13218,Pilot Wilderness,2627,-36.67796,148.20952
13219,Pimlico,2478,-28.89216,153.49889
13220,Pimlico Island,2478,-28.91697,153.49290
13221,Pinbeyan,2720,-35.70540,148.39731
13222,Pindaroi,2361,-29.46888,151.27583
13223,Pindimar,2324,-32.65645,152.09503
13224,Pine Camp,2648,-33.67067,141.22296
13225,Pine Clump,2824,-31.43471,148.15232
13226,Pine Grove,2829,-30.89077,148.68670
13227,Pine Lodge,2714,-35.66033,145.42823
13228,Pine Ridge,2343,-31.52534,150.39927
13229,Pine Valley,2630,-36.24949,149.06233
13230,Piney Range,2810,-33.86141,147.94182
13231,Pinkett,2370,-29.89357,151.96219
13232,Pinnacle,2810,-33.74041,147.94366
13233,Pinnacle Swamp,2849,-32.77376,149.91355
13234,Pinny Beach,2281,-33.12024,151.63755
13235,Piora,2470,-28.85906,152.88328
13236,Pipeclay,2446,-31.43838,152.55914
13237,Pitnacree,2323,-32.73385,151.58877
13238,Pitt Town,2756,-33.58270,150.87067
13239,Pitt Town Bottoms,2756,-33.58663,150.84552
13240,Pleasant Hills,2658,-35.47122,146.78561
13241,Pleasure Point,2172,-33.97084,150.98317
13242,Plumpton,2761,-33.75188,150.83703
13243,Point Clare,2250,-33.43893,151.31891
13244,Point Frederick,2250,-33.44323,151.34283
13245,Point Piper,2027,-33.86747,151.25103
13246,Point Wolstoncroft,2259,-33.12073,151.58458
13247,Pointer Mountain,2539,-35.22965,150.36343
13248,Pokolbin,2320,-32.76663,151.27973
13249,Pola Creek,2440,-31.05464,152.87464
13250,Polo Flat,2630,-36.23198,149.15113
13251,Pomeroy,2580,-34.68808,149.52669
13252,Pomona,2648,-34.02121,141.88898
13253,Ponto,2818,-32.47990,148.78486
13254,Pooncarie,2648,-33.42238,142.42002
13255,Port Botany,2036,-33.97520,151.21599
13256,Port Hacking,2229,-34.06670,151.12440
13257,Port Kembla,2505,-34.47220,150.89520
13258,Port Macquarie,2444,-31.45558,152.89374
13259,Port Stephens,2319,-32.73789,152.04972
13260,Porters Creek,2538,-35.25791,150.32508
13261,Porters Retreat,2787,-34.00443,149.77442
13262,Portland,2847,-33.35628,149.97305
13263,Possum Brush,2430,-32.03526,152.39260
13264,Possum Creek,2479,-28.67038,153.49283
13265,Potato Point,2545,-36.08728,150.12224
13266,Pottery Estate,2790,-33.48777,150.15580
13267,Potts Hill,2143,-33.89299,151.03274
13268,Potts Point,2011,-33.86730,151.22520
13269,Pottsville,2489,-28.38836,153.55683
13270,Prairiewood,2176,-33.86399,150.90475
13271,Premer,2381,-31.47414,149.92434
13272,Prestons,2170,-33.94185,150.87320
13273,Pretty Beach (Central Coast - NSW),,-33.52543,151.34873
13274,Pretty Beach (Shoalhaven - NSW),2539,-35.57815,150.35049
13275,Pretty Pine,2710,-35.38782,144.84507
13276,Primbee,2502,-34.50741,150.88191
13277,Primrose Valley,2621,-35.49029,149.38780
13278,Prospect,2148,-33.79829,150.91435
13279,Providence Portal,2629,-35.95900,148.56204
13280,Pucawan,2666,-34.40107,147.38674
13281,Puddledock,2350,-30.38603,151.76029
13282,Pulganbar,2460,-29.45194,152.68090
13283,Pullabooka,2810,-33.75226,147.78143
13284,Pulletop,2650,-35.48112,147.38296
13285,Pumpenbil,2484,-28.37833,153.14848
13286,Punchbowl (Canterbury-Bankstown - NSW),2196,-33.92978,151.05072
13287,Punchbowl (Clarence Valley - NSW),2460,-29.46465,152.77367
13288,Purfleet,2430,-31.94427,152.46697
13289,Purlewaugh,2357,-31.35278,149.59573
13290,Putney,2112,-33.82732,151.10699
13291,Putta Bucca,2850,-32.57508,149.58345
13292,Putty,2330,-32.90032,150.65017
13293,Pyangle,2849,-32.60912,149.92785
13294,Pymble,2073,-33.74458,151.14006
13295,Pyramul,2850,-32.92846,149.61026
13296,Pyree,2540,-34.91822,150.69398
13297,Pyrmont,2009,-33.86937,151.19233
13298,Quaama,2550,-36.46653,149.88334
13299,Quakers Hill,2763,-33.72818,150.89085
13300,Quambone,2831,-30.88562,147.88159
13301,Quanda,2828,-31.10249,148.73941
13302,Quandary,2665,-34.37150,147.32375
13303,Quandialla,2721,-34.01633,147.77470
13304,Queanbeyan,2620,-35.35360,149.23178
13305,Queanbeyan East,2620,-35.34512,149.24585
13306,Queanbeyan West,2620,-35.35681,149.20877
13307,Queens Park,2022,-33.89923,151.24537
13308,Queens Pinch,2850,-32.74304,149.68856
13309,Queenscliff,2096,-33.78310,151.28590
13310,Quialigo,2580,-34.93687,149.77026
13311,Quidong,2632,-36.94454,149.04951
13312,Quiera,2622,-34.93255,150.19483
13313,Quipolly,2343,-31.41602,150.69523
13314,Quirindi,2343,-31.49624,150.63226
13315,Quorrobolong,2325,-32.93302,151.38424
13316,Raby,2566,-34.01849,150.81890
13317,Raglan,2795,-33.42204,149.65403
13318,Rainbow Flat,2430,-32.03140,152.48882
13319,Rainbow Reach,2440,-30.92833,153.00619
13320,Raleigh,2454,-30.45550,152.99660
13321,Ramornie,2460,-29.66262,152.70734
13322,Ramsgate,2217,-33.98100,151.13997
13323,Ramsgate Beach,2217,-33.98147,151.14737
13324,Rand,2642,-35.57594,146.52842
13325,Randwick,2031,-33.91667,151.24102
13326,Rangari,2380,-30.67440,150.41595
13327,Rangers Valley,2370,-29.54160,151.76181
13328,Rankin Park,2287,-32.92562,151.68209
13329,Rankins Springs,2669,-33.82325,146.16355
13330,Rannock,2701,-34.61308,147.26864
13331,Rappville,2469,-29.06784,152.94703
13332,Rathmines,2283,-33.03883,151.57910
13333,Ravensdale,2259,-33.11349,151.30714
13334,Ravenswood,2824,-31.69623,147.83853
13335,Ravensworth,2330,-32.42999,151.05701
13336,Rawdon Island,2446,-31.42163,152.78438
13337,Rawdon Vale,2422,-31.99905,151.71712
13338,Raworth,2321,-32.72587,151.60802
13339,Rawsonville,2830,-32.15712,148.46627
13340,Raymond Terrace,2324,-32.75636,151.76678
13341,Razorback,2571,-34.15207,150.65219
13342,Red Head,2430,-32.05758,152.53547
13343,Red Hill (Snowy Valleys - NSW),2720,-35.15806,148.37281
13344,Red Hill (Tamworth Regional - NSW),2347,-30.49349,150.63459
13345,Red Hill (Warren - NSW),2824,-31.73530,147.79327
13346,Red Range,2370,-29.79105,151.91360
13347,Red Rock,2456,-30.00091,153.21072
13348,Red Rocks,2577,-34.77203,150.53006
13349,Redbank,2446,-31.42502,152.73915
13350,Redbournberry,2330,-32.56396,151.19087
13351,Reddestone,2370,-29.58182,151.66579
13352,Redfern,2016,-33.89367,151.20832
13353,Redhead,2290,-33.00801,151.71148
13354,Redlands,2646,-35.92494,146.33479
13355,Reedy Creek,2330,-32.46553,151.33568
13356,Reedy Swamp,2550,-36.70127,149.90451
13357,Reefton,2666,-34.22817,147.39556
13358,Regents Park,2143,-33.88336,151.02650
13359,Regentville,2745,-33.77230,150.66280
13360,Reids Flat,2586,-34.13472,148.97970
13361,Reidsdale,2622,-35.55298,149.83900
13362,Rennie,2646,-35.81675,146.13129
13363,Reno,2722,-35.00442,148.04255
13364,Renwick,2575,-34.44913,150.47381
13365,Repentance Creek,2480,-28.63369,153.40371
13366,Repton,2454,-30.44152,153.03605
13367,Reserve Creek,2484,-28.35165,153.49371
13368,Retreat,2355,-30.61004,151.06614
13369,Revesby,2212,-33.94573,151.01255
13370,Revesby Heights,2212,-33.96932,151.01831
13371,Rhine Falls,2630,-36.17569,148.89770
13372,Rhodes,2138,-33.82933,151.08713
13373,Richards,2765,-33.66672,150.84224
13374,Richlands,2580,-34.33593,149.79474
13375,Richmond,2753,-33.60450,150.75623
13376,Richmond Hill,2480,-28.78957,153.34775
13377,Richmond Lowlands,2753,-33.57982,150.75327
13378,Richmond Vale,2323,-32.86545,151.49804
13379,Rileys Hill,2472,-29.03267,153.38961
13380,Ringwood,2646,-35.87513,146.23753
13381,Riverlea,2850,-32.68422,149.73735
13382,Riverside,2444,-31.39662,152.87035
13383,Riverstone,2765,-33.67805,150.86636
13384,Rivertree,2372,-28.65700,152.26555
13385,Riverview,2066,-33.82413,151.15934
13386,Riverwood,2210,-33.94621,151.05314
13387,Rixs Creek,2330,-32.52062,151.13387
13388,Rob Roy,2360,-29.71828,151.00492
13389,Robertson,2577,-34.60735,150.60053
13390,Robin Hill,2795,-33.42412,149.53288
13391,Rock Flat,2630,-36.38800,149.20947
13392,Rock Forest,2795,-33.35758,149.39151
13393,Rock Valley,2480,-28.72676,153.16173
13394,Rockdale,2216,-33.95330,151.14082
13395,Rockley,2795,-33.70005,149.54354
13396,Rockley Mount,2795,-33.55208,149.55472
13397,Rockton,2632,-37.16183,149.31136
13398,Rocky Creek (Gwydir - NSW),2390,-30.05112,150.19887
13399,Rocky Creek (Inverell - NSW),2371,-29.26734,151.35009
13400,Rocky Glen,2357,-31.08452,149.53396
13401,Rocky Hall,2550,-36.92327,149.51043
13402,Rocky Plain,2628,-36.24415,148.67122
13403,Rocky Point,,-33.29300,151.46980
13404,Rocky River (Tenterfield - NSW),2372,-29.18556,152.30694
13405,Rocky River (Uralla - NSW),2358,-30.59781,151.45841
13406,Rodd Point,,-33.86557,151.14430
13407,Rollands Plains,2441,-31.28692,152.65684
13408,Rookhurst,2422,-31.88955,151.86844
13409,Rookwood,2141,-33.87524,151.05609
13410,Rooty Hill,2766,-33.77262,150.84297
13411,Ropes Crossing,2760,-33.72909,150.77739
13412,Rose Bay,2029,-33.87279,151.26806
13413,Rose Valley (Kiama - NSW),2534,-34.71826,150.80897
13414,Rose Valley (Snowy Monaro Regional - NSW),2630,-36.12412,149.25946
13415,Rosebank,2480,-28.66897,153.39584
13416,Roseberg,2793,-33.85627,149.04999
13417,Roseberry,2474,-28.49231,152.90328
13418,Roseberry Creek,2474,-28.47253,152.82574
13419,Rosebery,2018,-33.91869,151.20590
13420,Rosebrook,2320,-32.63706,151.51588
13421,Rosedale,2536,-35.81495,150.21262
13422,Rosehill,2142,-33.82541,151.03268
13423,Roselands,2196,-33.93301,151.07412
13424,Rosemeadow,2560,-34.10380,150.79341
13425,Rosemeath,2632,-36.96751,149.26596
13426,Roseville,2069,-33.78280,151.18425
13427,Roseville Chase,2069,-33.77653,151.19843
13428,Rosewood (Port Macquarie-Hastings - NSW),2446,-31.45753,152.68478
13429,Rosewood (Snowy Valleys - NSW),2652,-35.65184,147.85179
13430,Roslyn,2580,-34.49761,149.63721
13431,Rossglen,2439,-31.66708,152.73027
13432,Rossgole,2336,-32.14833,150.73269
13433,Rossi,2621,-35.48807,149.49585
13434,Rossmore,2557,-33.93665,150.77203
13435,Rothbury,2320,-32.72098,151.29757
13436,Roto,2675,-32.99198,145.35302
13437,Rouchel,2336,-32.14865,150.99433
13438,Rouchel Brook,2336,-32.19139,151.09952
13439,Roughit,2330,-32.57284,151.24699
13440,Round Mountain,2484,-28.35712,153.54368
13441,Round Swamp,2846,-33.07934,149.95142
13442,Rous,2477,-28.86399,153.40737
13443,Rous Mill,2477,-28.87994,153.38384
13444,Rouse Hill,2155,-33.67723,150.91199
13445,Rowan,2650,-35.20451,147.32998
13446,Rowena,2387,-29.74947,148.91476
13447,Rowlands Creek,2484,-28.46684,153.34609
13448,Royal National Park,2232,-34.11125,151.06785
13449,Royalla,2620,-35.49424,149.16854
13450,Rozelle,2039,-33.86454,151.17136
13451,Ruby Creek,,-28.62636,152.01771
13452,Rufus,2648,-33.99471,141.34088
13453,Rugby,2583,-34.38544,149.01193
13454,Rukenvale,2474,-28.46920,152.89388
13455,Run-o-Waters,2580,-34.76709,149.67002
13456,Running Stream,2850,-33.05699,149.85465
13457,Runnyford,2536,-35.72486,150.11001
13458,Ruse,2560,-34.06942,150.84073
13459,Rushcutters Bay,,-33.87540,151.22860
13460,Rushes Creek,2346,-30.84298,150.59995
13461,Rushforth,2460,-29.74284,152.85784
13462,Russell Lea,2046,-33.85977,151.13907
13463,Russell Vale,2517,-34.35657,150.89540
13464,Rutherford,2320,-32.71193,151.51223
13465,Ruthven,2480,-28.92782,153.27327
13466,Ryan,2658,-35.53483,146.88349
13467,Rydal,2790,-33.52425,150.04619
13468,Rydalmere,2116,-33.81201,151.04014
13469,Ryde,2112,-33.80985,151.11257
13470,Rye Park,2586,-34.52630,148.91468
13471,Ryhope,2283,-32.99141,151.52684
13472,Rylstone,2849,-32.75520,150.00007
13473,Sackville,2758,-33.50580,150.86230
13474,Sackville North,2756,-33.48388,150.90490
13475,Saddleback Mountain,2533,-34.69867,150.80331
13476,Sadleir,2168,-33.91755,150.89120
13477,Safety Beach,2456,-30.09296,153.19402
13478,Salamander Bay,2317,-32.73273,152.08725
13479,Salisbury,2420,-32.16867,151.53656
13480,Salisbury Plains,2358,-30.79474,151.59407
13481,Sallys Flat,2850,-33.02769,149.56984
13482,Salt Ash,2318,-32.79139,151.91826
13483,Saltwater,2430,-32.00586,152.54378
13484,San Isidore,2650,-35.12641,147.28951
13485,San Remo,2262,-33.21618,151.52032
13486,Sancrox,2446,-31.44456,152.79671
13487,Sanctuary Point,2540,-35.10281,150.62557
13488,Sandbar,2428,-32.37818,152.52328
13489,Sandgate,2304,-32.86837,151.70606
13490,Sandigo,2700,-34.90703,146.67963
13491,Sandilands,2469,-28.89694,152.66085
13492,Sandon,2463,-29.68884,153.31248
13493,Sandringham,2219,-33.99770,151.14297
13494,Sandy Beach,2456,-30.14478,153.17961
13495,Sandy Creek (Cobar - NSW),2835,-31.91971,145.43672
13496,Sandy Creek (Upper Hunter Shire - NSW),2338,-31.83123,150.98395
13497,Sandy Crossing,2460,-29.76678,153.09508
13498,Sandy Flat,2372,-29.23442,152.01896
13499,Sandy Gully,2729,-35.29392,148.03715
13500,Sandy Hill,2372,-28.95139,152.26540
13501,Sandy Hollow,2333,-32.34605,150.57129
13502,Sandy Point,2172,-33.97500,150.99290
13503,Sanger,2646,-35.66828,146.13926
13504,Sans Souci,2219,-33.99307,151.13404
13505,Sapphire,2360,-29.67700,151.34114
13506,Sapphire Beach,2450,-30.22518,153.13848
13507,Saratoga,2251,-33.47500,151.35201
13508,Sassafras,2622,-35.11651,150.20377
13509,Saumarez,2350,-30.57573,151.58912
13510,Saumarez Ponds,2350,-30.50060,151.55686
13511,Savernake,2646,-35.74389,146.01779
13512,Sawpit Creek,2474,-28.37264,152.81551
13513,Sawtell,2452,-30.36959,153.09286
13514,Sawyers Gully,2326,-32.77724,151.44715
13515,Scarborough,2515,-34.26226,150.96071
13516,Scheyville,2756,-33.60138,150.88984
13517,Schofields,2762,-33.70311,150.86786
13518,Scone,2337,-32.05455,150.86113
13519,Scotia,2648,-33.15020,141.48867
13520,Scotland Island,2105,-33.63943,151.29087
13521,Scotts Creek,2338,-31.71356,150.95826
13522,Scotts Flat,2330,-32.60386,151.24561
13523,Scotts Head,,-30.70603,152.99182
13524,Seaforth,2092,-33.79147,151.24076
13525,Seaham,2324,-32.67049,151.70994
13526,Seahampton,2286,-32.88374,151.58182
13527,Seal Rocks,2423,-32.42366,152.50686
13528,Sebastopol,2666,-34.57471,147.54050
13529,Sedgefield,2330,-32.54459,151.23591
13530,Seelands,2460,-29.62136,152.89524
13531,Sefton,2162,-33.88709,151.01009
13532,Segenhoe,2337,-32.07240,150.92688
13533,Seven Hills,2147,-33.77640,150.93855
13534,Seven Oaks,2440,-30.99650,152.93005
13535,Sextonville,2470,-28.67370,152.78472
13536,Shadforth,2800,-33.39084,149.19725
13537,Shallow Bay,2428,-32.22545,152.41647
13538,Shalvey,2770,-33.72714,150.80605
13539,Shanes Park,2747,-33.71110,150.79093
13540,Shannon Brook,2470,-28.90570,152.96194
13541,Shannon Vale,2370,-29.69562,151.87033
13542,Shannondale,2460,-29.80106,152.83372
13543,Shannons Flat,2630,-35.96045,148.98136
13544,Shark Creek,2463,-29.57541,153.22105
13545,Sharps Creek,2729,-35.39206,148.03927
13546,Sheedys Gully,2790,-33.49512,150.15291
13547,Shell Cove,2529,-34.59987,150.86669
13548,Shellharbour,2529,-34.57709,150.86409
13549,Shellharbour City Centre,2529,-34.56556,150.83616
13550,Shelly Beach,2261,-33.37133,151.48403
13551,Sherwood (Clarence Valley - NSW),2450,-30.03018,153.04499
13552,Sherwood (Kempsey - NSW),2440,-31.06417,152.71420
13553,Sherwood (Kyogle - NSW),2474,-28.42934,152.77722
13554,Shoal Bay,2315,-32.72537,152.17431
13555,Shoalhaven Heads,2535,-34.85060,150.74129
13556,Shooters Hill,2787,-33.92616,149.83906
13557,Shortland,2307,-32.87815,151.69099
13558,Silent Grove,2372,-29.15756,151.66980
13559,Silverdale,2752,-33.92917,150.59238
13560,Silverton,2880,-31.76941,141.14946
13561,Silverwater (Lake Macquarie - NSW),2264,-33.10288,151.55755
13562,Silverwater (Parramatta - NSW),2128,-33.83402,151.04660
13563,Simpkins Creek,2469,-28.84135,152.76869
13564,Singleton,2330,-32.56652,151.17724
13565,Singleton Heights,2330,-32.53981,151.16178
13566,Singleton Military Area,2331,-32.69612,151.18317
13567,Singletons Mill,2775,-33.47115,151.06998
13568,Six Mile Swamp,2469,-29.18836,152.85775
13569,Skennars Head,2478,-28.83331,153.59065
13570,Skillion Flat,2440,-31.01113,152.73241
13571,Skinners Shoot,2481,-28.65902,153.58912
13572,Sleepy Hollow,2483,-28.41629,153.52170
13573,Smeaton Grange,2567,-34.03758,150.75763
13574,Smiggin Holes,2624,-36.39273,148.42663
13575,Smithfield,2164,-33.84835,150.93812
13576,Smiths Creek (Clarence Valley - NSW),2460,-29.50213,152.72934
13577,Smiths Creek (Kyogle - NSW),2474,-28.56391,152.85377
13578,Smiths Creek (Tweed - NSW),2484,-28.42801,153.37861
13579,Smiths Lake,2428,-32.38097,152.49448
13580,Smithtown,2440,-31.01202,152.94761
13581,Snakes Plain,2824,-31.77674,147.75679
13582,Snowball,2622,-35.94375,149.58496
13583,Snowy Plain,2628,-36.15157,148.52194
13584,Sodwalls,2790,-33.56208,149.98230
13585,Sofala,2795,-33.06242,149.69585
13586,Soldiers Point,2317,-32.70671,152.06535
13587,Somersby,2250,-33.37922,151.27801
13588,Somerton,2340,-30.93843,150.62738
13589,South Albury,2640,-36.09700,146.91356
13590,South Arm (Clarence Valley - NSW),2460,-29.51766,153.17343
13591,South Arm (Nambucca Valley - NSW),2449,-30.68817,152.73985
13592,South Ballina,2478,-28.88448,153.56721
13593,South Bathurst,2795,-33.44294,149.57334
13594,South Bowenfels,2790,-33.51902,150.10880
13595,South Coogee,2034,-33.93260,151.25459
13596,South Durras,2536,-35.65305,150.28602
13597,South Golden Beach,2483,-28.50100,153.54783
13598,South Grafton,2460,-29.72740,152.93931
13599,South Granville,2142,-33.85881,151.01017
13600,South Gundagai,2722,-35.12327,148.13053
13601,South Gundurimba,2480,-28.89176,153.24512
13602,South Guyra,2365,-30.23878,151.67287
13603,South Hurstville,2221,-33.97740,151.10455
13604,South Kempsey,2440,-31.12238,152.84544
13605,South Lismore,2480,-28.81457,153.25579
13606,South Littleton,2790,-33.50030,150.13560
13607,South Maitland,2320,-32.74691,151.56385
13608,South Maroota,2756,-33.51200,150.95443
13609,South Murwillumbah,2484,-28.33892,153.41616
13610,South Nowra,2541,-34.90696,150.60019
13611,South Pambula,2549,-36.94909,149.85519
13612,South Penrith,2750,-33.77223,150.69806
13613,South Tamworth,2340,-31.11041,150.91422
13614,South Turramurra,2074,-33.75271,151.10781
13615,South Wentworthville,2145,-33.82120,150.96990
13616,South West Rocks,2431,-30.89611,153.03549
13617,South Windsor,2756,-33.63012,150.80415
13618,South Wolumla,2550,-36.86552,149.76249
13619,Southampton,2460,-29.71526,152.89876
13620,Southgate,2460,-29.60219,153.00495
13621,Speers Point,2284,-32.96205,151.62734
13622,Speewa,2735,-35.19098,143.55544
13623,Spencer,2775,-33.44256,151.12227
13624,Spicers Creek,2820,-32.39658,149.13770
13625,Spicketts Creek,2454,-30.54628,152.87230
13626,Splitters Creek,2640,-36.05292,146.84910
13627,Spring Creek,2800,-33.34370,149.09779
13628,Spring Farm,2570,-34.06937,150.72731
13629,Spring Flat,2850,-32.67077,149.60544
13630,Spring Grove,2470,-28.82932,153.13284
13631,Spring Hill (Orange - NSW),2800,-33.40410,149.14927
13632,Spring Hill (Wollongong - NSW),2500,-34.45168,150.87107
13633,Spring Mountain,2360,-29.83145,151.50174
13634,Spring Plains,2388,-29.92607,149.28660
13635,Spring Ridge,2343,-31.38740,150.21871
13636,Spring Terrace,2798,-33.40615,149.09109
13637,Springdale,2666,-34.45971,147.74337
13638,Springdale Heights,2641,-36.02607,146.95532
13639,Springfield (Central Coast - NSW),2250,-33.42899,151.37460
13640,Springfield (Snowy Monaro Regional - NSW),2630,-36.53300,149.12429
13641,Springrange,2618,-35.08778,149.08661
13642,Springside,2800,-33.38571,149.03973
13643,Springvale,2650,-35.17123,147.32340
13644,Springwood,2777,-33.69322,150.57597
13645,St Albans,2775,-33.25128,151.00824
13646,St Andrews,2566,-34.02260,150.82977
13647,St Clair (Penrith - NSW),2759,-33.79688,150.78389
13648,St Clair (Singleton - NSW),2330,-32.35522,151.27173
13649,St Fillans,2850,-32.46376,149.63656
13650,St George,2622,-35.03112,150.22198
13651,St Georges Basin,2540,-35.11274,150.60657
13652,St Helens Park,2560,-34.10425,150.81415
13653,St Huberts Island,2257,-33.49720,151.34647
13654,St Ives,2075,-33.72597,151.17340
13655,St Ives Chase,2075,-33.70423,151.16533
13656,St Johns Park,2176,-33.88317,150.90173
13657,St Leonards,2065,-33.82203,151.19430
13658,St Marys,2760,-33.76070,150.77228
13659,St Peters,2044,-33.91642,151.17669
13660,Stanborough,2360,-29.98723,151.06903
13661,Stanbridge,2705,-34.50649,146.26572
13662,Stanford Merthyr,2327,-32.82523,151.49303
13663,Stanhope,2335,-32.58321,151.40783
13664,Stanhope Gardens,2768,-33.71667,150.92709
13665,Stanmore,2048,-33.89273,151.16583
13666,Stannifer,2369,-29.87788,151.24229
13667,Stannum,2371,-29.33303,151.79142
13668,Stanwell Park,2508,-34.22811,150.98072
13669,Stanwell Tops,2508,-34.22013,150.97108
13670,State Mine Gully,2790,-33.44740,150.20455
13671,Steam Plains,2710,-34.98295,145.28227
13672,Steeple Flat,2631,-36.57964,149.36847
13673,Stewarts Brook,2337,-32.03020,151.32253
13674,Stewarts River,2443,-31.71488,152.63465
13675,Stockinbingal,2725,-34.46609,147.86400
13676,Stockrington,2322,-32.86296,151.57943
13677,Stockton,2295,-32.89427,151.79194
13678,Stockyard Creek,2460,-29.51551,152.80913
13679,Stokers Siding,2484,-28.40655,153.42109
13680,Stonehenge,2370,-29.83391,151.72408
13681,Stonequarry,2580,-34.37554,149.76265
13682,Stony Chute,2480,-28.58345,153.16266
13683,Stony Creek (Bega Valley - NSW),2550,-36.61816,149.80192
13684,Stony Creek (Mid-Western Regional - NSW),2850,-32.47534,149.72951
13685,Stony Crossing,2734,-35.08352,143.54488
13686,Stotts Creek,2487,-28.28228,153.50483
13687,Stratford,2422,-32.11440,151.95504
13688,Strathcedar,2429,-31.76881,152.36403
13689,Stratheden,2470,-28.75100,152.94646
13690,Strathfield,2135,-33.87678,151.08153
13691,Strathfield South,2136,-33.89497,151.07923
13692,Stroud,2425,-32.35777,151.99748
13693,Stroud Hill,2420,-32.37994,151.81274
13694,Stroud Road,2415,-32.31723,151.93799
13695,Stuart Town,2820,-32.83182,149.04701
13696,Stuarts Point,2441,-30.82388,152.98553
13697,Stubbo,2852,-32.27616,149.57101
13698,Stud Park,2710,-35.37423,144.94992
13699,Suffolk Park,2481,-28.68799,153.60730
13700,Sugarloaf,2420,-32.38194,151.69048
13701,Summer Hill (Dungog - NSW),2421,-32.47818,151.49992
13702,Summer Hill (Inner West - NSW),2130,-33.89407,151.13713
13703,Summer Hill Creek,2800,-33.20712,149.15315
13704,Summer Island,2440,-30.98609,152.96569
13705,Summerland Point,2259,-33.14093,151.56399
13706,Sun Valley,2777,-33.70760,150.59498
13707,Sunny Corner,2795,-33.37717,149.87631
13708,Sunset Strip,2879,-32.27319,142.31829
13709,Sunshine,2264,-33.11197,151.56257
13710,Sunshine Bay,2536,-35.74543,150.20781
13711,Suntop,2820,-32.56695,148.82966
13712,Surf Beach,2536,-35.76392,150.20301
13713,Surfside,2536,-35.69599,150.19921
13714,Surry Hills,2010,-33.88703,151.21103
13715,Sussex Inlet,2540,-35.14228,150.56252
13716,Sutherland,2232,-34.02980,151.05674
13717,Sutton,2620,-35.15468,149.21715
13718,Sutton Forest,2577,-34.57419,150.26421
13719,Swan Bay (Port Stephens - NSW),2324,-32.69435,151.93605
13720,Swan Bay (Richmond Valley - NSW),2471,-29.07769,153.29208
13721,Swan Creek,2462,-29.66965,153.00154
13722,Swan Vale,2370,-29.77280,151.46657
13723,Swanbrook,2360,-29.71818,151.23743
13724,Swanhaven,2540,-35.18818,150.57190
13725,Swans Crossing,2439,-31.59286,152.58592
13726,Swansea,2281,-33.08962,151.63131
13727,Swansea Heads,2281,-33.09203,151.66050
13728,Sweetmans Creek,2325,-32.88820,151.18226
13729,Sydenham,2044,-33.91653,151.16940
13730,Sydney,2000,-33.86856,151.21007
13731,Sydney Olympic Park,2127,-33.83908,151.06866
13732,Sylvania,2224,-34.01366,151.09896
13733,Sylvania Waters,,-34.01300,151.11720
13734,Tabbil Creek,2420,-32.42254,151.73143
13735,Tabbimoble,2472,-29.20143,153.25797
13736,Tabbita,2652,-34.10901,145.80463
13737,Table Top,2640,-35.94635,147.03522
13738,Tabulam,2469,-28.87117,152.52320
13739,Tacoma,2259,-33.28854,151.46059
13740,Tacoma South,2259,-33.29567,151.45566
13741,Tahlee,2324,-32.65937,151.99873
13742,Tahmoor,2573,-34.22889,150.59051
13743,Talarm,2447,-30.70322,152.84408
13744,Talawanta,2839,-29.60115,147.05983
13745,Talbingo,2720,-35.60024,148.31977
13746,Tallawang,2852,-32.22897,149.44290
13747,Tallawong,2762,-33.69113,150.88975
13748,Tallimba,2669,-34.04425,146.87603
13749,Tallong,2579,-34.75857,150.16207
13750,Tallowal,2540,-34.84227,150.22781
13751,Tallowwood Ridge,2453,-30.26155,152.72435
13752,Tallwood,2798,-33.50463,149.12002
13753,Tallwoods Village,2430,-32.05497,152.51089
13754,Talmalmo,2640,-35.94005,147.43925
13755,Talofa,2481,-28.67357,153.55475
13756,Taloumbi,2463,-29.54900,153.27135
13757,Tamarama,2026,-33.89783,151.27133
13758,Tamban,2441,-30.88682,152.81720
13759,Tambar Springs,2381,-31.39869,149.86386
13760,Tambaroora,2850,-32.96362,149.41115
13761,Taminda,2340,-31.08290,150.90228
13762,Tamworth,2340,-31.09117,150.93267
13763,Tanglewood,2488,-28.33603,153.53480
13764,Tanilba Bay,2319,-32.74220,151.98644
13765,Tanja,2550,-36.62566,149.96046
13766,Tannas Mount,2795,-33.61701,149.64112
13767,Tantangara,2629,-35.71411,148.66542
13768,Tantawangalo,2550,-36.75046,149.54035
13769,Tantonan,2731,-35.70711,144.62849
13770,Tapitallee,2540,-34.82942,150.51458
13771,Tara,2665,-34.49365,147.16131
13772,Taradale,2653,-35.61381,147.93695
13773,Tarago,2580,-35.10751,149.55786
13774,Taralga,2580,-34.40048,149.78714
13775,Tarana,2787,-33.54468,149.88501
13776,Tarban,2372,-28.96768,151.87234
13777,Tarbuck Bay,2428,-32.36440,152.47767
13778,Tarcutta,2652,-35.28661,147.71194
13779,Taree,2430,-31.88864,152.44606
13780,Taree South,2430,-31.93532,152.45389
13781,Taren Point,2229,-34.01892,151.12429
13782,Tarlo,2580,-34.63203,149.81460
13783,Tarraganda,2550,-36.67210,149.86931
13784,Tarrawanna,2518,-34.37656,150.87819
13785,Tarriaro,2390,-30.43472,149.99683
13786,Tarro,2322,-32.80888,151.67832
13787,Tascott,2250,-33.45132,151.31404
13788,Tatham,2471,-28.93785,153.16572
13789,Tathra,2550,-36.73967,149.96763
13790,Tatton,2650,-35.16065,147.36031
13791,Taylors Arm,2447,-30.73850,152.68860
13792,Taylors Beach,2316,-32.74473,152.06947
13793,Taylors Flat,2586,-34.27645,149.01911
13794,Tea Gardens,2324,-32.61762,152.15644
13795,Telarah,2320,-32.72820,151.53353
13796,Telegraph Point,2441,-31.32830,152.78457
13797,Telopea,2117,-33.79394,151.04035
13798,Temagog,2440,-31.00379,152.61882
13799,Temora,2666,-34.44800,147.51253
13800,Tempe,2044,-33.92492,151.16401
13801,Ten Mile Hollow,2250,-33.32438,151.08651
13802,Tenambit,2323,-32.74003,151.61445
13803,Tenandra,2824,-31.57716,147.88423
13804,Tennyson,2754,-33.53330,150.73718
13805,Tennyson Point,2111,-33.83250,151.11780
13806,Tenterden,2365,-30.11280,151.41619
13807,Tenterfield,2372,-29.08143,152.03527
13808,Teralba,2284,-32.95099,151.59992
13809,Terania Creek,2480,-28.61411,153.29570
13810,Terara,2540,-34.86844,150.62883
13811,Teridgerie,2829,-30.91251,148.79879
13812,Termeil,2539,-35.47659,150.35152
13813,Terrabella,2818,-32.43965,148.73365
13814,Terrace Creek,2474,-28.41101,152.83818
13815,Terragon,2484,-28.43933,153.28973
13816,Terramungamine,2830,-32.07864,148.49925
13817,Terranora,2486,-28.23913,153.50560
13818,Terreel,2422,-32.21933,152.04443
13819,Terrey Hills,2084,-33.68898,151.22021
13820,Terrigal,2260,-33.44225,151.42635
13821,Terry Hie Hie,2400,-29.78547,150.16107
13822,Teven,2478,-28.81471,153.49168
13823,Tewinga,2449,-30.64375,152.90314
13824,Texas,,-28.89167,151.08938
13825,Thalgarrah,2350,-30.40923,151.86977
13826,Tharbogang,2680,-34.26446,145.94684
13827,The Angle,2620,-35.61130,149.10146
13828,The Basin,2365,-30.17128,151.27543
13829,The Bight,2429,-31.88389,152.38640
13830,The Branch,2425,-32.55124,152.04346
13831,The Brothers,2630,-36.34133,149.07848
13832,The Channon,2480,-28.67574,153.27786
13833,The Devils Wilderness,2787,-33.55740,150.53390
13834,The Entrance,2261,-33.34463,151.49547
13835,The Entrance North,2261,-33.33132,151.50653
13836,The Freshwater,2469,-29.34283,153.33238
13837,The Gap (Richmond Valley - NSW),2472,-29.17377,153.39858
13838,The Gap (Wagga Wagga - NSW),2650,-34.95436,147.21370
13839,The Glen,2476,-28.40606,152.66099
13840,The Gulf,2365,-30.05506,152.25707
13841,The Hatch,2444,-31.36084,152.82295
13842,The Hill,2300,-32.93202,151.77636
13843,The Junction,2291,-32.93867,151.76014
13844,The Lagoon,2795,-33.54262,149.62293
13845,The Marra,2831,-30.81283,147.26614
13846,The Meadows,2787,-33.64655,149.93900
13847,The Oaks,2570,-34.08752,150.56347
13848,The Pilliga,2388,-30.68156,149.46240
13849,The Pinnacles,2460,-29.54452,152.92315
13850,The Pocket,2483,-28.50633,153.47236
13851,The Ponds,2769,-33.70448,150.90450
13852,The Ridgeway,2620,-35.33853,149.26050
13853,The Risk,2474,-28.47024,152.93194
13854,The Rock,2655,-35.27067,147.11864
13855,The Rocks (Bathurst Regional - NSW),2795,-33.43054,149.42494
13856,The Rocks (Sydney - NSW),2000,-33.86030,151.20817
13857,The Sandon,2463,-29.66541,153.29473
13858,The Slopes,2754,-33.53283,150.70616
13859,The Whiteman,2460,-29.60029,152.86304
13860,Theresa Creek,2469,-28.78215,152.79324
13861,Theresa Park,2570,-33.99095,150.63498
13862,Thirldene,2347,-30.33222,150.90796
13863,Thirlmere,2572,-34.20521,150.55381
13864,Thirroul,2515,-34.31447,150.91442
13865,Thora,2454,-30.43397,152.77579
13866,Thornleigh,2120,-33.72338,151.08096
13867,Thornton,2322,-32.78143,151.63722
13868,Thredbo,2627,-36.52864,148.36184
13869,Thrumster,2444,-31.45841,152.83932
13870,Thuddungra,2594,-34.17313,148.12888
13871,Thule,2732,-35.68458,144.39126
13872,Thumb Creek,2447,-30.65565,152.57490
13873,Thurgoona,2640,-36.05552,146.99110
13874,Thyra,2731,-35.84562,144.74421
13875,Tianjara,2622,-35.14029,150.31476
13876,Tibbuc,2422,-31.83435,151.90365
13877,Tibooburra,2880,-29.36384,141.98488
13878,Tichborne,2870,-33.23195,148.07404
13879,Tichular,2850,-32.45022,149.93246
13880,Tighes Hill,2297,-32.90697,151.75160
13881,Tilba Tilba,2546,-36.33505,150.03895
13882,Tilbuster,2350,-30.41779,151.69991
13883,Tilligerry Creek,2319,-32.76254,151.98468
13884,Tilpa,2840,-31.01176,144.37056
13885,Timbarra,2372,-29.05678,152.23064
13886,Timbillica,2551,-37.30334,149.72040
13887,Timbumburi,2340,-31.22610,150.90603
13888,Timor,2338,-31.71066,151.08269
13889,Tindarey,2835,-31.05123,145.96733
13890,Tinderry,2620,-35.69374,149.30816
13891,Tingha,2369,-29.96955,151.22911
13892,Tingira Heights,2290,-32.99740,151.66736
13893,Tinonee,2430,-31.94649,152.40397
13894,Tinpot,2546,-36.23709,149.89793
13895,Tintenbar,2478,-28.79265,153.51088
13896,Tintinhull,2352,-31.07595,150.99731
13897,Tiona,2428,-32.29780,152.52170
13898,Tipperary,2429,-32.05852,152.15964
13899,Tiri,2424,-31.84996,152.08559
13900,Tirrannaville,2580,-34.87087,149.67663
13901,Titaatee Creek,2422,-32.03653,152.11482
13902,Tocal,2421,-32.61752,151.55949
13903,Tocumwal,2714,-35.77997,145.50762
13904,Tolbar,2629,-36.09190,148.62007
13905,Tolland,2650,-35.14558,147.35124
13906,Tolwong,2622,-34.83564,150.10280
13907,Tomago,2322,-32.82070,151.73797
13908,Tomakin,2537,-35.82448,150.18989
13909,Tomalla,2337,-31.82438,151.47968
13910,Tombong,2633,-36.90265,148.93148
13911,Tomboye,2622,-35.25329,149.96935
13912,Tomerong,2540,-35.05060,150.56823
13913,Tomewin,2484,-28.25502,153.37458
13914,Tomingley,2869,-32.55327,148.21571
13915,Tomki,2470,-28.86455,153.14146
13916,Toms Creek,2446,-31.54398,152.38551
13917,Tonderburine,2817,-31.33094,148.77592
13918,Tongarra,2527,-34.58188,150.69557
13919,Toogong,2864,-33.35164,148.65022
13920,Tooleybuc,2736,-35.03361,143.39076
13921,Toolijooa,2534,-34.75948,150.78116
13922,Tooloom,2475,-28.58976,152.45185
13923,Tooloon,2829,-30.99959,148.15801
13924,Tooma,2642,-35.94511,148.01616
13925,Toongabbie,2146,-33.78946,150.94771
13926,Toongi,2830,-32.48106,148.57706
13927,Toonumbar,2474,-28.53044,152.76109
13928,Tooranie,2734,-35.01913,143.66169
13929,Tooraweenah,2817,-31.50272,148.95830
13930,Toormina,2452,-30.35378,153.08872
13931,Toorooka,2440,-30.89895,152.54546
13932,Toothdale,2550,-36.78289,149.75263
13933,Tootool,2655,-35.24361,146.98552
13934,Toowoon Bay,2261,-33.36273,151.49870
13935,Topi Topi,2423,-32.35835,152.34005
13936,Toronto,2283,-33.01599,151.57804
13937,Torrington,2371,-29.27837,151.68028
13938,Torryburn (Dungog - NSW),2421,-32.47307,151.58209
13939,Torryburn (Uralla - NSW),2358,-30.44570,151.20361
13940,Totnes Valley,2850,-32.51080,149.91018
13941,Tottenham,2873,-32.26461,147.25032
13942,Touga,2622,-34.92670,150.10959
13943,Toukley,2263,-33.26046,151.54598
13944,Towallum,2460,-30.08343,152.83290
13945,Towamba,2550,-37.11459,149.70185
13946,Townsend,2463,-29.46587,153.22103
13947,Towradgi,2518,-34.38423,150.90503
13948,Towrang,2580,-34.69567,149.82720
13949,Tralee,2620,-35.42777,149.16290
13950,Trangie,2823,-32.06297,147.91206
13951,Tregeagle,2480,-28.86000,153.35170
13952,Tregear,2770,-33.74520,150.79382
13953,Trenayr,2460,-29.61479,152.95836
13954,Trentham Cliffs,2738,-34.23069,142.25380
13955,Trewilga,2869,-32.78717,148.23106
13956,Triamble,2850,-32.93590,149.29945
13957,Triangle Flat,2795,-33.79080,149.45285
13958,Trundle,2875,-32.87101,147.71068
13959,Trungley Hall,2666,-34.26349,147.55718
13960,Trunkey Creek,2795,-33.80198,149.33705
13961,Tubbamurra,2365,-30.10196,151.78377
13962,Tubbul,2594,-34.23759,147.97528
13963,Tucabia,2462,-29.65498,153.12888
13964,Tucki Tucki,2480,-28.92090,153.31751
13965,Tuckombil,2477,-28.81364,153.46691
13966,Tuckurimba,2480,-28.95153,153.32818
13967,Tuena,2583,-34.04300,149.31806
13968,Tuggerah,2259,-33.30825,151.42749
13969,Tuggerawong,2259,-33.28357,151.47385
13970,Tugrabakh,2422,-31.98665,152.02176
13971,Tullakool,2732,-35.38510,144.16292
13972,Tullamore,2874,-32.56304,147.60753
13973,Tullarwalla,2540,-35.12477,150.49415
13974,Tullera,2480,-28.75086,153.29216
13975,Tullibigeal,2669,-33.39366,146.71025
13976,Tullimbar,2527,-34.57863,150.74170
13977,Tulloona,2400,-28.90017,150.08425
13978,Tullymorgan,2463,-29.38671,153.11024
13979,Tumbarumba,2653,-35.73202,148.05528
13980,Tumbi Umbi,2261,-33.37490,151.43360
13981,Tumblong,2729,-35.14224,147.98346
13982,Tumbulgum,2490,-28.28338,153.47778
13983,Tumorrama,2720,-35.19373,148.48884
13984,Tumut,2720,-35.32031,148.23315
13985,Tumut Plains,2720,-35.34179,148.27199
13986,Tuncester,2480,-28.80261,153.22432
13987,Tuncurry,2428,-32.16044,152.48750
13988,Tunglebung,2469,-28.81877,152.68002
13989,Tuntable Creek,2480,-28.62892,153.26233
13990,Tuppal,2714,-35.68248,145.30751
13991,Tura Beach,2548,-36.85992,149.92381
13992,Turill,2850,-32.15200,149.88895
13993,Turlinjah,2537,-36.03110,150.07436
13994,Turners Flat,2440,-31.03746,152.67449
13995,Turondale,2795,-33.11627,149.59346
13996,Tuross,2630,-36.27546,149.47365
13997,Tuross Head,2537,-36.03472,150.12146
13998,Turramurra,2074,-33.73320,151.12901
13999,Turrawan,2390,-30.45472,149.88740
14000,Turrella,2206,-33.92970,151.14050
14001,Turvey Park,2650,-35.12749,147.36305
14002,Tweed Heads,2485,-28.17845,153.53449
14003,Tweed Heads South,2486,-28.20148,153.53550
14004,Tweed Heads West,2485,-28.18284,153.50392
14005,Twelve Mile,2850,-32.51930,149.24655
14006,Twelve Mile Creek,2324,-32.63921,151.87289
14007,Twelve Mile Peg,2540,-35.15345,150.39801
14008,Twenty Forests,2795,-33.67980,149.73790
14009,Twin Rivers,2410,-28.70550,150.68834
14010,Two Mile Flat,2852,-32.39178,149.38414
14011,Tyagarah,2481,-28.59959,153.55558
14012,Tyalgum,2484,-28.36000,153.23028
14013,Tyalgum Creek,2484,-28.33892,153.16198
14014,Tygalgah,2484,-28.29977,153.42454
14015,Tyndale,2460,-29.56830,153.16143
14016,Tyringham,2453,-30.24721,152.51330
14017,Uarbry,2329,-32.03859,149.73591
14018,Uki,2484,-28.41481,153.32914
14019,Ulamambri,2357,-31.26076,149.50620
14020,Ulan,2850,-32.25879,149.80299
14021,Ulladulla,2539,-35.35646,150.46100
14022,Ulmarra,2462,-29.64439,153.05304
14023,Ulong,2450,-30.23825,152.88813
14024,Ultimo,2007,-33.88087,151.19950
14025,Umina Beach,2257,-33.51896,151.31113
14026,Unanderra,2526,-34.45693,150.84632
14027,Underbank,2420,-32.28386,151.60870
14028,Undercliffe,,-28.62283,152.18154
14029,Ungarie,2669,-33.57340,146.91629
14030,Unumgar,2474,-28.43151,152.71624
14031,Upper Allyn,2311,-32.14749,151.46089
14032,Upper Bingara,2404,-30.06978,150.66465
14033,Upper Burringbar,2483,-28.45297,153.42289
14034,Upper Bylong,2849,-32.49653,150.18334
14035,Upper Colo,2756,-33.41362,150.70472
14036,Upper Coopers Creek,2482,-28.60298,153.40268
14037,Upper Copmanhurst,2460,-29.56548,152.74867
14038,Upper Corindi,2456,-30.05162,153.11767
14039,Upper Crystal Creek,2484,-28.27146,153.30482
14040,Upper Dartbrook,2336,-31.91933,150.70614
14041,Upper Duck Creek,2469,-28.52062,152.69761
14042,Upper Duroby,2486,-28.25215,153.43538
14043,Upper Eden Creek,2474,-28.51529,152.85391
14044,Upper Fine Flower,2460,-29.27518,152.71824
14045,Upper Growee,2849,-32.64434,150.01150
14046,Upper Horseshoe Creek,2474,-28.49737,153.10771
14047,Upper Horton,2347,-30.18292,150.35898
14048,Upper Kangaroo River,2577,-34.69274,150.59235
14049,Upper Kangaroo Valley,2577,-34.64285,150.62064
14050,Upper Karuah River,2415,-32.16535,151.74419
14051,Upper Lansdowne,2430,-31.71058,152.46636
14052,Upper Macdonald,2775,-33.25119,150.91691
14053,Upper Main Arm,2482,-28.49096,153.39390
14054,Upper Mangrove,2250,-33.29105,151.12158
14055,Upper Manilla,2346,-30.60111,150.66140
14056,Upper Mongogarie,2470,-28.96627,152.80347
14057,Upper Myall,2423,-32.25217,152.15632
14058,Upper Nile,2849,-32.96195,150.25621
14059,Upper Orara,2450,-30.28615,152.98798
14060,Upper Pappinbarra,2446,-31.27819,152.44194
14061,Upper Rollands Plains,2441,-31.23128,152.61463
14062,Upper Rouchel,2336,-32.09787,151.19284
14063,Upper Taylors Arm,2447,-30.77699,152.67445
14064,Upper Tooloom,2475,-28.56285,152.37317
14065,Upper Turon,2795,-33.12969,149.77711
14066,Upper Wilsons Creek,2482,-28.52351,153.38226
14067,Upsalls Creek,2439,-31.63066,152.64648
14068,Uralba,2477,-28.87137,153.47679
14069,Uralla,2358,-30.65579,151.51308
14070,Urana,2645,-35.32238,146.23170
14071,Urangeline,2656,-35.43212,146.59115
14072,Urangeline East,2656,-35.49391,146.68768
14073,Uranquinty,2652,-35.20277,147.22090
14074,Urawilkie,2829,-30.69463,148.73054
14075,Urbenville,2475,-28.45927,152.50676
14076,Uriarra,2611,-35.25193,148.82140
14077,Urila,2620,-35.55931,149.28939
14078,Urliup,2484,-28.25778,153.40547
14079,Urunga,2455,-30.51467,152.99194
14080,Utungun,2447,-30.74476,152.82771
14081,Vacy,2421,-32.53506,151.56290
14082,Vale Of Clwydd,2790,-33.48394,150.18021
14083,Valentine,2280,-33.01421,151.64332
14084,Valery,2454,-30.39693,152.96458
14085,Valla,2448,-30.58051,152.95269
14086,Valla Beach,2448,-30.58949,153.00706
14087,Valley Heights,2777,-33.71059,150.58401
14088,Varroville,2566,-34.00255,150.81051
14089,Vaucluse,2030,-33.85573,151.27638
14090,Verges Creek,2440,-31.08697,152.89720
14091,Verona,2550,-36.44554,149.80989
14092,Villawood,2163,-33.88273,150.98307
14093,Vincentia,2540,-35.07376,150.67101
14094,Vineyard,2765,-33.64278,150.84927
14095,Violet Hill,2423,-32.45190,152.32141
14096,Vittoria,2799,-33.41726,149.34852
14097,Voyager Point,2172,-33.95922,150.97367
14098,Wadalba,2259,-33.27263,151.46355
14099,Wadbilliga,2546,-36.25439,149.60918
14100,Wadeville,2474,-28.56224,153.13415
14101,Wagga Wagga,2650,-35.10847,147.35911
14102,Wagstaffe,,-33.52290,151.34047
14103,Wahroonga,2076,-33.71984,151.11603
14104,Waitara,2077,-33.70897,151.10513
14105,Waitui,2443,-31.68498,152.54253
14106,Wakefield,2278,-32.96787,151.55590
14107,Wakeley,2176,-33.87430,150.90793
14108,Wakool,2710,-35.46519,144.35455
14109,Walang,2795,-33.45417,149.77000
14110,Walbundrie,2642,-35.65235,146.70376
14111,Walcha,2354,-31.05078,151.73301
14112,Walcha Road,2354,-30.92692,151.42073
14113,Waldegrave,2800,-33.44065,149.04693
14114,Walgett,2832,-29.98011,148.05623
14115,Walla Walla,2659,-35.73596,146.87476
14116,Wallabadah,2343,-31.54913,150.87290
14117,Wallabi Point,2430,-31.99156,152.56199
14118,Wallacetown,2650,-34.97491,147.47227
14119,Wallacia,2745,-33.88314,150.64323
14120,Wallaga Lake,2546,-36.37106,150.06108
14121,Wallagoot,2550,-36.76714,149.91861
14122,Wallalong,2320,-32.69243,151.65448
14123,Wallamore,2340,-31.04021,150.82486
14124,Wallanbah,2422,-32.08019,152.08929
14125,Wallangra,2360,-29.26080,150.91137
14126,Wallanthery,2675,-33.24141,145.89261
14127,Wallarah,2259,-33.22537,151.46269
14128,Wallaringa,2420,-32.45429,151.67168
14129,Wallarobba,2420,-32.50386,151.69979
14130,Wallaroo,2618,-35.15293,148.99319
14131,Wallendbeen,2588,-34.51358,148.11869
14132,Wallerawang,2845,-33.41941,150.04985
14133,Walleroobie,2665,-34.48398,147.03054
14134,Wallingat,2428,-32.31077,152.43577
14135,Wallis Lake,2428,-32.25277,152.49049
14136,Wallsend,2287,-32.90145,151.66447
14137,Walmer,2820,-32.65168,148.74289
14138,Wamban,2537,-35.97555,149.97895
14139,Wambangalang,2830,-32.56164,148.50073
14140,Wamberal,2260,-33.41495,151.44502
14141,Wamboin,2620,-35.25163,149.33185
14142,Wambool,2795,-33.50355,149.76009
14143,Wambrook,2630,-36.18089,148.97650
14144,Wanaaring,2840,-29.58302,143.88535
14145,Wandandian,2540,-35.08145,150.50153
14146,Wandella,2550,-36.31653,149.86138
14147,Wandera,2360,-29.66973,151.14726
14148,Wandook,2710,-35.42336,145.03040
14149,Wandsworth,2365,-30.01532,151.47086
14150,Wang Wauk,2423,-32.14264,152.28131
14151,Wanganella,2710,-35.10228,144.76056
14152,Wanganui,,-28.55540,153.36150
14153,Wangi Wangi,2267,-33.07195,151.58831
14154,Wantabadgery,2650,-35.00635,147.72042
14155,Wantagong,2644,-35.80056,147.49613
14156,Wantiool,2663,-34.88366,147.67583
14157,Wapengo,2550,-36.57932,149.97245
14158,Warabrook,2304,-32.88489,151.71617
14159,Waratah,2298,-32.90510,151.72427
14160,Waratah West,2298,-32.90039,151.71265
14161,Warburn,2680,-34.17099,145.92165
14162,Wardell,2477,-28.95416,153.44948
14163,Wardrop Valley,2484,-28.36615,153.45429
14164,Wards Mistake,2350,-30.12981,152.03494
14165,Wards River,2422,-32.20782,151.93906
14166,Wareemba,2046,-33.85710,151.13283
14167,Warialda,2402,-29.40893,150.51924
14168,Warialda Rail,2402,-29.63804,150.53079
14169,Warilla,2528,-34.55357,150.85828
14170,Warkworth,2330,-32.55850,151.02013
14171,Warners Bay,2282,-32.97182,151.65089
14172,Warnervale,2259,-33.24833,151.43369
14173,Warrabah,2346,-30.50340,150.97166
14174,Warraderry,2810,-33.72005,148.24992
14175,Warragai Creek,2460,-29.56211,152.97594
14176,Warragamba,2752,-33.88990,150.59954
14177,Warragoon,2710,-35.60486,145.13756
14178,Warrah,2339,-31.66940,150.67204
14179,Warrah Creek,2339,-31.77289,150.68097
14180,Warrah Ridge,2343,-31.61415,150.55908
14181,Warral,2340,-31.15778,150.85855
14182,Warranulla,2423,-32.19117,152.12946
14183,Warrawee,2074,-33.72717,151.12097
14184,Warrawidgee,2680,-34.31543,145.74736
14185,Warrawong,2502,-34.48844,150.88149
14186,Warrazambil Creek,2474,-28.44520,153.03847
14187,Warregah Island,2469,-29.38394,153.22653
14188,Warrell Creek,2447,-30.77291,152.90622
14189,Warren,2824,-31.72948,147.85509
14190,Warri,2622,-35.32759,149.67809
14191,Warriewood,2102,-33.69005,151.29628
14192,Warrimoo,2774,-33.72247,150.61377
14193,Warroo,2871,-33.32985,147.54786
14194,Warrumbungle,2828,-31.30492,148.97458
14195,Warwick Farm,2170,-33.91144,150.93650
14196,Washpool (Clarence Valley - NSW),2460,-29.29413,152.38098
14197,Washpool (Mid-Coast - NSW),2425,-32.37037,151.92124
14198,Watagan,2325,-33.02377,151.23904
14199,Watanobbi,2259,-33.26815,151.42711
14200,Waterfall,2233,-34.12039,150.97404
14201,Waterloo,2017,-33.89900,151.20667
14202,Watersleigh,2540,-34.85457,150.51639
14203,Waterview,2460,-29.68727,152.90322
14204,Waterview Heights,2460,-29.69294,152.85165
14205,Watsons Bay,2030,-33.84035,151.28142
14206,Watsons Creek,2355,-30.69741,151.00308
14207,Wattamolla,2535,-34.72556,150.63510
14208,Wattamondara,2794,-33.94284,148.59364
14209,Wattle Flat,2795,-33.14110,149.68480
14210,Wattle Grove,2173,-33.95428,150.94027
14211,Wattle Ponds,2330,-32.52162,151.19145
14212,Wattle Ridge,2575,-34.28438,150.42658
14213,Watton,2795,-33.31110,149.41788
14214,Wauchope,2446,-31.47203,152.73213
14215,Waugorah,2711,-34.50958,143.80992
14216,Waukivory,2422,-32.10681,152.04425
14217,Waverley,2024,-33.90160,151.25780
14218,Waverly,2337,-31.87212,151.08574
14219,Waverton,2060,-33.84000,151.19650
14220,Way Way,2447,-30.77935,152.93977
14221,Wayo,2580,-34.62260,149.61586
14222,Weabonga,2340,-31.19407,151.30360
14223,Wean,2382,-30.70732,150.27284
14224,Webbers Creek,2421,-32.58274,151.51284
14225,Webbs Creek,2775,-33.34992,150.90721
14226,Wedderburn,2560,-34.14178,150.82351
14227,Wee Jasper,2582,-35.13507,148.66342
14228,Wee Waa,2388,-30.31049,149.38659
14229,Weedallion,2594,-34.20028,147.88200
14230,Weemelah,2406,-29.04432,149.28836
14231,Weetaliba,2395,-31.63718,149.57969
14232,Weethalle,2669,-33.85886,146.58535
14233,Weilmoringle,2839,-29.17915,146.81315
14234,Weismantels,2415,-32.25870,151.92122
14235,Welaregang,2642,-36.01116,147.96363
14236,Welby,2575,-34.44052,150.42813
14237,Wellingrove,2370,-29.56142,151.51154
14238,Wellington,2820,-32.56728,148.96240
14239,Wellington Vale,2371,-29.41473,151.73463
14240,Wells Crossing,2460,-29.89706,153.02916
14241,Wendoree Park,2250,-33.45727,151.16413
14242,Wentworth,2648,-33.92136,142.02247
14243,Wentworth Falls,2782,-33.72229,150.38020
14244,Wentworth Point,2127,-33.82800,151.07737
14245,Wentworthville,2145,-33.80794,150.97015
14246,Werai,2577,-34.61069,150.36471
14247,Wereboldera,2720,-35.38775,148.21954
14248,Wermatong,2720,-35.37810,148.30480
14249,Werombi,2570,-33.98578,150.57901
14250,Werri Beach,2534,-34.73210,150.83393
14251,Werrikimbe,2446,-31.25061,152.21109
14252,Werrington,2747,-33.75894,150.75292
14253,Werrington County,2747,-33.74708,150.74803
14254,Werrington Downs,2747,-33.74215,150.73361
14255,Werris Creek,2341,-31.35130,150.62386
14256,West Albury,2640,-36.07394,146.88777
14257,West Ballina,2478,-28.85829,153.52222
14258,West Bathurst,2795,-33.40851,149.56312
14259,West Bungawalbin,2471,-29.13226,153.11806
14260,West Coraki,2471,-28.99927,153.20910
14261,West Gosford,2250,-33.41989,151.32366
14262,West Haven,2443,-31.63527,152.78347
14263,West Hoxton,2171,-33.93465,150.83265
14264,West Kempsey,2440,-31.05917,152.83120
14265,West Nowra,2541,-34.88367,150.58499
14266,West Pennant Hills,2125,-33.74826,151.03341
14267,West Pymble,2073,-33.76420,151.12974
14268,West Ryde,2114,-33.80806,151.08400
14269,West Tamworth,2340,-31.10002,150.90687
14270,West Wallsend,2286,-32.90114,151.56280
14271,West Wiangaree,2474,-28.53766,152.95604
14272,West Wollongong,2500,-34.42370,150.86678
14273,West Wyalong,2671,-33.87537,147.10804
14274,Westbrook,2330,-32.44264,151.28745
14275,Westdale (Snowy Valleys - NSW),2653,-35.56965,147.88334
14276,Westdale (Tamworth Regional - NSW),2340,-31.09079,150.85376
14277,Westleigh,2120,-33.71057,151.07213
14278,Westmead,2145,-33.80925,150.98633
14279,Weston,2326,-32.81066,151.45504
14280,Westwood,2729,-35.39665,147.98334
14281,Wetherill Park,2164,-33.84341,150.89934
14282,Wetuppa,2734,-35.32913,143.86683
14283,Whalan,2770,-33.75642,150.80662
14284,Whale Beach,2107,-33.61540,151.33328
14285,Wheeler Heights,2097,-33.72713,151.27980
14286,Wheeny Creek,2758,-33.44220,150.71680
14287,Wheeo,2583,-34.51295,149.27955
14288,Wherrol Flat,2429,-31.79135,152.21917
14289,Whian Whian,2480,-28.60579,153.35053
14290,Whiporie,2469,-29.27428,153.00984
14291,White Cliffs,2836,-30.26341,143.11915
14292,White Rock,2795,-33.46562,149.61686
14293,Whitebridge,2290,-32.97292,151.71676
14294,Whiteman Creek,2460,-29.56392,152.85411
14295,Whitlow,2404,-29.88348,150.74590
14296,Whittingham,2330,-32.61543,151.21338
14297,Whitton,2705,-34.54743,146.14193
14298,Whoota,2428,-32.31651,152.48171
14299,Wiagdon,2795,-33.21650,149.66919
14300,Wiangaree,2474,-28.51177,152.97916
14301,Wiarborough,2580,-34.22022,149.94468
14302,Wickham,2293,-32.91953,151.75690
14303,Widden,2328,-32.64190,150.36962
14304,Widgelli,2680,-34.35727,146.15088
14305,Wilberforce,2756,-33.54461,150.84616
14306,Wilbetree,2850,-32.48165,149.56504
14307,Wilcannia,2836,-31.28775,143.59956
14308,Wild Cattle Creek,2453,-30.14639,152.74683
14309,Wildes Meadow,2577,-34.63521,150.52209
14310,Wiley Park,2195,-33.92358,151.06779
14311,Willala,2382,-30.84670,149.85731
14312,Willawarrin,2440,-30.93808,152.63232
14313,Willbriggie,2680,-34.47961,145.99100
14314,Willi Willi,2440,-30.96689,152.38838
14315,Williamsdale,2620,-35.58905,149.15707
14316,Williamtown,2318,-32.80435,151.83639
14317,Willigobung,2653,-35.65566,148.03720
14318,Willina,2423,-32.17874,152.26914
14319,Willmot,2770,-33.72402,150.79262
14320,Willoughby,2068,-33.80656,151.19994
14321,Willoughby East,2068,-33.79787,151.20687
14322,Willow Tree,2339,-31.63813,150.73066
14323,Willow Vale (Kiama - NSW),2534,-34.73971,150.79244
14324,Willow Vale (Wingecarribee - NSW),2575,-34.43280,150.46957
14325,Willsons Downfall,2372,-28.74070,152.11672
14326,Willurah,2710,-34.96969,145.10719
14327,Wilpinjong,2850,-32.32650,149.87812
14328,Wilsons Creek,2482,-28.56731,153.43114
14329,Wilton,2571,-34.26586,150.68531
14330,Wimbledon,2795,-33.53890,149.43543
14331,Wimborne,2346,-30.68919,150.65383
14332,Winburndale,2795,-33.31306,149.80023
14333,Windale,2306,-32.99363,151.68197
14334,Windang,2528,-34.52680,150.87267
14335,Windella,2320,-32.69210,151.47919
14336,Windellama,2580,-35.01394,149.91343
14337,Windera,2800,-33.20911,149.01988
14338,Windermere,2321,-32.67605,151.45437
14339,Windermere Park,2264,-33.11607,151.53280
14340,Windeyer,2850,-32.79973,149.57182
14341,Windowie,2720,-35.36991,148.13555
14342,Windradyne,2795,-33.40552,149.54371
14343,Windsor,2756,-33.61033,150.81804
14344,Windsor Downs,2756,-33.65402,150.80901
14345,Windy,2343,-31.62516,150.40595
14346,Winegrove,2460,-29.54751,152.68768
14347,Wingadee,2829,-30.52213,148.28335
14348,Wingello,2579,-34.69908,150.17886
14349,Wingen,2337,-31.90099,150.91834
14350,Wingham,2429,-31.85812,152.35570
14351,Winifred,2631,-36.48879,149.36609
14352,Winmalee,2777,-33.67637,150.61161
14353,Winston Hills,2153,-33.77546,150.97949
14354,Winton,2344,-31.09060,150.70281
14355,Wirlinga,2640,-36.04547,147.05196
14356,Wirraba,2849,-33.11359,150.50827
14357,Wirragulla,2420,-32.45490,151.73561
14358,Wirrimah,2803,-34.11336,148.42056
14359,Wirrimbi,2447,-30.67114,152.92496
14360,Wirrinya,2871,-33.62761,147.73096
14361,Wisemans Creek,2795,-33.63403,149.71871
14362,Wisemans Ferry,2775,-33.37310,150.96570
14363,Wittitrin,2440,-31.09984,152.55578
14364,Wog Wog (Bega Valley - NSW),2550,-37.07587,149.44210
14365,Wog Wog (Queanbeyan-Palerang Regional - NSW),2622,-35.26416,150.05386
14366,Woko,2422,-31.81007,151.84435
14367,Wolgan Valley,2790,-33.25084,150.16498
14368,Wollangambe,2790,-33.34254,150.44204
14369,Wollar,2850,-32.36473,149.97952
14370,Wollemi,2330,-32.94910,150.45222
14371,Wolli Creek,2205,-33.93136,151.15195
14372,Wollogorang,2581,-34.85954,149.52418
14373,Wollombi,2325,-32.95021,151.15572
14374,Wollomombi,2350,-30.47264,152.13159
14375,Wollongbar,2477,-28.81955,153.40740
14376,Wollongong,2500,-34.42842,150.89385
14377,Wollstonecraft,2065,-33.83287,151.19543
14378,Wollumboola,2540,-34.95906,150.72819
14379,Wollun,2354,-30.84912,151.44597
14380,Wolumla,2550,-36.81071,149.81344
14381,Wombarra,2515,-34.27540,150.95150
14382,Wombat,2587,-34.43514,148.22960
14383,Wombat Creek,2460,-29.51647,152.75725
14384,Wombeyan Caves,2580,-34.30850,149.95964
14385,Womboota,2731,-35.90190,144.55924
14386,Womerah,2756,-33.23632,150.80028
14387,Wonboyn,2551,-37.25176,149.93414
14388,Wonboyn North,2551,-37.20066,149.90943
14389,Wondabyne,2256,-33.49797,151.23958
14390,Wondalga,2729,-35.39514,148.09883
14391,Wongarbon,2831,-32.29867,148.80211
14392,Wongawilli,2530,-34.47246,150.75252
14393,Wongo Creek,2346,-30.72862,150.51867
14394,Wongwibinda,2350,-30.26243,152.19968
14395,Woodberry,2322,-32.79273,151.67675
14396,Woodbine,2560,-34.04562,150.81946
14397,Woodburn (Richmond Valley - NSW),2472,-29.10061,153.35273
14398,Woodburn (Shoalhaven - NSW),2538,-35.38941,150.39501
14399,Woodcroft,2767,-33.75741,150.88143
14400,Woodenbong,2476,-28.37209,152.59050
14401,Woodford,2778,-33.73772,150.47873
14402,Woodford Island,2463,-29.51441,153.13434
14403,Woodhill,2535,-34.72995,150.67857
14404,Woodhouselee,2580,-34.57013,149.63802
14405,Woodlands (Eurobodalla - NSW),2536,-35.80260,150.18445
14406,Woodlands (Wingecarribee - NSW),2575,-34.41217,150.39568
14407,Woodlawn,2480,-28.76375,153.31919
14408,Woodpark,2164,-33.84097,150.96067
14409,Woodrising,2284,-32.98677,151.60637
14410,Woodside,2372,-29.06715,151.84090
14411,Woodsreef,2347,-30.43292,150.78560
14412,Woodstock (Cowra - NSW),2793,-33.76940,148.87881
14413,Woodstock (Inverell - NSW),2360,-29.73565,151.35037
14414,Woodstock (Shoalhaven - NSW),2538,-35.35414,150.40769
14415,Woodview,2470,-28.84755,152.94002
14416,Woodville,2321,-32.66817,151.62492
14417,Woody Head,2466,-29.36539,153.36714
14418,Woolbrook,2354,-30.95883,151.32122
14419,Woolgarlo,2582,-34.87821,148.72067
14420,Woolgoolga,2456,-30.09944,153.16301
14421,Wooli,2462,-29.81674,153.23931
14422,Woollahra,2025,-33.88640,151.24320
14423,Woollamia,2540,-35.01395,150.63877
14424,Woolloomooloo,2011,-33.87277,151.21823
14425,Woolners Arm,2470,-28.68385,152.83677
14426,Woolomin,2340,-31.31210,151.14269
14427,Woolooma,2337,-32.00367,151.21033
14428,Woolooware,2230,-34.04421,151.13935
14429,Wooloweyah,2464,-29.48780,153.31709
14430,Woolwich,,-33.84063,151.17333
14431,Woomargama,2644,-35.85771,147.27696
14432,Woombah,2469,-29.31390,153.28717
14433,Woongarrah,2259,-33.23939,151.47813
14434,Woonona,2517,-34.34842,150.90428
14435,Wootton,2423,-32.30217,152.31589
14436,Wooyung,2483,-28.45413,153.53827
14437,Worlds End,2850,-32.66768,149.37909
14438,Woronora,2232,-34.02713,151.04094
14439,Woronora Dam,2508,-34.16395,150.93478
14440,Woronora Heights,2233,-34.03442,151.02706
14441,Worrigee,2540,-34.91137,150.63761
14442,Worrowing Heights,2540,-35.07704,150.63939
14443,Woy Woy,2256,-33.50414,151.28965
14444,Woy Woy Bay,2256,-33.47159,151.29709
14445,Wrathall,2642,-35.36438,146.89122
14446,Wrights Beach,2540,-35.11663,150.66653
14447,Wrights Creek,2775,-33.30135,151.04576
14448,Wuuluman,2820,-32.53196,149.07669
14449,Wyalong,2671,-33.91745,147.30014
14450,Wyan,2469,-29.06188,152.87018
14451,Wyanbene,2622,-35.78974,149.67514
14452,Wyangala,2808,-33.97995,148.94492
14453,Wyangle,2720,-35.22397,148.33592
14454,Wybong,2333,-32.27176,150.65508
14455,Wybung,2259,-33.19269,151.60677
14456,Wyee,2259,-33.17358,151.46611
14457,Wyee Point,2259,-33.14619,151.50614
14458,Wylie Creek,2372,-28.56041,152.17981
14459,Wylies Flat,2330,-32.58266,151.12371
14460,Wymah,2640,-35.99297,147.26227
14461,Wyndham,2550,-36.92244,149.63324
14462,Wyneden,2474,-28.53331,152.92565
14463,Wyoming,2250,-33.40493,151.36316
14464,Wyong,2259,-33.27692,151.43229
14465,Wyong Creek,2259,-33.25543,151.33346
14466,Wyongah,2259,-33.27186,151.48652
14467,Wyrallah,2480,-28.88581,153.31582
14468,Yabbra,2469,-28.62765,152.50446
14469,Yadboro,2539,-35.39088,150.17627
14470,Yagon,2423,-32.45023,152.44707
14471,Yagoona,2199,-33.90544,151.01783
14472,Yalbraith,2580,-34.28726,149.74294
14473,Yallah,2530,-34.53311,150.79285
14474,Yallaroi,2408,-29.15882,150.52142
14475,Yalwal,2540,-34.95659,150.36156
14476,Yamba,2464,-29.43339,153.34118
14477,Yambulla,2550,-37.22918,149.58816
14478,Yanco,2703,-34.62511,146.40101
14479,Yanderra,2574,-34.31784,150.56959
14480,Yanga,2711,-34.73956,143.71638
14481,Yankees Creek,2550,-36.48795,149.54618
14482,Yannergee,2343,-31.46331,150.06556
14483,Yantabulla,2840,-29.28980,145.04169
14484,Yaouk,2629,-35.79891,148.80449
14485,Yarara,2644,-35.72041,147.64787
14486,Yarra,2580,-34.81260,149.60454
14487,Yarrabandai,2875,-33.13452,147.57822
14488,Yarrabin,2850,-32.62720,149.28984
14489,Yarragal,2820,-32.59720,149.10526
14490,Yarragrin,2842,-31.69213,149.17493
14491,Yarragundry,2650,-35.12149,147.22046
14492,Yarrahapinni,2441,-30.82079,152.94873
14493,Yarramalong,2259,-33.21114,151.25681
14494,Yarraman,2343,-31.66566,150.14916
14495,Yarramundi,2753,-33.63943,150.64593
14496,Yarranbella,2447,-30.72469,152.76770
14497,Yarrangobilly,2720,-35.68155,148.49323
14498,Yarras (Bathurst Regional - NSW),2795,-33.36394,149.67170
14499,Yarras (Port Macquarie-Hastings - NSW),2446,-31.42987,152.35533
14500,Yarratt Forest,2429,-31.78057,152.43437
14501,Yarravel,2440,-31.04346,152.76137
14502,Yarrawa,2328,-32.44086,150.57665
14503,Yarrawarrah,2233,-34.05469,151.03137
14504,Yarrawonga,2850,-32.36763,149.65487
14505,Yarrawonga Park,2264,-33.10093,151.54573
14506,Yarrie Lake,2388,-30.41022,149.51261
14507,Yarrow,2620,-35.46417,149.30927
14508,Yarrowford,2370,-29.64995,151.74770
14509,Yarrowitch,2354,-31.19967,152.06931
14510,Yarrowyck,2358,-30.45196,151.35609
14511,Yass,2582,-34.82366,148.91559
14512,Yass River,2582,-34.92686,149.12496
14513,Yathella,2650,-34.91636,147.42633
14514,Yattalunga,2251,-33.46870,151.36720
14515,Yatte Yattah,2539,-35.26658,150.41871
14516,Yaven Creek,2729,-35.47612,147.94125
14517,Yelgun,2483,-28.47843,153.49913
14518,Yellow Dam,2371,-29.38244,151.39479
14519,Yellow Pinch,2548,-36.85734,149.83510
14520,Yellow Rock (Blue Mountains - NSW),2777,-33.69657,150.63266
14521,Yellow Rock (Shellharbour - NSW),2527,-34.60121,150.73965
14522,Yenda,2681,-34.22688,146.22540
14523,Yengo National Park,2325,-32.99899,150.90371
14524,Yennora,2161,-33.86232,150.96863
14525,Yeoval,2868,-32.76587,148.60459
14526,Yerong Creek,2642,-35.38884,147.06431
14527,Yerranderie,2787,-34.15252,150.26960
14528,Yerrinbool,2575,-34.34847,150.55899
14529,Yerriyong,2540,-34.98706,150.48024
14530,Yessabah,2440,-31.11197,152.67475
14531,Yetholme,2795,-33.43191,149.81352
14532,Yetman,2410,-28.95805,150.80106
14533,Yippin Creek,2446,-31.45630,152.70987
14534,Yoogali,2680,-34.31224,146.09950
14535,Yorklea,2470,-28.93718,153.06983
14536,Young,2594,-34.29877,148.33945
14537,Yowie Bay,2228,-34.04931,151.10195
14538,Yowrie,2550,-36.31505,149.74405
14539,Yullundry,2867,-32.85940,148.66952
14540,Yuraygir,2464,-29.53022,153.33186
14541,Zara,2484,-28.31848,153.25720
14542,Zetland,2017,-33.90680,151.20820
